"ref","tag","found_in","phrase"
"W3210421072","topic:parties","rule","second test passed: a party family in the title"
"W3210421072","topic:parties","title","far right"
"W3171491312","topic:parties","rule","second test passed: a party family in the title"
"W3171491312","topic:parties","title","far right"
"W3140403131","topic:parties","rule","second test passed: a party family in the title"
"W3140403131","topic:parties","title","populist right"
"W3140403131","topic:economy-welfare","title","neoliberal"
"W3140403131","topic:religion","title","christian"
"W3140403131","topic:migration","title","immigration"
"W3173562222","approach:performative","abstract","political style"
"W3173562222","topic:migration","abstract","migration"
"W3173562222","topic:migration","abstract","refugee"
"W3173562222","region:europe","title","central europe"
"W3173562222","region:europe","abstract","central europe"
"W3173562222","region:europe","abstract","central european"
"W3156173059","topic:parties","rule","second test passed: the abstract speaks of parties more than of voters"
"W3156173059","topic:parties","title","right wing populist"
"W3156173059","topic:parties","abstract","right wing populism"
"W3156173059","topic:parties","abstract","right wing populist"
"W3156173059","topic:parties","abstract","populist leadership"
"W3156173059","topic:parties","abstract","party systems"
"W3156173059","topic:parties","abstract","party"
"W3156173059","topic:parties","abstract","right wing populists"
"W3156173059","topic:parties","abstract","radical right"
"W3156173059","topic:parties","abstract","far right"
"W3156173059","topic:economy-welfare","abstract","neoliberal"
"W3156173059","topic:economy-welfare","abstract","neoliberalism"
"W3156173059","topic:migration","abstract","immigration"
"W3156173059","country:canada","title","canada"
"W3156173059","country:canada","abstract","canada"
"W3156173059","country:canada","abstract","canadian (+ political word)"
"W3156173059","region:north-america","rule","from the country named"
"W3175883710","approach:ideational","abstract","ideational approach"
"W3175883710","approach:ideational","abstract","populism as a set of ideas"
"W3175883710","topic:voters","title","attitudes"
"W3175883710","topic:voters","abstract","populist attitudes"
"W3175883710","topic:voters","abstract","attitudes"
"W3175883710","topic:voters","abstract","voters"
"W3175883710","topic:voters","abstract","citizens"
"W3175883710","country:belgium","abstract","flanders"
"W3175883710","region:europe","rule","from the country named"
"W3185677369","topic:parties","rule","second test passed: a leader or a party named in the title"
"W3185677369","topic:parties","abstract","far right"
"W3185677369","topic:parties","abstract","party"
"W3185677369","topic:economy-welfare","abstract","economy"
"W3185677369","topic:economy-welfare","abstract","economic"
"W3185677369","topic:democracy-institutions","title","authoritarian"
"W3185677369","country:brazil","title","brazil"
"W3185677369","country:brazil","title","bolsonaro"
"W3185677369","country:brazil","abstract","brazil"
"W3185677369","country:brazil","abstract","bolsonaro"
"W3185677369","country:brazil","abstract","lula"
"W3185677369","region:latin-america","rule","from the country named"
"W3198005600","topic:spatial","title","rural"
"W3198005600","topic:economy-welfare","abstract","social policy"
"W3198005600","topic:economy-welfare","abstract","inequalities"
"W3198005600","topic:economy-welfare","abstract","economic"
"W3198005600","country:hungary","title","hungary"
"W3198005600","country:hungary","abstract","hungary"
"W3198005600","country:hungary","abstract","hungarian (+ political word)"
"W3198005600","region:europe","rule","from the country named"
"W3200178769","topic:parties","rule","second test passed: a party word in the title"
"W3200178769","topic:parties","title","populist leadership"
"W3200178769","topic:parties","abstract","populist leadership"
"W3200178769","topic:parties","abstract","populist leaders"
"W3200178769","topic:parties","abstract","party"
"W3200178769","method:qualitative","abstract","interpretive analysis"
"W3200178769","method:qualitative","abstract","interviews"
"W3200178769","country:india","title","india"
"W3200178769","country:india","abstract","india"
"W3200178769","region:asia-pacific","rule","from the country named"
"W3206953262","topic:parties","rule","second test passed: a party word in the title"
"W3206953262","topic:parties","title","far right"
"W3206953262","topic:parties","title","parties"
"W3206953262","topic:parties","abstract","far right"
"W3206953262","topic:parties","abstract","parties"
"W3206953262","topic:voters","abstract","electoral support"
"W3206953262","topic:voters","abstract","voters"
"W3206953262","topic:voters","abstract","electorate"
"W3206953262","topic:government","title","in power"
"W3206953262","method:survey","abstract","european social survey"
"W3206953262","region:europe","title","europe"
"W3206953262","region:europe","abstract","eastern europe"
"W3206953262","region:europe","abstract","european"
"W3206953262","region:europe","abstract","western europe"
"W3206953262","country:hungary","abstract","hungary"
"W3206953262","country:hungary","abstract","orban"
"W3130959968","region:europe","title","european"
"W3157761645","topic:parties","rule","second test passed: the abstract speaks of parties more than of voters"
"W3157761645","topic:parties","title","right wing populism"
"W3157761645","topic:parties","abstract","right wing populist"
"W3157761645","topic:parties","abstract","party"
"W3157761645","topic:parties","abstract","right wing populism"
"W3157761645","topic:voters","title","citizens"
"W3157761645","topic:media-communication","title","media"
"W3157761645","topic:media-communication","title","communication"
"W3157761645","topic:media-communication","abstract","media"
"W3157761645","topic:media-communication","abstract","communication"
"W3157761645","method:qualitative","abstract","qualitative"
"W3187606756","topic:international","abstract","supranational"
"W3187606756","topic:international","abstract","eu"
"W3187606756","topic:parties","rule","second test passed: the abstract speaks of parties more than of voters"
"W3187606756","topic:parties","abstract","populist actors"
"W3187606756","topic:parties","abstract","right wing populist"
"W3187606756","topic:parties","abstract","party"
"W3187606756","region:europe","title","europe"
"W3187606756","region:europe","abstract","european"
"W3187606756","region:europe","abstract","europe"
"W3187606756","region:europe","abstract","eu"
"W3187606756","country:france","abstract","france"
"W3187606756","country:france","abstract","rassemblement national"
"W3187606756","country:hungary","abstract","hungary"
"W3187606756","country:hungary","abstract","fidesz"
"W3213465623","topic:parties","rule","second test passed: the abstract speaks of parties more than of voters"
"W3213465623","topic:parties","abstract","radical right"
"W3213465623","topic:parties","abstract","parties"
"W3213465623","topic:parties","abstract","party"
"W3213465623","topic:gender","title","gender"
"W3213465623","topic:gender","abstract","gender"
"W3213465623","topic:religion","title","religion"
"W3213465623","topic:religion","abstract","religion"
"W3213465623","topic:religion","abstract","christianity"
"W3213465623","topic:religion","abstract","secularisation"
"W3213465623","topic:religion","abstract","religious"
"W3213465623","country:italy","abstract","salvini"
"W3213465623","country:italy","abstract","lega nord"
"W3213465623","country:italy","abstract","italian (+ political word)"
"W3213465623","region:europe","rule","from the country named"
"W3120999140","topic:parties","rule","second test passed: a leader or a party named in the title"
"W3120999140","topic:parties","abstract","party"
"W3120999140","topic:parties","abstract","radical right"
"W3120999140","topic:parties","abstract","social movement"
"W3120999140","country:france","title","rassemblement national"
"W3120999140","country:france","abstract","france"
"W3120999140","country:france","abstract","rassemblement national"
"W3120999140","region:europe","rule","from the country named"
"W3126357762","topic:parties","rule","second test passed: a party word in the title"
"W3126357762","topic:parties","title","parties"
"W3126357762","topic:parties","title","right wing populism"
"W3126357762","topic:parties","abstract","parties"
"W3126357762","topic:parties","abstract","right wing populist"
"W3126357762","topic:parties","abstract","party"
"W3126357762","method:quantitative","abstract","econometric"
"W3126357762","region:europe","abstract","european"
"W3126357762","region:europe","abstract","western european"
"W3136244651","topic:economy-welfare","title","welfare"
"W3136244651","topic:economy-welfare","abstract","economic"
"W3136244651","topic:economy-welfare","abstract","welfare"
"W3136244651","method:quantitative","abstract","structural equation"
"W3138437028","approach:ideational","abstract","ideational approach"
"W3138437028","topic:international","abstract","regionalism"
"W3138437028","topic:parties","rule","second test passed: a party word in the title"
"W3138437028","topic:parties","title","parties"
"W3138437028","topic:parties","abstract","party"
"W3138437028","topic:parties","abstract","far right"
"W3138437028","topic:migration","title","nativism"
"W3138437028","topic:migration","abstract","nativism"
"W3139019237","topic:parties","rule","second test passed: a party word in the title"
"W3139019237","topic:parties","title","right wing populist"
"W3139019237","topic:parties","abstract","right wing populist"
"W3139019237","topic:parties","abstract","right wing populism"
"W3139019237","topic:media-communication","title","journalism"
"W3139019237","topic:media-communication","abstract","journalism"
"W3139019237","topic:media-communication","abstract","news coverage"
"W3139019237","topic:media-communication","abstract","journalistic"
"W3139019237","topic:media-communication","abstract","framing"
"W3139019237","topic:media-communication","abstract","media"
"W3139019237","method:qualitative","abstract","qualitative"
"W3148213093","approach:other","abstract","conceptions of populism"
"W3148213093","country:united-kingdom","abstract","uk"
"W3148213093","country:brazil","abstract","brazil"
"W3148213093","country:israel","abstract","israel"
"W3148213093","region:global","rule","three or more regions named: europe, latin-america, mena"
"W3157619949","topic:democracy-institutions","abstract","authoritarian"
"W3157619949","topic:democracy-institutions","abstract","constitutional"
"W3157619949","country:hungary","title","hungary"
"W3157619949","region:europe","rule","from the country named"
"W3158881641","approach:measurement","abstract","measure populism"
"W3158881641","topic:parties","rule","second test passed: a party word in the title"
"W3158881641","topic:parties","title","party"
"W3158881641","topic:parties","abstract","parties"
"W3158881641","topic:parties","abstract","party"
"W3158881641","topic:media-communication","title","communication"
"W3158881641","topic:media-communication","abstract","communication"
"W3158881641","method:mixed","abstract","qualitative and quantitative"
"W3158881641","country:czech-republic","abstract","czech (+ political word)"
"W3158881641","region:europe","rule","from the country named"
"W3165309789","todo:check-outlet","journal","Survival"
"W3165309789","topic:parties","rule","second test passed: a party family in the title"
"W3165309789","topic:parties","title","right wing populists"
"W3165309789","region:europe","title","european"
"W3165309789","country:israel","title","israel"
"W3165309789","region:mena","rule","from the country named"
"W3170626136","topic:parties","rule","second test passed: a leader or a party named in the title"
"W3170626136","topic:parties","abstract","populist leaders"
"W3170626136","topic:government","title","presidency"
"W3170626136","topic:media-communication","title","tweets"
"W3170626136","topic:media-communication","abstract","media"
"W3170626136","topic:media-communication","abstract","twitter"
"W3170626136","country:united-states","title","trump"
"W3170626136","country:united-states","abstract","trump"
"W3170626136","country:united-states","abstract","u s"
"W3170626136","country:united-states","abstract","obama"
"W3170626136","country:united-states","abstract","us"
"W3170626136","region:north-america","rule","from the country named"
"W3211274931","country:united-states","abstract","us"
"W3211274931","region:north-america","rule","from the country named"
"W3215447186","topic:defence-security","title","securitisation"
"W3215447186","topic:defence-security","abstract","national security"
"W3215447186","topic:defence-security","abstract","securitisation"
"W3215447186","topic:parties","rule","second test passed: a party family in the title"
"W3215447186","topic:parties","title","far right"
"W3215447186","topic:parties","abstract","parties"
"W3215447186","topic:parties","abstract","party"
"W3215447186","topic:parties","abstract","far right"
"W3215447186","topic:migration","title","migration"
"W3215447186","topic:migration","abstract","immigrants"
"W3215447186","topic:migration","abstract","migration"
"W3215447186","topic:migration","abstract","migrants"
"W3215447186","country:slovakia","title","slovak (+ political word)"
"W3215447186","country:slovakia","abstract","slovakia"
"W3215447186","country:slovakia","abstract","slovak (+ political word)"
"W3215447186","region:europe","rule","from the country named"
"W4254373461","topic:parties","rule","second test passed: a party family in the title"
"W4254373461","topic:parties","title","radical right"
"W3202640375","topic:spatial","abstract","spatial"
"W3202640375","country:greece","abstract","greece"
"W3202640375","country:greece","abstract","syriza"
"W3202640375","country:greece","abstract","anel"
"W3202640375","region:europe","rule","from the country named"
"W3205398613","topic:voters","abstract","voters"
"W3205398613","topic:economy-welfare","abstract","economic"
"W3205398613","topic:economy-welfare","abstract","economy"
"W3205398613","topic:economy-welfare","abstract","neoliberal"
"W3205398613","country:slovakia","title","slovakia"
"W3205398613","region:europe","rule","from the country named"
"W4200533649","topic:media-communication","title","media"
"W4200533649","topic:media-communication","abstract","media"
"W4200533649","topic:media-communication","abstract","newspapers"
"W4200533649","topic:migration","title","nativist"
"W4200533649","topic:migration","abstract","nativist"
"W4200533649","topic:migration","abstract","anti immigration"
"W4200533649","topic:migration","abstract","anti immigrant"
"W4200533649","country:united-kingdom","abstract","united kingdom"
"W4200533649","country:united-states","abstract","united states"
"W4200533649","country:australia","abstract","australia"
"W4200533649","region:global","rule","three or more regions named: europe, north-america, asia-pacific"
"W4242874628","approach:ideational","abstract","ideational approach"
"W4242874628","topic:voters","title","populist attitudes"
"W4242874628","topic:voters","abstract","populist attitudes"
"W4242874628","topic:voters","abstract","respondents"
"W3120119612","topic:gender","title","gendered"
"W3120119612","topic:gender","abstract","gendered"
"W3120119612","topic:gender","abstract","women"
"W3145434009","topic:media-communication","title","journalistic"
"W3145434009","topic:media-communication","abstract","journalists"
"W3145434009","topic:media-communication","abstract","journalistic"
"W3145434009","topic:media-communication","abstract","journalism"
"W3145434009","topic:media-communication","abstract","media"
"W3145434009","method:qualitative","abstract","interviews"
"W3145434009","country:philippines","abstract","philippines"
"W3145434009","region:asia-pacific","rule","from the country named"
"W3150886221","topic:spatial","title","spatial"
"W3150886221","topic:spatial","abstract","spatial"
"W3150886221","topic:economy-welfare","abstract","economic"
"W3150886221","topic:economy-welfare","abstract","welfare"
"W3150886221","topic:economy-welfare","abstract","unemployment"
"W3150886221","region:europe","title","europe"
"W3161891643","topic:parties","rule","second test passed: a party family in the title"
"W3161891643","topic:parties","title","far right"
"W3161891643","topic:gender","abstract","feminist"
"W3161891643","topic:gender","abstract","gender"
"W3161891643","topic:gender","abstract","gendered"
"W3161891643","topic:migration","abstract","anti immigration"
"W3161891643","topic:migration","abstract","refugees"
"W3161891643","method:qualitative","abstract","critical discourse analysis"
"W3161891643","region:europe","abstract","european"
"W3161891643","region:europe","abstract","europe"
"W3161891643","country:portugal","title","portuguese (+ political word)"
"W3161891643","country:portugal","abstract","portugal"
"W3161891643","country:portugal","abstract","chega"
"W3161891643","country:portugal","abstract","portuguese (+ political word)"
"W3163773440","topic:economy-welfare","abstract","financial crisis"
"W3163773440","topic:economy-welfare","abstract","neoliberal"
"W3163773440","topic:media-communication","abstract","media"
"W3163773440","topic:gender","title","misogyny"
"W3163773440","topic:gender","title","feminism"
"W3163773440","topic:gender","abstract","misogyny"
"W3163773440","topic:gender","abstract","feminists"
"W3163773440","topic:gender","abstract","feminism"
"W3163773440","country:south-korea","title","korea"
"W3163773440","country:south-korea","abstract","south korea"
"W3163773440","country:south-korea","abstract","korea"
"W3163773440","country:south-korea","abstract","korean (+ political word)"
"W3163773440","region:asia-pacific","rule","from the country named"
"W3185637895","topic:democracy-institutions","title","constitutional"
"W3185637895","topic:democracy-institutions","abstract","constitution"
"W3185637895","topic:democracy-institutions","abstract","illiberal"
"W3185637895","topic:democracy-institutions","abstract","constitutional"
"W3185637895","country:poland","title","poland"
"W3185637895","country:romania","title","romania"
"W3185637895","region:europe","rule","from the country named"
"W3201327325","approach:measurement","abstract","measurement of populism"
"W3204968157","method:qualitative","abstract","interviews"
"W3204968157","country:turkey","title","turkey"
"W3204968157","country:turkey","abstract","turkey"
"W3204968157","country:turkey","abstract","justice and development party"
"W3204968157","country:turkey","abstract","akp"
"W3204968157","region:europe","rule","from the country named"
"W3213158172","topic:international","title","european integration"
"W3213158172","topic:government","title","populist governments"
"W3213158172","region:europe","title","european"
"W3119216893","topic:parties","rule","second test passed: a party word in the title"
"W3119216893","topic:parties","title","right wing populist"
"W3119216893","topic:parties","title","parties"
"W3119216893","topic:parties","abstract","party systems"
"W3119216893","topic:parties","abstract","parties"
"W3119216893","topic:parties","abstract","right wing populism"
"W3119216893","topic:parties","abstract","populist right"
"W3119216893","topic:voters","abstract","voting behaviour"
"W3119216893","topic:voters","abstract","attitudes"
"W3119216893","topic:voters","abstract","voter"
"W3119216893","topic:economy-welfare","abstract","economic"
"W3119216893","country:united-states","abstract","us"
"W3119216893","region:north-america","rule","from the country named"
"W3119847508","method:qualitative","abstract","interview"
"W3119847508","region:asia-pacific","title","south asia"
"W3119847508","region:asia-pacific","abstract","south asia"
"W3119847508","country:bangladesh","abstract","bangladesh"
"W3119847508","country:india","abstract","india"
"W3119847508","country:pakistan","abstract","pakistan"
"W3119964691","topic:economy-welfare","abstract","economic"
"W3119964691","topic:economy-welfare","abstract","economy"
"W3119964691","topic:migration","abstract","migrant"
"W3119964691","topic:migration","abstract","migrantizing"
"W3119964691","topic:migration","abstract","migrantize"
"W3119964691","country:united-states","abstract","trumpism"
"W3119964691","region:north-america","rule","from the country named"
"W3129810742","approach:ideational","abstract","ideational definition"
"W3129810742","topic:voters","abstract","demand side"
"W3129810742","topic:voters","abstract","populist attitudes"
"W3133913466","topic:media-communication","abstract","media"
"W3133913466","topic:media-communication","abstract","social networking"
"W3133913466","method:survey","abstract","survey data"
"W3133913466","method:survey","abstract","online surveys"
"W3133913466","country:france","title","france"
"W3133913466","country:germany","title","germany"
"W3133913466","country:italy","title","italy"
"W3133913466","region:europe","rule","from the country named"
"W3160985989","method:quantitative","abstract","regression"
"W3160985989","method:quantitative","abstract","difference in differences"
"W3160985989","country:philippines","title","philippines"
"W3160985989","country:philippines","title","duterte"
"W3160985989","country:philippines","abstract","philippines"
"W3160985989","country:philippines","abstract","duterte"
"W3160985989","region:asia-pacific","rule","from the country named"
"W3172238599","topic:international","title","brexit"
"W3172238599","topic:international","abstract","european union"
"W3172238599","topic:international","abstract","brexit"
"W3172238599","topic:media-communication","abstract","media"
"W3172238599","country:united-kingdom","title","brexit"
"W3172238599","country:united-kingdom","abstract","uk"
"W3172238599","country:united-kingdom","abstract","brexit"
"W3172238599","region:europe","rule","from the country named"
"W3186178174","topic:voters","abstract","voter"
"W3186178174","topic:voters","abstract","voters"
"W3186178174","topic:spatial","title","spatial"
"W3186178174","topic:spatial","abstract","spatial"
"W3186178174","topic:economy-welfare","abstract","economy"
"W3186178174","topic:economy-welfare","abstract","inequality"
"W3186178174","method:quantitative","abstract","econometric"
"W3186178174","method:quantitative","abstract","regression"
"W3186178174","country:austria","title","austria"
"W3186178174","region:europe","rule","from the country named"
"W3188756822","method:qualitative","abstract","discourse analysis"
"W3188756822","region:europe","abstract","southern europe"
"W3188756822","region:europe","abstract","eu"
"W3188756822","country:greece","title","greece"
"W3188756822","country:greece","abstract","greece"
"W3188756822","country:spain","title","spain"
"W3188756822","country:spain","abstract","spain"
"W3188756822","country:spain","abstract","podemos"
"W3189381775","topic:parties","rule","second test passed: a party word in the title"
"W3189381775","topic:parties","title","parties"
"W3189381775","topic:parties","title","party"
"W3189381775","topic:parties","abstract","populist actors"
"W3189381775","topic:parties","abstract","party"
"W3189381775","topic:parties","abstract","parties"
"W3189381775","topic:religion","title","religious"
"W3189381775","topic:religion","abstract","religious"
"W3189381775","topic:religion","abstract","secular"
"W3189381775","country:turkey","title","turkey"
"W3189381775","country:turkey","abstract","turkey"
"W3189381775","country:turkey","abstract","justice and development party"
"W3189381775","country:turkey","abstract","akp"
"W3189381775","country:turkey","abstract","erdogan"
"W3189381775","country:turkey","abstract","turkish (+ political word)"
"W3189381775","region:europe","rule","from the country named"
"W3190769661","topic:parties","rule","second test passed: a party family in the title"
"W3190769661","topic:parties","abstract","parties"
"W3190769661","topic:parties","abstract","populist politicians"
"W3190769661","topic:parties","abstract","party"
"W3190769661","topic:government","title","populists in government"
"W3190769661","topic:government","abstract","populists govern"
"W3190769661","topic:government","abstract","populists in office"
"W3190769661","method:survey","abstract","survey data"
"W3190769661","country:norway","abstract","norway"
"W3190769661","region:europe","rule","from the country named"
"W3195071727","topic:democracy-institutions","title","rule of law"
"W3195071727","topic:democracy-institutions","abstract","rule of law"
"W3199260182","topic:parties","rule","second test passed: a party word in the title"
"W3199260182","topic:parties","title","party"
"W3199260182","topic:parties","title","candidate"
"W3199260182","topic:parties","abstract","parties"
"W3199260182","topic:parties","abstract","candidate"
"W3199260182","topic:parties","abstract","party"
"W3199260182","topic:parties","abstract","right wing populist"
"W3199260182","country:germany","title","germany"
"W3199260182","country:germany","title","alternative for germany"
"W3199260182","country:germany","abstract","germany"
"W3199260182","country:germany","abstract","alternative for germany"
"W3199260182","country:germany","abstract","afd"
"W3199260182","country:germany","abstract","german (+ political word)"
"W3199260182","region:europe","rule","from the country named"
"W3210579010","topic:democracy-institutions","title","judicial"
"W3210579010","topic:democracy-institutions","abstract","judiciary"
"W3210579010","topic:democracy-institutions","abstract","judicial"
"W3210579010","country:hungary","title","hungary"
"W3210579010","region:europe","rule","from the country named"
"W4213001915","topic:economy-welfare","title","globalization"
"W3119374299","approach:discursive","abstract","laclau"
"W3119374299","topic:religion","title","religion"
"W3119374299","topic:religion","abstract","religious"
"W3119374299","topic:religion","abstract","religion"
"W3119374299","country:india","abstract","india"
"W3119374299","country:ethiopia","abstract","ethiopia"
"W3119374299","region:asia-pacific","rule","from the country named"
"W3119374299","region:sub-saharan-africa","rule","from the country named"
"W3120872422","topic:media-communication","title","facebook"
"W3120872422","topic:media-communication","title","disinformation"
"W3124857344","country:israel","title","israel"
"W3124857344","country:israel","abstract","israel"
"W3124857344","region:mena","rule","from the country named"
"W3134528711","country:italy","abstract","five star movement"
"W3134528711","country:italy","abstract","m5s"
"W3134528711","region:europe","rule","from the country named"
"W3146384721","topic:religion","title","church"
"W3146384721","topic:religion","title","christian"
"W3146384721","topic:religion","abstract","christianity"
"W3146384721","topic:religion","abstract","christian"
"W3146384721","topic:religion","abstract","church"
"W3146384721","topic:religion","abstract","churches"
"W3146384721","topic:religion","abstract","religious"
"W3146384721","topic:religion","abstract","religion"
"W3146384721","method:qualitative","abstract","interviews"
"W3146384721","method:survey","abstract","survey data"
"W3146384721","country:germany","title","germany"
"W3146384721","country:germany","abstract","germany"
"W3146384721","country:united-states","title","united states"
"W3146384721","region:europe","rule","from the country named"
"W3146384721","region:north-america","rule","from the country named"
"W3189393097","topic:voters","title","attitudes"
"W3189393097","topic:economy-welfare","title","economic"
"W3193801950","approach:other","abstract","definitions of populism"
"W3215786884","topic:media-communication","title","communication"
"W3215786884","topic:media-communication","abstract","media"
"W3215786884","topic:media-communication","abstract","communication"
"W3215786884","topic:media-communication","abstract","tweets"
"W3215786884","method:qualitative","abstract","qualitative"
"W3215786884","method:qualitative","abstract","discourse analysis"
"W3215786884","method:qualitative","abstract","interviews"
"W3215786884","country:united-states","abstract","trump"
"W3215786884","country:china","abstract","china"
"W3215786884","region:north-america","rule","from the country named"
"W3215786884","region:asia-pacific","rule","from the country named"
"W4252907480","region:europe","title","europe"
"W4252907480","country:spain","title","podemos"
"W4252907480","country:united-kingdom","title","corbyn"
"W3127460619","topic:media-communication","abstract","television"
"W3127460619","topic:media-communication","abstract","twitter"
"W3127460619","country:united-states","abstract","trump"
"W3127460619","country:united-states","abstract","us"
"W3127460619","region:north-america","rule","from the country named"
"W3136532196","topic:parties","rule","second test passed: a party word in the title"
"W3136532196","topic:parties","title","radical right"
"W3136532196","topic:parties","title","candidates"
"W3164535802","country:argentina","title","argentina"
"W3164535802","country:argentina","abstract","argentina"
"W3164535802","country:argentina","abstract","argentine (+ political word)"
"W3164535802","region:latin-america","rule","from the country named"
"W3166057605","topic:voters","title","public support"
"W3166057605","topic:economy-welfare","title","development aid"
"W3166057605","topic:economy-welfare","abstract","development aid"
"W3166057605","topic:economy-welfare","abstract","foreign aid"
"W3166057605","method:experiment","abstract","survey experiments"
"W3171716212","topic:democracy-institutions","title","constitutional"
"W3171716212","topic:democracy-institutions","title","constitutionalism"
"W3171716212","topic:democracy-institutions","abstract","constitutional"
"W3171716212","topic:democracy-institutions","abstract","constitutionalism"
"W3171716212","topic:democracy-institutions","abstract","constitution"
"W3171716212","topic:democracy-institutions","abstract","court"
"W3171716212","country:hungary","title","hungary"
"W3171716212","country:hungary","abstract","hungary"
"W3171716212","country:hungary","abstract","hungarian (+ political word)"
"W3171716212","region:europe","rule","from the country named"
"W3174456796","topic:parties","rule","second test passed: a party word in the title"
"W3174456796","topic:parties","title","parties"
"W3174456796","topic:parties","abstract","parties"
"W3174456796","topic:parties","abstract","party"
"W3174456796","topic:government","abstract","in government"
"W3174456796","country:italy","abstract","italy"
"W3174456796","country:italy","abstract","italian (+ political word)"
"W3174456796","region:europe","rule","from the country named"
"W3175487496","topic:international","abstract","brexit"
"W3175487496","topic:international","abstract","eu"
"W3175487496","topic:parties","rule","second test passed: the abstract speaks of parties more than of voters"
"W3175487496","topic:parties","abstract","party"
"W3175487496","topic:parties","abstract","far right"
"W3175487496","topic:parties","abstract","radical right"
"W3175487496","topic:parties","abstract","parties"
"W3175487496","region:europe","abstract","eu"
"W3175487496","country:united-kingdom","title","united kingdom"
"W3175487496","country:united-kingdom","title","uk"
"W3175487496","country:united-kingdom","abstract","britain"
"W3175487496","country:united-kingdom","abstract","boris johnson"
"W3175487496","country:united-kingdom","abstract","brexit"
"W3175487496","country:united-kingdom","abstract","uk"
"W3175487496","country:united-kingdom","abstract","brexit party"
"W3175487496","country:united-kingdom","abstract","british (+ political word)"
"W3210511184","topic:democracy-institutions","title","populism and democracy"
"W3212185307","topic:government","abstract","in power"
"W3212185307","topic:government","abstract","administration"
"W3212185307","topic:economy-welfare","abstract","neoliberal"
"W3212185307","topic:economy-welfare","abstract","economy"
"W3212185307","topic:democracy-institutions","title","authoritarian"
"W3212185307","topic:democracy-institutions","abstract","authoritarianism"
"W3212185307","topic:democracy-institutions","abstract","authoritarian"
"W3212185307","country:bolivia","title","bolivia"
"W3212185307","country:bolivia","abstract","bolivia"
"W3212185307","country:bolivia","abstract","evo morales"
"W3212185307","country:bolivia","abstract","morales"
"W3212185307","region:latin-america","rule","from the country named"
"W3214532706","topic:parties","rule","second test passed: the abstract speaks of parties more than of voters"
"W3214532706","topic:parties","abstract","social movements"
"W3214532706","topic:parties","abstract","party"
"W3214532706","topic:democracy-institutions","title","democratic backsliding"
"W3214532706","topic:democracy-institutions","abstract","authoritarian"
"W3214532706","topic:democracy-institutions","abstract","democratic backsliding"
"W3214532706","method:qualitative","abstract","critical discourse analysis"
"W3214532706","country:turkey","title","turkey"
"W3214532706","country:turkey","abstract","turkey"
"W3214532706","region:europe","rule","from the country named"
"W3129044664","topic:spatial","title","spatial"
"W3129044664","country:united-states","title","us"
"W3129044664","country:united-states","title","american (+ political word)"
"W3129044664","country:united-states","abstract","us"
"W3129044664","country:united-states","abstract","trump"
"W3129044664","region:north-america","rule","from the country named"
"W3130008204","country:united-kingdom","abstract","united kingdom"
"W3130008204","region:europe","rule","from the country named"
"W3165032605","topic:parties","rule","second test passed: the abstract speaks of parties more than of voters"
"W3165032605","topic:parties","abstract","populist right"
"W3165032605","topic:parties","abstract","parties"
"W3165032605","topic:migration","title","anti immigrant"
"W3165032605","topic:migration","abstract","anti immigrant"
"W3165032605","topic:migration","abstract","migration"
"W3165032605","topic:migration","abstract","immigration"
"W3165032605","topic:migration","abstract","immigrants"
"W3174896434","approach:performative","abstract","political style"
"W3174896434","approach:performative","abstract","populist style"
"W3174896434","topic:international","title","brexit"
"W3174896434","topic:international","abstract","european union"
"W3174896434","topic:international","abstract","eu"
"W3174896434","topic:international","abstract","brexit"
"W3174896434","topic:media-communication","abstract","communication"
"W3174896434","region:europe","abstract","european"
"W3174896434","region:europe","abstract","eu"
"W3174896434","country:united-kingdom","title","brexit"
"W3174896434","country:united-kingdom","abstract","brexit"
"W3174896434","country:united-kingdom","abstract","uk"
"W3175308492","topic:democracy-institutions","title","constitutional"
"W3175308492","region:europe","title","europe"
"W3176650773","method:qualitative","abstract","interviews"
"W3176650773","method:qualitative","abstract","archival"
"W3176650773","country:zambia","title","zambia"
"W3176650773","country:zambia","abstract","zambia"
"W3176650773","country:zambia","abstract","sata"
"W3176650773","country:zambia","abstract","zambian (+ political word)"
"W3176650773","region:sub-saharan-africa","rule","from the country named"
"W3190614077","topic:religion","title","religion"
"W3190614077","topic:religion","abstract","religion"
"W3199876399","topic:voters","title","populist attitudes"
"W3199876399","topic:voters","abstract","populist attitudes"
"W3199876399","topic:voters","abstract","vote choice"
"W3199876399","topic:voters","abstract","demand side"
"W3202569885","topic:religion","title","religious"
"W3202569885","country:indonesia","title","indonesia"
"W3202569885","region:asia-pacific","rule","from the country named"
"W3207770601","country:turkey","abstract","turkey"
"W3207770601","country:china","abstract","china"
"W3207770601","country:india","abstract","india"
"W3207770601","region:europe","rule","from the country named"
"W3207770601","region:asia-pacific","rule","from the country named"
"W4210901030","topic:parties","rule","second test passed: a party family in the title"
"W4210901030","topic:parties","abstract","parties"
"W4210901030","topic:parties","abstract","radical right"
"W4210901030","topic:parties","abstract","party"
"W4210901030","method:qualitative","abstract","interview"
"W4210901030","country:austria","abstract","fpo"
"W4210901030","country:italy","abstract","lega"
"W4210901030","region:europe","rule","from the country named"
"W3118771409","country:united-kingdom","title","united kingdom"
"W3118771409","country:united-kingdom","abstract","united kingdom"
"W3118771409","country:united-kingdom","abstract","british (+ political word)"
"W3118771409","region:europe","rule","from the country named"
"W3138122512","topic:government","title","populism in government"
"W3138122512","topic:government","abstract","populism in government"
"W3138122512","topic:economy-welfare","title","economy"
"W3138122512","topic:economy-welfare","abstract","economy"
"W3138122512","topic:economy-welfare","abstract","economic"
"W3138122512","topic:economy-welfare","abstract","welfare"
"W3138122512","country:israel","abstract","israel"
"W3138122512","country:israel","abstract","likud"
"W3138122512","region:mena","rule","from the country named"
"W3139444325","topic:economy-welfare","abstract","economic"
"W3139444325","topic:economy-welfare","abstract","neoliberalism"
"W3139444325","topic:economy-welfare","abstract","inequalities"
"W3157359178","country:united-states","abstract","trump"
"W3157359178","country:united-states","abstract","u s"
"W3157359178","region:north-america","rule","from the country named"
"W3158474859","approach:ideational","abstract","thick ideologies"
"W3158474859","topic:voters","title","populist attitudes"
"W3158474859","topic:voters","abstract","populist attitudes"
"W3158474859","topic:economy-welfare","abstract","economic"
"W3158474859","country:france","title","france"
"W3158474859","country:france","abstract","france"
"W3158474859","country:spain","title","spain"
"W3158474859","country:spain","abstract","spain"
"W3158474859","region:europe","rule","from the country named"
"W3163107702","approach:economic","abstract","economic populism"
"W3163107702","topic:economy-welfare","abstract","redistribution"
"W3163107702","topic:economy-welfare","abstract","economic"
"W3167528556","topic:parties","rule","second test passed: the abstract speaks of parties more than of voters"
"W3167528556","topic:parties","abstract","parties"
"W3167528556","country:italy","title","italian (+ political word)"
"W3167528556","country:italy","abstract","italy"
"W3167528556","country:italy","abstract","italian (+ political word)"
"W3167528556","region:europe","rule","from the country named"
"W3194809971","topic:spatial","abstract","rural"
"W3194809971","topic:democracy-institutions","title","authoritarian"
"W3194809971","topic:democracy-institutions","abstract","authoritarian"
"W3200249677","topic:international","abstract","european integration"
"W3200249677","topic:international","abstract","eu"
"W3200249677","topic:media-communication","title","media"
"W3200249677","topic:media-communication","abstract","media"
"W3200249677","topic:migration","abstract","border control"
"W3200249677","region:europe","title","europe"
"W3200249677","region:europe","abstract","european"
"W3200249677","region:europe","abstract","eu"
"W3200249677","country:luxembourg","abstract","luxembourg"
"W3217231844","topic:democracy-institutions","title","constitutional"
"W3217231844","topic:democracy-institutions","title","court"
"W3217231844","topic:democracy-institutions","abstract","democratic backsliding"
"W3217231844","topic:democracy-institutions","abstract","constitutional"
"W3217231844","topic:democracy-institutions","abstract","court"
"W3217231844","topic:democracy-institutions","abstract","courts"
"W3217231844","topic:democracy-institutions","abstract","illiberal"
"W3217231844","topic:democracy-institutions","abstract","judicial"
"W3217231844","country:czech-republic","abstract","babis"
"W3217231844","country:czech-republic","abstract","czech (+ political word)"
"W3217231844","region:europe","rule","from the country named"
"W4200066006","approach:discursive","title","discursively constructs"
"W4200066006","topic:parties","rule","second test passed: a leader or a party named in the title"
"W4200066006","topic:parties","abstract","populist leaders"
"W4200066006","method:mixed","abstract","mixed methods"
"W4200066006","country:philippines","title","philippines"
"W4200066006","country:philippines","title","duterte"
"W4200066006","country:philippines","abstract","philippines"
"W4200066006","country:philippines","abstract","duterte"
"W4200066006","region:asia-pacific","rule","from the country named"
"W4200272655","topic:parties","rule","second test passed: the abstract speaks of parties more than of voters"
"W4200272655","topic:parties","title","right wing populist"
"W4200272655","topic:parties","abstract","radical right"
"W4200272655","topic:parties","abstract","parties"
"W4200272655","method:mixed","abstract","qualitative and quantitative"
"W4200272655","region:europe","title","european"
"W4200272655","region:europe","abstract","european"
"W4200272655","region:europe","abstract","eu"
"W4200300812","topic:parties","rule","second test passed: a party word in the title"
"W4200300812","topic:parties","title","populist right"
"W4200300812","topic:parties","title","parties"
"W4200300812","topic:parties","abstract","populist right"
"W4200300812","topic:parties","abstract","parties"
"W4200300812","topic:parties","abstract","manifestos"
"W4200300812","topic:economy-welfare","abstract","welfare"
"W4200300812","topic:economy-welfare","abstract","economic"
"W4200300812","topic:economy-welfare","abstract","social policies"
"W3123671926","topic:voters","title","attitudes"
"W3123671926","topic:voters","abstract","citizens"
"W3123671926","topic:voters","abstract","attitudes"
"W3123671926","topic:voters","abstract","populist attitudes"
"W3123671926","topic:media-communication","title","media"
"W3123671926","topic:media-communication","abstract","media"
"W3123671926","method:survey","abstract","survey data"
"W3123671926","country:netherlands","title","netherlands"
"W3123671926","region:europe","rule","from the country named"
"W3126078156","topic:parties","rule","second test passed: a party word in the title"
"W3126078156","topic:parties","title","right wing populist"
"W3126078156","topic:parties","title","party"
"W3126078156","topic:parties","abstract","parties"
"W3126078156","topic:parties","abstract","right wing populist"
"W3126078156","topic:parties","abstract","partisan"
"W3126078156","topic:gender","title","women"
"W3126078156","topic:gender","abstract","women"
"W3126078156","topic:gender","abstract","gendered"
"W3126078156","country:poland","abstract","poland"
"W3126078156","country:poland","abstract","law and justice"
"W3126078156","region:europe","rule","from the country named"
"W3128968245","topic:media-communication","abstract","media"
"W3128968245","country:united-kingdom","title","england"
"W3128968245","country:united-kingdom","abstract","england"
"W3128968245","country:united-kingdom","abstract","uk"
"W3128968245","country:australia","title","australia"
"W3128968245","country:australia","abstract","australia"
"W3128968245","region:europe","rule","from the country named"
"W3128968245","region:asia-pacific","rule","from the country named"
"W3134042951","topic:voters","title","populist attitudes"
"W3134042951","topic:economy-welfare","title","economic"
"W3134042951","country:poland","title","poland"
"W3134042951","region:europe","rule","from the country named"
"W3136148561","approach:performative","abstract","performative"
"W3136148561","topic:parties","rule","second test passed: the abstract speaks of parties more than of voters"
"W3136148561","topic:parties","abstract","parties"
"W3136148561","country:cyprus","title","cyprus"
"W3136148561","country:cyprus","abstract","cyprus"
"W3136148561","region:europe","rule","from the country named"
"W3161205244","topic:democracy-institutions","title","authoritarian"
"W3161205244","topic:democracy-institutions","abstract","authoritarian"
"W3161205244","topic:democracy-institutions","abstract","rule of law"
"W3161205244","country:guatemala","abstract","guatemala"
"W3161205244","region:latin-america","rule","from the country named"
"W3163321678","topic:voters","abstract","citizens"
"W3163321678","topic:voters","abstract","attitudes"
"W3163321678","topic:media-communication","abstract","social networks"
"W3163321678","topic:media-communication","abstract","newspaper"
"W3163321678","method:qualitative","abstract","qualitative"
"W3163321678","method:qualitative","abstract","interviews"
"W3163321678","country:italy","title","italy"
"W3163321678","country:italy","abstract","italy"
"W3163321678","country:italy","abstract","italian (+ political word)"
"W3163321678","region:europe","rule","from the country named"
"W3165857708","topic:media-communication","title","media"
"W3165857708","country:hungary","title","hungary"
"W3165857708","country:hungary","abstract","hungary"
"W3165857708","region:europe","rule","from the country named"
"W3174695757","topic:international","title","eu"
"W3174695757","topic:international","title","brexit"
"W3174695757","topic:international","abstract","eu"
"W3174695757","topic:democracy-institutions","title","referendum"
"W3174695757","method:qualitative","abstract","qualitative"
"W3174695757","method:qualitative","abstract","interviews"
"W3174695757","method:qualitative","abstract","critical discourse analysis"
"W3174695757","region:europe","title","eu"
"W3174695757","region:europe","abstract","eu"
"W3174695757","country:united-kingdom","title","brexit"
"W3181616437","topic:foreign-policy","title","foreign policy"
"W3181616437","topic:foreign-policy","abstract","foreign policy"
"W3181616437","topic:foreign-policy","abstract","diplomacy"
"W3181616437","country:indonesia","title","indonesian (+ political word)"
"W3181616437","country:indonesia","abstract","indonesia"
"W3181616437","country:indonesia","abstract","widodo"
"W3181616437","country:indonesia","abstract","jokowi"
"W3181616437","region:asia-pacific","rule","from the country named"
"W3191930637","approach:political-strategic","abstract","strategic approaches"
"W3191930637","approach:performative","abstract","performative"
"W3191930637","topic:religion","title","religion"
"W3191930637","topic:religion","abstract","religion"
"W3191930637","topic:religion","abstract","religious"
"W3191930637","topic:religion","abstract","sacred"
"W3191930637","topic:religion","abstract","religions"
"W3191930637","country:france","abstract","france"
"W3191930637","country:turkey","abstract","turkey"
"W3191930637","country:india","abstract","india"
"W3191930637","region:europe","rule","from the country named"
"W3191930637","region:asia-pacific","rule","from the country named"
"W3193894226","region:europe","title","europe"
"W3210607274","topic:government","title","administration"
"W3210607274","topic:government","abstract","administration"
"W3210607274","topic:government","abstract","presidency"
"W3210607274","topic:democracy-institutions","title","authoritarian"
"W3210607274","topic:democracy-institutions","abstract","authoritarian"
"W3210607274","topic:democracy-institutions","abstract","democratic institutions"
"W3210607274","method:survey","abstract","survey data"
"W3210607274","country:united-states","abstract","trump"
"W3210607274","region:north-america","rule","from the country named"
"W4206936346","topic:parties","rule","second test passed: a party word in the title"
"W4206936346","topic:parties","abstract","party"
"W4206936346","topic:voters","title","voters"
"W4206936346","topic:voters","abstract","voters"
"W4206936346","country:italy","title","italy"
"W4206936346","country:italy","title","five star movement"
"W4206936346","country:italy","abstract","five star movement"
"W4206936346","country:italy","abstract","italian (+ political word)"
"W4206936346","region:europe","rule","from the country named"
"W3124746610","topic:parties","rule","second test passed: the abstract speaks of parties more than of voters"
"W3124746610","topic:parties","abstract","party"
"W3124746610","topic:parties","abstract","parties"
"W3124746610","topic:government","title","populist president"
"W3124746610","topic:media-communication","abstract","twitter"
"W3124746610","topic:media-communication","abstract","communications"
"W3124746610","topic:media-communication","abstract","media"
"W3124746610","country:el-salvador","title","el salvador"
"W3124746610","country:el-salvador","abstract","el salvador"
"W3124746610","country:el-salvador","abstract","bukele"
"W3124746610","region:latin-america","rule","from the country named"
"W3132006514","approach:discursive","abstract","laclau"
"W3132006514","topic:economy-welfare","abstract","economy"
"W3132006514","topic:economy-welfare","abstract","neoliberal"
"W3132006514","method:qualitative","abstract","critical discourse analysis"
"W3132006514","country:united-states","abstract","u s"
"W3132006514","country:united-states","abstract","trump"
"W3132006514","country:united-states","abstract","obama"
"W3132006514","country:united-states","abstract","us"
"W3132006514","region:north-america","rule","from the country named"
"W3138882613","topic:parties","rule","second test passed: a party word in the title"
"W3138882613","topic:parties","title","parties"
"W3138882613","topic:parties","abstract","parties"
"W3138882613","topic:parties","abstract","social movements"
"W3138882613","topic:parties","abstract","party"
"W3138882613","topic:parties","abstract","party system"
"W3138882613","topic:parties","abstract","social movement"
"W3138882613","topic:media-communication","title","communication"
"W3138882613","topic:media-communication","abstract","communication"
"W3138882613","topic:media-communication","abstract","media"
"W3164982601","topic:voters","title","attitudes"
"W3164982601","topic:voters","abstract","populist attitudes"
"W3164982601","topic:voters","abstract","attitudes"
"W3164982601","topic:voters","abstract","support for populism"
"W3175471327","approach:discursive","abstract","post foundational"
"W3175471327","approach:discursive","abstract","laclau"
"W3175471327","topic:parties","rule","second test passed: the abstract speaks of parties more than of voters"
"W3175471327","topic:parties","abstract","party competition"
"W3175471327","topic:parties","abstract","party systems"
"W3175471327","topic:parties","abstract","party"
"W3175471327","region:europe","title","visegrad"
"W3175471327","region:europe","abstract","visegrad"
"W3175471327","region:europe","abstract","eastern europe"
"W3182686211","topic:economy-welfare","abstract","globalization"
"W3182686211","topic:economy-welfare","abstract","economic"
"W3182686211","topic:migration","abstract","anti immigration"
"W3182686211","topic:migration","abstract","immigration"
"W3182686211","country:switzerland","title","switzerland"
"W3182686211","country:switzerland","abstract","switzerland"
"W3182686211","country:switzerland","abstract","swiss people s party"
"W3182686211","country:switzerland","abstract","svp"
"W3182686211","country:switzerland","abstract","swiss (+ political word)"
"W3182686211","region:europe","rule","from the country named"
"W3191797347","topic:religion","abstract","islamic"
"W3191797347","country:united-states","abstract","united states"
"W3191797347","country:united-states","abstract","trump"
"W3191797347","country:iran","title","iranian (+ political word)"
"W3191797347","country:iran","abstract","iran"
"W3191797347","region:north-america","rule","from the country named"
"W3191797347","region:mena","rule","from the country named"
"W3193338985","topic:parties","rule","second test passed: a party word in the title"
"W3193338985","topic:parties","title","party"
"W3193338985","topic:parties","abstract","party"
"W3193338985","topic:parties","abstract","right wing populist"
"W3193338985","method:qualitative","abstract","interviews"
"W3193338985","method:quantitative","abstract","event study"
"W3193338985","country:germany","title","germany"
"W3193338985","country:germany","abstract","afd"
"W3193338985","country:germany","abstract","german (+ political word)"
"W3193338985","region:europe","rule","from the country named"
"W3196352134","topic:democracy-institutions","title","democratic decline"
"W3196352134","topic:democracy-institutions","abstract","democratic institutions"
"W3196352134","topic:democracy-institutions","abstract","rule of law"
"W3196352134","topic:democracy-institutions","abstract","constitutional"
"W3196352134","topic:democracy-institutions","abstract","democratization"
"W3196352134","country:czech-republic","title","czech republic"
"W3196352134","country:czech-republic","abstract","czech republic"
"W3196352134","country:hungary","title","hungary"
"W3196352134","country:hungary","abstract","hungary"
"W3196352134","country:hungary","abstract","orban"
"W3196352134","country:hungary","abstract","hungarian (+ political word)"
"W3196352134","region:europe","rule","from the country named"
"W3201393680","topic:spatial","abstract","spatial"
"W3201393680","topic:economy-welfare","abstract","economic"
"W3201393680","topic:economy-welfare","abstract","neoliberalism"
"W3201393680","topic:economy-welfare","abstract","neoliberal"
"W3201393680","country:united-states","abstract","us"
"W3201393680","country:brazil","abstract","brazil"
"W3201393680","region:north-america","rule","from the country named"
"W3201393680","region:latin-america","rule","from the country named"
"W3210963729","topic:international","title","transnational"
"W3210963729","topic:economy-welfare","title","economic"
"W3210963729","topic:economy-welfare","abstract","economy"
"W3210963729","topic:economy-welfare","abstract","economic"
"W3210963729","topic:democracy-institutions","abstract","constitutional"
"W3210963729","topic:democracy-institutions","abstract","referendum"
"W3210963729","region:europe","abstract","european"
"W3210963729","country:luxembourg","title","luxembourg"
"W3210963729","country:luxembourg","abstract","luxembourg"
"W3210966408","approach:discursive","abstract","discursive perspective"
"W3210966408","topic:economy-welfare","abstract","economic"
"W3210966408","topic:economy-welfare","abstract","redistribution"
"W4255265894","region:europe","title","european"
"W4292363547","topic:parties","rule","second test passed: a party word in the title"
"W4292363547","topic:parties","title","right wing populist"
"W4292363547","topic:parties","title","parties"
"W4292363547","topic:parties","abstract","right wing populist"
"W4292363547","topic:parties","abstract","parties"
"W4292363547","topic:voters","abstract","voter"
"W4292363547","topic:voters","abstract","voters"
"W4292363547","topic:voters","abstract","attitudes"
"W4292363547","topic:voters","abstract","citizens"
"W4292363547","topic:gender","title","gender"
"W4292363547","topic:gender","abstract","feminism"
"W4292363547","topic:gender","abstract","feminist"
"W4292363547","topic:gender","abstract","gender"
"W4292363547","topic:migration","title","nativists"
"W4292363547","topic:migration","abstract","migrant"
"W4292363547","topic:migration","abstract","nativist"
"W4292363547","topic:migration","abstract","nativism"
"W3138765515","topic:religion","title","religion"
"W3138765515","topic:religion","abstract","catholic"
"W3138765515","topic:religion","abstract","religion"
"W3138765515","topic:religion","abstract","religious"
"W3138765515","method:qualitative","abstract","qualitative"
"W3138765515","country:brazil","title","brazil"
"W3138765515","country:brazil","abstract","brazil"
"W3138765515","region:latin-america","rule","from the country named"
"W3161180038","topic:democracy-institutions","title","authoritarian"
"W3161180038","topic:democracy-institutions","abstract","authoritarian"
"W3172284846","approach:ideational","title","host ideologies"
"W3172284846","topic:parties","rule","second test passed: a party word in the title"
"W3172284846","topic:parties","abstract","party"
"W3172284846","topic:parties","abstract","far right"
"W3172284846","topic:parties","abstract","parties"
"W3172284846","topic:voters","title","voters"
"W3172284846","topic:voters","title","attitudes"
"W3172284846","topic:voters","abstract","voters"
"W3172284846","topic:voters","abstract","electorate"
"W3172284846","topic:voters","abstract","attitudes"
"W3172284846","topic:voters","abstract","vote choice"
"W3172284846","topic:migration","abstract","immigration"
"W3172284846","topic:migration","abstract","immigrants"
"W3172284846","method:quantitative","abstract","regressions"
"W3172284846","method:survey","abstract","survey data"
"W3172284846","country:italy","title","italy"
"W3172284846","country:italy","title","five star movement"
"W3172284846","country:italy","abstract","italy"
"W3172284846","country:italy","abstract","five star movement"
"W3172284846","country:italy","abstract","m5s"
"W3172284846","region:europe","rule","from the country named"
"W3191966651","approach:ideational","abstract","populism as an ideology"
"W3191966651","topic:parties","rule","second test passed: the abstract speaks of parties more than of voters"
"W3191966651","topic:parties","abstract","party system"
"W3191966651","topic:parties","abstract","party"
"W3191966651","topic:media-communication","abstract","media"
"W3191966651","topic:media-communication","abstract","journalism"
"W3191966651","topic:democracy-institutions","abstract","constitutionalism"
"W3191966651","topic:democracy-institutions","abstract","quality of democracy"
"W3191966651","method:survey","abstract","survey data"
"W3191966651","country:hungary","title","hungary"
"W3191966651","country:hungary","abstract","hungary"
"W3191966651","country:hungary","abstract","orban"
"W3191966651","country:hungary","abstract","hungarian (+ political word)"
"W3191966651","region:europe","rule","from the country named"
"W3199260822","topic:international","title","eu"
"W3199260822","topic:parties","rule","second test passed: a party family in the title"
"W3199260822","topic:parties","title","right wing populists"
"W3199260822","topic:parties","abstract","populist actors"
"W3199260822","topic:parties","abstract","right wing populist"
"W3199260822","topic:parties","abstract","parties"
"W3199260822","topic:parties","abstract","populist politicians"
"W3199260822","topic:parties","abstract","right wing populists"
"W3199260822","topic:media-communication","abstract","media"
"W3199260822","topic:media-communication","abstract","twitter"
"W3199260822","topic:media-communication","abstract","communication"
"W3199260822","region:europe","title","eu"
"W3199260822","country:switzerland","title","switzerland"
"W3208047151","topic:media-communication","title","media"
"W3208047151","topic:media-communication","abstract","communication"
"W3208047151","topic:media-communication","abstract","media"
"W3208047151","topic:media-communication","abstract","twitter"
"W3208047151","method:qualitative","abstract","critical discourse analysis"
"W3208047151","country:united-states","abstract","us"
"W3208047151","country:united-states","abstract","trump"
"W3208047151","region:north-america","rule","from the country named"
"W3209249952","todo:check-record","rule","DOI accepted by reading, not by the automatic rule"
"W3209249952","topic:voters","abstract","voters"
"W3209249952","topic:economy-welfare","abstract","financial crisis"
"W3209249952","topic:economy-welfare","abstract","economic"
"W3209249952","topic:economy-welfare","abstract","fiscal"
"W3209249952","topic:economy-welfare","abstract","protectionist"
"W3209249952","region:europe","title","europe"
"W3209249952","region:europe","abstract","europe"
"W3209249952","region:europe","abstract","european"
"W3213149373","topic:parties","rule","second test passed: a party word in the title"
"W3213149373","topic:parties","title","populist right"
"W3213149373","topic:parties","title","parties"
"W3213149373","topic:parties","title","party"
"W3213149373","topic:parties","abstract","populist left"
"W3213149373","topic:parties","abstract","parties"
"W3213149373","topic:parties","abstract","party"
"W3213149373","topic:parties","abstract","radical right"
"W3213149373","method:qualitative","abstract","fieldwork"
"W3213149373","method:qualitative","abstract","interviews"
"W3213149373","country:germany","title","germany"
"W3213149373","country:germany","title","alternative for germany"
"W3213149373","country:germany","abstract","germany"
"W3213149373","country:germany","abstract","alternative for germany"
"W3213149373","country:germany","abstract","afd"
"W3213149373","region:europe","rule","from the country named"
"W3215019001","approach:performative","title","populist performance"
"W3215019001","approach:performative","abstract","populist performance"
"W3215019001","topic:media-communication","abstract","facebook"
"W3215019001","country:czech-republic","title","babis"
"W3215019001","country:czech-republic","abstract","babis"
"W3215019001","country:czech-republic","abstract","czech (+ political word)"
"W3215019001","region:europe","rule","from the country named"
"W1980043432","topic:parties","rule","second test passed: the abstract speaks of parties more than of voters"
"W1980043432","topic:parties","abstract","party"
"W1980043432","topic:parties","abstract","populist movement"
"W3122455641","topic:government","abstract","populist president"
"W3122455641","topic:government","abstract","administration"
"W3122455641","topic:media-communication","title","media"
"W3122455641","topic:media-communication","abstract","media"
"W3122455641","country:philippines","title","philippines"
"W3122455641","country:philippines","abstract","philippines"
"W3122455641","country:philippines","abstract","duterte"
"W3122455641","region:asia-pacific","rule","from the country named"
"W3135135104","topic:parties","rule","second test passed: a party word in the title"
"W3135135104","topic:parties","title","parties"
"W3135135104","topic:government","abstract","populist governments"
"W3135135104","topic:government","abstract","populist government"
"W3135135104","topic:government","abstract","in government"
"W3135135104","country:poland","title","poland"
"W3135135104","region:europe","rule","from the country named"
"W3136135182","topic:international","title","european union"
"W3136135182","topic:international","abstract","eu"
"W3136135182","region:europe","title","european"
"W3136135182","region:europe","abstract","european"
"W3136135182","region:europe","abstract","eu"
"W3137093836","topic:media-communication","title","communication"
"W3137093836","topic:media-communication","abstract","frames"
"W3137093836","topic:media-communication","abstract","framing"
"W3137093836","method:quantitative","abstract","regression"
"W3137093836","country:united-states","title","american (+ political word)"
"W3137093836","region:north-america","rule","from the country named"
"W3154818180","topic:parties","rule","second test passed: a party family in the title"
"W3154818180","topic:parties","title","radical right"
"W3154818180","topic:voters","title","electoral support"
"W3154818180","topic:economy-welfare","title","welfare"
"W3157242602","topic:parties","rule","second test passed: a party word in the title"
"W3157242602","topic:parties","title","radical right"
"W3157242602","topic:parties","title","party"
"W3157242602","topic:parties","abstract","radical right"
"W3157242602","topic:parties","abstract","party"
"W3157242602","topic:gender","title","feminist"
"W3157242602","topic:gender","title","women"
"W3157242602","topic:gender","abstract","feminist"
"W3157242602","topic:gender","abstract","women"
"W3157242602","topic:gender","abstract","feminism"
"W3157242602","country:germany","title","alternative fur deutschland"
"W3157242602","country:germany","abstract","alternative fur deutschland"
"W3157242602","country:germany","abstract","german (+ political word)"
"W3157242602","region:europe","rule","from the country named"
"W3160028116","topic:parties","rule","second test passed: a party family in the title"
"W3160028116","topic:parties","title","radical right"
"W3160028116","topic:parties","abstract","radical right"
"W3160028116","topic:parties","abstract","populist movement"
"W3160028116","topic:parties","abstract","parties"
"W3160028116","topic:parties","abstract","populist movements"
"W3160028116","topic:economy-welfare","abstract","economic"
"W3160028116","topic:economy-welfare","abstract","globalisation"
"W3160028116","topic:economy-welfare","abstract","economy"
"W3160028116","topic:economy-welfare","abstract","welfare"
"W3168556787","approach:ideational","abstract","ideational approach"
"W3168556787","approach:discursive","abstract","discursive perspective"
"W3168556787","topic:economy-welfare","title","trade agreements"
"W3168556787","country:united-states","title","america first"
"W3168556787","region:north-america","rule","from the country named"
"W3174579167","topic:international","title","european union"
"W3174579167","region:europe","title","european"
"W3174579167","region:europe","abstract","european"
"W3174579167","region:europe","abstract","europe"
"W3174579167","region:europe","abstract","eu"
"W3174579167","country:france","abstract","france"
"W3174579167","country:poland","abstract","poland"
"W3174579167","country:united-kingdom","abstract","united kingdom"
"W3194058746","topic:voters","abstract","support for populist"
"W3194058746","topic:voters","abstract","support for populism"
"W3194058746","topic:media-communication","title","media"
"W3194058746","topic:media-communication","abstract","media"
"W3194951718","country:turkey","title","turkey"
"W3194951718","country:turkey","abstract","turkey"
"W3194951718","country:turkey","abstract","akp"
"W3194951718","country:turkey","abstract","justice and development party"
"W3194951718","region:europe","rule","from the country named"
"W3195168637","topic:democracy-institutions","title","authoritarianism"
"W3195168637","country:united-kingdom","abstract","uk"
"W3195168637","country:united-kingdom","abstract","brexit"
"W3195168637","region:europe","rule","from the country named"
"W3201959493","topic:parties","rule","second test passed: a party word in the title"
"W3201959493","topic:parties","title","party"
"W3201959493","topic:parties","title","radical right"
"W3201959493","topic:parties","title","radical left"
"W3201959493","topic:parties","title","parties"
"W3201959493","topic:parties","abstract","parties"
"W3201959493","topic:parties","abstract","radical right"
"W3201959493","topic:parties","abstract","radical left"
"W3201959493","topic:parties","abstract","partisans"
"W3201959493","topic:voters","title","demand side"
"W3201959493","topic:voters","abstract","citizens"
"W3201959493","topic:voters","abstract","support for populist"
"W3201959493","topic:voters","abstract","supporters"
"W3201959493","method:quantitative","abstract","regression"
"W3201959493","method:survey","abstract","european social survey"
"W3201959493","region:europe","abstract","european"
"W3210779364","topic:economy-welfare","title","neoliberalism"
"W3210779364","topic:economy-welfare","abstract","economic"
"W3210779364","topic:economy-welfare","abstract","redistribute"
"W3210779364","topic:economy-welfare","abstract","fiscal"
"W3210779364","country:hungary","abstract","hungary"
"W3210779364","country:hungary","abstract","orban"
"W3210779364","country:argentina","abstract","argentina"
"W3210779364","country:argentina","abstract","kirchnerism"
"W3210779364","region:europe","rule","from the country named"
"W3210779364","region:latin-america","rule","from the country named"
"W4232038131","topic:democracy-institutions","title","constitutionalism"
"W4232038131","topic:democracy-institutions","title","illiberal"
"W4232038131","topic:democracy-institutions","title","constitutional"
"W4232038131","topic:democracy-institutions","abstract","constitutionalism"
"W4232038131","topic:democracy-institutions","abstract","illiberal"
"W4232038131","topic:democracy-institutions","abstract","constitutional"
"W4232038131","topic:democracy-institutions","abstract","liberal democracy"
"W4232038131","topic:democracy-institutions","abstract","authoritarian"
"W4232038131","country:ireland","abstract","ireland"
"W4232038131","region:europe","rule","from the country named"
"W3042695087","topic:voters","abstract","populist attitudes"
"W3042695087","topic:voters","abstract","voting behavior"
"W3042695087","region:europe","title","european"
"W3042695087","region:europe","abstract","european"
"W3121569245","topic:democracy-institutions","abstract","democratization"
"W3121569245","topic:democracy-institutions","abstract","authoritarian"
"W3121569245","method:qualitative","abstract","interviews"
"W3121569245","country:turkey","title","turkey"
"W3121569245","country:turkey","abstract","turkey"
"W3121569245","country:turkey","abstract","justice and development party"
"W3121569245","country:turkey","abstract","akp"
"W3121569245","region:europe","rule","from the country named"
"W3128554447","topic:international","abstract","international monetary fund"
"W3128554447","topic:international","abstract","imf"
"W3128554447","method:qualitative","abstract","critical discourse analysis"
"W3128554447","country:tunisia","title","tunisian (+ political word)"
"W3128554447","country:tunisia","abstract","tunisian (+ political word)"
"W3128554447","region:mena","rule","from the country named"
"W3134457728","topic:parties","rule","second test passed: a leader or a party named in the title"
"W3134457728","topic:parties","title","right wing populist"
"W3134457728","topic:parties","abstract","right wing populist"
"W3134457728","topic:parties","abstract","parties"
"W3134457728","topic:parties","abstract","party"
"W3134457728","topic:voters","abstract","vote choice"
"W3134457728","topic:voters","abstract","attitudes"
"W3134457728","topic:voters","abstract","voters"
"W3134457728","topic:migration","title","anti immigrant"
"W3134457728","topic:migration","abstract","anti immigrant"
"W3134457728","topic:migration","abstract","anti immigration"
"W3134457728","topic:migration","abstract","refugee"
"W3134457728","topic:migration","abstract","immigration"
"W3134457728","method:quantitative","abstract","panel data"
"W3134457728","country:germany","title","afd"
"W3134457728","country:germany","abstract","germany"
"W3134457728","country:germany","abstract","afd"
"W3134457728","region:europe","rule","from the country named"
"W3138463926","topic:parties","rule","second test passed: a party word in the title"
"W3138463926","topic:parties","title","candidates"
"W3138463926","topic:parties","abstract","populist actors"
"W3138463926","topic:parties","abstract","candidates"
"W3138463926","topic:economy-welfare","abstract","euro crisis"
"W3138463926","topic:media-communication","title","media"
"W3138463926","topic:media-communication","abstract","media"
"W3138463926","topic:media-communication","abstract","communication"
"W3161785141","topic:voters","abstract","citizens"
"W3161785141","topic:voters","abstract","attitudes"
"W3161785141","topic:voters","abstract","populist attitudes"
"W3161785141","topic:democracy-institutions","title","direct democracy"
"W3161785141","topic:democracy-institutions","abstract","direct democracy"
"W3161785141","method:survey","abstract","original survey"
"W3171289434","topic:religion","title","islamist"
"W3171289434","topic:religion","title","catholic"
"W3171289434","topic:religion","abstract","catholic"
"W3171289434","topic:religion","abstract","islamist"
"W3171289434","topic:religion","abstract","muslim"
"W3171289434","topic:religion","abstract","islamic"
"W3171289434","topic:religion","abstract","religious"
"W3171289434","country:indonesia","title","indonesia"
"W3171289434","country:indonesia","abstract","indonesia"
"W3171289434","region:asia-pacific","rule","from the country named"
"W3173562381","topic:spatial","title","rural"
"W3173562381","topic:spatial","abstract","rural"
"W3173562381","topic:spatial","abstract","rural urban"
"W3173562381","region:europe","title","european"
"W3173562381","region:europe","abstract","european"
"W3173562381","country:france","abstract","france"
"W3173562381","country:france","abstract","rassemblement national"
"W3173562381","country:italy","abstract","italy"
"W3173562381","country:italy","abstract","lega"
"W3176805695","todo:check-record","rule","DOI accepted by reading, not by the automatic rule"
"W3183452970","approach:discursive","abstract","essex school"
"W3183452970","country:united-kingdom","title","british (+ political word)"
"W3183452970","country:united-kingdom","abstract","farage"
"W3183452970","country:united-kingdom","abstract","corbyn"
"W3183452970","country:united-kingdom","abstract","british (+ political word)"
"W3183452970","region:europe","rule","from the country named"
"W3192956026","topic:religion","abstract","islam"
"W3192956026","topic:religion","abstract","islamic"
"W3192956026","topic:religion","abstract","muslim"
"W3192956026","region:europe","abstract","europe"
"W3192956026","country:italy","abstract","italy"
"W3192956026","country:united-states","abstract","united states"
"W3192956026","region:north-america","rule","from the country named"
"W3198203202","topic:voters","title","populist attitudes"
"W3198203202","topic:voters","abstract","populist attitudes"
"W3201332764","topic:parties","rule","second test passed: a party word in the title"
"W3201332764","topic:parties","title","radical right"
"W3201332764","topic:parties","title","parties"
"W3201332764","topic:parties","abstract","radical right"
"W3201332764","topic:parties","abstract","parties"
"W3201332764","topic:voters","title","support for populist"
"W3201332764","topic:migration","title","immigration"
"W3201332764","topic:migration","abstract","immigration"
"W3201332764","topic:migration","abstract","immigrants"
"W3201332764","topic:migration","abstract","immigrant"
"W3201332764","region:europe","title","europe"
"W3201332764","region:europe","abstract","europe"
"W3201332764","region:europe","abstract","european"
"W4200626767","approach:ideational","abstract","host ideologies"
"W4200626767","topic:parties","rule","second test passed: a party word in the title"
"W4200626767","topic:parties","abstract","parties"
"W4200626767","topic:parties","abstract","populist actors"
"W4200626767","topic:voters","abstract","attitudes"
"W4200626767","topic:voters","abstract","voter"
"W4200626767","topic:migration","title","refugee"
"W4200626767","topic:migration","abstract","migration"
"W4200626767","topic:migration","abstract","refugee"
"W4200626767","topic:migration","abstract","immigration"
"W4200626767","method:qualitative","abstract","semi structured"
"W4200626767","method:qualitative","abstract","interviews"
"W4200626767","country:italy","title","five star movement"
"W4200626767","country:italy","title","lega"
"W4200626767","country:italy","abstract","lega"
"W4200626767","country:italy","abstract","five star movement"
"W4200626767","region:europe","rule","from the country named"
"W4207041503","todo:check-record","rule","DOI accepted by reading, not by the automatic rule"
"W4207041503","topic:economy-welfare","title","austerity"
"W4207041503","topic:economy-welfare","title","welfare"
"W4244435933","todo:check-record","rule","DOI accepted by reading, not by the automatic rule"
"W4244435933","region:europe","title","western europe"
"W4244435933","country:united-states","title","us"
"W4244435933","region:north-america","rule","from the country named"
"W4251870885","topic:parties","rule","second test passed: the abstract speaks of parties more than of voters"
"W4251870885","topic:parties","abstract","parties"
"W4251870885","topic:parties","abstract","party system"
"W4251870885","topic:parties","abstract","party"
"W4251870885","topic:parties","abstract","party systems"
"W4251870885","region:europe","title","europe"
"W4251870885","region:europe","abstract","europe"
"W4251870885","region:europe","abstract","european"
"W3128783459","topic:media-communication","title","media"
"W3128783459","topic:media-communication","abstract","media"
"W3128783459","topic:media-communication","abstract","newspaper"
"W3128783459","country:new-zealand","title","new zealand"
"W3128783459","region:asia-pacific","rule","from the country named"
"W3129930759","topic:economy-welfare","abstract","globalization"
"W3129930759","topic:economy-welfare","abstract","economic"
"W3176258966","topic:voters","abstract","support for populist"
"W3176258966","topic:voters","abstract","voters"
"W3176258966","topic:migration","title","nativist"
"W3176258966","topic:migration","abstract","nativism"
"W3176258966","topic:democracy-institutions","title","authoritarians"
"W3176258966","country:united-kingdom","abstract","united kingdom"
"W3176258966","country:united-states","abstract","united states"
"W3176258966","country:australia","abstract","australia"
"W3176258966","region:global","rule","three or more regions named: europe, north-america, asia-pacific"
"W3184427013","topic:parties","rule","second test passed: a party word in the title"
"W3184427013","topic:parties","title","far right"
"W3184427013","topic:parties","title","party"
"W3184427013","topic:parties","title","parties"
"W3184427013","topic:parties","abstract","far right"
"W3184427013","topic:parties","abstract","party"
"W3184427013","topic:media-communication","title","media"
"W3184427013","topic:media-communication","title","frames"
"W3184427013","topic:media-communication","abstract","media"
"W3184427013","topic:media-communication","abstract","frames"
"W3184427013","country:cyprus","title","cyprus"
"W3184427013","region:europe","rule","from the country named"
"W3194301094","approach:performative","abstract","political style"
"W3194301094","topic:parties","rule","second test passed: the abstract speaks of parties more than of voters"
"W3194301094","topic:parties","abstract","party"
"W3194301094","topic:democracy-institutions","title","rule of law"
"W3194301094","method:qualitative","abstract","qualitative"
"W3194301094","country:romania","title","romania"
"W3194301094","region:europe","rule","from the country named"
"W3195195801","approach:political-strategic","title","plebiscitarianism"
"W3195195801","approach:political-strategic","abstract","plebiscitarianism"
"W3195195801","approach:political-strategic","abstract","plebiscitarian"
"W3195195801","topic:parties","rule","second test passed: a leader or a party named in the title"
"W3195195801","topic:parties","abstract","party"
"W3195195801","topic:parties","abstract","parties"
"W3195195801","topic:parties","abstract","populist actors"
"W3195195801","topic:media-communication","abstract","communication"
"W3195195801","topic:media-communication","abstract","media"
"W3195195801","country:spain","title","podemos"
"W3195195801","country:spain","abstract","podemos"
"W3195195801","country:spain","abstract","spanish (+ political word)"
"W3195195801","region:europe","rule","from the country named"
"W3143434886","topic:parties","rule","second test passed: the abstract speaks of parties more than of voters"
"W3143434886","topic:parties","abstract","populist leaders"
"W3143434886","topic:parties","abstract","parties"
"W3143434886","region:asia-pacific","title","asia"
"W3143434886","country:india","abstract","india"
"W3143434886","country:philippines","abstract","philippines"
"W3143434886","country:singapore","abstract","singapore"
"W3144573326","topic:democracy-institutions","title","authoritarian"
"W3144573326","country:united-states","title","trump"
"W3144573326","country:united-states","title","us"
"W3144573326","country:united-states","abstract","united states"
"W3144573326","country:united-states","abstract","trump"
"W3144573326","region:north-america","rule","from the country named"
"W3159012357","approach:discursive","abstract","empty signifier"
"W3159012357","topic:economy-welfare","abstract","welfare"
"W3159012357","topic:economy-welfare","abstract","protectionist"
"W3159012357","topic:migration","abstract","migrant"
"W3159012357","method:qualitative","abstract","interviews"
"W3159012357","country:sweden","abstract","sweden"
"W3159012357","country:sweden","abstract","sweden democrats"
"W3159012357","region:europe","rule","from the country named"
"W3161004350","country:united-states","abstract","trump"
"W3161004350","country:united-states","abstract","jacksonian"
"W3161004350","country:united-states","abstract","american (+ political word)"
"W3161004350","region:north-america","rule","from the country named"
"W3165723703","topic:government","abstract","coming to power"
"W3165723703","topic:democracy-institutions","title","authoritarian"
"W3165723703","topic:democracy-institutions","abstract","authoritarian"
"W3170794792","topic:international","abstract","transnational"
"W3170794792","topic:parties","rule","second test passed: the abstract speaks of parties more than of voters"
"W3170794792","topic:parties","abstract","populist actors"
"W3170794792","topic:parties","abstract","social movement"
"W3170794792","topic:media-communication","abstract","frames"
"W3170794792","topic:media-communication","abstract","media"
"W3170794792","region:europe","title","europe"
"W3170794792","country:georgia","title","georgia"
"W3175229845","topic:parties","rule","second test passed: a party family in the title"
"W3175229845","topic:parties","title","far right"
"W3175229845","topic:economy-welfare","title","neoliberal"
"W3175449695","topic:voters","abstract","public opinion"
"W3175449695","topic:voters","abstract","electorate"
"W3175449695","topic:media-communication","title","misinformation"
"W3175449695","topic:media-communication","abstract","disinformation"
"W3175449695","topic:media-communication","abstract","twitter"
"W3175449695","method:qualitative","abstract","qualitative"
"W3175449695","country:united-states","title","u s"
"W3175449695","country:united-states","title","trump"
"W3175449695","country:united-states","abstract","u s"
"W3175449695","country:united-states","abstract","biden"
"W3175449695","country:united-states","abstract","trump"
"W3175449695","region:north-america","rule","from the country named"
"W3180032017","topic:parties","rule","second test passed: a party word in the title"
"W3180032017","topic:parties","title","parties"
"W3180032017","topic:government","title","in government"
"W3188799907","topic:gender","abstract","feminist"
"W3188799907","topic:gender","abstract","masculinity"
"W3188799907","topic:gender","abstract","patriarchal"
"W3188799907","topic:gender","abstract","feminism"
"W3188799907","country:italy","title","italy"
"W3188799907","country:italy","abstract","italy"
"W3188799907","country:italy","abstract","italian (+ political word)"
"W3188799907","region:europe","rule","from the country named"
"W3189626944","approach:economic","abstract","economic populism"
"W3189626944","topic:parties","rule","second test passed: a party word in the title"
"W3189626944","topic:parties","title","parties"
"W3189626944","topic:parties","abstract","social movements"
"W3189626944","topic:parties","abstract","radical right"
"W3189626944","topic:parties","abstract","parties"
"W3189626944","topic:parties","abstract","social movement"
"W3189626944","topic:parties","abstract","right wing populism"
"W3189626944","topic:parties","abstract","right wing populists"
"W3189626944","topic:parties","abstract","party"
"W3189626944","topic:economy-welfare","abstract","austerity"
"W3189626944","topic:economy-welfare","abstract","economic"
"W3189626944","topic:religion","title","religion"
"W3189626944","topic:religion","abstract","religion"
"W3189626944","topic:religion","abstract","religious"
"W3189626944","method:qualitative","abstract","interview"
"W3189626944","country:italy","title","italy"
"W3189626944","country:italy","abstract","five star movement"
"W3189626944","country:italy","abstract","italian (+ political word)"
"W3189626944","region:europe","rule","from the country named"
"W3195013481","topic:democracy-institutions","title","authoritarian"
"W3195013481","topic:democracy-institutions","title","constitutional"
"W3195013481","topic:democracy-institutions","title","court"
"W3195013481","topic:democracy-institutions","abstract","authoritarian"
"W3195013481","topic:democracy-institutions","abstract","constitutional"
"W3195013481","topic:democracy-institutions","abstract","courts"
"W3195013481","topic:democracy-institutions","abstract","rule of law"
"W3195013481","topic:democracy-institutions","abstract","court"
"W3195013481","topic:democracy-institutions","abstract","judicial"
"W3195013481","country:hungary","abstract","hungary"
"W3195013481","region:europe","rule","from the country named"
"W3195388619","topic:international","title","eu"
"W3195388619","topic:international","abstract","eu"
"W3195388619","topic:international","abstract","brexit"
"W3195388619","topic:parties","rule","second test passed: the abstract speaks of parties more than of voters"
"W3195388619","topic:parties","abstract","parties"
"W3195388619","topic:parties","abstract","populist actors"
"W3195388619","topic:democracy-institutions","title","referendum"
"W3195388619","topic:democracy-institutions","abstract","referendum"
"W3195388619","method:qualitative","abstract","discourse analysis"
"W3195388619","region:europe","title","eu"
"W3195388619","region:europe","abstract","europe"
"W3195388619","region:europe","abstract","eu"
"W3195388619","country:united-kingdom","abstract","britain"
"W3195388619","country:united-kingdom","abstract","brexit"
"W3198244503","topic:democracy-institutions","title","authoritarian"
"W3198244503","topic:democracy-institutions","abstract","authoritarian"
"W3198244503","country:belgium","title","belgium"
"W3198244503","region:europe","rule","from the country named"
"W3200508959","topic:parties","rule","second test passed: a party family in the title"
"W3200508959","topic:parties","title","populist right"
"W3200508959","topic:parties","abstract","far right"
"W3200508959","topic:gender","abstract","women"
"W3200508959","topic:gender","abstract","gender"
"W3200508959","country:france","abstract","france"
"W3200508959","country:france","abstract","french (+ political word)"
"W3200508959","region:europe","rule","from the country named"
"W3201571229","topic:parties","rule","second test passed: the abstract speaks of parties more than of voters"
"W3201571229","topic:parties","abstract","parties"
"W3201571229","topic:parties","abstract","party"
"W3201571229","topic:government","abstract","incumbent"
"W3201571229","topic:government","abstract","in power"
"W3201571229","topic:religion","title","islamic"
"W3201571229","topic:religion","abstract","islamic"
"W3201571229","topic:religion","abstract","christian"
"W3201571229","topic:religion","abstract","islamist"
"W3201571229","topic:religion","abstract","islam"
"W3201571229","topic:religion","abstract","religion"
"W3201571229","topic:religion","abstract","muslim"
"W3201571229","country:turkey","title","turkey"
"W3201571229","country:turkey","abstract","turkey"
"W3201571229","country:turkey","abstract","justice and development party"
"W3201571229","country:turkey","abstract","turkish (+ political word)"
"W3201571229","region:europe","rule","from the country named"
"W3210687574","approach:discursive","title","discursively construct"
"W3210687574","topic:parties","rule","second test passed: a party family in the title"
"W3210687574","topic:parties","title","radical right"
"W3210687574","topic:parties","abstract","radical right"
"W3210687574","topic:parties","abstract","parties"
"W3210687574","topic:migration","abstract","nativism"
"W3210687574","topic:migration","abstract","nativist"
"W3210687574","region:europe","abstract","european"
"W3210687574","region:europe","abstract","europe"
"W3210687574","region:europe","abstract","eu"
"W3210687574","country:france","abstract","le pen"
"W3210687574","country:france","abstract","rassemblement national"
"W3210687574","country:poland","abstract","kaczynski"
"W3210687574","country:poland","abstract","prawo i sprawiedliworc"
"W3215035181","topic:parties","rule","second test passed: a party family in the title"
"W3215035181","topic:parties","title","far right"
"W3215035181","topic:economy-welfare","title","inequality"
"W3215035181","country:brazil","title","brazil"
"W3215035181","country:brazil","abstract","brazil"
"W3215035181","country:brazil","abstract","bolsonaro"
"W3215035181","country:brazil","abstract","brazilian (+ political word)"
"W3215035181","region:latin-america","rule","from the country named"
"W4200236506","topic:parties","rule","second test passed: a leader or a party named in the title"
"W4200236506","topic:parties","abstract","populist movements"
"W4200236506","topic:parties","abstract","parties"
"W4200236506","country:united-states","title","trump"
"W4200236506","country:united-states","abstract","united states"
"W4200236506","country:united-states","abstract","trump"
"W4200236506","country:united-states","abstract","maga"
"W4200236506","region:north-america","rule","from the country named"
"W4200342375","country:united-states","title","biden"
"W4200342375","country:united-states","abstract","trump"
"W4200342375","country:united-states","abstract","biden"
"W4200342375","region:north-america","rule","from the country named"
"W3125824040","topic:voters","abstract","public support"
"W3125824040","topic:voters","abstract","attitudes"
"W3125824040","topic:democracy-institutions","title","authoritarianism"
"W3125824040","topic:democracy-institutions","abstract","authoritarian"
"W3125824040","topic:democracy-institutions","abstract","authoritarians"
"W3125824040","country:united-states","abstract","trump"
"W3125824040","region:north-america","rule","from the country named"
"W3126555416","topic:economy-welfare","title","neoliberal"
"W3126555416","topic:economy-welfare","abstract","neoliberalism"
"W3126555416","topic:economy-welfare","abstract","neoliberal"
"W3157150816","approach:discursive","abstract","laclau"
"W3157150816","approach:discursive","abstract","empty signifier"
"W3157150816","country:finland","title","finland"
"W3157150816","country:finland","abstract","finland"
"W3157150816","country:finland","abstract","finns party"
"W3157150816","country:india","title","india"
"W3157150816","country:india","abstract","india"
"W3157150816","country:india","abstract","bjp"
"W3157150816","region:europe","rule","from the country named"
"W3157150816","region:asia-pacific","rule","from the country named"
"W3157383755","topic:voters","abstract","citizens"
"W3157383755","topic:voters","abstract","supporters"
"W3157383755","topic:media-communication","abstract","media"
"W3157383755","country:united-states","abstract","tea party"
"W3157383755","region:north-america","rule","from the country named"
"W3163391647","topic:gender","title","feminist"
"W3163391647","topic:gender","abstract","feminist"
"W3163391647","topic:democracy-institutions","abstract","democratic backsliding"
"W3163391647","topic:democracy-institutions","abstract","liberal democracy"
"W3163391647","topic:democracy-institutions","abstract","illiberalism"
"W3166077818","country:ecuador","title","ecuador"
"W3166077818","country:ecuador","abstract","ecuador"
"W3166077818","country:ecuador","abstract","correa"
"W3166077818","region:latin-america","rule","from the country named"
"W3166807397","topic:democracy-institutions","title","judicialization"
"W3166807397","topic:democracy-institutions","abstract","judicialization"
"W3166807397","topic:democracy-institutions","abstract","authoritarian"
"W3166807397","topic:democracy-institutions","abstract","judicialized"
"W3166807397","topic:democracy-institutions","abstract","judiciary"
"W3166807397","topic:democracy-institutions","abstract","constitutional"
"W3166807397","topic:democracy-institutions","abstract","courts"
"W3166807397","topic:democracy-institutions","abstract","court"
"W3166807397","region:europe","title","eastern europe"
"W3167270083","topic:gender","title","women"
"W3167701508","approach:performative","abstract","populist performances"
"W3167701508","topic:parties","rule","second test passed: a party word in the title"
"W3167701508","topic:parties","title","party"
"W3167701508","topic:parties","abstract","parties"
"W3167701508","topic:parties","abstract","partisan"
"W3167701508","topic:religion","title","religion"
"W3167701508","topic:democracy-institutions","abstract","constitutional"
"W3167701508","topic:democracy-institutions","abstract","authoritarian"
"W3167701508","country:turkey","abstract","turkey"
"W3167701508","region:europe","rule","from the country named"
"W3173673184","topic:parties","rule","second test passed: a party word in the title"
"W3173673184","topic:parties","title","party"
"W3173673184","topic:media-communication","title","twitter"
"W3173673184","topic:media-communication","abstract","twitter"
"W3173673184","topic:media-communication","abstract","tweets"
"W3173673184","topic:religion","title","muslims"
"W3173673184","topic:religion","abstract","muslims"
"W3173673184","topic:religion","abstract","islam"
"W3173673184","topic:migration","title","immigrants"
"W3173673184","topic:migration","abstract","immigrants"
"W3173673184","topic:migration","abstract","immigration"
"W3173673184","country:france","title","rassemblement national"
"W3173673184","country:france","title","french (+ political word)"
"W3173673184","country:france","abstract","france"
"W3173673184","country:france","abstract","rassemblement national"
"W3173673184","country:france","abstract","french (+ political word)"
"W3173673184","region:europe","rule","from the country named"
"W3173884920","topic:religion","abstract","religion"
"W3173884920","topic:religion","abstract","christian"
"W3173884920","topic:religion","abstract","islamic"
"W3174706574","topic:parties","rule","second test passed: the abstract speaks of parties more than of voters"
"W3174706574","topic:parties","abstract","party"
"W3174706574","topic:parties","abstract","radical left"
"W3174706574","topic:parties","abstract","manifestos"
"W3174706574","topic:parties","abstract","political leaders"
"W3174706574","method:qualitative","abstract","process tracing"
"W3174706574","country:south-africa","abstract","south africa"
"W3174706574","region:sub-saharan-africa","rule","from the country named"
"W3178731398","topic:parties","rule","second test passed: the abstract speaks of parties more than of voters"
"W3178731398","topic:parties","abstract","parties"
"W3178731398","topic:parties","abstract","party system"
"W3178731398","topic:parties","abstract","partisan"
"W3178731398","topic:voters","abstract","voters"
"W3178731398","country:italy","title","italy"
"W3178731398","region:europe","rule","from the country named"
"W3180922259","approach:measurement","title","measuring populist"
"W3188880875","approach:performative","abstract","performative"
"W3188880875","topic:media-communication","abstract","journalistic"
"W3188880875","topic:media-communication","abstract","communications"
"W3188880875","country:honduras","abstract","honduras"
"W3188880875","country:bangladesh","abstract","bangladesh"
"W3188880875","country:philippines","abstract","philippines"
"W3188880875","region:latin-america","rule","from the country named"
"W3188880875","region:asia-pacific","rule","from the country named"
"W3189172739","topic:parties","rule","second test passed: a party word in the title"
"W3189172739","topic:parties","title","radical right"
"W3189172739","topic:parties","title","parties"
"W3189172739","topic:parties","abstract","radical right"
"W3189172739","topic:parties","abstract","parties"
"W3189172739","topic:voters","abstract","citizens"
"W3189172739","topic:voters","abstract","voting behavior"
"W3189172739","topic:economy-welfare","abstract","economic"
"W3189172739","topic:economy-welfare","abstract","inequality"
"W3189172739","topic:migration","title","immigration"
"W3189172739","topic:migration","abstract","immigration"
"W3189172739","method:survey","abstract","european social survey"
"W3189172739","region:europe","title","europe"
"W3189172739","region:europe","abstract","europe"
"W3189172739","region:europe","abstract","european"
"W3191276944","topic:international","abstract","eu"
"W3191276944","topic:international","abstract","euroscepticism"
"W3191276944","topic:parties","rule","second test passed: a leader or a party named in the title"
"W3191276944","topic:parties","abstract","populist leaders"
"W3191276944","topic:parties","abstract","populist leader"
"W3191276944","topic:voters","abstract","public opinion"
"W3191276944","topic:voters","abstract","supporters"
"W3191276944","method:survey","abstract","original surveys"
"W3191276944","region:europe","title","balkans"
"W3191276944","region:europe","abstract","european"
"W3191276944","region:europe","abstract","eu"
"W3191276944","country:serbia","abstract","serbia"
"W3191276944","country:united-states","title","trump"
"W3191276944","country:united-states","abstract","us"
"W3191276944","country:united-states","abstract","trump"
"W3191276944","region:north-america","rule","from the country named"
"W3194679687","topic:parties","rule","second test passed: the abstract speaks of parties more than of voters"
"W3194679687","topic:parties","abstract","parties"
"W3194679687","topic:parties","abstract","party"
"W3194679687","topic:religion","abstract","islamist"
"W3194679687","topic:religion","abstract","islamism"
"W3194679687","topic:democracy-institutions","abstract","democratization"
"W3194679687","topic:democracy-institutions","abstract","authoritarianism"
"W3194679687","topic:democracy-institutions","abstract","democratic institutions"
"W3194679687","topic:democracy-institutions","abstract","autocratization"
"W3194679687","country:turkey","title","turkey"
"W3194679687","region:europe","rule","from the country named"
"W3196135870","topic:voters","title","voter"
"W3196135870","topic:voters","title","attitudes"
"W3196135870","topic:spatial","abstract","left behind areas"
"W3196135870","topic:spatial","abstract","subnational"
"W3196135870","topic:economy-welfare","abstract","economic"
"W3196135870","topic:economy-welfare","abstract","globalisation"
"W3196135870","country:united-kingdom","title","scotland"
"W3196135870","country:united-kingdom","abstract","scotland"
"W3196135870","country:united-kingdom","abstract","uk"
"W3196135870","region:europe","rule","from the country named"
"W3197520312","country:united-kingdom","abstract","britain"
"W3197520312","country:united-kingdom","abstract","brexit"
"W3197520312","region:europe","rule","from the country named"
"W3204819820","topic:religion","abstract","religion"
"W3204819820","topic:religion","abstract","religious"
"W3204819820","country:myanmar","abstract","myanmar"
"W3204819820","region:asia-pacific","rule","from the country named"
"W3209102097","topic:parties","rule","second test passed: a party word in the title"
"W3209102097","topic:parties","title","parties"
"W3209102097","topic:voters","title","citizens"
"W3209102097","topic:voters","title","voters"
"W3209102097","region:europe","title","western european"
"W3209573923","topic:government","title","populist governance"
"W3209573923","country:brazil","title","brazil"
"W3209573923","country:brazil","title","bolsonaro"
"W3209573923","region:latin-america","rule","from the country named"
"W3209664392","topic:parties","rule","second test passed: a party family in the title"
"W3209664392","topic:parties","title","populist right"
"W3209664392","topic:parties","abstract","party"
"W3209664392","topic:parties","abstract","populist right"
"W3209664392","country:poland","title","poland"
"W3209664392","country:poland","abstract","poland"
"W3209664392","country:poland","abstract","pis"
"W3209664392","country:poland","abstract","law and justice"
"W3209664392","region:europe","rule","from the country named"
"W3214475099","topic:parties","rule","second test passed: a party word in the title"
"W3214475099","topic:parties","abstract","parties"
"W3214475099","topic:voters","abstract","electorates"
"W3214475099","topic:voters","abstract","electoral support"
"W3214475099","topic:voters","abstract","voters"
"W3214475099","topic:voters","abstract","attitudes"
"W3214475099","method:survey","abstract","survey data"
"W3214475099","region:europe","abstract","western europe"
"W3214475099","region:europe","abstract","eu"
"W3214475099","country:italy","title","lega"
"W3214475099","country:italy","title","italian (+ political word)"
"W3214475099","country:italy","abstract","italy"
"W3214475099","country:italy","abstract","lega"
"W3215868065","topic:economy-welfare","title","neoliberalism"
"W3215868065","topic:economy-welfare","abstract","inequalities"
"W3215868065","topic:economy-welfare","abstract","neoliberal"
"W3215868065","topic:economy-welfare","abstract","neoliberalism"
"W3215868065","topic:economy-welfare","abstract","neoliberalization"
"W3215868065","topic:media-communication","abstract","communication"
"W3215868065","topic:media-communication","abstract","media"
"W3215868065","method:qualitative","abstract","discourse analysis"
"W3215868065","country:ukraine","title","ukraine"
"W3215868065","country:ukraine","abstract","ukraine"
"W3215868065","country:ukraine","abstract","zelensky"
"W3215868065","country:ukraine","abstract","ukrainian (+ political word)"
"W3215868065","region:europe","rule","from the country named"
"W4206190770","approach:other","abstract","conceptualizations of populism"
"W4206190770","topic:media-communication","abstract","media"
"W4206190770","topic:media-communication","abstract","communication"
"W4206190770","region:global","title","global populisms"
"W4214865675","country:ecuador","title","ecuador"
"W4214865675","country:venezuela","title","venezuela"
"W4214865675","region:latin-america","rule","from the country named"
"W4235227844","topic:voters","title","support for populism"
"W4235227844","topic:voters","abstract","populist attitudes"
"W4235227844","topic:voters","abstract","voting behavior"
"W4235227844","topic:voters","abstract","attitudes"
"W4235227844","topic:voters","abstract","citizens"
"W4235227844","topic:voters","abstract","support for populist"
"W4235227844","country:france","abstract","french (+ political word)"
"W4235227844","region:europe","rule","from the country named"
"W3118853041","topic:democracy-institutions","abstract","rule of law"
"W3119391036","topic:economy-welfare","title","social policy"
"W3119391036","topic:economy-welfare","abstract","social policy"
"W3119391036","topic:economy-welfare","abstract","welfare"
"W3119391036","topic:religion","title","religion"
"W3119391036","topic:religion","abstract","religion"
"W3119391036","region:mena","abstract","middle east"
"W3119391036","region:mena","abstract","north africa"
"W3130551225","topic:parties","rule","second test passed: a party word in the title"
"W3130551225","topic:parties","title","party"
"W3130551225","topic:parties","abstract","party"
"W3130551225","topic:parties","abstract","parties"
"W3130551225","topic:voters","abstract","citizens"
"W3130551225","topic:voters","abstract","attitudes"
"W3130551225","topic:voters","abstract","voters"
"W3130551225","method:survey","abstract","election studies"
"W3130551225","country:finland","abstract","finnish (+ political word)"
"W3130551225","region:europe","rule","from the country named"
"W3132021853","country:australia","title","australian (+ political word)"
"W3132021853","region:asia-pacific","rule","from the country named"
"W3155598816","region:asia-pacific","title","asian"
"W3158882939","country:india","abstract","india"
"W3158882939","region:asia-pacific","rule","from the country named"
"W3158888010","topic:voters","abstract","public opinion"
"W3158888010","topic:voters","abstract","populist attitudes"
"W3158888010","topic:voters","abstract","voting behavior"
"W3158888010","country:switzerland","abstract","switzerland"
"W3158888010","region:europe","rule","from the country named"
"W3165219311","method:qualitative","abstract","semi structured"
"W3165219311","method:qualitative","abstract","interviews"
"W3166069282","region:europe","title","europe"
"W3174157932","country:united-states","title","u s"
"W3174157932","country:united-states","abstract","american (+ political word)"
"W3174157932","region:north-america","rule","from the country named"
"W3185961885","topic:parties","rule","second test passed: a party word in the title"
"W3185961885","topic:parties","title","partisanship"
"W3185961885","topic:parties","abstract","partisan"
"W3185961885","topic:parties","abstract","populist right"
"W3185961885","topic:parties","abstract","right wing populism"
"W3185961885","topic:parties","abstract","partisanship"
"W3185961885","topic:spatial","title","rural"
"W3185961885","topic:spatial","abstract","rural"
"W3185961885","country:united-states","abstract","united states"
"W3185961885","country:united-states","abstract","trump"
"W3185961885","region:north-america","rule","from the country named"
"W3189266168","topic:gender","title","feminist"
"W3189266168","topic:gender","abstract","feminist"
"W3189266168","topic:gender","abstract","feminisms"
"W3189266168","topic:gender","abstract","feminism"
"W3189266168","region:europe","abstract","southern europe"
"W3196610019","topic:parties","rule","second test passed: the abstract speaks of parties more than of voters"
"W3196610019","topic:parties","abstract","populist movement"
"W3196610019","topic:parties","abstract","populist movements"
"W3196610019","method:qualitative","abstract","ethnographic"
"W3196610019","method:qualitative","abstract","fieldwork"
"W3196610019","country:argentina","title","argentine (+ political word)"
"W3196610019","country:argentina","abstract","peronism"
"W3196610019","country:argentina","abstract","peron"
"W3196610019","country:argentina","abstract","peronist"
"W3196610019","country:argentina","abstract","argentine (+ political word)"
"W3196610019","region:latin-america","rule","from the country named"
"W3200892558","topic:parties","rule","second test passed: a leader or a party named in the title"
"W3200892558","topic:parties","abstract","populist movements"
"W3200892558","topic:parties","abstract","party"
"W3200892558","topic:parties","abstract","populist actors"
"W3200892558","topic:parties","abstract","right wing populists"
"W3200892558","method:qualitative","abstract","discourse analysis"
"W3200892558","country:italy","title","lega"
"W3200892558","region:europe","rule","from the country named"
"W3203496744","topic:voters","title","attitudes"
"W3203496744","topic:voters","abstract","attitudes"
"W3203496744","topic:voters","abstract","voters"
"W3203496744","method:quantitative","abstract","regression"
"W3203496744","country:united-states","title","united states"
"W3203496744","country:united-states","abstract","united states"
"W3203496744","country:united-states","abstract","us"
"W3203496744","region:north-america","rule","from the country named"
"W3206768329","topic:government","title","populist rule"
"W3206768329","topic:democracy-institutions","abstract","democratic backsliding"
"W3206768329","country:poland","title","poland"
"W3206768329","country:poland","abstract","poland"
"W3206768329","country:poland","abstract","law and justice"
"W3206768329","country:ukraine","title","ukraine"
"W3206768329","country:ukraine","abstract","ukraine"
"W3206768329","region:europe","rule","from the country named"
"W3209195463","topic:democracy-institutions","title","authoritarian"
"W3209195463","topic:democracy-institutions","abstract","authoritarian"
"W3209195463","country:hungary","title","hungary"
"W3209195463","country:hungary","abstract","orban"
"W3209195463","country:hungary","abstract","hungarian (+ political word)"
"W3209195463","region:europe","rule","from the country named"
"W4200499362","approach:ideational","abstract","thin ideology"
"W4200499362","approach:ideational","abstract","populism as a thin"
"W4250973787","topic:international","title","liberal order"
"W4250973787","topic:economy-welfare","title","globalization"
"W3125708632","topic:media-communication","title","media"
"W3125708632","topic:media-communication","abstract","media"
"W3125708632","topic:media-communication","abstract","newspapers"
"W3125708632","topic:democracy-institutions","title","referendum"
"W3125708632","topic:democracy-institutions","abstract","constitutional"
"W3125708632","topic:democracy-institutions","abstract","referendum"
"W3125708632","country:turkey","title","turkey"
"W3125708632","country:turkey","abstract","turkey"
"W3125708632","country:turkey","abstract","akp"
"W3125708632","region:europe","rule","from the country named"
"W3135346567","topic:parties","rule","second test passed: a party word in the title"
"W3135346567","topic:parties","title","manifestos"
"W3135346567","topic:parties","title","parties"
"W3135346567","topic:parties","abstract","manifestos"
"W3135346567","topic:parties","abstract","parties"
"W3135346567","topic:religion","title","religion"
"W3135346567","topic:religion","abstract","religion"
"W3135346567","topic:religion","abstract","religious"
"W3135346567","topic:religion","abstract","islam"
"W3135346567","topic:religion","abstract","christian"
"W3135346567","topic:religion","abstract","church"
"W3135346567","topic:religion","abstract","hinduism"
"W3135346567","country:germany","title","germany"
"W3135346567","country:germany","abstract","germany"
"W3135346567","country:germany","abstract","afd"
"W3135346567","country:netherlands","title","netherlands"
"W3135346567","country:netherlands","abstract","netherlands"
"W3135346567","country:netherlands","abstract","pvv"
"W3135346567","region:europe","rule","from the country named"
"W3136413503","topic:parties","rule","second test passed: a party word in the title"
"W3136413503","topic:parties","title","parties"
"W3136413503","topic:parties","abstract","parties"
"W3136413503","country:czech-republic","abstract","babis"
"W3136413503","region:europe","rule","from the country named"
"W3158302726","topic:parties","rule","second test passed: a party word in the title"
"W3158302726","topic:parties","title","partisanship"
"W3158302726","topic:parties","title","radical right"
"W3158302726","topic:parties","abstract","radical right"
"W3158302726","topic:parties","abstract","partisanship"
"W3158302726","topic:parties","abstract","partisans"
"W3158302726","topic:parties","abstract","parties"
"W3158302726","topic:democracy-institutions","abstract","democratic institutions"
"W3158302726","topic:democracy-institutions","abstract","illiberal"
"W3163338486","topic:parties","rule","second test passed: the abstract speaks of parties more than of voters"
"W3163338486","topic:parties","abstract","radical right"
"W3163338486","topic:parties","abstract","left wing populism"
"W3163338486","topic:parties","abstract","parties"
"W3163338486","topic:parties","abstract","party"
"W3163338486","topic:economy-welfare","abstract","economic crisis"
"W3163338486","topic:economy-welfare","abstract","economic"
"W3163338486","region:europe","title","western europe"
"W3163338486","region:europe","abstract","europe"
"W3163338486","region:europe","abstract","european"
"W3163338486","region:europe","abstract","western europe"
"W3163338486","country:greece","abstract","greece"
"W3163338486","country:italy","abstract","italy"
"W3165532878","topic:migration","title","immigration"
"W3165532878","country:united-states","title","us"
"W3165532878","region:north-america","rule","from the country named"
"W3176873106","topic:parties","rule","second test passed: the abstract speaks of parties more than of voters"
"W3176873106","topic:parties","abstract","party"
"W3176873106","topic:parties","abstract","manifestos"
"W3176873106","topic:parties","abstract","manifesto"
"W3176873106","topic:spatial","abstract","spatial"
"W3176873106","topic:economy-welfare","abstract","globalization"
"W3176873106","topic:economy-welfare","abstract","economic"
"W3176873106","method:qta","abstract","topic modeling"
"W3176873106","country:germany","title","german (+ political word)"
"W3176873106","country:germany","abstract","germany"
"W3176873106","country:germany","abstract","alternative for germany"
"W3176873106","country:germany","abstract","afd"
"W3176873106","region:europe","rule","from the country named"
"W3181509588","topic:international","title","brexit"
"W3181509588","country:united-kingdom","title","brexit"
"W3181509588","region:europe","rule","from the country named"
"W3182119328","topic:democracy-institutions","abstract","constitutional"
"W3182119328","topic:democracy-institutions","abstract","democratic backsliding"
"W3182119328","country:united-states","abstract","united states"
"W3182119328","region:north-america","rule","from the country named"
"W3194569336","topic:voters","title","citizens"
"W3202584671","topic:parties","rule","second test passed: a party word in the title"
"W3202584671","topic:parties","abstract","right wing populists"
"W3202584671","topic:parties","abstract","populist politicians"
"W3202584671","topic:parties","abstract","party"
"W3202584671","topic:parties","abstract","partisanship"
"W3202584671","topic:parties","abstract","populist politician"
"W3202584671","topic:voters","abstract","citizens"
"W3202584671","topic:voters","abstract","supporters"
"W3202584671","method:experiment","title","survey experiments"
"W3208082147","topic:voters","abstract","attitudes"
"W3208082147","country:united-states","title","u s"
"W3208082147","country:united-states","abstract","us"
"W3208082147","country:united-states","abstract","u s"
"W3208082147","country:united-states","abstract","american (+ political word)"
"W3208082147","region:north-america","rule","from the country named"
"W3209682838","topic:media-communication","abstract","communication"
"W3209682838","method:qualitative","abstract","narrative analysis"
"W3210612119","country:armenia","abstract","armenia"
"W3210612119","country:russia","abstract","russia"
"W3210612119","country:ukraine","abstract","ukraine"
"W3210612119","region:europe","rule","from the country named"
"W3215395700","topic:international","title","eu"
"W3215395700","topic:parties","rule","second test passed: a party word in the title"
"W3215395700","topic:parties","title","parties"
"W3215395700","topic:democracy-institutions","title","democratization"
"W3215395700","region:europe","title","eu"
"W4205415033","topic:voters","abstract","demand side"
"W4205415033","topic:voters","abstract","citizens"
"W4205415033","topic:economy-welfare","abstract","economic"
"W4205415033","topic:democracy-institutions","title","liberal democracy"
"W4205415033","topic:democracy-institutions","abstract","illiberal"
"W4205415033","topic:democracy-institutions","abstract","direct democracy"
"W4205415033","topic:democracy-institutions","abstract","referendums"
"W4205415033","topic:democracy-institutions","abstract","judiciary"
"W4205415033","topic:democracy-institutions","abstract","liberal democracy"
"W4205415033","country:united-states","abstract","united states"
"W4205415033","region:north-america","rule","from the country named"
"W4212937270","approach:discursive","abstract","discursive construction"
"W4212937270","topic:media-communication","title","framing"
"W4212937270","method:qualitative","abstract","interviews"
"W4213191903","method:qualitative","abstract","critical discourse analysis"
"W4249057350","topic:parties","rule","second test passed: the abstract speaks of parties more than of voters"
"W4249057350","topic:parties","abstract","party"
"W4249057350","topic:economy-welfare","title","neoliberalism"
"W4249057350","topic:economy-welfare","abstract","globalization"
"W4249057350","topic:economy-welfare","abstract","neoliberal"
"W4249057350","topic:migration","abstract","nativism"
"W4249057350","topic:migration","abstract","xenophobia"
"W4249057350","country:united-kingdom","abstract","britain"
"W4249057350","country:united-kingdom","abstract","uk"
"W4249057350","region:europe","rule","from the country named"
"W3133257938","topic:gender","title","feminist"
"W3135082912","topic:voters","abstract","voters"
"W3135082912","topic:voters","abstract","voter"
"W3135082912","country:france","title","french (+ political word)"
"W3135082912","region:europe","rule","from the country named"
"W3157207892","topic:democracy-institutions","title","authoritarian"
"W3157207892","country:austria","abstract","austria"
"W3157207892","country:germany","abstract","germany"
"W3157207892","region:europe","rule","from the country named"
"W3166757336","topic:government","title","populist governments"
"W3166757336","country:italy","title","italian (+ political word)"
"W3166757336","country:italy","abstract","italy"
"W3166757336","country:italy","abstract","five star movement"
"W3166757336","country:italy","abstract","lega"
"W3166757336","region:europe","rule","from the country named"
"W3170578491","approach:discursive","abstract","discursive logic"
"W3170578491","topic:media-communication","abstract","communication"
"W3170578491","method:qualitative","abstract","archival"
"W3170578491","method:qualitative","abstract","ethnographic"
"W3170578491","country:hungary","title","hungary"
"W3170578491","country:hungary","abstract","hungary"
"W3170578491","region:europe","rule","from the country named"
"W3174766881","topic:parties","rule","second test passed: the abstract speaks of parties more than of voters"
"W3174766881","topic:parties","abstract","populist movement"
"W3174766881","topic:parties","abstract","populist movements"
"W3174766881","method:qualitative","abstract","ethnographic"
"W3174766881","method:qualitative","abstract","fieldwork"
"W3174766881","country:argentina","abstract","argentina"
"W3174766881","country:argentina","abstract","peronism"
"W3174766881","country:argentina","abstract","peronist"
"W3174766881","region:latin-america","rule","from the country named"
"W3176474486","topic:international","title","eu"
"W3176474486","topic:international","abstract","european union"
"W3176474486","topic:international","abstract","eu"
"W3176474486","topic:international","abstract","european integration"
"W3176474486","topic:democracy-institutions","title","rule of law"
"W3176474486","topic:democracy-institutions","abstract","rule of law"
"W3176474486","region:europe","title","eu"
"W3176474486","region:europe","abstract","european"
"W3176474486","region:europe","abstract","eu"
"W3176474486","country:bulgaria","title","bulgaria"
"W3176474486","country:serbia","title","serbia"
"W3192344604","topic:economy-welfare","title","economics"
"W3192344604","topic:economy-welfare","abstract","economic"
"W3192344604","topic:economy-welfare","abstract","financial crisis"
"W3192344604","topic:economy-welfare","abstract","redistributive"
"W3196085960","topic:international","abstract","international law"
"W3196085960","topic:religion","title","religion"
"W3196085960","topic:religion","abstract","religious"
"W3196085960","topic:religion","abstract","sacred"
"W3196085960","country:israel","title","israel"
"W3196085960","country:israel","abstract","israel"
"W3196085960","region:mena","rule","from the country named"
"W3196384952","country:philippines","title","philippines"
"W3196384952","region:asia-pacific","rule","from the country named"
"W3197276440","topic:government","title","populist government"
"W3197276440","topic:economy-welfare","abstract","economic"
"W3197276440","topic:economy-welfare","abstract","economy"
"W3197276440","country:italy","title","italian (+ political word)"
"W3197276440","region:europe","rule","from the country named"
"W3200782565","topic:gender","title","gender"
"W3200782565","topic:gender","abstract","feminist"
"W3200782565","topic:gender","abstract","misogynist"
"W3200782565","country:italy","title","italian (+ political word)"
"W3200782565","country:italy","abstract","italy"
"W3200782565","country:italy","abstract","italian (+ political word)"
"W3200782565","region:europe","rule","from the country named"
"W3204447399","topic:migration","title","migration"
"W3204447399","topic:migration","abstract","migration"
"W3204447399","topic:migration","abstract","migrant"
"W3204447399","topic:migration","abstract","asylum"
"W3204447399","region:europe","abstract","europe"
"W3204447399","region:europe","abstract","european"
"W3204447399","country:bulgaria","title","bulgaria"
"W3204447399","country:bulgaria","abstract","bulgaria"
"W3206634096","region:europe","title","europe"
"W3208662373","approach:other","abstract","conceptualization of populism"
"W3208662373","topic:media-communication","title","communication"
"W3208662373","topic:media-communication","abstract","communication"
"W3208662373","country:mexico","abstract","lopez obrador"
"W3208662373","country:mexico","abstract","mexican (+ political word)"
"W3208662373","region:latin-america","rule","from the country named"
"W3213611944","approach:discursive","abstract","laclau"
"W3213611944","topic:religion","abstract","religious"
"W3213611944","topic:religion","abstract","christian"
"W4200081535","topic:media-communication","abstract","media"
"W4200385659","topic:democracy-institutions","title","constitutionalist"
"W4200385659","region:europe","title","central european"
"W4200385659","country:hungary","title","hungary"
"W4206475528","topic:democracy-institutions","title","authoritarian"
"W4206475528","topic:democracy-institutions","abstract","authoritarianism"
"W4206475528","topic:democracy-institutions","abstract","democratization"
"W4206475528","topic:democracy-institutions","abstract","authoritarian"
"W4206580529","topic:international","title","international courts"
"W4206580529","topic:international","abstract","international courts"
"W4206580529","topic:international","abstract","international law"
"W4206580529","topic:international","abstract","multilateralism"
"W4206580529","topic:democracy-institutions","title","courts"
"W4206580529","topic:democracy-institutions","abstract","judicial"
"W4206580529","topic:democracy-institutions","abstract","courts"
"W4206580529","topic:democracy-institutions","abstract","authoritarian"
"W4229701826","topic:defence-security","title","military"
"W4229701826","topic:democracy-institutions","title","authoritarian"
"W4229701826","topic:democracy-institutions","abstract","authoritarian"
"W4249821685","topic:foreign-policy","title","foreign policy"
"W4249821685","topic:economy-welfare","title","globalization"
"W4254314915","method:qualitative","abstract","ethnographic"
"W4254314915","country:united-kingdom","abstract","britain"
"W4254314915","country:united-kingdom","abstract","uk"
"W4254314915","country:united-kingdom","abstract","brexit"
"W4254314915","region:europe","rule","from the country named"
"W1487991464","topic:parties","rule","second test passed: a leader or a party named in the title"
"W1487991464","topic:parties","abstract","political leadership"
"W1487991464","region:europe","title","europe"
"W1487991464","country:italy","title","berlusconi"
"W1487991464","country:italy","abstract","italy"
"W1487991464","country:italy","abstract","berlusconi"
"W3119741672","approach:discursive","abstract","populism as a discursive"
"W3119741672","country:united-states","title","united states"
"W3119741672","country:united-states","abstract","united states"
"W3119741672","region:north-america","rule","from the country named"
"W3127233302","country:italy","title","italian (+ political word)"
"W3127233302","country:italy","abstract","italian (+ political word)"
"W3127233302","region:europe","rule","from the country named"
"W3128942502","topic:gender","abstract","patriarchalism"
"W3128942502","topic:gender","abstract","patriarchal"
"W3134688396","topic:economy-welfare","abstract","economic crisis"
"W3134688396","topic:economy-welfare","abstract","unemployment"
"W3134688396","country:costa-rica","abstract","costa rica"
"W3134688396","region:latin-america","rule","from the country named"
"W3144562155","approach:ideational","abstract","populism as an ideology"
"W3144562155","approach:performative","abstract","populist style"
"W3144562155","topic:parties","rule","second test passed: a party word in the title"
"W3144562155","topic:parties","title","populist leaders"
"W3144562155","country:greece","abstract","greece"
"W3144562155","country:greece","abstract","varoufakis"
"W3144562155","country:netherlands","abstract","netherlands"
"W3144562155","country:netherlands","abstract","fortuyn"
"W3144562155","country:spain","abstract","spain"
"W3144562155","country:spain","abstract","pablo iglesias"
"W3144562155","region:europe","rule","from the country named"
"W3155517856","country:india","title","indian (+ political word)"
"W3155517856","country:india","abstract","india"
"W3155517856","country:india","abstract","indian (+ political word)"
"W3155517856","region:asia-pacific","rule","from the country named"
"W3162974484","topic:defence-security","abstract","terrorism"
"W3162974484","topic:media-communication","abstract","media"
"W3162974484","topic:religion","title","islamic"
"W3162974484","topic:religion","abstract","islamic"
"W3162974484","topic:religion","abstract","muslim"
"W3162974484","country:united-kingdom","title","uk"
"W3162974484","country:united-kingdom","abstract","uk"
"W3162974484","region:europe","rule","from the country named"
"W3164405841","topic:migration","title","anti immigrationism"
"W3164405841","country:united-states","title","usa"
"W3164405841","region:north-america","rule","from the country named"
"W3169064681","topic:economy-welfare","title","economics"
"W3169064681","topic:economy-welfare","abstract","economic"
"W3169064681","country:united-kingdom","abstract","corbyn"
"W3169064681","region:europe","rule","from the country named"
"W3176610888","topic:international","title","brexit"
"W3176610888","topic:international","abstract","brexit"
"W3176610888","topic:international","abstract","world trade organization"
"W3176610888","topic:international","abstract","wto"
"W3176610888","country:united-kingdom","title","brexit"
"W3176610888","country:united-kingdom","abstract","united kingdom"
"W3176610888","country:united-kingdom","abstract","uk"
"W3176610888","country:united-kingdom","abstract","brexit"
"W3176610888","country:united-states","title","trumpism"
"W3176610888","country:united-states","abstract","united states"
"W3176610888","country:united-states","abstract","us"
"W3176610888","region:europe","rule","from the country named"
"W3176610888","region:north-america","rule","from the country named"
"W3183669046","topic:parties","rule","second test passed: a party word in the title"
"W3183669046","topic:parties","abstract","party leader"
"W3183669046","topic:parties","abstract","parties"
"W3183669046","topic:parties","abstract","party"
"W3183669046","country:south-africa","title","south (+ political word)"
"W3183669046","country:south-africa","abstract","economic freedom fighters"
"W3183669046","country:south-africa","abstract","south (+ political word)"
"W3183669046","region:sub-saharan-africa","rule","from the country named"
"W3185406140","topic:democracy-institutions","title","populism and democracy"
"W3185406140","method:qta","abstract","computational text analysis"
"W3185406140","country:united-states","abstract","american (+ political word)"
"W3185406140","region:north-america","rule","from the country named"
"W3189853001","topic:religion","title","religion"
"W3189853001","topic:religion","abstract","religion"
"W3189853001","topic:religion","abstract","religious"
"W3189853001","topic:religion","abstract","sacred"
"W3189853001","topic:religion","abstract","religio"
"W3189853001","country:united-states","abstract","united states"
"W3189853001","region:north-america","rule","from the country named"
"W3195058361","topic:media-communication","title","journalistic"
"W3195058361","topic:media-communication","abstract","media"
"W3195058361","topic:media-communication","abstract","journalistic"
"W3195058361","topic:media-communication","abstract","journalists"
"W3195058361","topic:religion","abstract","secular"
"W3195058361","topic:religion","abstract","islamic"
"W3195058361","topic:democracy-institutions","title","authoritarian"
"W3195058361","topic:democracy-institutions","abstract","authoritarian"
"W3195058361","method:qualitative","abstract","interviews"
"W3195058361","method:qualitative","abstract","qualitative"
"W3195058361","country:indonesia","title","indonesia"
"W3195058361","country:indonesia","abstract","indonesia"
"W3195058361","country:indonesia","abstract","widodo"
"W3195058361","country:indonesia","abstract","prabowo"
"W3195058361","country:indonesia","abstract","jokowi"
"W3195058361","region:asia-pacific","rule","from the country named"
"W3196091461","approach:ideational","abstract","thin ideology"
"W3197328892","topic:democracy-institutions","title","authoritarianism"
"W3197427126","topic:parties","rule","second test passed: a party word in the title"
"W3197427126","topic:parties","title","party"
"W3197427126","country:australia","abstract","australia"
"W3197427126","region:asia-pacific","rule","from the country named"
"W3213450231","approach:performative","abstract","political style"
"W4200202251","country:spain","abstract","spanish (+ political word)"
"W4200202251","region:europe","rule","from the country named"
"W4200317561","country:united-states","title","us"
"W4200317561","country:united-states","abstract","united states"
"W4200317561","country:united-states","abstract","us"
"W4200317561","country:united-states","abstract","trump"
"W4200317561","region:north-america","rule","from the country named"
"W4200521045","topic:media-communication","abstract","journalism"
"W4200521045","topic:media-communication","abstract","journalists"
"W4200521045","topic:media-communication","abstract","journalistic"
"W4200521045","method:qualitative","abstract","interviewing"
"W4200521045","method:qualitative","abstract","interviewers"
"W4206218608","approach:performative","abstract","performative"
"W4206218608","country:united-states","abstract","united states"
"W4206218608","region:north-america","rule","from the country named"
"W3133723219","approach:ideational","abstract","ideational approach"
"W3133723219","approach:ideational","abstract","populism as a thin"
"W3133723219","topic:international","abstract","euroscepticism"
"W3133723219","topic:international","abstract","eu"
"W3133723219","topic:media-communication","title","framing"
"W3133723219","topic:media-communication","abstract","communication"
"W3133723219","topic:media-communication","abstract","media"
"W3133723219","topic:gender","abstract","feminism"
"W3133723219","topic:gender","abstract","patriarchal"
"W3133723219","topic:gender","abstract","women"
"W3133723219","topic:migration","abstract","xenophobia"
"W3133723219","topic:migration","abstract","migrants"
"W3133723219","country:italy","title","italy"
"W3133723219","region:europe","rule","from the country named"
"W3135682331","approach:discursive","abstract","laclau"
"W3135682331","country:united-states","abstract","trump"
"W3135682331","region:north-america","rule","from the country named"
"W3158042423","topic:media-communication","title","media"
"W3158042423","topic:media-communication","abstract","media"
"W3161386477","topic:gender","title","feminist"
"W3161386477","topic:democracy-institutions","abstract","illiberal"
"W3161386477","topic:democracy-institutions","abstract","constitutional"
"W3164032928","approach:discursive","abstract","discourse theoretical"
"W3164032928","topic:parties","rule","second test passed: the abstract speaks of parties more than of voters"
"W3164032928","topic:parties","abstract","social movement"
"W3164032928","topic:parties","abstract","social movements"
"W3164032928","topic:parties","abstract","populist movements"
"W3164032928","country:italy","title","italy"
"W3164032928","region:europe","rule","from the country named"
"W3165167197","topic:international","abstract","international law"
"W3165167197","topic:international","abstract","transnational"
"W3165167197","topic:international","abstract","global governance"
"W3165167197","topic:economy-welfare","abstract","globalisation"
"W3165167197","topic:democracy-institutions","title","constitutionalism"
"W3165167197","topic:democracy-institutions","abstract","constitutionalism"
"W3165167197","topic:democracy-institutions","abstract","constitutional"
"W3165167197","topic:democracy-institutions","abstract","constitutionalisation"
"W3165167197","region:europe","title","eastern europe"
"W3165744090","topic:international","abstract","eu"
"W3165744090","topic:government","title","populist government"
"W3165744090","topic:economy-welfare","title","economic"
"W3165744090","region:europe","abstract","eu"
"W3165744090","country:greece","abstract","greece"
"W3179053229","todo:check-record","rule","the registry gives ""Masaru"" as a family name, and OpenAlex names the author ""Masaru Nishikawa"": the names in Zotero are to be checked by hand"
"W3179053229","topic:parties","rule","second test passed: a party word in the title"
"W3179053229","topic:parties","title","partisanship"
"W3179053229","topic:parties","abstract","populist leaders"
"W3179053229","topic:parties","abstract","partisanship"
"W3179053229","topic:parties","abstract","party"
"W3179053229","topic:government","title","presidency"
"W3179053229","topic:democracy-institutions","abstract","authoritarian"
"W3179053229","topic:democracy-institutions","abstract","authoritarianism"
"W3179053229","method:quantitative","abstract","quantitative evidence"
"W3179053229","country:united-states","title","trump"
"W3179053229","country:united-states","title","american (+ political word)"
"W3179053229","country:united-states","abstract","united states"
"W3179053229","country:united-states","abstract","us"
"W3179053229","country:united-states","abstract","trump"
"W3179053229","country:united-states","abstract","trumpism"
"W3179053229","country:united-states","abstract","american (+ political word)"
"W3179053229","region:north-america","rule","from the country named"
"W3181465520","topic:religion","abstract","religious"
"W3181465520","topic:religion","abstract","religion"
"W3181465520","method:qualitative","abstract","participant observation"
"W3181465520","method:qualitative","abstract","interviews"
"W3181465520","country:india","title","india"
"W3181465520","country:india","abstract","india"
"W3181465520","country:india","abstract","bharatiya janata"
"W3181465520","country:india","abstract","indian (+ political word)"
"W3181465520","region:asia-pacific","rule","from the country named"
"W3196355522","topic:parties","rule","second test passed: the abstract speaks of parties more than of voters"
"W3196355522","topic:parties","abstract","right wing populism"
"W3196355522","topic:parties","abstract","right wing populist"
"W3196355522","topic:parties","abstract","parties"
"W3196355522","topic:parties","abstract","populist movement"
"W3196355522","topic:economy-welfare","abstract","neoliberalism"
"W3196355522","topic:gender","title","anti gender"
"W3196355522","topic:gender","abstract","gender"
"W3196355522","topic:gender","abstract","feminist"
"W3196355522","topic:gender","abstract","anti gender"
"W3196355522","topic:gender","abstract","women"
"W3196355522","topic:gender","abstract","sexuality"
"W3196355522","country:poland","abstract","polish (+ political word)"
"W3196355522","region:europe","rule","from the country named"
"W3196521015","topic:parties","rule","second test passed: the abstract speaks of parties more than of voters"
"W3196521015","topic:parties","abstract","parties"
"W3196521015","topic:parties","abstract","party"
"W3196521015","topic:parties","abstract","manifestos"
"W3196521015","method:qualitative","abstract","qualitative"
"W3196521015","country:italy","abstract","italian (+ political word)"
"W3196521015","region:europe","rule","from the country named"
"W3196600021","topic:parties","rule","second test passed: a party word in the title"
"W3196600021","topic:parties","title","party"
"W3196600021","topic:parties","abstract","radical right"
"W3196600021","topic:democracy-institutions","title","constitutionalism"
"W3196600021","topic:democracy-institutions","abstract","constitution"
"W3196600021","topic:democracy-institutions","abstract","constitutionalism"
"W3196600021","topic:democracy-institutions","abstract","constitutional"
"W3196600021","topic:democracy-institutions","abstract","referenda"
"W3196600021","topic:democracy-institutions","abstract","referendum"
"W3201993070","approach:discursive","abstract","laclau"
"W3201993070","approach:performative","abstract","performative"
"W3201993070","topic:parties","rule","second test passed: the abstract speaks of parties more than of voters"
"W3201993070","topic:parties","abstract","parties"
"W3201993070","topic:parties","abstract","political leaders"
"W3201993070","topic:parties","abstract","party"
"W3203386356","topic:voters","title","populist attitudes"
"W3203386356","topic:voters","abstract","populist attitudes"
"W3203386356","topic:voters","abstract","citizens"
"W3203386356","topic:voters","abstract","attitudes"
"W3203386356","topic:religion","abstract","muslim"
"W3203386356","topic:democracy-institutions","abstract","direct democracy"
"W3203386356","method:quantitative","abstract","regression"
"W3203386356","method:survey","abstract","representative survey"
"W3203386356","country:switzerland","title","switzerland"
"W3203386356","region:europe","rule","from the country named"
"W3211419505","topic:media-communication","title","television"
"W3211419505","topic:media-communication","abstract","communication"
"W3211419505","topic:media-communication","abstract","television"
"W3211419505","topic:media-communication","abstract","media"
"W3211419505","topic:media-communication","abstract","journalists"
"W3211419505","method:qualitative","abstract","qualitative"
"W3211419505","country:ukraine","abstract","ukrainian (+ political word)"
"W3211419505","region:europe","rule","from the country named"
"W4200323651","topic:religion","abstract","muslim"
"W4200323651","topic:religion","abstract","religion"
"W4200323651","topic:migration","title","migration"
"W4200323651","topic:migration","abstract","migrants"
"W4200323651","topic:migration","abstract","migration"
"W4200323651","topic:migration","abstract","migrant"
"W4200323651","method:qualitative","abstract","ethnographic"
"W4200323651","region:europe","title","balkan"
"W4200323651","region:europe","abstract","balkan"
"W4200323651","region:europe","abstract","balkans"
"W4200323651","region:europe","abstract","western europe"
"W4200323651","country:serbia","abstract","serbia"
"W4205267815","topic:voters","title","voter"
"W4205267815","topic:voters","abstract","voters"
"W4205267815","topic:voters","abstract","supporters"
"W4205711338","topic:international","abstract","eu"
"W4205711338","topic:international","abstract","imf"
"W4205711338","topic:economy-welfare","title","austerity"
"W4205711338","topic:economy-welfare","abstract","economic"
"W4205711338","topic:economy-welfare","abstract","austerity"
"W4205711338","topic:gender","title","gender"
"W4205711338","topic:gender","abstract","women"
"W4205711338","topic:gender","abstract","gender"
"W4205711338","method:quantitative","abstract","difference in differences"
"W4205711338","method:survey","abstract","european social survey"
"W4205711338","region:europe","title","european"
"W4205711338","region:europe","abstract","europe"
"W4205711338","region:europe","abstract","european"
"W4205711338","region:europe","abstract","eu"
"W4206122432","topic:media-communication","abstract","communication"
"W4206122432","topic:media-communication","abstract","media"
"W4206122432","country:romania","title","romania"
"W4206122432","country:romania","abstract","romanian (+ political word)"
"W4206122432","region:europe","rule","from the country named"
"W4285351521","topic:spatial","title","spatial"
"W4285351521","topic:spatial","abstract","spatial"
"W3118763219","country:united-states","abstract","biden"
"W3118763219","country:united-states","abstract","trump"
"W3118763219","region:north-america","rule","from the country named"
"W3121440858","topic:religion","title","church"
"W3121440858","topic:religion","abstract","religious"
"W3121440858","topic:religion","abstract","church"
"W3121440858","topic:migration","title","migration"
"W3121440858","topic:migration","abstract","migration"
"W3121440858","topic:migration","abstract","refugees"
"W3121440858","topic:migration","abstract","asylum"
"W3121440858","country:norway","title","norway"
"W3121440858","region:europe","rule","from the country named"
"W3131819937","topic:parties","rule","second test passed: a party word in the title"
"W3131819937","topic:parties","title","social movements"
"W3133708091","topic:economy-welfare","abstract","globalization"
"W3133708091","topic:economy-welfare","abstract","welfare"
"W3135042756","approach:ideational","abstract","thin ideology"
"W3135042756","approach:political-strategic","abstract","populism as a political strategy"
"W3135042756","topic:democracy-institutions","title","judicial"
"W3135042756","topic:democracy-institutions","abstract","judicial"
"W3135042756","topic:democracy-institutions","abstract","court"
"W3135042756","topic:democracy-institutions","abstract","constitutionality"
"W3135042756","topic:democracy-institutions","abstract","judiciary"
"W3135042756","country:kenya","title","kenya"
"W3135042756","country:kenya","abstract","kenya"
"W3135042756","region:sub-saharan-africa","rule","from the country named"
"W3135442478","topic:economy-welfare","title","social policy"
"W3135442478","topic:religion","title","religion"
"W3136151380","country:serbia","title","serbia"
"W3136151380","country:serbia","abstract","serbia"
"W3136151380","country:serbia","abstract","serbian (+ political word)"
"W3136151380","region:europe","rule","from the country named"
"W3136284047","topic:parties","rule","second test passed: a party word in the title"
"W3136284047","topic:parties","title","radical right"
"W3136284047","topic:parties","title","parties"
"W3136284047","topic:parties","abstract","radical right"
"W3136284047","topic:parties","abstract","parties"
"W3136284047","topic:government","title","in government"
"W3136284047","topic:government","abstract","in government"
"W3136284047","topic:media-communication","title","media"
"W3136284047","topic:media-communication","abstract","newspapers"
"W3136284047","topic:media-communication","abstract","media"
"W3136284047","country:austria","title","austrian (+ political word)"
"W3136284047","country:austria","abstract","austrian (+ political word)"
"W3136284047","region:europe","rule","from the country named"
"W3139697549","topic:economy-welfare","title","neoliberalism"
"W3156517706","topic:media-communication","title","media"
"W3156517706","topic:media-communication","abstract","communication"
"W3156517706","topic:media-communication","abstract","media"
"W3158849704","topic:international","title","transnational"
"W3158849704","topic:gender","title","masculinities"
"W3158849704","topic:gender","title","feminism"
"W3158849704","topic:gender","abstract","feminist"
"W3158849704","topic:gender","abstract","gender"
"W3158849704","topic:gender","abstract","sexuality"
"W3158849704","topic:gender","abstract","masculinities"
"W3161703594","approach:political-strategic","abstract","political strategic"
"W3161703594","topic:international","abstract","transnational"
"W3161703594","topic:religion","abstract","evangelical"
"W3161703594","topic:religion","abstract","christian"
"W3161703594","country:united-states","title","american (+ political word)"
"W3161703594","country:united-states","abstract","trump"
"W3161703594","country:united-states","abstract","us"
"W3161703594","region:north-america","rule","from the country named"
"W3165771851","topic:parties","rule","second test passed: the abstract speaks of parties more than of voters"
"W3165771851","topic:parties","title","left wing populism"
"W3165771851","topic:parties","abstract","party"
"W3165771851","topic:parties","abstract","radical left"
"W3165771851","topic:economy-welfare","abstract","economic crisis"
"W3165771851","topic:economy-welfare","abstract","economic"
"W3165771851","country:greece","abstract","greek (+ political word)"
"W3165771851","region:europe","rule","from the country named"
"W3171266815","country:switzerland","title","switzerland"
"W3171266815","region:europe","rule","from the country named"
"W3172430832","topic:democracy-institutions","abstract","constitutionalism"
"W3172430832","topic:democracy-institutions","abstract","judicial"
"W3172430832","topic:democracy-institutions","abstract","constitutional"
"W3172430832","topic:democracy-institutions","abstract","direct democracy"
"W3173751986","topic:economy-welfare","abstract","economy"
"W3173751986","topic:economy-welfare","abstract","fiscal"
"W3173751986","country:venezuela","title","venezuela"
"W3173751986","country:venezuela","title","chavismo"
"W3173751986","country:venezuela","abstract","venezuela"
"W3173751986","country:venezuela","abstract","chavismo"
"W3173751986","region:latin-america","rule","from the country named"
"W3183333534","topic:government","abstract","populist governments"
"W3183333534","topic:government","abstract","administration"
"W3183333534","topic:gender","title","gender"
"W3183333534","topic:gender","title","sexuality"
"W3183333534","topic:gender","abstract","gender"
"W3183333534","topic:gender","abstract","sexuality"
"W3183333534","topic:religion","title","church"
"W3183333534","topic:religion","abstract","church"
"W3183333534","region:europe","abstract","eastern europe"
"W3186149915","region:latin-america","title","latin america"
"W3186149915","country:ecuador","title","ecuadorian (+ political word)"
"W3186149915","country:ecuador","abstract","ecuadorian (+ political word)"
"W3187066965","topic:economy-welfare","title","globalisation"
"W3190014152","topic:gender","title","women"
"W3190014152","topic:gender","abstract","feminism"
"W3190014152","topic:gender","abstract","gender"
"W3190014152","topic:gender","abstract","feminist"
"W3190014152","country:croatia","title","croatia"
"W3190014152","country:croatia","abstract","croatian (+ political word)"
"W3190014152","region:europe","rule","from the country named"
"W3192331049","topic:democracy-institutions","abstract","illiberalism"
"W3192331049","topic:democracy-institutions","abstract","illiberal"
"W3192331049","country:united-states","abstract","united states"
"W3192331049","region:north-america","rule","from the country named"
"W3194730446","approach:performative","title","populist performance"
"W3194730446","method:qualitative","abstract","interviews"
"W3194730446","country:united-states","abstract","trump"
"W3194730446","country:united-states","abstract","us"
"W3194730446","country:united-states","abstract","obama"
"W3194730446","region:north-america","rule","from the country named"
"W3194810878","topic:parties","rule","second test passed: a party family in the title"
"W3194810878","topic:parties","title","far right"
"W3194810878","topic:parties","abstract","far right"
"W3194810878","topic:media-communication","title","television"
"W3194810878","topic:migration","title","refugee"
"W3194810878","topic:migration","abstract","xenophobia"
"W3194810878","topic:migration","abstract","refugees"
"W3194810878","topic:migration","abstract","immigrant"
"W3194810878","country:brazil","abstract","brazil"
"W3194810878","country:brazil","abstract","lula"
"W3194810878","country:brazil","abstract","bolsonaro"
"W3194810878","country:brazil","abstract","brazilian (+ political word)"
"W3194810878","region:latin-america","rule","from the country named"
"W3208716868","approach:discursive","abstract","laclau"
"W3215357240","country:russia","abstract","russia"
"W3215357240","region:europe","rule","from the country named"
"W4200065642","country:australia","abstract","australia"
"W4200065642","region:asia-pacific","rule","from the country named"
"W4200578937","topic:parties","rule","second test passed: a party word in the title"
"W4200578937","topic:parties","title","parties"
"W4200578937","topic:parties","abstract","parties"
"W4200578937","topic:parties","abstract","party"
"W4200578937","topic:voters","title","support for populist"
"W4200578937","topic:voters","abstract","voters"
"W4200578937","topic:voters","abstract","electorate"
"W4200578937","topic:voters","abstract","voter"
"W4200578937","topic:economy-welfare","title","inequality"
"W4206112964","topic:parties","rule","second test passed: a party word in the title"
"W4206112964","topic:parties","title","parties"
"W4206112964","topic:parties","abstract","right wing populism"
"W4206112964","topic:parties","abstract","parties"
"W4206112964","topic:parties","abstract","right wing populists"
"W4206112964","topic:voters","title","voter"
"W4206112964","topic:voters","abstract","voters"
"W4206112964","topic:voters","abstract","electoral support"
"W4206112964","topic:voters","abstract","voter"
"W4206112964","topic:economy-welfare","title","economic"
"W4206112964","topic:economy-welfare","abstract","economic"
"W4206112964","topic:migration","title","anti immigrant"
"W4206112964","topic:migration","title","immigration"
"W4206112964","topic:migration","abstract","immigrants"
"W4206112964","topic:migration","abstract","immigration"
"W4213115632","topic:democracy-institutions","abstract","constitution"
"W4234724127","topic:media-communication","title","media"
"W4234724127","country:ukraine","title","ukraine"
"W4234724127","country:brazil","title","brazil"
"W4234724127","country:india","title","india"
"W4234724127","region:global","rule","three or more regions named: europe, latin-america, asia-pacific"
"W4286446123","topic:parties","rule","second test passed: a party family in the title"
"W4286446123","topic:parties","title","populist right"
"W4286446123","topic:economy-welfare","title","neoliberal"
"W4286446123","topic:religion","title","christian"
"W4286446123","topic:migration","title","asylum"
"W4286446123","topic:migration","title","immigration"
"W3037185704","approach:ideational","abstract","ideational approach"
"W3037185704","topic:voters","abstract","demand side"
"W3037185704","topic:voters","abstract","populist attitudes"
"W3037185704","topic:voters","abstract","voters"
"W3037185704","country:germany","title","germany"
"W3037185704","region:europe","rule","from the country named"
"W3119136579","topic:parties","rule","second test passed: a party word in the title"
"W3119136579","topic:parties","title","parties"
"W3119136579","topic:parties","title","party systems"
"W3120550275","topic:economy-welfare","title","welfare"
"W3121886142","topic:religion","title","catholic"
"W3121886142","topic:religion","title","church"
"W3121886142","topic:religion","abstract","churches"
"W3121886142","topic:religion","abstract","catholic"
"W3121886142","topic:religion","abstract","church"
"W3121886142","topic:migration","title","migration"
"W3121886142","topic:migration","abstract","migration"
"W3121886142","topic:migration","abstract","migrants"
"W3121886142","country:italy","title","italy"
"W3121886142","region:europe","rule","from the country named"
"W3126438562","topic:democracy-institutions","title","constitutional"
"W3127116517","topic:international","title","european parliament"
"W3127116517","topic:parties","rule","second test passed: a party family in the title"
"W3127116517","topic:parties","title","radical right"
"W3127116517","region:europe","title","european"
"W3127543656","topic:government","title","populist president"
"W3128003977","topic:democracy-institutions","title","constitutional"
"W3128003977","topic:democracy-institutions","abstract","constitutionalism"
"W3130789953","topic:government","title","presidency"
"W3130789953","country:united-states","title","trump"
"W3130789953","country:united-states","title","american (+ political word)"
"W3130789953","region:north-america","rule","from the country named"
"W3131463203","country:venezuela","title","venezuela"
"W3131463203","region:latin-america","rule","from the country named"
"W3133274366","topic:parties","rule","second test passed: a party word in the title"
"W3133274366","topic:parties","title","populist leaders"
"W3133274366","topic:parties","abstract","populist leaders"
"W3133274366","topic:parties","abstract","populist leader"
"W3133274366","topic:media-communication","title","media"
"W3133274366","topic:media-communication","abstract","media"
"W3133274366","country:united-states","abstract","trump"
"W3133274366","region:north-america","rule","from the country named"
"W3133619095","topic:economy-welfare","title","welfare"
"W3133619095","country:united-states","title","american (+ political word)"
"W3133619095","region:north-america","rule","from the country named"
"W3135035651","topic:parties","rule","second test passed: a party word in the title"
"W3135035651","topic:parties","title","populist movement"
"W3135035651","topic:parties","title","party"
"W3135648268","country:france","title","france"
"W3135648268","country:turkey","title","turkey"
"W3135648268","region:europe","rule","from the country named"
"W3136988026","country:united-states","title","us"
"W3136988026","region:north-america","rule","from the country named"
"W3139417342","topic:foreign-policy","title","diplomat"
"W3139417342","topic:foreign-policy","title","foreign policy"
"W3139417342","country:italy","title","italy"
"W3139417342","country:italy","title","berlusconi"
"W3139417342","region:europe","rule","from the country named"
"W3148758267","country:venezuela","title","venezuela"
"W3148758267","region:latin-america","rule","from the country named"
"W3154954826","topic:democracy-institutions","title","liberal democracy"
"W3158292723","region:europe","title","western europe"
"W3159396084","country:india","title","india"
"W3159396084","region:asia-pacific","rule","from the country named"
"W3159931194","country:united-states","title","american (+ political word)"
"W3159931194","region:north-america","rule","from the country named"
"W3162579537","region:latin-america","title","latin america"
"W3164298854","country:serbia","title","serbia"
"W3164298854","region:europe","rule","from the country named"
"W3164660025","country:united-states","title","american (+ political word)"
"W3164660025","region:north-america","rule","from the country named"
"W3165000758","topic:democracy-institutions","title","liberal democracy"
"W3167448294","topic:religion","title","secularism"
"W3167448294","country:france","title","french (+ political word)"
"W3167448294","region:europe","rule","from the country named"
"W3169426382","topic:gender","title","patriarchal"
"W3171902132","topic:parties","rule","second test passed: the abstract speaks of parties more than of voters"
"W3171902132","topic:parties","abstract","populist movement"
"W3171902132","topic:parties","abstract","candidates"
"W3171902132","topic:parties","abstract","populist leader"
"W3171902132","topic:parties","abstract","candidate"
"W3171902132","topic:media-communication","abstract","media"
"W3171902132","topic:media-communication","abstract","newspapers"
"W3172967130","todo:check-record","rule","the registry gives ""Toró"" as a family name, and OpenAlex names the author ""Toró Tibor"": the names in Zotero are to be checked by hand"
"W3172967130","region:europe","title","eastern european"
"W3174134284","country:ukraine","title","ukraine"
"W3174134284","region:europe","rule","from the country named"
"W3174869852","topic:international","title","transnational"
"W3176974354","topic:parties","rule","second test passed: a party family in the title"
"W3176974354","topic:parties","title","radical right"
"W3180688654","topic:international","abstract","european parliament"
"W3180688654","topic:international","abstract","eu"
"W3180688654","topic:parties","rule","second test passed: a party family in the title"
"W3180688654","topic:parties","title","radical right"
"W3180688654","topic:parties","abstract","radical right"
"W3180688654","topic:parties","abstract","parties"
"W3180688654","region:europe","title","europe"
"W3180688654","region:europe","title","european"
"W3180688654","region:europe","abstract","europe"
"W3180688654","region:europe","abstract","european"
"W3180688654","region:europe","abstract","eu"
"W3180688654","country:germany","abstract","germany"
"W3180688654","country:germany","abstract","alternative fur deutschland"
"W3180688654","country:italy","abstract","italy"
"W3180688654","country:italy","abstract","lega"
"W3191228742","topic:parties","rule","second test passed: a leader or a party named in the title"
"W3191228742","topic:parties","abstract","party"
"W3191228742","country:spain","title","podemos"
"W3191228742","country:spain","title","spanish (+ political word)"
"W3191228742","country:spain","abstract","podemos"
"W3191228742","country:spain","abstract","spanish (+ political word)"
"W3191228742","region:europe","rule","from the country named"
"W3192436511","topic:defence-security","title","securitisation"
"W3192436511","topic:defence-security","abstract","securitisation"
"W3192436511","topic:parties","rule","second test passed: a party word in the title"
"W3192436511","topic:parties","title","radical right"
"W3192436511","topic:parties","title","parties"
"W3192436511","topic:parties","abstract","radical right"
"W3192436511","topic:parties","abstract","parties"
"W3192436511","topic:migration","title","asylum"
"W3192436511","topic:migration","abstract","asylum"
"W3192436511","topic:migration","abstract","migration"
"W3192436511","country:austria","abstract","austria"
"W3192436511","country:austria","abstract","fpo"
"W3192436511","country:germany","abstract","germany"
"W3192436511","region:europe","rule","from the country named"
"W3194786218","topic:economy-welfare","title","neoliberal"
"W3195042027","topic:parties","rule","second test passed: a party word in the title"
"W3195042027","topic:parties","title","social movements"
"W3195042027","topic:parties","abstract","social movement"
"W3195042027","topic:parties","abstract","social movements"
"W3195042027","country:chile","title","chilean (+ political word)"
"W3195042027","region:latin-america","rule","from the country named"
"W3195730239","topic:parties","rule","second test passed: a party family in the title"
"W3195730239","topic:parties","title","far right"
"W3197215078","todo:check-record","rule","the registry writes the names in the title with stray spaces between the letters: to be corrected in Zotero by hand"
"W3197215078","country:argentina","title","argentina"
"W3197215078","country:argentina","title","peronism"
"W3197215078","region:latin-america","rule","from the country named"
"W3200396931","region:latin-america","title","latin america"
"W3201376311","topic:economy-welfare","title","neoliberalism"
"W3201376311","topic:democracy-institutions","title","authoritarian"
"W3201376311","country:guatemala","title","guatemala"
"W3201376311","region:latin-america","rule","from the country named"
"W3202361937","region:europe","title","european"
"W3202361937","country:united-states","title","united states"
"W3202361937","region:north-america","rule","from the country named"
"W3203376576","topic:democracy-institutions","title","authoritarian"
"W3206087506","topic:parties","rule","second test passed: a party word in the title"
"W3206087506","topic:parties","title","populist movement"
"W3207572933","topic:migration","title","migrancy"
"W3207572933","country:south-africa","title","south africa"
"W3207572933","region:sub-saharan-africa","rule","from the country named"
"W3208007573","topic:religion","title","muslim"
"W3208027693","topic:migration","title","immigration"
"W3208027693","region:europe","title","western europe"
"W3208230875","topic:religion","title","religion"
"W3211690013","country:brazil","abstract","brazil"
"W3211690013","country:brazil","abstract","brazilian (+ political word)"
"W3211690013","region:latin-america","rule","from the country named"
"W3212361801","country:argentina","title","argentina"
"W3212361801","country:argentina","title","peronism"
"W3212361801","region:latin-america","rule","from the country named"
"W3214758856","approach:discursive","title","populist logic"
"W3214758856","approach:discursive","abstract","populist logic"
"W3214758856","topic:migration","abstract","xenophobic"
"W3214758856","topic:migration","abstract","nativist"
"W3214758856","topic:democracy-institutions","title","democratization"
"W3214758856","country:czech-republic","abstract","czech (+ political word)"
"W3214758856","region:europe","rule","from the country named"
"W4200009607","country:hungary","title","orban"
"W4200009607","country:hungary","title","hungarian (+ political word)"
"W4200009607","region:europe","rule","from the country named"
"W4200222708","topic:economy-welfare","title","economy"
"W4200429958","topic:parties","rule","second test passed: a party family in the title"
"W4200429958","topic:parties","title","far right"
"W4200528317","country:united-states","title","trump"
"W4200528317","country:united-states","title","american (+ political word)"
"W4200528317","region:north-america","rule","from the country named"
"W4205521574","topic:democracy-institutions","title","authoritarian"
"W4205521574","topic:democracy-institutions","abstract","threat to democracy"
"W4205521574","topic:democracy-institutions","abstract","democratization"
"W4205521574","topic:democracy-institutions","abstract","authoritarianism"
"W4205521574","topic:democracy-institutions","abstract","authoritarian"
"W4205521574","region:europe","title","european"
"W4205521574","region:europe","abstract","southern europe"
"W4205521574","region:europe","abstract","europe"
"W4205521574","region:europe","abstract","european"
"W4205521574","country:venezuela","abstract","venezuela"
"W4205521574","country:venezuela","abstract","chavez"
"W4205521574","country:venezuela","abstract","maduro"
"W4205521574","region:latin-america","rule","from the country named"
"W4206456946","approach:discursive","abstract","empty signifiers"
"W4231603353","topic:international","title","eu"
"W4231603353","region:europe","title","eu"
"W4234798434","country:new-zealand","title","new zealand"
"W4234798434","region:asia-pacific","rule","from the country named"
"W4285334656","country:cuba","abstract","cuba"
"W4285334656","region:latin-america","rule","from the country named"
"W4297879161","topic:democracy-institutions","abstract","rule of law"
"W4297879161","topic:democracy-institutions","abstract","constitutional"
"W4297879161","country:italy","abstract","italy"
"W4297879161","country:turkey","abstract","turkey"
"W4297879161","country:brazil","abstract","brazil"
"W4297879161","region:europe","rule","from the country named"
"W4297879161","region:latin-america","rule","from the country named"
"W4401082792","topic:economy-welfare","abstract","neoliberalism"
"W4401082792","topic:economy-welfare","abstract","economic"
"W4401082792","topic:economy-welfare","abstract","economics"
"W4401082792","topic:economy-welfare","abstract","economy"
"W3116967502","topic:gender","title","gender"
"W3116967502","region:europe","title","european"
"W3111497926","topic:gender","title","gender"
"W3111497926","region:europe","title","european"
"W3005465874","country:italy","title","italy"
"W3005465874","region:europe","rule","from the country named"
"W3080114923","topic:migration","title","nativist"
"W3080114923","country:switzerland","title","switzerland"
"W3080114923","region:europe","rule","from the country named"
"W3097891112","topic:international","abstract","international cooperation"
"W3097891112","topic:international","abstract","global governance"
"W3046914605","topic:international","abstract","european union"
"W3046914605","topic:international","abstract","eu"
"W3046914605","topic:parties","rule","second test passed: a party word in the title"
"W3046914605","topic:parties","title","radical right"
"W3046914605","topic:parties","title","parties"
"W3046914605","topic:parties","abstract","radical right"
"W3046914605","topic:parties","abstract","party"
"W3046914605","topic:government","abstract","in office"
"W3046914605","topic:government","abstract","in government"
"W3046914605","topic:economy-welfare","title","welfare"
"W3046914605","region:europe","title","europe"
"W3046914605","region:europe","abstract","european"
"W3046914605","region:europe","abstract","eu"
"W3046914605","country:austria","abstract","austria"
"W3046914605","country:austria","abstract","freedom party of austria"
"W3046914605","country:austria","abstract","fpo"
"W3046914605","country:italy","abstract","italy"
"W3046914605","country:italy","abstract","lega"
"W3009482458","topic:parties","rule","second test passed: the abstract speaks of parties more than of voters"
"W3009482458","topic:parties","title","right wing populism"
"W3009482458","topic:parties","abstract","party"
"W3009482458","topic:parties","abstract","radical right"
"W3009482458","topic:parties","abstract","populist leaders"
"W3009482458","topic:parties","abstract","right wing populism"
"W3009482458","topic:economy-welfare","title","neoliberal"
"W3009482458","topic:economy-welfare","abstract","neoliberalism"
"W3009482458","topic:economy-welfare","abstract","economic"
"W3009482458","topic:migration","abstract","nativist"
"W3009482458","topic:migration","abstract","xenophobic"
"W3009482458","country:canada","abstract","canada"
"W3009482458","country:canada","abstract","canadian (+ political word)"
"W3009482458","country:united-states","abstract","united states"
"W3009482458","country:united-states","abstract","trumpism"
"W3009482458","region:north-america","rule","from the country named"
"W3011413338","topic:voters","abstract","voters"
"W3011413338","topic:voters","abstract","public opinion"
"W3011413338","topic:voters","abstract","attitudes"
"W3011413338","topic:voters","abstract","support for populist"
"W3011413338","topic:democracy-institutions","title","referendums"
"W3011413338","topic:democracy-institutions","abstract","referendums"
"W3011413338","topic:democracy-institutions","abstract","referendum"
"W3011413338","region:europe","title","europe"
"W3015386103","todo:check-outlet","journal","Journal of Democracy"
"W3015386103","topic:democracy-institutions","title","illiberalism"
"W3015386103","country:greece","title","greece"
"W3015386103","country:greece","abstract","greece"
"W3015386103","region:europe","rule","from the country named"
"W3019596914","topic:migration","title","migrants"
"W3019596914","topic:migration","title","migration"
"W3019596914","topic:migration","abstract","migrant"
"W3019596914","topic:migration","abstract","migration"
"W3019596914","topic:migration","abstract","nativism"
"W3019596914","topic:migration","abstract","nativist"
"W3019596914","method:qualitative","abstract","discourse analysis"
"W3019596914","country:italy","title","italy"
"W3019596914","country:italy","abstract","italy"
"W3019596914","country:italy","abstract","salvini"
"W3019596914","country:italy","abstract","lega"
"W3019596914","country:italy","abstract","italian (+ political word)"
"W3019596914","region:global","rule","three or more regions named: asia-pacific, sub-saharan-africa, europe"
"W3036738465","method:quantitative","abstract","regression"
"W3044073015","topic:media-communication","title","media"
"W3044073015","topic:media-communication","abstract","media"
"W3044073015","topic:media-communication","abstract","twitter"
"W3044073015","country:united-kingdom","title","england"
"W3044073015","region:europe","rule","from the country named"
"W3110759161","todo:check-record","rule","DOI accepted by reading, not by the automatic rule"
"W3110759161","topic:economy-welfare","abstract","economic"
"W3110759161","topic:economy-welfare","abstract","economy"
"W3114875291","topic:parties","rule","second test passed: the abstract speaks of parties more than of voters"
"W3114875291","topic:parties","title","right wing populist"
"W3114875291","topic:parties","abstract","right wing populist"
"W3114875291","topic:parties","abstract","parties"
"W3114875291","topic:parties","abstract","party"
"W3114875291","topic:economy-welfare","abstract","welfare"
"W3114875291","topic:media-communication","title","media"
"W3114875291","topic:media-communication","abstract","newspapers"
"W3114875291","topic:media-communication","abstract","newspaper"
"W3114875291","topic:gender","abstract","gender"
"W3114875291","topic:gender","abstract","sexuality"
"W3114875291","topic:migration","abstract","anti immigration"
"W3114875291","country:finland","abstract","finland"
"W3114875291","country:finland","abstract","finns party"
"W3114875291","country:sweden","abstract","sweden"
"W3114875291","country:sweden","abstract","sweden democrats"
"W3114875291","country:sweden","abstract","swedish (+ political word)"
"W3114875291","region:europe","rule","from the country named"
"W3116104888","topic:voters","abstract","electoral support"
"W3116104888","topic:voters","abstract","electorate"
"W3116104888","region:sub-saharan-africa","title","africa"
"W3116104888","region:sub-saharan-africa","abstract","africa"
"W3116104888","country:china","title","chinese (+ political word)"
"W3116104888","country:china","abstract","china"
"W3116104888","country:china","abstract","chinese (+ political word)"
"W3116104888","country:ghana","title","ghana"
"W3116104888","country:zambia","title","zambia"
"W3116104888","country:zimbabwe","title","zimbabwe"
"W3116104888","region:asia-pacific","rule","from the country named"
"W3023142310","approach:discursive","abstract","laclau"
"W3023142310","method:qualitative","abstract","qualitative"
"W3031887580","topic:media-communication","title","media"
"W3031887580","topic:media-communication","abstract","public diplomacy"
"W3031887580","topic:media-communication","abstract","communication"
"W3031887580","topic:media-communication","abstract","media"
"W3031887580","topic:migration","title","immigration"
"W3031887580","topic:migration","abstract","migration"
"W3031887580","topic:migration","abstract","immigration"
"W3031887580","topic:democracy-institutions","abstract","referendums"
"W3031887580","topic:democracy-institutions","abstract","referendum"
"W3031887580","method:qualitative","abstract","critical discourse analysis"
"W3031887580","country:switzerland","title","swiss (+ political word)"
"W3031887580","country:switzerland","abstract","switzerland"
"W3031887580","country:switzerland","abstract","swiss (+ political word)"
"W3031887580","region:europe","rule","from the country named"
"W3043802848","approach:discursive","title","chain of equivalence"
"W3043802848","approach:discursive","abstract","chain of equivalence"
"W3043802848","approach:discursive","abstract","laclau"
"W3043802848","topic:parties","rule","second test passed: the abstract speaks of parties more than of voters"
"W3043802848","topic:parties","abstract","radical right"
"W3043802848","topic:parties","abstract","parties"
"W3043802848","method:qualitative","abstract","critical discourse analysis"
"W3043802848","region:europe","abstract","europe"
"W3043802848","region:europe","abstract","european"
"W3043802848","country:italy","abstract","italy"
"W3043802848","country:switzerland","abstract","switzerland"
"W3090535534","topic:parties","rule","second test passed: a party family in the title"
"W3090535534","topic:parties","title","far right"
"W3090535534","topic:parties","abstract","far right"
"W3090535534","topic:parties","abstract","party"
"W3090535534","topic:spatial","title","spatial"
"W3090535534","country:spain","abstract","spanish (+ political word)"
"W3090535534","region:europe","rule","from the country named"
"W3093726508","topic:international","title","euroscepticism"
"W3093726508","topic:international","abstract","eurosceptic"
"W3093726508","topic:international","abstract","european integration"
"W3093726508","topic:international","abstract","eu"
"W3093726508","method:qualitative","abstract","archival"
"W3093726508","region:europe","title","european"
"W3093726508","region:europe","abstract","european"
"W3093726508","region:europe","abstract","europe"
"W3093726508","region:europe","abstract","eu"
"W3093726508","country:italy","title","italian (+ political word)"
"W3093726508","country:italy","abstract","italy"
"W3093726508","country:italy","abstract","italian (+ political word)"
"W3107417823","approach:discursive","abstract","discourse theory"
"W3107417823","approach:discursive","abstract","laclau"
"W3107417823","approach:discursive","abstract","discursive perspective"
"W3107417823","approach:political-strategic","abstract","populism as a political strategy"
"W3112528024","approach:ideational","abstract","host ideology"
"W3112528024","topic:international","title","eu"
"W3112528024","topic:international","abstract","eu"
"W3112528024","topic:parties","rule","second test passed: the abstract speaks of parties more than of voters"
"W3112528024","topic:parties","abstract","parties"
"W3112528024","topic:parties","abstract","manifestos"
"W3112528024","topic:parties","abstract","right wing populist"
"W3112528024","method:mixed","abstract","quantitative and qualitative"
"W3112528024","region:europe","title","eu"
"W3112528024","region:europe","abstract","european"
"W3112528024","region:europe","abstract","eu"
"W3124267477","topic:democracy-institutions","title","democratic erosion"
"W3124267477","topic:democracy-institutions","title","constitutionalism"
"W3124267477","topic:democracy-institutions","title","constitutional"
"W3124267477","topic:democracy-institutions","abstract","constitutional"
"W3124267477","topic:democracy-institutions","abstract","democratic erosion"
"W3124267477","topic:democracy-institutions","abstract","courts"
"W3124267477","topic:democracy-institutions","abstract","judicial"
"W3124267477","topic:democracy-institutions","abstract","judiciary"
"W4242296565","region:europe","title","europe"
"W4242296565","region:asia-pacific","title","south asia"
"W3010624241","topic:voters","abstract","public opinion"
"W3010624241","topic:voters","abstract","voters"
"W3010624241","topic:economy-welfare","abstract","economic"
"W3010624241","topic:economy-welfare","abstract","welfare"
"W3010624241","topic:media-communication","title","media"
"W3010624241","topic:media-communication","abstract","media"
"W3010624241","topic:media-communication","abstract","framing"
"W3010624241","topic:media-communication","abstract","propaganda"
"W3010624241","country:russia","title","putin"
"W3010624241","country:russia","title","russian (+ political word)"
"W3010624241","country:russia","abstract","russia"
"W3010624241","country:russia","abstract","putin"
"W3010624241","country:russia","abstract","kremlin"
"W3010624241","country:russia","abstract","russian (+ political word)"
"W3010624241","country:united-states","abstract","united states"
"W3010624241","country:united-states","abstract","u s"
"W3010624241","region:europe","rule","from the country named"
"W3010624241","region:north-america","rule","from the country named"
"W3015319927","approach:ideational","abstract","thin ideology"
"W3015319927","approach:ideational","abstract","ideational approach"
"W3015319927","topic:government","title","populist government"
"W3015319927","topic:economy-welfare","abstract","economic"
"W3015319927","topic:economy-welfare","abstract","neoliberal"
"W3015319927","country:italy","title","italian (+ political word)"
"W3015319927","region:europe","rule","from the country named"
"W3018981247","topic:parties","rule","second test passed: the abstract speaks of parties more than of voters"
"W3018981247","topic:parties","abstract","populist leaders"
"W3018981247","topic:parties","abstract","right wing populist"
"W3018981247","topic:parties","abstract","right wing populists"
"W3018981247","method:qta","abstract","text as data"
"W3018981247","country:united-states","abstract","united states"
"W3018981247","country:united-states","abstract","trump"
"W3018981247","country:united-states","abstract","u s"
"W3018981247","region:north-america","rule","from the country named"
"W3039598854","topic:voters","title","citizens"
"W3039598854","topic:voters","abstract","citizens"
"W3039598854","topic:voters","abstract","populist attitudes"
"W3039598854","topic:voters","abstract","demand side"
"W3039598854","topic:voters","abstract","electorate"
"W3039598854","topic:media-communication","title","media"
"W3039598854","topic:media-communication","abstract","social network"
"W3039598854","topic:media-communication","abstract","media"
"W3039598854","topic:media-communication","abstract","communication"
"W3039598854","country:netherlands","abstract","netherlands"
"W3039598854","country:united-kingdom","abstract","uk"
"W3039598854","country:united-states","abstract","us"
"W3039598854","region:europe","rule","from the country named"
"W3039598854","region:north-america","rule","from the country named"
"W3047341839","approach:discursive","abstract","discursive conceptions"
"W3047341839","topic:government","abstract","in office"
"W3047341839","topic:government","abstract","populists in power"
"W3047341839","country:tanzania","title","tanzania"
"W3047341839","country:tanzania","title","magufuli"
"W3047341839","country:tanzania","abstract","tanzania"
"W3047341839","country:tanzania","abstract","magufuli"
"W3047341839","region:sub-saharan-africa","rule","from the country named"
"W3090401601","topic:parties","rule","second test passed: the abstract speaks of parties more than of voters"
"W3090401601","topic:parties","abstract","parties"
"W3090401601","method:qualitative","abstract","critical discourse analysis"
"W3092263828","topic:gender","title","patriarchy"
"W3092263828","topic:gender","abstract","gender"
"W3092263828","topic:gender","abstract","sexuality"
"W3092263828","topic:gender","abstract","patriarchal"
"W3092263828","topic:gender","abstract","gendered"
"W3092263828","topic:democracy-institutions","title","authoritarian"
"W3092263828","topic:democracy-institutions","abstract","authoritarianism"
"W3092263828","topic:democracy-institutions","abstract","authoritarian"
"W3092263828","topic:democracy-institutions","abstract","authoritarians"
"W3092263828","country:united-states","abstract","us"
"W3092263828","country:india","abstract","india"
"W3092263828","region:north-america","rule","from the country named"
"W3092263828","region:asia-pacific","rule","from the country named"
"W2996799871","approach:discursive","abstract","laclau"
"W2996799871","approach:discursive","abstract","empty signifiers"
"W2996799871","approach:discursive","abstract","equivalential"
"W2996799871","topic:parties","rule","second test passed: a leader or a party named in the title"
"W2996799871","topic:parties","abstract","party"
"W2996799871","topic:parties","abstract","candidates"
"W2996799871","country:france","title","macron"
"W2996799871","country:france","abstract","le pen"
"W2996799871","country:france","abstract","macron"
"W2996799871","country:france","abstract","french (+ political word)"
"W2996799871","region:europe","rule","from the country named"
"W2998992220","topic:religion","abstract","islam"
"W2998992220","topic:religion","abstract","muslims"
"W2998992220","topic:religion","abstract","religion"
"W2998992220","region:europe","abstract","europe"
"W2998992220","region:europe","abstract","european"
"W2998992220","country:germany","abstract","germany"
"W2998992220","country:germany","abstract","alternative for germany"
"W3081773032","topic:spatial","abstract","rural"
"W3081773032","topic:economy-welfare","abstract","neoliberalism"
"W3081773032","topic:economy-welfare","abstract","neoliberal"
"W3081773032","topic:democracy-institutions","title","authoritarian"
"W3081773032","topic:democracy-institutions","abstract","authoritarian"
"W3081773032","topic:democracy-institutions","abstract","illiberal"
"W3081773032","topic:democracy-institutions","abstract","threat to democracy"
"W3081773032","topic:democracy-institutions","abstract","authoritarianism"
"W3081773032","country:russia","abstract","russia"
"W3081773032","country:chile","abstract","chile"
"W3081773032","country:indonesia","abstract","indonesia"
"W3081773032","region:global","rule","three or more regions named: europe, latin-america, asia-pacific"
"W3103827223","topic:international","title","eu"
"W3103827223","topic:international","abstract","eu"
"W3103827223","topic:parties","rule","second test passed: a party word in the title"
"W3103827223","topic:parties","title","right wing populist"
"W3103827223","topic:parties","abstract","populist leaders"
"W3103827223","topic:parties","abstract","populist leader"
"W3103827223","topic:media-communication","abstract","media"
"W3103827223","topic:media-communication","abstract","journalistic"
"W3103827223","method:qualitative","abstract","interviews"
"W3103827223","method:qualitative","abstract","critical discourse analysis"
"W3103827223","region:europe","title","eu"
"W3103827223","region:europe","abstract","european"
"W3103827223","region:europe","abstract","eu"
"W3103827223","country:hungary","abstract","orban"
"W4234763365","topic:economy-welfare","abstract","redistributive"
"W4234763365","topic:economy-welfare","abstract","inequality"
"W4234763365","region:asia-pacific","title","asian"
"W4234763365","region:asia-pacific","abstract","asia"
"W4234763365","region:asia-pacific","abstract","asian"
"W3010656941","topic:media-communication","title","communication"
"W3010656941","topic:media-communication","abstract","communication"
"W3010656941","method:experiment","abstract","experimental study"
"W3010656941","region:europe","title","european"
"W3010656941","region:europe","abstract","european"
"W3010656941","region:europe","abstract","southern european"
"W3044138163","topic:economy-welfare","abstract","economic"
"W3044138163","topic:economy-welfare","abstract","inequality"
"W3046831426","topic:parties","rule","second test passed: a leader or a party named in the title"
"W3046831426","topic:parties","title","right wing populism"
"W3046831426","topic:economy-welfare","abstract","economic"
"W3046831426","method:survey","abstract","survey data"
"W3046831426","method:survey","abstract","american national election study"
"W3046831426","country:united-states","title","trump"
"W3046831426","country:united-states","abstract","trump"
"W3046831426","country:united-states","abstract","american (+ political word)"
"W3046831426","region:north-america","rule","from the country named"
"W3080831548","topic:economy-welfare","title","financial crisis"
"W3080831548","region:europe","title","european"
"W3091143421","topic:religion","title","hindutva"
"W3091143421","topic:religion","abstract","hindutva"
"W3091143421","topic:religion","abstract","hindu"
"W3091143421","topic:religion","abstract","muslim"
"W3091143421","country:india","title","india"
"W3091143421","country:india","title","hindutva"
"W3091143421","country:india","abstract","india"
"W3091143421","country:india","abstract","hindutva"
"W3091143421","country:india","abstract","indian (+ political word)"
"W3091143421","region:asia-pacific","rule","from the country named"
"W3099996120","topic:economy-welfare","abstract","neoliberalism"
"W3099996120","topic:media-communication","abstract","media"
"W3099996120","country:united-kingdom","title","britain"
"W3099996120","country:united-kingdom","abstract","britain"
"W3099996120","country:united-kingdom","abstract","corbyn"
"W3099996120","region:europe","rule","from the country named"
"W3109418102","topic:parties","rule","second test passed: a leader or a party named in the title"
"W3109418102","topic:parties","title","right wing populism"
"W3109418102","topic:parties","abstract","right wing populist"
"W3109418102","topic:parties","abstract","parties"
"W3109418102","topic:parties","abstract","party"
"W3109418102","topic:parties","abstract","manifestos"
"W3109418102","topic:gender","abstract","lgbt"
"W3109418102","topic:gender","abstract","gender"
"W3109418102","topic:religion","title","religious"
"W3109418102","topic:religion","abstract","religion"
"W3109418102","topic:religion","abstract","religious"
"W3109418102","topic:religion","abstract","islamic"
"W3109418102","topic:religion","abstract","christian"
"W3109418102","topic:religion","abstract","religiously"
"W3109418102","topic:migration","abstract","nativist"
"W3109418102","topic:migration","abstract","anti immigrants"
"W3109418102","method:qualitative","abstract","qualitative"
"W3109418102","country:france","title","rassemblement national"
"W3109418102","country:france","abstract","france"
"W3109418102","country:france","abstract","front national"
"W3109418102","country:france","abstract","rassemblement national"
"W3109418102","country:italy","title","lega"
"W3109418102","country:italy","abstract","italy"
"W3109418102","country:italy","abstract","lega nord"
"W3109418102","country:italy","abstract","lega"
"W3109418102","region:europe","rule","from the country named"
"W3111497505","topic:voters","title","populist attitudes"
"W3118083101","topic:economy-welfare","abstract","globalization"
"W3118083101","topic:migration","title","migration"
"W3118083101","topic:migration","abstract","immigration"
"W3118083101","topic:migration","abstract","nativism"
"W3118083101","country:united-states","abstract","u s"
"W3118083101","region:north-america","rule","from the country named"
"W4249864325","topic:democracy-institutions","title","constitutional"
"W4249864325","country:italy","title","italian (+ political word)"
"W4249864325","region:europe","rule","from the country named"
"W3041952222","topic:economy-welfare","title","neoliberalism"
"W3041952222","topic:economy-welfare","abstract","neoliberal"
"W3041952222","topic:economy-welfare","abstract","neoliberalism"
"W3041952222","topic:democracy-institutions","title","authoritarian"
"W3041952222","country:sri-lanka","title","sri lanka"
"W3041952222","country:sri-lanka","abstract","sri lanka"
"W3041952222","region:asia-pacific","rule","from the country named"
"W3087733775","approach:discursive","title","populist logic"
"W3087733775","country:united-kingdom","abstract","british (+ political word)"
"W3087733775","region:europe","rule","from the country named"
"W3088315959","topic:media-communication","title","framing"
"W3088315959","topic:media-communication","title","media"
"W3088315959","topic:media-communication","abstract","media"
"W3088315959","topic:media-communication","abstract","frames"
"W3088315959","country:philippines","title","philippines"
"W3088315959","country:philippines","title","duterte"
"W3088315959","country:philippines","abstract","philippines"
"W3088315959","country:philippines","abstract","duterte"
"W3088315959","region:asia-pacific","rule","from the country named"
"W3089327547","topic:voters","title","voters"
"W3089327547","topic:voters","abstract","voters"
"W3089327547","topic:voters","abstract","attitudes"
"W3089327547","topic:voters","abstract","citizens"
"W3089327547","topic:economy-welfare","abstract","economic"
"W3089327547","topic:economy-welfare","abstract","economic crisis"
"W3089327547","method:qualitative","abstract","interviews"
"W3089327547","method:survey","abstract","survey data"
"W3089327547","country:italy","abstract","italy"
"W3089327547","country:italy","abstract","five star movement"
"W3089327547","country:italy","abstract","italian (+ political word)"
"W3089327547","region:europe","rule","from the country named"
"W3111519334","topic:parties","rule","second test passed: a party family in the title"
"W3111519334","topic:parties","title","radical right"
"W3111519334","topic:parties","abstract","radical right"
"W3111519334","topic:parties","abstract","party"
"W3111519334","topic:media-communication","title","framing"
"W3111519334","topic:gender","title","gender"
"W3111519334","topic:gender","title","sexuality"
"W3111519334","topic:gender","abstract","gender"
"W3111519334","topic:gender","abstract","sexuality"
"W3111519334","topic:gender","abstract","women"
"W3111519334","topic:gender","abstract","feminism"
"W3111519334","topic:migration","abstract","immigrants"
"W3111519334","topic:migration","abstract","immigration"
"W3111519334","country:netherlands","title","dutch (+ political word)"
"W3111519334","country:netherlands","abstract","forum for democracy"
"W3111519334","country:netherlands","abstract","dutch (+ political word)"
"W3111519334","region:europe","rule","from the country named"
"W3112182394","country:united-states","title","trump"
"W3112182394","country:united-states","title","bernie sanders"
"W3112182394","country:united-states","abstract","u s"
"W3112182394","country:united-states","abstract","trump"
"W3112182394","country:united-states","abstract","bernie sanders"
"W3112182394","country:united-states","abstract","sanders"
"W3112182394","region:north-america","rule","from the country named"
"W3173064968","topic:parties","rule","second test passed: the abstract speaks of parties more than of voters"
"W3173064968","topic:parties","abstract","parties"
"W3173064968","country:greece","title","greece"
"W3173064968","country:greece","abstract","greek (+ political word)"
"W3173064968","region:europe","rule","from the country named"
"W3006249703","topic:parties","rule","second test passed: the abstract speaks of parties more than of voters"
"W3006249703","topic:parties","abstract","populist right"
"W3006249703","topic:parties","abstract","populist leaders"
"W3006249703","topic:parties","abstract","parties"
"W3006249703","topic:parties","abstract","party"
"W3006249703","country:china","title","china"
"W3006249703","country:china","abstract","china"
"W3006249703","region:asia-pacific","rule","from the country named"
"W3015616053","topic:religion","title","muslims"
"W3015616053","topic:religion","title","islamic"
"W3015616053","topic:religion","abstract","muslims"
"W3015616053","topic:religion","abstract","islamic"
"W3015616053","method:experiment","abstract","experimental design"
"W3033646564","country:united-kingdom","abstract","brexit"
"W3033646564","region:europe","rule","from the country named"
"W3046669800","topic:media-communication","title","communication"
"W3046669800","country:brazil","abstract","brazil"
"W3046669800","country:brazil","abstract","bolsonaro"
"W3046669800","country:brazil","abstract","brazilian (+ political word)"
"W3046669800","region:latin-america","rule","from the country named"
"W3109485799","topic:parties","rule","second test passed: the abstract speaks of parties more than of voters"
"W3109485799","topic:parties","abstract","party"
"W3109485799","topic:parties","abstract","party competition"
"W3109485799","topic:parties","abstract","party system"
"W3109485799","topic:parties","abstract","far right"
"W3109485799","topic:parties","abstract","parties"
"W3109485799","country:italy","title","italy"
"W3109485799","country:italy","abstract","italy"
"W3109485799","country:italy","abstract","m5s"
"W3109485799","country:italy","abstract","lega"
"W3109485799","region:europe","rule","from the country named"
"W3005609074","topic:parties","rule","second test passed: the abstract speaks of parties more than of voters"
"W3005609074","topic:parties","abstract","parties"
"W3005609074","topic:media-communication","abstract","communication"
"W3005609074","topic:media-communication","abstract","propaganda"
"W3005609074","topic:migration","abstract","migration"
"W3005609074","topic:migration","abstract","refugee"
"W3005609074","region:europe","abstract","europe"
"W3005609074","region:europe","abstract","eastern europe"
"W3005609074","region:europe","abstract","western europe"
"W3005609074","country:hungary","title","hungary"
"W3005609074","country:hungary","abstract","hungary"
"W3005609074","country:hungary","abstract","fidesz"
"W3005609074","country:hungary","abstract","hungarian (+ political word)"
"W3018334351","country:poland","abstract","poland"
"W3018334351","country:poland","abstract","polish (+ political word)"
"W3018334351","region:europe","rule","from the country named"
"W3033034845","topic:international","title","brexit"
"W3033034845","topic:international","abstract","european union"
"W3033034845","topic:international","abstract","eu"
"W3033034845","topic:media-communication","abstract","newspaper"
"W3033034845","topic:media-communication","abstract","media"
"W3033034845","topic:democracy-institutions","abstract","referendum"
"W3033034845","region:europe","abstract","european"
"W3033034845","region:europe","abstract","eu"
"W3033034845","country:united-kingdom","title","uk"
"W3033034845","country:united-kingdom","title","brexit"
"W3033034845","country:united-kingdom","abstract","uk"
"W3033034845","country:united-kingdom","abstract","british (+ political word)"
"W3038317176","topic:international","title","brexit"
"W3038317176","topic:voters","abstract","voters"
"W3038317176","topic:voters","abstract","voter"
"W3038317176","topic:voters","abstract","support for populist"
"W3038317176","topic:economy-welfare","title","neoliberalism"
"W3038317176","topic:economy-welfare","abstract","economic"
"W3038317176","topic:economy-welfare","abstract","neoliberalism"
"W3038317176","topic:economy-welfare","abstract","neoliberal"
"W3038317176","topic:economy-welfare","abstract","economy"
"W3038317176","country:united-kingdom","title","brexit"
"W3038317176","country:united-kingdom","abstract","britain"
"W3038317176","country:united-kingdom","abstract","british (+ political word)"
"W3038317176","region:europe","rule","from the country named"
"W3039076162","topic:parties","rule","second test passed: a party word in the title"
"W3039076162","topic:parties","title","parties"
"W3039076162","topic:parties","abstract","parties"
"W3039076162","topic:economy-welfare","abstract","economic"
"W3039076162","region:europe","abstract","european"
"W3039076162","region:europe","abstract","eastern europe"
"W3039076162","country:hungary","title","hungary"
"W3039076162","country:hungary","abstract","hungary"
"W3039076162","country:poland","title","poland"
"W3039076162","country:poland","abstract","poland"
"W3085582842","topic:migration","title","immigrant"
"W3095501072","topic:democracy-institutions","title","referendums"
"W3095501072","topic:democracy-institutions","abstract","referendums"
"W3095501072","region:europe","title","europe"
"W3165754834","topic:parties","rule","second test passed: a party word in the title"
"W3165754834","topic:parties","title","manifesto"
"W3165754834","topic:economy-welfare","title","inequality"
"W3165754834","topic:economy-welfare","abstract","economic"
"W3165754834","topic:economy-welfare","abstract","globalization"
"W3165754834","topic:economy-welfare","abstract","neoliberalism"
"W3165754834","topic:economy-welfare","abstract","inequality"
"W3165754834","country:united-states","abstract","united states"
"W3165754834","country:united-states","abstract","trump"
"W3165754834","region:north-america","rule","from the country named"
"W3011555384","topic:international","abstract","brexit"
"W3011555384","topic:spatial","abstract","spatial"
"W3011555384","topic:spatial","abstract","subnational"
"W3011555384","topic:economy-welfare","abstract","economic"
"W3011555384","method:quantitative","abstract","regression"
"W3011555384","country:united-kingdom","abstract","brexit"
"W3011555384","country:united-kingdom","abstract","uk"
"W3011555384","country:united-states","abstract","trump"
"W3011555384","country:united-states","abstract","us"
"W3011555384","region:europe","rule","from the country named"
"W3011555384","region:north-america","rule","from the country named"
"W3013825649","country:france","abstract","france"
"W3013825649","country:united-states","abstract","trumpism"
"W3013825649","region:europe","rule","from the country named"
"W3013825649","region:north-america","rule","from the country named"
"W3036904273","approach:performative","abstract","populist style"
"W3036904273","topic:economy-welfare","abstract","economic"
"W3036904273","topic:economy-welfare","abstract","neoliberalism"
"W3036904273","region:latin-america","title","latin america"
"W3090430838","topic:parties","rule","second test passed: the abstract speaks of parties more than of voters"
"W3090430838","topic:parties","abstract","parties"
"W3090430838","topic:parties","abstract","party systems"
"W3090430838","topic:economy-welfare","title","neoliberal"
"W3090430838","topic:economy-welfare","abstract","neoliberal"
"W3090430838","topic:economy-welfare","abstract","economic"
"W3090430838","topic:economy-welfare","abstract","austerity"
"W3090430838","region:europe","title","southern europe"
"W3090430838","region:europe","abstract","southern europe"
"W3090430838","region:latin-america","abstract","latin america"
"W3093429451","region:europe","title","europe"
"W3093429451","region:europe","abstract","european"
"W3093429451","region:europe","abstract","europe"
"W3099873394","topic:international","abstract","brexit"
"W3099873394","topic:international","abstract","eu"
"W3099873394","topic:international","abstract","european parliament"
"W3099873394","topic:parties","rule","second test passed: a leader or a party named in the title"
"W3099873394","topic:parties","title","radical right"
"W3099873394","topic:parties","abstract","radical right"
"W3099873394","topic:parties","abstract","parties"
"W3099873394","method:qualitative","abstract","semi structured"
"W3099873394","method:qualitative","abstract","interviews"
"W3099873394","region:europe","title","europe"
"W3099873394","region:europe","abstract","europe"
"W3099873394","region:europe","abstract","european"
"W3099873394","region:europe","abstract","eu"
"W3099873394","country:italy","title","lega"
"W3099873394","country:italy","title","salvini"
"W3099873394","country:italy","abstract","italy"
"W3099873394","country:italy","abstract","lega"
"W3099873394","country:italy","abstract","salvini"
"W4253327270","topic:democracy-institutions","title","authoritarian"
"W4381788217","approach:discursive","title","laclau"
"W4381788217","approach:discursive","abstract","laclau"
"W3004114893","topic:economy-welfare","title","economic crisis"
"W3004114893","country:greece","title","greece"
"W3004114893","region:europe","rule","from the country named"
"W3005227124","topic:gender","title","women"
"W3005227124","topic:gender","abstract","women"
"W3005227124","topic:gender","abstract","feminist"
"W3005227124","topic:migration","title","migrant"
"W3005227124","topic:migration","abstract","migration"
"W3005227124","topic:migration","abstract","anti immigrant"
"W3005227124","topic:migration","abstract","immigrants"
"W3005227124","topic:migration","abstract","immigrant"
"W3005227124","method:qualitative","abstract","interviews"
"W3005227124","country:united-kingdom","title","britain"
"W3005227124","country:united-kingdom","abstract","britain"
"W3005227124","region:europe","rule","from the country named"
"W3006447571","topic:religion","title","religion"
"W3006447571","topic:religion","abstract","religion"
"W3006447571","topic:religion","abstract","catholicism"
"W3009998229","topic:economy-welfare","abstract","economic"
"W3009998229","topic:economy-welfare","abstract","inequality"
"W3014796052","method:mixed","abstract","qualitative and quantitative"
"W3014796052","country:spain","abstract","spain"
"W3014796052","region:europe","rule","from the country named"
"W3015554436","todo:check-outlet","journal","Journal of Democracy"
"W3015554436","topic:democracy-institutions","title","referendums"
"W3015554436","topic:democracy-institutions","abstract","illiberal"
"W3015554436","topic:democracy-institutions","abstract","referendums"
"W3015554436","country:ecuador","title","ecuador"
"W3015554436","country:ecuador","abstract","ecuador"
"W3015554436","country:ecuador","abstract","correa"
"W3015554436","country:ecuador","abstract","ecuadorean (+ political word)"
"W3015554436","region:latin-america","rule","from the country named"
"W3022750312","topic:voters","title","voter"
"W3022750312","topic:voters","abstract","voter"
"W3022750312","topic:voters","abstract","citizens"
"W3022750312","topic:economy-welfare","title","inequality"
"W3022750312","topic:economy-welfare","abstract","inequality"
"W3035265609","topic:voters","abstract","respondents"
"W3035265609","topic:voters","abstract","public opinion"
"W3035265609","country:china","title","china"
"W3035265609","country:china","abstract","china"
"W3035265609","country:china","abstract","chinese (+ political word)"
"W3035265609","region:asia-pacific","rule","from the country named"
"W3041016617","topic:economy-welfare","abstract","economic"
"W3041016617","region:europe","title","european"
"W3041016617","country:italy","abstract","five star movement"
"W3048715812","topic:international","title","european parliament"
"W3048715812","topic:international","abstract","european parliament"
"W3048715812","topic:international","abstract","supranational"
"W3048715812","topic:parties","rule","second test passed: a party word in the title"
"W3048715812","topic:parties","title","parties"
"W3048715812","topic:parties","abstract","radical right"
"W3048715812","topic:parties","abstract","parties"
"W3048715812","topic:gender","abstract","gender"
"W3048715812","method:qualitative","abstract","interviews"
"W3048715812","region:europe","title","european"
"W3083749080","topic:defence-security","title","war"
"W3083749080","country:philippines","title","philippines"
"W3083749080","country:philippines","abstract","philippines"
"W3083749080","country:philippines","abstract","duterte"
"W3083749080","region:asia-pacific","rule","from the country named"
"W3087501116","topic:government","title","populist incumbents"
"W3087501116","topic:government","abstract","populist incumbents"
"W3087501116","topic:government","abstract","populist governments"
"W3087501116","topic:government","abstract","in government"
"W3087501116","topic:government","abstract","in office"
"W3087501116","region:europe","abstract","european"
"W3089012065","topic:parties","rule","second test passed: a party word in the title"
"W3089012065","topic:parties","title","party"
"W3089012065","topic:parties","abstract","party"
"W3089012065","topic:democracy-institutions","title","authoritarian"
"W3089012065","country:china","abstract","china"
"W3089012065","region:asia-pacific","rule","from the country named"
"W3115716001","approach:other","abstract","conceptualization of populism"
"W3115716001","method:quantitative","abstract","statistical analysis"
"W3115716001","country:chile","title","chile"
"W3115716001","country:chile","abstract","chile"
"W3115716001","region:latin-america","rule","from the country named"
"W4244822533","topic:media-communication","title","media"
"W2999262510","approach:performative","abstract","political style"
"W2999262510","topic:economy-welfare","abstract","economy"
"W2999262510","topic:economy-welfare","abstract","economic"
"W2999262510","country:philippines","abstract","duterte"
"W2999262510","country:philippines","abstract","philippine (+ political word)"
"W2999262510","region:asia-pacific","rule","from the country named"
"W3000825232","approach:performative","abstract","political style"
"W3000825232","topic:gender","title","masculinities"
"W3000825232","topic:gender","abstract","masculinity"
"W3000825232","topic:gender","abstract","masculine"
"W3000825232","topic:gender","abstract","masculinities"
"W3000825232","country:austria","abstract","austria"
"W3000825232","country:austria","abstract","fpo"
"W3000825232","region:europe","rule","from the country named"
"W3003573298","topic:democracy-institutions","title","referendums"
"W3003573298","topic:democracy-institutions","abstract","referendums"
"W3003573298","topic:democracy-institutions","abstract","direct democracy"
"W3003573298","topic:democracy-institutions","abstract","referendum"
"W3004134185","topic:democracy-institutions","abstract","rule of law"
"W3004134185","topic:democracy-institutions","abstract","democratic institutions"
"W3004134185","topic:democracy-institutions","abstract","judiciary"
"W3004134185","region:europe","abstract","europe"
"W3004134185","region:europe","abstract","european"
"W3004148576","topic:economy-welfare","abstract","economic"
"W3004148576","topic:economy-welfare","abstract","fiscal"
"W3004148576","topic:economy-welfare","abstract","redistribution"
"W3023613224","topic:government","title","administration"
"W3023613224","topic:government","abstract","administration"
"W3039606597","topic:parties","rule","second test passed: a party word in the title"
"W3039606597","topic:parties","title","right wing populism"
"W3039606597","country:brazil","title","brazil"
"W3039606597","region:latin-america","rule","from the country named"
"W3043980742","country:united-states","abstract","united states"
"W3043980742","region:north-america","rule","from the country named"
"W3103072753","country:united-states","abstract","us"
"W3103072753","country:united-states","abstract","trumpian"
"W3103072753","region:north-america","rule","from the country named"
"W3106774300","method:qualitative","abstract","qualitative"
"W3106774300","country:italy","abstract","italian (+ political word)"
"W3106774300","region:europe","rule","from the country named"
"W3108074075","approach:performative","abstract","performative"
"W3108074075","topic:media-communication","abstract","media"
"W3108074075","topic:media-communication","abstract","twitter"
"W3108074075","topic:media-communication","abstract","facebook"
"W3108074075","topic:gender","abstract","gender"
"W3108074075","topic:gender","abstract","lgbtq"
"W3108074075","country:poland","title","poland"
"W3108074075","country:poland","title","pis"
"W3108074075","country:poland","abstract","poland"
"W3108074075","country:poland","abstract","pis"
"W3108074075","country:poland","abstract","polish (+ political word)"
"W3108074075","region:europe","rule","from the country named"
"W3110930793","topic:parties","rule","second test passed: a party word in the title"
"W3110930793","topic:parties","title","party"
"W3110930793","topic:parties","abstract","party systems"
"W3110930793","topic:parties","abstract","parties"
"W3110930793","topic:parties","abstract","party"
"W3110930793","topic:parties","abstract","right wing populist"
"W3110930793","topic:parties","abstract","party competition"
"W3110930793","region:europe","abstract","european"
"W3110930793","country:spain","abstract","spain"
"W3110930793","country:spain","abstract","podemos"
"W3111821617","topic:parties","rule","second test passed: the abstract speaks of parties more than of voters"
"W3111821617","topic:parties","abstract","parties"
"W3111821617","topic:economy-welfare","abstract","economic crisis"
"W3111821617","topic:economy-welfare","abstract","economic"
"W3111821617","topic:media-communication","abstract","newspapers"
"W3111821617","topic:media-communication","abstract","journalists"
"W3111821617","topic:media-communication","abstract","media"
"W3111821617","country:greece","title","greece"
"W3111821617","country:argentina","title","argentina"
"W3111821617","region:europe","rule","from the country named"
"W3111821617","region:latin-america","rule","from the country named"
"W2994964574","country:italy","title","italy"
"W2994964574","region:europe","rule","from the country named"
"W3012186003","topic:parties","rule","second test passed: the abstract speaks of parties more than of voters"
"W3012186003","topic:parties","title","right wing populism"
"W3012186003","topic:parties","abstract","left wing populism"
"W3012186003","topic:parties","abstract","party system"
"W3012186003","topic:parties","abstract","far right"
"W3012186003","topic:parties","abstract","parties"
"W3012186003","topic:parties","abstract","party"
"W3012186003","topic:parties","abstract","right wing populist"
"W3012186003","topic:parties","abstract","right wing populism"
"W3012186003","topic:religion","abstract","islam"
"W3012186003","topic:religion","abstract","secularist"
"W3012186003","topic:democracy-institutions","abstract","constitutional"
"W3012186003","country:greece","title","greece"
"W3012186003","country:greece","abstract","greece"
"W3012186003","country:greece","abstract","syriza"
"W3012186003","country:greece","abstract","anel"
"W3012186003","country:greece","abstract","greek (+ political word)"
"W3012186003","country:turkey","title","turkey"
"W3012186003","country:turkey","abstract","turkey"
"W3012186003","country:turkey","abstract","akp"
"W3012186003","country:turkey","abstract","turkish (+ political word)"
"W3012186003","region:europe","rule","from the country named"
"W3015847758","todo:check-outlet","journal","Journal of Democracy"
"W3015847758","topic:democracy-institutions","abstract","illiberal"
"W3015847758","region:europe","abstract","europe"
"W3015847758","region:europe","abstract","eastern europe"
"W3045052632","topic:economy-welfare","abstract","economic"
"W3045052632","topic:economy-welfare","abstract","inequality"
"W3045052632","topic:democracy-institutions","abstract","illiberal"
"W3045052632","country:malaysia","title","malaysia"
"W3045052632","country:malaysia","abstract","malaysia"
"W3045052632","country:malaysia","abstract","malaysian (+ political word)"
"W3045052632","region:asia-pacific","rule","from the country named"
"W3083591341","topic:democracy-institutions","title","authoritarian"
"W3083591341","country:south-africa","title","south africa"
"W3083591341","region:sub-saharan-africa","rule","from the country named"
"W3094081281","topic:gender","title","masculinity"
"W3094081281","topic:gender","abstract","masculinity"
"W3094081281","country:philippines","title","duterte"
"W3094081281","country:philippines","title","philippine (+ political word)"
"W3094081281","country:philippines","abstract","duterte"
"W3094081281","region:asia-pacific","rule","from the country named"
"W2952749241","method:quantitative","title","panel data"
"W2999181147","approach:performative","abstract","performative"
"W3009738855","topic:voters","abstract","populist attitudes"
"W3009738855","topic:voters","abstract","supporters"
"W3009738855","country:united-states","title","united states"
"W3009738855","country:united-states","abstract","united states"
"W3009738855","country:united-states","abstract","us"
"W3009738855","country:united-states","abstract","trump"
"W3009738855","region:north-america","rule","from the country named"
"W3011113140","approach:discursive","abstract","laclau"
"W3011113140","approach:performative","abstract","performative"
"W3014043876","country:italy","abstract","italy"
"W3014043876","region:europe","rule","from the country named"
"W3024257261","topic:economy-welfare","title","financial crisis"
"W3024257261","topic:democracy-institutions","title","authoritarian"
"W3024257261","country:hungary","title","hungary"
"W3024257261","country:hungary","abstract","hungary"
"W3024257261","country:latvia","title","latvia"
"W3024257261","country:latvia","abstract","latvia"
"W3024257261","country:romania","title","romania"
"W3024257261","country:romania","abstract","romania"
"W3024257261","region:europe","rule","from the country named"
"W3036377977","topic:economy-welfare","abstract","financial crisis"
"W3036377977","topic:economy-welfare","abstract","inequality"
"W3036377977","topic:economy-welfare","abstract","labor market"
"W3036377977","topic:economy-welfare","abstract","welfare"
"W3036377977","country:united-states","abstract","united states"
"W3036377977","region:north-america","rule","from the country named"
"W3040178932","country:south-africa","title","south (+ political word)"
"W3040178932","country:south-africa","abstract","south africa"
"W3040178932","country:south-africa","abstract","malema"
"W3040178932","country:south-africa","abstract","south (+ political word)"
"W3040178932","region:sub-saharan-africa","rule","from the country named"
"W3048837916","topic:international","abstract","transnational"
"W3048837916","topic:international","abstract","european union"
"W3048837916","topic:international","abstract","eu"
"W3048837916","topic:migration","abstract","immigration"
"W3048837916","topic:migration","abstract","migration"
"W3048837916","topic:democracy-institutions","title","rule of law"
"W3048837916","region:europe","abstract","european"
"W3048837916","region:europe","abstract","eu"
"W3048837916","country:italy","title","italy"
"W3088921346","topic:economy-welfare","abstract","economic"
"W3088921346","topic:economy-welfare","abstract","economy"
"W3088921346","topic:economy-welfare","abstract","tariff"
"W3088921346","topic:economy-welfare","abstract","austerity"
"W3088921346","topic:economy-welfare","abstract","inequality"
"W3088921346","country:brazil","title","brazil"
"W3088921346","country:brazil","abstract","brazil"
"W3088921346","country:brazil","abstract","lula"
"W3088921346","country:brazil","abstract","bolsonaro"
"W3088921346","region:latin-america","rule","from the country named"
"W3125065663","topic:democracy-institutions","title","court"
"W3125065663","topic:democracy-institutions","abstract","court"
"W3125065663","topic:democracy-institutions","abstract","judicial"
"W3125065663","region:europe","title","european"
"W3125065663","region:europe","abstract","european"
"W3125065663","region:europe","abstract","europe"
"W3010503910","topic:parties","rule","second test passed: a party word in the title"
"W3010503910","topic:parties","title","political leaders"
"W3010503910","topic:parties","abstract","political leadership"
"W3010503910","topic:parties","abstract","political leaders"
"W3010503910","topic:voters","title","voters"
"W3010503910","topic:voters","abstract","voters"
"W3010503910","topic:voters","abstract","vote choice"
"W3010503910","country:united-kingdom","abstract","united kingdom"
"W3010503910","country:canada","abstract","canada"
"W3010503910","country:united-states","abstract","united states"
"W3010503910","region:europe","rule","from the country named"
"W3010503910","region:north-america","rule","from the country named"
"W3011789706","topic:government","abstract","presidency"
"W3011789706","topic:government","abstract","administration"
"W3011789706","method:qualitative","abstract","critical discourse analysis"
"W3011789706","country:china","abstract","china"
"W3011789706","country:philippines","title","duterte"
"W3011789706","country:philippines","abstract","philippines"
"W3011789706","country:philippines","abstract","duterte"
"W3011789706","region:asia-pacific","rule","from the country named"
"W3012964341","topic:international","abstract","international cooperation"
"W3012964341","topic:international","abstract","international organizations"
"W3012964341","topic:parties","rule","second test passed: the abstract speaks of parties more than of voters"
"W3012964341","topic:parties","abstract","parties"
"W3012964341","topic:parties","abstract","right wing populist"
"W3012964341","topic:economy-welfare","title","inequality"
"W3012964341","topic:economy-welfare","abstract","economic"
"W3026343302","topic:parties","rule","second test passed: the abstract speaks of parties more than of voters"
"W3026343302","topic:parties","abstract","populist leaders"
"W3026343302","topic:parties","abstract","parties"
"W3026343302","topic:parties","abstract","party systems"
"W3026343302","topic:parties","abstract","social movements"
"W3026343302","topic:economy-welfare","title","neoliberalization"
"W3026343302","topic:economy-welfare","abstract","neoliberal"
"W3026343302","topic:economy-welfare","abstract","neoliberalization"
"W3026343302","topic:economy-welfare","abstract","economic"
"W3026343302","topic:economy-welfare","abstract","austerity"
"W3026343302","topic:migration","abstract","immigration"
"W3026343302","topic:migration","abstract","nativist"
"W3026343302","topic:democracy-institutions","title","democratization"
"W3026343302","topic:democracy-institutions","abstract","democratization"
"W3026343302","country:united-states","title","us"
"W3026343302","region:global","rule","three or more regions named: europe, latin-america, north-america"
"W3030901086","approach:discursive","abstract","laclau"
"W3030901086","topic:government","title","populism in power"
"W3030901086","topic:government","abstract","governing populisms"
"W3030901086","topic:government","abstract","governing populism"
"W3030901086","topic:government","abstract","in power"
"W3030901086","country:spain","abstract","catalonia"
"W3030901086","country:spain","abstract","spain"
"W3030901086","region:europe","rule","from the country named"
"W3035031143","topic:economy-welfare","abstract","neoliberal"
"W3035031143","topic:media-communication","abstract","television"
"W3035031143","topic:media-communication","abstract","media"
"W3035031143","country:italy","title","italy"
"W3035031143","country:italy","abstract","italy"
"W3035031143","country:italy","abstract","italian (+ political word)"
"W3035031143","region:europe","rule","from the country named"
"W3044329778","country:united-states","title","trump"
"W3044329778","country:united-states","abstract","trump"
"W3044329778","region:north-america","rule","from the country named"
"W3046675746","topic:parties","rule","second test passed: a party word in the title"
"W3046675746","topic:parties","title","right wing populist"
"W3046675746","topic:parties","title","party"
"W3046675746","topic:parties","abstract","parties"
"W3046675746","topic:parties","abstract","right wing populist"
"W3046675746","method:quantitative","abstract","logit"
"W3046675746","method:survey","abstract","survey data"
"W3046675746","country:australia","title","australia"
"W3046675746","region:asia-pacific","rule","from the country named"
"W3047535477","approach:ideational","abstract","thick ideologies"
"W3047535477","topic:migration","abstract","migration"
"W3047535477","region:europe","abstract","europe"
"W3047535477","region:europe","abstract","visegrad"
"W3047535477","region:europe","abstract","european"
"W3047535477","country:spain","abstract","spain"
"W3097574067","topic:voters","abstract","voters"
"W3097574067","country:united-states","title","trump"
"W3097574067","country:united-states","abstract","trump"
"W3097574067","region:north-america","rule","from the country named"
"W4288795533","region:europe","title","european"
"W4288795533","region:europe","abstract","european"
"W4288795533","region:europe","abstract","europe"
"W4288795533","region:europe","abstract","eu"
"W4288795533","country:austria","abstract","austria"
"W4288795533","country:austria","abstract","haider"
"W4288795533","country:united-kingdom","abstract","farage"
"W4288795533","country:united-kingdom","abstract","boris johnson"
"W4288795533","country:united-states","abstract","united states"
"W4288795533","country:united-states","abstract","trump"
"W4288795533","region:north-america","rule","from the country named"
"W2972929762","approach:discursive","abstract","laclau"
"W2972929762","approach:performative","abstract","performative"
"W3007213422","method:mixed","abstract","mixed methods"
"W3007213422","country:philippines","title","philippines"
"W3007213422","country:philippines","title","duterte"
"W3007213422","country:philippines","abstract","philippines"
"W3007213422","country:philippines","abstract","duterte"
"W3007213422","country:philippines","abstract","filipino (+ political word)"
"W3007213422","region:asia-pacific","rule","from the country named"
"W3033583964","topic:economy-welfare","title","inequality"
"W3033583964","topic:economy-welfare","title","globalization"
"W3033583964","topic:economy-welfare","abstract","globalization"
"W3033583964","topic:economy-welfare","abstract","redistribute"
"W3033583964","region:europe","title","europe"
"W3033583964","country:france","abstract","france"
"W3033583964","country:france","abstract","french (+ political word)"
"W3033583964","country:germany","abstract","germany"
"W3033583964","country:germany","abstract","german (+ political word)"
"W3033583964","country:united-states","abstract","united states"
"W3033583964","region:north-america","rule","from the country named"
"W3034816353","topic:religion","title","religion"
"W3034816353","topic:religion","abstract","religion"
"W3034816353","topic:religion","abstract","religious"
"W3041180431","topic:economy-welfare","title","neoliberal"
"W3041180431","topic:economy-welfare","abstract","neoliberal"
"W3041180431","topic:economy-welfare","abstract","economy"
"W3041180431","topic:economy-welfare","abstract","neoliberalism"
"W3041180431","country:united-states","abstract","trump"
"W3041180431","country:sri-lanka","abstract","sri lanka"
"W3041180431","region:north-america","rule","from the country named"
"W3041180431","region:asia-pacific","rule","from the country named"
"W3043169859","topic:parties","rule","second test passed: a party word in the title"
"W3043169859","topic:parties","title","candidates"
"W3043169859","topic:parties","abstract","candidates"
"W3043169859","topic:economy-welfare","abstract","economic"
"W3043169859","topic:media-communication","title","communication"
"W3043169859","topic:media-communication","abstract","communication"
"W3043169859","topic:media-communication","abstract","facebook"
"W3043169859","topic:religion","title","secular"
"W3043169859","topic:religion","title","islamism"
"W3043169859","topic:religion","abstract","secular"
"W3043169859","topic:religion","abstract","islamism"
"W3043169859","topic:religion","abstract","islamic"
"W3043169859","country:indonesia","title","indonesia"
"W3043169859","region:asia-pacific","rule","from the country named"
"W3045520359","topic:media-communication","title","media"
"W3045520359","topic:media-communication","abstract","media"
"W3045520359","topic:media-communication","abstract","fake news"
"W3045520359","country:united-states","title","united states"
"W3045520359","country:united-states","abstract","obama"
"W3045520359","country:united-states","abstract","trump"
"W3045520359","region:north-america","rule","from the country named"
"W3046327763","topic:parties","rule","second test passed: a party word in the title"
"W3046327763","topic:parties","title","radical right"
"W3046327763","topic:parties","title","parties"
"W3046327763","topic:economy-welfare","title","welfare"
"W3046327763","topic:economy-welfare","abstract","welfare"
"W3046327763","topic:economy-welfare","abstract","neoliberal"
"W3046327763","topic:migration","title","nativism"
"W3046327763","topic:migration","abstract","nativist"
"W3046327763","region:europe","title","europe"
"W3046926336","region:europe","title","europe"
"W3080189373","topic:spatial","title","rural"
"W3080189373","topic:democracy-institutions","title","authoritarian"
"W3080189373","country:france","title","france"
"W3080189373","country:united-states","title","united states"
"W3080189373","region:europe","rule","from the country named"
"W3080189373","region:north-america","rule","from the country named"
"W3084696590","approach:discursive","abstract","post structuralist"
"W3084696590","topic:international","title","european integration"
"W3084696590","topic:international","abstract","european union"
"W3084696590","topic:international","abstract","eu"
"W3084696590","region:europe","title","european"
"W3084696590","region:europe","abstract","european"
"W3084696590","region:europe","abstract","western europe"
"W3084696590","region:europe","abstract","eastern europe"
"W3084696590","region:europe","abstract","eu"
"W3084696590","country:poland","title","poland"
"W3084696590","country:poland","abstract","poland"
"W3084696590","country:poland","abstract","prawo i sprawiedliworc"
"W3084696590","country:poland","abstract","pis"
"W3105341871","topic:economy-welfare","abstract","protectionism"
"W3105341871","topic:economy-welfare","abstract","protectionist"
"W3105341871","topic:religion","title","religion"
"W3105341871","topic:religion","abstract","religious"
"W3105341871","topic:religion","abstract","sacred"
"W3105341871","country:israel","title","israel"
"W3105341871","country:israel","abstract","israel"
"W3105341871","country:israel","abstract","israeli (+ political word)"
"W3105341871","region:mena","rule","from the country named"
"W3114470311","country:united-states","abstract","u s"
"W3114470311","country:united-states","abstract","american (+ political word)"
"W3114470311","region:north-america","rule","from the country named"
"W2999282891","todo:check-record","rule","DOI accepted by reading, not by the automatic rule"
"W2999282891","topic:parties","rule","second test passed: a party word in the title"
"W2999282891","topic:parties","title","party"
"W2999282891","topic:parties","abstract","parties"
"W2999282891","topic:parties","abstract","party"
"W2999282891","topic:voters","title","voter"
"W2999282891","topic:voters","abstract","voter"
"W2999282891","topic:voters","abstract","voters"
"W2999282891","topic:government","title","populists in government"
"W2999282891","country:greece","abstract","greece"
"W2999282891","region:europe","rule","from the country named"
"W3015279237","topic:democracy-institutions","title","authoritarian"
"W3015279237","topic:democracy-institutions","abstract","authoritarian"
"W3015279237","method:qualitative","abstract","semi structured"
"W3015279237","method:qualitative","abstract","interviews"
"W3015279237","method:qualitative","abstract","qualitative"
"W3015279237","country:united-states","abstract","usa"
"W3015279237","country:united-states","abstract","trump"
"W3015279237","region:north-america","rule","from the country named"
"W3022396551","topic:gender","title","feminism"
"W3022396551","topic:democracy-institutions","title","authoritarianism"
"W3022396551","country:china","title","china"
"W3022396551","region:asia-pacific","rule","from the country named"
"W3027467846","approach:discursive","abstract","laclau"
"W3045574421","topic:parties","rule","second test passed: the abstract speaks of parties more than of voters"
"W3045574421","topic:parties","abstract","party"
"W3045574421","topic:parties","abstract","parties"
"W3045574421","topic:parties","abstract","party systems"
"W3045574421","topic:parties","abstract","party competition"
"W3045574421","topic:parties","abstract","radical right"
"W3045574421","topic:migration","title","nativist"
"W3045574421","topic:migration","abstract","nativism"
"W3045574421","topic:migration","abstract","nativist"
"W3045574421","method:quantitative","abstract","expert survey"
"W3045574421","region:europe","abstract","european"
"W3045574421","region:europe","abstract","europe"
"W3045574421","country:germany","abstract","afd"
"W3045574421","country:germany","abstract","german (+ political word)"
"W3047419613","topic:religion","title","religion"
"W3047419613","topic:religion","abstract","religious"
"W3047419613","topic:religion","abstract","religions"
"W3047419613","topic:religion","abstract","islam"
"W3047419613","topic:religion","abstract","religion"
"W3047419613","topic:religion","abstract","secularism"
"W3047721791","topic:international","title","eu"
"W3047721791","topic:international","abstract","eu"
"W3047721791","topic:international","abstract","european parliament"
"W3047721791","topic:parties","rule","second test passed: a party family in the title"
"W3047721791","topic:parties","title","radical right"
"W3047721791","method:mixed","abstract","multi method"
"W3047721791","region:europe","title","eu"
"W3047721791","region:europe","abstract","european"
"W3047721791","region:europe","abstract","eu"
"W3048037423","topic:parties","rule","second test passed: a party word in the title"
"W3048037423","topic:parties","title","radical right"
"W3048037423","topic:parties","title","parties"
"W3048037423","topic:parties","abstract","radical right"
"W3048037423","topic:parties","abstract","parties"
"W3048037423","topic:economy-welfare","title","welfare"
"W3048037423","topic:economy-welfare","title","inequalities"
"W3048037423","topic:economy-welfare","abstract","welfare"
"W3048037423","topic:economy-welfare","abstract","inequalities"
"W3048037423","region:europe","title","europe"
"W3048072817","topic:international","title","eu"
"W3048072817","topic:international","abstract","european union"
"W3048072817","topic:international","abstract","eu"
"W3048072817","topic:migration","abstract","refugees"
"W3048072817","topic:migration","abstract","asylum"
"W3048072817","method:qualitative","abstract","qualitative"
"W3048072817","region:europe","title","eu"
"W3048072817","region:europe","abstract","european"
"W3048072817","region:europe","abstract","eu"
"W3080333564","topic:gender","title","masculinity"
"W3080333564","topic:gender","abstract","masculinity"
"W3080333564","topic:religion","title","religion"
"W3080333564","topic:religion","abstract","islamic"
"W3080333564","topic:religion","abstract","muslim"
"W3080333564","topic:religion","abstract","religion"
"W3080333564","topic:democracy-institutions","abstract","liberal democracy"
"W3080333564","country:united-states","abstract","us"
"W3080333564","country:united-states","abstract","trump"
"W3080333564","region:north-america","rule","from the country named"
"W3082811238","topic:democracy-institutions","title","courts"
"W3082811238","topic:democracy-institutions","abstract","judiciary"
"W3082811238","topic:democracy-institutions","abstract","courts"
"W3082811238","topic:democracy-institutions","abstract","judicial"
"W3082811238","country:israel","abstract","israel"
"W3082811238","country:israel","abstract","israeli (+ political word)"
"W3082811238","region:mena","rule","from the country named"
"W3108933208","topic:parties","rule","second test passed: a party family in the title"
"W3108933208","topic:parties","title","far right"
"W3108933208","topic:parties","abstract","far right"
"W3108933208","topic:parties","abstract","parties"
"W3108933208","topic:parties","abstract","populist movements"
"W3108933208","country:georgia","title","georgia"
"W3108933208","country:georgia","abstract","georgia"
"W3108933208","country:georgia","abstract","georgian (+ political word)"
"W3108933208","region:europe","rule","from the country named"
"W3113070503","topic:spatial","abstract","territorial inequalities"
"W3113070503","topic:spatial","abstract","urban rural"
"W3113070503","topic:spatial","abstract","rural"
"W3113070503","topic:economy-welfare","abstract","inequalities"
"W3113070503","method:quantitative","abstract","statistical analysis"
"W3113070503","country:italy","title","italy"
"W3113070503","country:italy","abstract","italy"
"W3113070503","country:italy","abstract","lega"
"W3113070503","country:italy","abstract","movimento 5 stelle"
"W3113070503","country:italy","abstract","italian (+ political word)"
"W3113070503","region:europe","rule","from the country named"
"W3114817095","topic:parties","rule","second test passed: a party word in the title"
"W3114817095","topic:parties","title","populist movements"
"W3114817095","topic:parties","abstract","populist movements"
"W3114817095","topic:media-communication","title","media"
"W3114817095","topic:media-communication","abstract","media"
"W3114817095","topic:media-communication","abstract","communication"
"W3114817095","topic:media-communication","abstract","television"
"W3114817095","topic:media-communication","abstract","news coverage"
"W3114817095","topic:religion","abstract","islam"
"W3114817095","topic:religion","abstract","muslim"
"W3114817095","topic:migration","abstract","migration"
"W3114817095","method:experiment","abstract","two experiments"
"W3114817095","country:germany","title","german (+ political word)"
"W3114817095","country:germany","abstract","germany"
"W3114817095","country:germany","abstract","german (+ political word)"
"W3114817095","region:europe","rule","from the country named"
"W3117269427","approach:other","abstract","approaches to populism"
"W3117269427","topic:gender","title","gender"
"W3117269427","topic:gender","abstract","gender"
"W3117269427","topic:gender","abstract","masculine"
"W3117269427","topic:gender","abstract","lgbtq"
"W3148519756","topic:religion","title","islamic"
"W3153675329","topic:voters","abstract","citizens"
"W3153675329","topic:economy-welfare","abstract","redistribution"
"W3153675329","topic:economy-welfare","abstract","inequality"
"W3153675329","topic:economy-welfare","abstract","economic"
"W3153675329","topic:migration","abstract","immigration"
"W3153675329","topic:migration","abstract","immigrants"
"W3153675329","region:europe","abstract","europe"
"W3153675329","region:europe","abstract","european"
"W3153675329","country:united-states","abstract","usa"
"W3153675329","region:north-america","rule","from the country named"
"W4240666122","topic:religion","title","religion"
"W2998915368","country:china","title","chinese (+ political word)"
"W2998915368","country:china","abstract","china"
"W2998915368","country:china","abstract","chinese (+ political word)"
"W2998915368","region:asia-pacific","rule","from the country named"
"W3003849043","region:europe","title","central europe"
"W3016006529","topic:economy-welfare","abstract","economy"
"W3016006529","topic:economy-welfare","abstract","fiscal"
"W3016006529","country:romania","title","romania"
"W3016006529","country:romania","abstract","romania"
"W3016006529","country:romania","abstract","romanian (+ political word)"
"W3016006529","region:europe","rule","from the country named"
"W3037689459","topic:democracy-institutions","abstract","judiciary"
"W3037689459","topic:democracy-institutions","abstract","rule of law"
"W3037689459","topic:democracy-institutions","abstract","judicial"
"W3037689459","country:poland","title","polish (+ political word)"
"W3037689459","country:poland","abstract","poland"
"W3037689459","country:poland","abstract","law and justice"
"W3037689459","country:poland","abstract","prawo i sprawiedliworc"
"W3037689459","country:poland","abstract","pis"
"W3037689459","country:poland","abstract","kaczynski"
"W3037689459","country:poland","abstract","polish (+ political word)"
"W3037689459","region:europe","rule","from the country named"
"W3044470680","country:france","title","france"
"W3044470680","region:europe","rule","from the country named"
"W3045698404","topic:international","title","european union"
"W3045698404","topic:international","abstract","eu"
"W3045698404","topic:religion","title","religious"
"W3045698404","topic:religion","abstract","religious"
"W3045698404","region:europe","title","european"
"W3045698404","region:europe","abstract","european"
"W3045698404","region:europe","abstract","eu"
"W3045698404","country:italy","abstract","italy"
"W3055119634","topic:gender","title","women"
"W3055119634","country:indonesia","title","indonesian (+ political word)"
"W3055119634","region:asia-pacific","rule","from the country named"
"W3096030384","topic:economy-welfare","title","economy"
"W3100003611","topic:parties","rule","second test passed: the abstract speaks of parties more than of voters"
"W3100003611","topic:parties","abstract","populist leaders"
"W3100003611","topic:parties","abstract","parties"
"W3100003611","topic:religion","title","muslim"
"W3100003611","topic:religion","abstract","muslim"
"W3111108927","topic:international","title","eu"
"W3111108927","topic:international","abstract","european parliament"
"W3111108927","topic:international","abstract","european union"
"W3111108927","topic:international","abstract","brexit"
"W3111108927","topic:parties","rule","second test passed: a party word in the title"
"W3111108927","topic:parties","title","parties"
"W3111108927","topic:parties","abstract","manifestos"
"W3111108927","topic:parties","abstract","parties"
"W3111108927","method:qualitative","abstract","qualitative"
"W3111108927","region:europe","title","eu"
"W3111108927","region:europe","abstract","european"
"W3111108927","region:europe","abstract","central european"
"W3111108927","country:united-kingdom","abstract","brexit"
"W3118069830","approach:performative","abstract","populist style"
"W3118069830","topic:parties","rule","second test passed: a party word in the title"
"W3118069830","topic:parties","title","parties"
"W3118069830","topic:parties","title","radical right"
"W3118069830","topic:parties","title","right wing populist"
"W3118069830","topic:parties","abstract","radical right"
"W3118069830","topic:parties","abstract","right wing populist"
"W3118069830","topic:parties","abstract","party"
"W3118069830","topic:parties","abstract","parties"
"W3118069830","topic:parties","abstract","far right"
"W3118069830","topic:voters","abstract","electorate"
"W3118069830","topic:voters","abstract","supporters"
"W3118069830","topic:democracy-institutions","abstract","authoritarianism"
"W3118069830","country:new-zealand","title","new zealand"
"W3118069830","country:new-zealand","title","new zealand first"
"W3118069830","country:new-zealand","abstract","new zealand"
"W3118069830","country:new-zealand","abstract","new zealand first"
"W3118069830","region:asia-pacific","rule","from the country named"
"W2857357375","topic:economy-welfare","abstract","economic"
"W2968022808","topic:migration","title","migrants"
"W2968022808","topic:migration","abstract","migrant"
"W2968022808","topic:migration","abstract","migration"
"W2968022808","region:asia-pacific","title","southeast asia"
"W2968022808","region:asia-pacific","abstract","southeast asia"
"W2968022808","region:asia-pacific","abstract","southeast asian"
"W2968022808","region:asia-pacific","abstract","asian"
"W3000473673","topic:parties","rule","second test passed: a party family in the title"
"W3000473673","topic:parties","title","radical right"
"W3000878152","topic:media-communication","title","facebook"
"W3000878152","country:sweden","abstract","swedish (+ political word)"
"W3000878152","region:europe","rule","from the country named"
"W3011377903","country:united-states","abstract","american (+ political word)"
"W3011377903","region:north-america","rule","from the country named"
"W3011890870","topic:democracy-institutions","abstract","liberal democracy"
"W3011890870","topic:democracy-institutions","abstract","democratisation"
"W3012539127","topic:religion","title","religio"
"W3012539127","topic:religion","title","evangelicals"
"W3012539127","topic:religion","abstract","religion"
"W3012539127","topic:religion","abstract","evangelicals"
"W3012539127","country:united-states","title","u s"
"W3012539127","region:north-america","rule","from the country named"
"W3031725768","topic:gender","abstract","gender"
"W3031725768","topic:gender","abstract","women"
"W3031725768","region:europe","title","eastern europe"
"W3031725768","region:europe","abstract","eastern europe"
"W3031725768","region:europe","abstract","european"
"W3033524039","topic:economy-welfare","abstract","economic"
"W3033524039","topic:democracy-institutions","title","judicial"
"W3033524039","topic:democracy-institutions","abstract","judicial"
"W3033524039","topic:democracy-institutions","abstract","constitutional"
"W3033524039","topic:democracy-institutions","abstract","court"
"W3033524039","topic:democracy-institutions","abstract","constitution"
"W3033524039","topic:democracy-institutions","abstract","rule of law"
"W3033524039","country:indonesia","abstract","indonesia"
"W3033524039","region:asia-pacific","rule","from the country named"
"W3040515290","topic:economy-welfare","title","globalization"
"W3040515290","topic:economy-welfare","abstract","globalization"
"W3040515290","topic:economy-welfare","abstract","neoliberalism"
"W3040515290","topic:economy-welfare","abstract","neoliberal"
"W3040785305","topic:parties","rule","second test passed: a party word in the title"
"W3040785305","topic:parties","title","social movements"
"W3041437821","topic:media-communication","title","frames"
"W3041437821","country:united-states","title","us"
"W3041437821","region:north-america","rule","from the country named"
"W3042210463","topic:parties","rule","second test passed: a party family in the title"
"W3042210463","topic:parties","title","far right"
"W3042210463","topic:spatial","title","rural"
"W3042210463","topic:spatial","abstract","rural"
"W3042210463","method:qualitative","abstract","interviews"
"W3042210463","country:sweden","title","sweden"
"W3042210463","country:sweden","abstract","sweden"
"W3042210463","country:sweden","abstract","sweden democrats"
"W3042210463","region:europe","rule","from the country named"
"W3048395873","topic:parties","rule","second test passed: a party word in the title"
"W3048395873","topic:parties","title","radical right"
"W3048395873","topic:parties","title","parties"
"W3048395873","topic:parties","abstract","populist politicians"
"W3048395873","topic:parties","abstract","right wing populist"
"W3048395873","topic:parties","abstract","populist leaders"
"W3048395873","topic:economy-welfare","title","welfare"
"W3048395873","topic:economy-welfare","abstract","welfare"
"W3048395873","topic:migration","abstract","immigrants"
"W3048395873","region:europe","title","europe"
"W3048395873","region:latin-america","title","latin america"
"W3048395873","region:latin-america","abstract","latin america"
"W3048422570","topic:parties","rule","second test passed: a party word in the title"
"W3048422570","topic:parties","title","party"
"W3048422570","topic:parties","abstract","parties"
"W3048422570","topic:parties","abstract","party"
"W3048850813","topic:gender","abstract","gender"
"W3048850813","topic:gender","abstract","sexuality"
"W3048850813","topic:religion","abstract","religions"
"W3048850813","topic:religion","abstract","religious"
"W3048850813","method:mixed","abstract","qualitative and quantitative"
"W3088195009","topic:parties","rule","second test passed: a party word in the title"
"W3088195009","topic:parties","title","parties"
"W3090891803","topic:parties","rule","second test passed: a party family in the title"
"W3090891803","topic:parties","title","radical right"
"W3090891803","topic:parties","abstract","radical right"
"W3090891803","topic:parties","abstract","parties"
"W3090891803","topic:parties","abstract","party"
"W3090891803","method:qualitative","abstract","qualitative"
"W3090891803","region:europe","title","eastern europe"
"W3090891803","region:europe","abstract","eastern europe"
"W3109622749","approach:performative","abstract","performative"
"W3109622749","approach:performative","abstract","political style"
"W3109622749","approach:performative","abstract","performativity"
"W3109622749","approach:performative","abstract","populist performances"
"W3109622749","country:estonia","title","estonia"
"W3109622749","country:estonia","abstract","estonia"
"W3109622749","country:estonia","abstract","ekre"
"W3109622749","country:slovakia","title","slovakia"
"W3109622749","country:slovakia","abstract","slovakia"
"W3109622749","region:europe","rule","from the country named"
"W3110995477","topic:parties","rule","second test passed: a party family in the title"
"W3110995477","topic:parties","title","radical right"
"W3110995477","topic:religion","title","religious"
"W3110995477","topic:religion","abstract","religious"
"W3110995477","topic:religion","abstract","religiously"
"W3110995477","topic:religion","abstract","religion"
"W3110995477","country:romania","title","romania"
"W3110995477","region:europe","rule","from the country named"
"W3113969917","topic:voters","title","populist attitudes"
"W3113969917","topic:voters","abstract","citizens"
"W3113969917","topic:voters","abstract","populist attitudes"
"W3113969917","topic:media-communication","title","facebook"
"W3113969917","topic:media-communication","abstract","social networking"
"W3113969917","topic:media-communication","abstract","communication"
"W3113969917","topic:media-communication","abstract","facebook"
"W4251300199","topic:religion","title","islam"
"W4251300199","country:turkey","title","turkey"
"W4251300199","country:turkey","title","akp"
"W4251300199","region:europe","rule","from the country named"
"W2999831644","approach:discursive","abstract","laclau"
"W2999831644","approach:discursive","abstract","empty signifiers"
"W2999831644","topic:economy-welfare","abstract","neoliberal"
"W2999831644","topic:economy-welfare","abstract","economic"
"W2999831644","topic:economy-welfare","abstract","neoliberales"
"W2999831644","country:spain","title","podemos"
"W2999831644","country:spain","abstract","podemos"
"W2999831644","country:spain","abstract","spanish (+ political word)"
"W2999831644","region:europe","rule","from the country named"
"W3008642869","topic:parties","rule","second test passed: a party family in the title"
"W3008642869","topic:parties","title","radical left"
"W3008642869","topic:gender","title","masculinity"
"W3008642869","topic:gender","abstract","masculinity"
"W3008642869","topic:gender","abstract","gendered"
"W3008642869","topic:gender","abstract","masculine"
"W3008642869","country:united-kingdom","abstract","scotland"
"W3008642869","country:united-kingdom","abstract","scottish (+ political word)"
"W3008642869","region:europe","rule","from the country named"
"W3010775227","topic:parties","rule","second test passed: a party word in the title"
"W3010775227","topic:parties","title","right wing populist"
"W3010775227","topic:parties","title","party"
"W3010775227","topic:parties","abstract","party"
"W3010775227","topic:parties","abstract","parties"
"W3010775227","topic:parties","abstract","populist movements"
"W3010775227","topic:media-communication","title","media"
"W3010775227","topic:media-communication","abstract","media"
"W3010775227","topic:migration","abstract","anti immigration"
"W3010775227","country:finland","title","finns party"
"W3010775227","country:finland","abstract","finns party"
"W3010775227","country:finland","abstract","finnish (+ political word)"
"W3010775227","region:europe","rule","from the country named"
"W3013324721","topic:economy-welfare","abstract","economic"
"W3013324721","topic:economy-welfare","abstract","globalization"
"W3013324721","topic:media-communication","abstract","media"
"W3013324721","topic:media-communication","abstract","communication"
"W3013324721","region:europe","title","europe"
"W3013324721","country:spain","title","spanish (+ political word)"
"W3023448795","country:united-kingdom","title","uk"
"W3023448795","country:united-kingdom","abstract","uk"
"W3023448795","country:united-kingdom","abstract","brexit"
"W3023448795","country:united-states","title","us"
"W3023448795","country:united-states","abstract","united states"
"W3023448795","country:united-states","abstract","us"
"W3023448795","country:united-states","abstract","trump"
"W3023448795","region:europe","rule","from the country named"
"W3023448795","region:north-america","rule","from the country named"
"W3024451867","topic:media-communication","title","journalist"
"W3024451867","topic:media-communication","title","media"
"W3024451867","topic:media-communication","abstract","journalist"
"W3024451867","topic:media-communication","abstract","tweeted"
"W3024451867","topic:media-communication","abstract","journalists"
"W3024451867","topic:media-communication","abstract","tweet"
"W3024451867","topic:media-communication","abstract","media"
"W3024451867","topic:media-communication","abstract","journalistic"
"W3024451867","topic:media-communication","abstract","communication"
"W3024451867","method:qualitative","abstract","qualitative"
"W3024451867","country:germany","title","german (+ political word)"
"W3024451867","region:europe","rule","from the country named"
"W3024824501","topic:parties","rule","second test passed: a party word in the title"
"W3024824501","topic:parties","title","populist right"
"W3024824501","topic:parties","title","social movements"
"W3024824501","topic:voters","title","citizens"
"W3024824501","topic:voters","abstract","citizens"
"W3024824501","topic:voters","abstract","attitudes"
"W3024824501","topic:migration","abstract","anti immigrant"
"W3024824501","country:germany","abstract","germany"
"W3024824501","country:germany","abstract","pegida"
"W3024824501","region:europe","rule","from the country named"
"W3041219527","topic:migration","abstract","immigration"
"W3041219527","topic:migration","abstract","xenophobic"
"W3041219527","method:qualitative","abstract","qualitative"
"W3041219527","country:italy","title","italy"
"W3041219527","region:europe","rule","from the country named"
"W3044201695","topic:international","abstract","european union"
"W3044201695","topic:international","abstract","eu"
"W3044201695","topic:parties","rule","second test passed: a party word in the title"
"W3044201695","topic:parties","title","radical right"
"W3044201695","topic:parties","title","parties"
"W3044201695","topic:parties","abstract","radical right"
"W3044201695","topic:parties","abstract","parties"
"W3044201695","topic:parties","abstract","party"
"W3044201695","topic:economy-welfare","title","welfare"
"W3044201695","topic:economy-welfare","abstract","welfare"
"W3044201695","topic:economy-welfare","abstract","free trade"
"W3044201695","topic:economy-welfare","abstract","protectionism"
"W3044201695","topic:gender","abstract","gender"
"W3044201695","topic:gender","abstract","sexuality"
"W3044201695","region:europe","title","europe"
"W3044201695","region:europe","abstract","europe"
"W3044201695","region:europe","abstract","european"
"W3044201695","region:europe","abstract","eu"
"W3044201695","country:united-states","abstract","trump"
"W3044201695","country:united-states","abstract","usa"
"W3044201695","region:north-america","rule","from the country named"
"W3044218625","region:europe","title","european"
"W3044218625","region:europe","abstract","european"
"W3044534383","topic:media-communication","abstract","communication"
"W3044534383","topic:media-communication","abstract","facebook"
"W3044534383","topic:media-communication","abstract","twitter"
"W3045654071","topic:gender","abstract","feminist"
"W3045654071","topic:gender","abstract","patriarchal"
"W3045654071","country:united-kingdom","abstract","uk"
"W3045654071","region:europe","rule","from the country named"
"W3046661604","topic:economy-welfare","title","neoliberal"
"W3046661604","country:turkey","title","turkey"
"W3046661604","region:europe","rule","from the country named"
"W3047332602","topic:gender","title","gender"
"W3047767393","country:united-kingdom","abstract","england"
"W3047767393","region:europe","rule","from the country named"
"W3101806101","approach:discursive","title","laclau"
"W3101806101","approach:discursive","abstract","laclau"
"W3108274204","topic:parties","rule","second test passed: the abstract speaks of parties more than of voters"
"W3108274204","topic:parties","abstract","right wing populist"
"W3108274204","topic:parties","abstract","party"
"W3108274204","topic:parties","abstract","parties"
"W3108274204","topic:economy-welfare","title","neoliberalism"
"W3108274204","topic:economy-welfare","abstract","social policy"
"W3108274204","topic:economy-welfare","abstract","neoliberal"
"W3108274204","country:germany","abstract","germany"
"W3108274204","country:germany","abstract","alternative for germany"
"W3108274204","country:germany","abstract","afd"
"W3108274204","country:germany","abstract","german (+ political word)"
"W3108274204","region:europe","rule","from the country named"
"W3120170257","topic:parties","rule","second test passed: a party word in the title"
"W3120170257","topic:parties","title","candidate"
"W3120170257","topic:parties","abstract","radical right"
"W3120170257","topic:parties","abstract","candidates"
"W3120170257","country:united-states","title","u s"
"W3120170257","country:united-states","abstract","united states"
"W3120170257","country:united-states","abstract","trump"
"W3120170257","region:north-america","rule","from the country named"
"W3137651390","country:venezuela","title","venezuela"
"W3137651390","country:venezuela","abstract","venezuela"
"W3137651390","country:venezuela","abstract","chavismo"
"W3137651390","region:latin-america","rule","from the country named"
"W4250706036","topic:parties","rule","second test passed: a party word in the title"
"W4250706036","topic:parties","title","populist movement"
"W4250706036","topic:parties","title","party"
"W4250706036","topic:parties","abstract","populist movement"
"W4250706036","topic:parties","abstract","social movement"
"W4250706036","topic:parties","abstract","party"
"W4250706036","topic:parties","abstract","party system"
"W4250706036","country:united-states","abstract","american (+ political word)"
"W4250706036","region:north-america","rule","from the country named"
"W3004211530","topic:economy-welfare","title","protectionism"
"W3004211530","topic:economy-welfare","abstract","protectionism"
"W3004211530","topic:economy-welfare","abstract","economic"
"W3004211530","topic:economy-welfare","abstract","globalisation"
"W3004211530","country:china","abstract","china"
"W3004211530","region:asia-pacific","rule","from the country named"
"W3005629345","country:united-states","abstract","trumpism"
"W3005629345","region:north-america","rule","from the country named"
"W3005650873","approach:discursive","abstract","discursive construction"
"W3005650873","topic:economy-welfare","abstract","welfare"
"W3005650873","topic:economy-welfare","abstract","neoliberal"
"W3005650873","topic:economy-welfare","abstract","austerity"
"W3005650873","topic:economy-welfare","abstract","economic"
"W3005650873","topic:media-communication","abstract","media"
"W3005650873","country:ireland","title","ireland"
"W3005650873","region:europe","rule","from the country named"
"W3009736048","topic:migration","title","migration"
"W3009736048","topic:migration","abstract","migration"
"W3009736048","topic:migration","abstract","migrants"
"W3009736048","topic:migration","abstract","refugees"
"W3009736048","method:qualitative","abstract","discourse analysis"
"W3009736048","country:hungary","abstract","hungarian (+ political word)"
"W3009736048","region:europe","rule","from the country named"
"W3038093314","topic:parties","rule","second test passed: a party word in the title"
"W3038093314","topic:parties","title","social movements"
"W3043426674","topic:parties","rule","second test passed: a party word in the title"
"W3043426674","topic:parties","title","radical right"
"W3043426674","topic:parties","title","parties"
"W3043426674","topic:parties","abstract","radical right"
"W3043426674","topic:parties","abstract","parties"
"W3043426674","topic:economy-welfare","title","welfare"
"W3043426674","topic:economy-welfare","abstract","welfare"
"W3043426674","region:europe","title","europe"
"W3046023269","topic:religion","title","secularism"
"W3046023269","topic:religion","abstract","secularism"
"W3046023269","topic:religion","abstract","secular"
"W3046023269","topic:religion","abstract","religious"
"W3046023269","topic:religion","abstract","islamic"
"W3046023269","topic:religion","abstract","christian"
"W3046023269","topic:religion","abstract","religion"
"W3080967835","topic:international","abstract","european parliament"
"W3080967835","topic:international","abstract","european union"
"W3080967835","topic:international","abstract","eu"
"W3080967835","topic:parties","rule","second test passed: the abstract speaks of parties more than of voters"
"W3080967835","topic:parties","abstract","party"
"W3080967835","topic:parties","abstract","parties"
"W3080967835","topic:parties","abstract","far right"
"W3080967835","topic:government","abstract","incumbent"
"W3080967835","topic:government","abstract","incumbents"
"W3080967835","topic:government","abstract","in power"
"W3080967835","region:europe","title","european"
"W3080967835","region:europe","abstract","european"
"W3080967835","region:europe","abstract","eu"
"W3090846762","approach:performative","abstract","performative"
"W3090846762","topic:democracy-institutions","abstract","authoritarian"
"W3090846762","topic:democracy-institutions","abstract","referendum"
"W3090846762","country:united-states","abstract","trump"
"W3090846762","region:north-america","rule","from the country named"
"W3096425434","topic:international","abstract","european union"
"W3096425434","topic:international","abstract","eu"
"W3096425434","topic:international","abstract","euroscepticism"
"W3096425434","topic:parties","rule","second test passed: a party family in the title"
"W3096425434","topic:parties","title","populist right"
"W3096425434","topic:parties","abstract","far right"
"W3096425434","topic:parties","abstract","party"
"W3096425434","topic:parties","abstract","right wing populism"
"W3096425434","topic:parties","abstract","right wing populist"
"W3096425434","region:europe","title","european"
"W3096425434","region:europe","abstract","central european"
"W3096425434","region:europe","abstract","european"
"W3096425434","region:europe","abstract","eu"
"W3096425434","country:austria","title","austria"
"W3096425434","country:austria","abstract","austria"
"W3096425434","country:austria","abstract","fpo"
"W3098191475","topic:international","title","eu"
"W3098191475","region:europe","title","central europe"
"W3098191475","region:europe","title","eu"
"W3107324986","topic:economy-welfare","abstract","financial crisis"
"W3107324986","topic:economy-welfare","abstract","economic"
"W3107324986","topic:media-communication","title","television"
"W3107324986","topic:media-communication","abstract","television"
"W3107324986","topic:media-communication","abstract","media"
"W3107324986","country:greece","title","syriza"
"W3107324986","country:greece","title","anel"
"W3107324986","region:europe","rule","from the country named"
"W3115859306","country:spain","title","spanish (+ political word)"
"W3115859306","region:europe","rule","from the country named"
"W3126168509","todo:check-record","rule","DOI accepted by reading, not by the automatic rule"
"W3126168509","topic:media-communication","title","communication"
"W3126168509","region:europe","title","europe"
"W4235090563","topic:foreign-policy","title","foreign policy"
"W4235090563","topic:religion","title","islamism"
"W4235090563","country:turkey","title","turkish (+ political word)"
"W4235090563","region:europe","rule","from the country named"
"W3024770989","topic:economy-welfare","title","neoliberal"
"W3024770989","topic:economy-welfare","abstract","neoliberal"
"W3024770989","topic:gender","title","gender"
"W3024770989","topic:gender","abstract","feminisms"
"W3024770989","topic:gender","abstract","feminist"
"W3024770989","topic:gender","abstract","feminism"
"W3024770989","country:spain","title","spanish (+ political word)"
"W3024770989","region:europe","rule","from the country named"
"W3031164520","topic:economy-welfare","title","social policy"
"W3031164520","topic:economy-welfare","title","neoliberalism"
"W3031164520","topic:economy-welfare","abstract","redistribution"
"W3031164520","topic:economy-welfare","abstract","social policy"
"W3031164520","country:russia","abstract","russia"
"W3031164520","country:russia","abstract","putin"
"W3031164520","region:europe","rule","from the country named"
"W3040028884","topic:media-communication","title","communication"
"W3040028884","topic:media-communication","title","journalists"
"W3040028884","topic:media-communication","abstract","communication"
"W3040028884","topic:media-communication","abstract","journalists"
"W3040028884","topic:media-communication","abstract","media"
"W3040028884","method:qualitative","abstract","qualitative"
"W3040028884","region:europe","abstract","western europe"
"W3040028884","region:europe","abstract","eastern europe"
"W3040028884","country:serbia","title","vucic"
"W3040028884","country:serbia","abstract","serbia"
"W3040028884","country:serbia","abstract","vucic"
"W3040028884","country:serbia","abstract","serbian (+ political word)"
"W3040028884","country:united-states","title","trump"
"W3040028884","country:united-states","abstract","us"
"W3040028884","country:united-states","abstract","trump"
"W3040028884","region:north-america","rule","from the country named"
"W3046727249","region:latin-america","title","latin america"
"W3046727249","region:latin-america","abstract","latin america"
"W3046797046","topic:international","abstract","european union"
"W3046797046","topic:migration","title","refugee"
"W3046797046","topic:migration","abstract","refugee"
"W3046797046","topic:migration","abstract","migration"
"W3046797046","region:europe","title","european"
"W3046797046","region:europe","abstract","european"
"W3081031780","topic:parties","rule","second test passed: a party word in the title"
"W3081031780","topic:parties","title","radical right"
"W3081031780","topic:parties","title","parties"
"W3081031780","topic:parties","abstract","radical right"
"W3081031780","topic:parties","abstract","parties"
"W3081031780","topic:economy-welfare","title","welfare"
"W3081031780","topic:economy-welfare","abstract","welfare"
"W3081031780","topic:economy-welfare","abstract","inequalities"
"W3081031780","topic:migration","abstract","migrant"
"W3081031780","region:europe","title","europe"
"W3082570526","topic:international","title","european parliament"
"W3082570526","region:europe","title","european"
"W3085844264","topic:democracy-institutions","title","constitutional"
"W3085844264","topic:democracy-institutions","abstract","constitutional"
"W3085844264","topic:democracy-institutions","abstract","constitutionalism"
"W3085844264","topic:democracy-institutions","abstract","authoritarian"
"W3085844264","country:italy","abstract","italy"
"W3085844264","country:poland","abstract","poland"
"W3085844264","region:europe","rule","from the country named"
"W3088856065","topic:parties","rule","second test passed: a party word in the title"
"W3088856065","topic:parties","title","radical right"
"W3088856065","topic:parties","title","parties"
"W3088856065","topic:parties","abstract","radical right"
"W3088856065","topic:parties","abstract","parties"
"W3088856065","topic:economy-welfare","title","welfare"
"W3088856065","topic:economy-welfare","abstract","welfare"
"W3088856065","region:europe","title","europe"
"W3088856065","country:netherlands","abstract","netherlands"
"W3089344129","topic:media-communication","title","communicational"
"W3089344129","topic:democracy-institutions","abstract","rule of law"
"W3089344129","topic:democracy-institutions","abstract","judiciary"
"W3089344129","method:qualitative","abstract","discourse analysis"
"W3089344129","method:qualitative","abstract","ethnography"
"W3089344129","country:romania","title","romanian (+ political word)"
"W3089344129","region:europe","rule","from the country named"
"W3107091703","topic:government","abstract","populist government"
"W3107091703","topic:migration","abstract","xenophobia"
"W3109476293","topic:defence-security","abstract","armed forces"
"W3109476293","topic:defence-security","abstract","military"
"W3109476293","topic:gender","abstract","gender"
"W3109476293","topic:gender","abstract","masculinity"
"W3109476293","country:egypt","abstract","egypt"
"W3109476293","region:mena","rule","from the country named"
"W3112651351","topic:parties","rule","second test passed: the abstract speaks of parties more than of voters"
"W3112651351","topic:parties","abstract","parties"
"W3112651351","topic:parties","abstract","party"
"W3112651351","topic:parties","abstract","party system"
"W3112651351","topic:democracy-institutions","abstract","democratisation"
"W3112651351","topic:democracy-institutions","abstract","authoritarian"
"W3112651351","country:kosovo","title","kosovo"
"W3112651351","country:kosovo","abstract","kosovo"
"W3112651351","region:europe","rule","from the country named"
"W3113305211","country:brazil","title","brazil"
"W3113305211","country:brazil","abstract","brazil"
"W3113305211","region:latin-america","rule","from the country named"
"W3132481000","country:kuwait","title","kuwait"
"W3132481000","country:kuwait","abstract","kuwait"
"W3132481000","region:mena","rule","from the country named"
"W3176021285","topic:parties","rule","second test passed: a party word in the title"
"W3176021285","topic:parties","title","candidates"
"W3176021285","topic:parties","abstract","populist politicians"
"W3176021285","topic:parties","abstract","candidate"
"W3176021285","topic:parties","abstract","populist politician"
"W3176021285","method:experiment","abstract","two experiments"
"W4285580973","country:italy","title","italian (+ political word)"
"W4285580973","region:europe","rule","from the country named"
"W3004839003","topic:religion","abstract","religious"
"W3004839003","topic:religion","abstract","christian"
"W3004839003","country:united-states","abstract","united states"
"W3004839003","country:united-states","abstract","u s"
"W3004839003","region:north-america","rule","from the country named"
"W3009686400","topic:migration","title","immigration"
"W3011653103","topic:parties","rule","second test passed: a party word in the title"
"W3011653103","topic:parties","title","parties"
"W3011653103","topic:parties","abstract","populist right"
"W3011653103","topic:parties","abstract","parties"
"W3011653103","region:europe","title","european"
"W3021583361","topic:international","title","euroscepticism"
"W3021583361","topic:international","abstract","eurosceptic"
"W3021583361","topic:international","abstract","european parliament"
"W3021583361","topic:international","abstract","euroscepticism"
"W3021583361","topic:international","abstract","eurosceptics"
"W3021583361","topic:international","abstract","transnational"
"W3021583361","region:europe","abstract","european"
"W3021583361","region:europe","abstract","europe"
"W3021683425","country:united-states","title","u s"
"W3021683425","country:united-states","abstract","trump"
"W3021683425","country:united-states","abstract","bernie sanders"
"W3021683425","country:united-states","abstract","u s"
"W3021683425","region:north-america","rule","from the country named"
"W3035337011","topic:government","title","populist rule"
"W3035337011","topic:democracy-institutions","title","rule of law"
"W3035337011","country:italy","title","italy"
"W3035337011","region:europe","rule","from the country named"
"W3036363140","topic:international","title","brexit"
"W3036363140","topic:international","abstract","european integration"
"W3036363140","topic:international","abstract","brexit"
"W3036363140","topic:international","abstract","eu"
"W3036363140","topic:economy-welfare","abstract","globalisation"
"W3036363140","topic:economy-welfare","abstract","economy"
"W3036363140","topic:media-communication","title","twitter"
"W3036363140","topic:media-communication","title","media"
"W3036363140","topic:media-communication","abstract","twitter"
"W3036363140","topic:media-communication","abstract","media"
"W3036363140","topic:media-communication","abstract","tweets"
"W3036363140","topic:democracy-institutions","title","referendum"
"W3036363140","topic:democracy-institutions","abstract","referendum"
"W3036363140","region:europe","abstract","european"
"W3036363140","region:europe","abstract","eu"
"W3036363140","country:united-kingdom","title","brexit"
"W3036363140","country:united-kingdom","abstract","brexit"
"W3036363140","country:united-kingdom","abstract","british (+ political word)"
"W3036504288","topic:media-communication","abstract","media"
"W3036504288","topic:media-communication","abstract","twitter"
"W3036504288","topic:media-communication","abstract","communication"
"W3036504288","country:turkey","abstract","turkey"
"W3036504288","region:europe","rule","from the country named"
"W3037023640","country:argentina","abstract","peron"
"W3037023640","country:argentina","abstract","kirchner"
"W3037023640","region:latin-america","rule","from the country named"
"W3037534667","topic:religion","title","religion"
"W3037534667","topic:religion","abstract","religion"
"W3037534667","topic:religion","abstract","churches"
"W3037534667","topic:religion","abstract","religions"
"W3037534667","topic:religion","abstract","religious"
"W3037534667","topic:religion","abstract","catholicism"
"W3037534667","topic:religion","abstract","muslim"
"W3037534667","topic:religion","abstract","hindu"
"W3037896585","country:united-states","title","trump"
"W3037896585","country:united-states","abstract","trump"
"W3037896585","country:united-states","abstract","trumpian"
"W3037896585","region:north-america","rule","from the country named"
"W3043092936","topic:economy-welfare","title","welfare"
"W3043092936","topic:economy-welfare","abstract","welfare"
"W3045873754","country:czech-republic","abstract","czech republic"
"W3045873754","region:europe","rule","from the country named"
"W3092312246","topic:economy-welfare","title","economy"
"W3092312246","topic:economy-welfare","abstract","economic"
"W3092312246","topic:economy-welfare","abstract","inequality"
"W3092312246","topic:economy-welfare","abstract","welfare"
"W3092312246","topic:economy-welfare","abstract","fiscal"
"W3092312246","method:quantitative","abstract","statistical analyses"
"W3092312246","region:europe","abstract","european"
"W3092312246","region:europe","abstract","western european"
"W3092312246","country:ukraine","abstract","ukraine"
"W3092312246","country:ukraine","abstract","ukrainian (+ political word)"
"W3098054498","topic:parties","rule","second test passed: a party word in the title"
"W3098054498","topic:parties","title","right wing populist"
"W3098054498","topic:parties","title","parties"
"W3098054498","topic:parties","abstract","right wing populist"
"W3098054498","topic:parties","abstract","parties"
"W3098054498","topic:parties","abstract","party"
"W3098054498","topic:voters","abstract","voters"
"W3098054498","topic:voters","abstract","supporters"
"W3098054498","country:germany","abstract","german (+ political word)"
"W3098054498","region:europe","rule","from the country named"
"W3107229879","topic:religion","title","secular"
"W3107229879","country:united-states","abstract","trump"
"W3107229879","region:north-america","rule","from the country named"
"W3109257276","topic:parties","rule","second test passed: a party word in the title"
"W3109257276","topic:parties","title","radical right"
"W3109257276","topic:parties","title","party"
"W3109257276","topic:economy-welfare","title","unemployment"
"W3109257276","country:switzerland","title","swiss people s party"
"W3109257276","country:switzerland","title","swiss (+ political word)"
"W3109257276","country:switzerland","abstract","swiss people s party"
"W3109257276","country:switzerland","abstract","svp"
"W3109257276","country:switzerland","abstract","swiss (+ political word)"
"W3109257276","region:europe","rule","from the country named"
"W3129544378","country:hungary","abstract","hungary"
"W3129544378","region:europe","rule","from the country named"
"W3009286782","region:europe","title","europe"
"W3011494664","approach:discursive","title","discursive construction"
"W3011494664","approach:performative","abstract","performance of crisis"
"W3011494664","topic:migration","abstract","migration"
"W3011494664","topic:migration","abstract","migrants"
"W3011494664","topic:migration","abstract","refugee"
"W3011494664","country:hungary","title","hungary"
"W3011494664","country:hungary","abstract","hungary"
"W3011494664","country:hungary","abstract","hungarian (+ political word)"
"W3011494664","region:europe","rule","from the country named"
"W3012007046","topic:parties","rule","second test passed: the abstract speaks of parties more than of voters"
"W3012007046","topic:parties","abstract","parties"
"W3012007046","topic:parties","abstract","manifestos"
"W3012007046","topic:parties","abstract","party"
"W3012007046","topic:voters","abstract","citizens"
"W3012007046","method:qualitative","abstract","qualitative"
"W3012007046","country:lithuania","title","lithuania"
"W3012007046","region:europe","rule","from the country named"
"W3028594230","topic:economy-welfare","abstract","economic"
"W3028594230","topic:economy-welfare","abstract","inequality"
"W3028594230","topic:economy-welfare","abstract","welfare"
"W3028594230","country:united-states","abstract","united states"
"W3028594230","country:united-states","abstract","trump"
"W3028594230","country:united-states","abstract","american (+ political word)"
"W3028594230","region:north-america","rule","from the country named"
"W3040264379","topic:economy-welfare","abstract","economy"
"W3040264379","topic:economy-welfare","abstract","welfare"
"W3040264379","country:united-states","abstract","united states"
"W3040264379","region:north-america","rule","from the country named"
"W3089774954","method:qualitative","abstract","interviews"
"W3089774954","country:canada","abstract","canada"
"W3089774954","region:north-america","rule","from the country named"
"W3091925990","topic:international","abstract","european union"
"W3091925990","topic:international","abstract","brexit"
"W3091925990","topic:parties","rule","second test passed: a party family in the title"
"W3091925990","topic:parties","title","radical right"
"W3091925990","topic:parties","abstract","radical right"
"W3091925990","topic:parties","abstract","party"
"W3091925990","country:united-kingdom","title","britain"
"W3091925990","country:united-kingdom","abstract","britain"
"W3091925990","country:united-kingdom","abstract","united kingdom"
"W3091925990","country:united-kingdom","abstract","ukip"
"W3091925990","country:united-kingdom","abstract","brexit"
"W3091925990","country:united-kingdom","abstract","farage"
"W3091925990","region:europe","rule","from the country named"
"W3096189604","topic:parties","rule","second test passed: a leader or a party named in the title"
"W3096189604","topic:parties","abstract","populist leaders"
"W3096189604","topic:parties","abstract","party"
"W3096189604","topic:democracy-institutions","title","authoritarian"
"W3096189604","topic:democracy-institutions","abstract","authoritarian"
"W3096189604","country:united-states","title","trumpism"
"W3096189604","country:united-states","abstract","trump"
"W3096189604","country:united-states","abstract","us"
"W3096189604","country:south-africa","abstract","south africa"
"W3096189604","country:south-africa","abstract","zuma"
"W3096189604","region:north-america","rule","from the country named"
"W3096189604","region:sub-saharan-africa","rule","from the country named"
"W3112698013","country:netherlands","title","wilders"
"W3112698013","country:netherlands","abstract","wilders"
"W3112698013","country:netherlands","abstract","dutch (+ political word)"
"W3112698013","region:europe","rule","from the country named"
"W3119010570","country:united-states","abstract","united states"
"W3119010570","country:united-states","abstract","usa"
"W3119010570","region:north-america","rule","from the country named"
"W3127971149","country:india","title","india"
"W3127971149","region:asia-pacific","rule","from the country named"
"W3129863108","country:indonesia","title","indonesian (+ political word)"
"W3129863108","region:asia-pacific","rule","from the country named"
"W4210249637","topic:parties","rule","second test passed: a leader or a party named in the title"
"W4210249637","topic:parties","abstract","candidates"
"W4210249637","topic:parties","abstract","party"
"W4210249637","topic:voters","abstract","voters"
"W4210249637","topic:voters","abstract","voter"
"W4210249637","topic:media-communication","abstract","media"
"W4210249637","topic:media-communication","abstract","communication"
"W4210249637","country:united-states","title","obama"
"W4210249637","country:united-states","title","trump"
"W4210249637","country:united-states","abstract","obama"
"W4210249637","country:united-states","abstract","trump"
"W4210249637","region:north-america","rule","from the country named"
"W4242646846","country:united-states","title","american (+ political word)"
"W4242646846","region:north-america","rule","from the country named"
"W4410654336","topic:parties","rule","second test passed: a party word in the title"
"W4410654336","topic:parties","title","manifesto"
"W2971015268","topic:economy-welfare","title","fiscal"
"W2971015268","topic:economy-welfare","abstract","fiscal"
"W2998774295","country:venezuela","title","venezuela"
"W2998774295","region:latin-america","rule","from the country named"
"W3003294906","approach:performative","abstract","political style"
"W3003294906","topic:government","abstract","administration"
"W3003294906","topic:economy-welfare","abstract","economic"
"W3003294906","topic:economy-welfare","abstract","fiscal"
"W3003294906","topic:economy-welfare","abstract","economy"
"W3003294906","topic:democracy-institutions","abstract","illiberal"
"W3003294906","topic:democracy-institutions","abstract","authoritarian"
"W3003294906","topic:democracy-institutions","abstract","democratic institutions"
"W3003294906","topic:democracy-institutions","abstract","authoritarianism"
"W3003294906","country:philippines","abstract","philippines"
"W3003294906","country:philippines","abstract","duterte"
"W3003294906","country:philippines","abstract","philippine (+ political word)"
"W3003294906","region:asia-pacific","rule","from the country named"
"W3003864210","approach:performative","abstract","political style"
"W3003864210","topic:government","abstract","administration"
"W3003864210","topic:economy-welfare","abstract","economy"
"W3003864210","topic:economy-welfare","abstract","economic"
"W3003864210","topic:democracy-institutions","abstract","authoritarianism"
"W3003864210","topic:democracy-institutions","abstract","authoritarian"
"W3003864210","country:philippines","abstract","philippines"
"W3003864210","country:philippines","abstract","duterte"
"W3003864210","region:asia-pacific","rule","from the country named"
"W3003971320","region:europe","title","europe"
"W3007729936","topic:migration","abstract","refugees"
"W3007729936","topic:migration","abstract","immigration"
"W3007729936","country:canada","title","canada"
"W3007729936","country:united-states","title","us"
"W3007729936","region:north-america","rule","from the country named"
"W3010001277","topic:religion","title","islamic"
"W3010001277","country:greece","title","greece"
"W3010001277","country:indonesia","title","indonesia"
"W3010001277","region:global","rule","three or more regions named: mena, europe, asia-pacific"
"W3013863486","topic:international","abstract","multilateralism"
"W3013863486","country:canada","abstract","canada"
"W3013863486","country:united-states","abstract","trump"
"W3013863486","country:united-states","abstract","u s"
"W3013863486","region:north-america","rule","from the country named"
"W3015152817","region:europe","title","europe"
"W3015477721","country:switzerland","title","switzerland"
"W3015477721","region:europe","rule","from the country named"
"W3015733092","country:spain","abstract","spain"
"W3015733092","region:europe","rule","from the country named"
"W3021326219","topic:parties","rule","second test passed: a party word in the title"
"W3021326219","topic:parties","title","radical right"
"W3021326219","topic:parties","title","parties"
"W3021326219","region:europe","title","western europe"
"W3025042674","topic:international","title","brexit"
"W3025042674","country:united-kingdom","title","brexit"
"W3025042674","region:europe","rule","from the country named"
"W3027347403","approach:discursive","abstract","post structuralism"
"W3027347403","topic:economy-welfare","title","economy"
"W3027347403","topic:economy-welfare","title","economic"
"W3027347403","topic:economy-welfare","abstract","economy"
"W3027347403","topic:economy-welfare","abstract","economic"
"W3027347403","topic:media-communication","abstract","media"
"W3027347403","topic:media-communication","abstract","communication"
"W3027347403","method:qualitative","abstract","interviews"
"W3032067127","topic:international","title","international populism"
"W3032067127","topic:international","title","european parliament"
"W3032067127","topic:parties","rule","second test passed: a party family in the title"
"W3032067127","topic:parties","title","radical right"
"W3032067127","region:europe","title","european"
"W3045508923","country:united-states","title","american (+ political word)"
"W3045508923","country:united-states","abstract","american (+ political word)"
"W3045508923","region:north-america","rule","from the country named"
"W3081432483","topic:parties","rule","second test passed: a party word in the title"
"W3081432483","topic:parties","title","radical right"
"W3081432483","topic:parties","title","parties"
"W3081432483","topic:parties","abstract","radical right"
"W3081432483","topic:parties","abstract","parties"
"W3081432483","topic:parties","abstract","party"
"W3081432483","topic:parties","abstract","partisan"
"W3081432483","topic:economy-welfare","title","welfare"
"W3081432483","region:europe","title","europe"
"W3083933796","topic:economy-welfare","abstract","globalisation"
"W3083933796","topic:media-communication","title","media"
"W3083933796","topic:media-communication","abstract","media"
"W3083933796","topic:media-communication","abstract","communication"
"W3083933796","topic:democracy-institutions","title","democratisation"
"W3083933796","topic:democracy-institutions","abstract","populism and democracy"
"W3083933796","region:latin-america","abstract","latin america"
"W3083933796","country:united-states","abstract","united states"
"W3083933796","region:north-america","rule","from the country named"
"W3086364775","topic:parties","rule","second test passed: a party word in the title"
"W3086364775","topic:parties","title","radical right"
"W3086364775","topic:parties","title","parties"
"W3086364775","topic:parties","abstract","radical right"
"W3086364775","topic:parties","abstract","parties"
"W3086364775","topic:economy-welfare","title","welfare"
"W3086364775","topic:economy-welfare","abstract","welfare"
"W3086364775","region:europe","title","europe"
"W3091879016","topic:migration","title","xenophobia"
"W3091879016","topic:migration","abstract","xenophobia"
"W3091879016","topic:migration","abstract","immigrants"
"W3091879016","topic:migration","abstract","anti immigrant"
"W3091879016","topic:migration","abstract","anti immigration"
"W3091879016","country:united-states","abstract","united states"
"W3091879016","country:united-states","abstract","american (+ political word)"
"W3091879016","region:north-america","rule","from the country named"
"W3092177483","approach:discursive","abstract","laclau"
"W3092177483","region:sub-saharan-africa","abstract","african"
"W3092177483","country:jordan","abstract","jordan"
"W3092177483","region:mena","rule","from the country named"
"W3094529937","region:europe","abstract","eastern europe"
"W3094529937","country:czech-republic","title","czech republic"
"W3094529937","country:estonia","title","estonia"
"W3094529937","country:hungary","title","hungary"
"W3108280783","topic:voters","abstract","attitudes"
"W3108280783","topic:economy-welfare","title","economic"
"W3108280783","topic:economy-welfare","abstract","economic"
"W3108280783","topic:economy-welfare","abstract","unemployment"
"W3108280783","topic:migration","title","nativism"
"W3108280783","topic:migration","abstract","nativist"
"W3108280783","topic:migration","abstract","migrants"
"W3108280783","region:europe","abstract","european"
"W3108280783","region:europe","abstract","eu"
"W3108280783","country:czech-republic","title","czech republic"
"W3108280783","country:czech-republic","abstract","czech republic"
"W3108280783","country:hungary","title","hungary"
"W3108280783","country:hungary","abstract","hungary"
"W3109012946","topic:economy-welfare","title","economics"
"W3109012946","country:france","abstract","france"
"W3109012946","region:europe","rule","from the country named"
"W3110337090","approach:discursive","abstract","post structuralist"
"W3110337090","approach:discursive","abstract","discursive approach"
"W3110337090","approach:discursive","abstract","laclau"
"W3110337090","topic:media-communication","title","media"
"W3110337090","topic:media-communication","abstract","media"
"W3110337090","country:denmark","abstract","danish (+ political word)"
"W3110337090","region:europe","rule","from the country named"
"W3111430292","topic:economy-welfare","abstract","neoliberalism"
"W3111430292","topic:economy-welfare","abstract","neoliberal"
"W3111430292","topic:economy-welfare","abstract","globalization"
"W3115217542","topic:religion","title","islamist"
"W3115217542","country:indonesia","title","indonesia"
"W3115217542","region:asia-pacific","rule","from the country named"
"W3150282658","topic:government","title","populist government"
"W3150282658","topic:economy-welfare","title","economic"
"W3150282658","country:poland","title","poland"
"W3150282658","country:poland","abstract","poland"
"W3150282658","region:europe","rule","from the country named"
"W4237296995","approach:other","abstract","approaches to populism"
"W4378387827","country:argentina","title","argentina"
"W4378387827","country:argentina","title","peronism"
"W4378387827","region:latin-america","rule","from the country named"
"W2998890268","topic:economy-welfare","title","welfare"
"W2999314259","topic:parties","rule","second test passed: a party word in the title"
"W2999314259","topic:parties","title","parties"
"W2999314259","topic:parties","title","party systems"
"W3005084303","country:india","title","india"
"W3005084303","region:asia-pacific","rule","from the country named"
"W3006047916","country:indonesia","title","indonesia"
"W3006047916","region:asia-pacific","rule","from the country named"
"W3006437642","topic:parties","rule","second test passed: a party word in the title"
"W3006437642","topic:parties","title","radical right"
"W3006437642","topic:parties","title","parties"
"W3006437642","region:europe","title","western europe"
"W3007501459","region:latin-america","title","latin america"
"W3011190754","topic:migration","title","immigration"
"W3016119143","country:france","abstract","france"
"W3016119143","region:europe","rule","from the country named"
"W3016226859","country:india","title","india"
"W3016226859","region:asia-pacific","rule","from the country named"
"W3022970275","topic:international","title","international populism"
"W3022970275","topic:international","title","european parliament"
"W3022970275","topic:parties","rule","second test passed: a party family in the title"
"W3022970275","topic:parties","title","radical right"
"W3022970275","region:europe","title","european"
"W3025090819","topic:parties","rule","second test passed: a party family in the title"
"W3025090819","topic:parties","title","radical left"
"W3025090819","region:europe","title","europe"
"W3033103419","topic:voters","title","public opinion"
"W3033103419","topic:economy-welfare","title","inequality"
"W3033103419","topic:economy-welfare","title","neoliberal"
"W3033103419","topic:media-communication","title","framing"
"W3033103419","topic:media-communication","title","media"
"W3033103419","country:united-states","title","u s"
"W3033103419","region:north-america","rule","from the country named"
"W3033208993","country:united-states","abstract","trump"
"W3033208993","region:north-america","rule","from the country named"
"W3035080251","country:venezuela","title","venezuela"
"W3035080251","region:latin-america","rule","from the country named"
"W3035198134","topic:economy-welfare","title","economy"
"W3036945587","country:venezuela","title","venezuela"
"W3036945587","country:venezuela","title","bolivarian"
"W3036945587","region:latin-america","rule","from the country named"
"W3038921233","topic:media-communication","title","communication"
"W3038921233","topic:media-communication","abstract","communication"
"W3038921233","topic:media-communication","abstract","media"
"W3038921233","topic:media-communication","abstract","television"
"W3038921233","country:serbia","abstract","serbia"
"W3038921233","country:serbia","abstract","serbian (+ political word)"
"W3038921233","region:europe","rule","from the country named"
"W3040462073","topic:international","title","international populism"
"W3040462073","topic:international","title","european parliament"
"W3040462073","topic:parties","rule","second test passed: a party family in the title"
"W3040462073","topic:parties","title","radical right"
"W3040462073","region:europe","title","european"
"W3041429555","country:united-states","abstract","united states"
"W3041429555","region:north-america","rule","from the country named"
"W3041498268","country:venezuela","title","chavez"
"W3041498268","country:venezuela","abstract","chavez"
"W3041498268","region:latin-america","rule","from the country named"
"W3041578798","topic:international","abstract","brexit"
"W3041578798","topic:international","abstract","european union"
"W3041578798","topic:international","abstract","eu"
"W3041578798","topic:international","abstract","euroscepticism"
"W3041578798","topic:international","abstract","international order"
"W3041578798","topic:international","abstract","liberal order"
"W3041578798","region:europe","title","europe"
"W3041578798","region:europe","abstract","european"
"W3041578798","region:europe","abstract","europe"
"W3041578798","region:europe","abstract","eu"
"W3041578798","country:united-kingdom","abstract","brexit"
"W3044301993","topic:parties","rule","second test passed: the abstract speaks of parties more than of voters"
"W3044301993","topic:parties","abstract","parties"
"W3044301993","country:bulgaria","title","bulgaria"
"W3044301993","country:bulgaria","abstract","bulgaria"
"W3044301993","region:europe","rule","from the country named"
"W3045544367","topic:gender","abstract","women"
"W3045544367","topic:gender","abstract","feminist"
"W3045544367","country:united-states","abstract","united states"
"W3045544367","region:north-america","rule","from the country named"
"W3046037816","topic:migration","abstract","nativism"
"W3046037816","topic:migration","abstract","nativist"
"W3046037816","country:united-states","title","united states"
"W3046037816","region:north-america","rule","from the country named"
"W3048735504","country:venezuela","title","venezuela"
"W3048735504","region:latin-america","rule","from the country named"
"W3082512010","country:venezuela","title","venezuela"
"W3082512010","country:venezuela","title","bolivarian"
"W3082512010","region:latin-america","rule","from the country named"
"W3087840853","region:europe","title","european"
"W3087840853","country:united-states","title","united states"
"W3087840853","region:north-america","rule","from the country named"
"W3089855739","country:venezuela","title","venezuela"
"W3089855739","region:latin-america","rule","from the country named"
"W3092181241","topic:parties","rule","second test passed: a party family in the title"
"W3092181241","topic:parties","title","populist right"
"W3092181241","country:united-states","title","united states"
"W3092181241","country:united-states","abstract","trump"
"W3092181241","country:united-states","abstract","us"
"W3092181241","country:united-states","abstract","american (+ political word)"
"W3092181241","region:north-america","rule","from the country named"
"W3092462224","topic:religion","abstract","religious"
"W3092462224","topic:religion","abstract","catholic"
"W3092462224","topic:religion","abstract","church"
"W3092462224","topic:democracy-institutions","title","authoritarian"
"W3092462224","topic:democracy-institutions","abstract","authoritarian"
"W3092515168","country:united-states","abstract","trump"
"W3092515168","region:north-america","rule","from the country named"
"W3096742704","country:hungary","abstract","hungary"
"W3096742704","country:hungary","abstract","orban"
"W3096742704","country:hungary","abstract","fidesz"
"W3096742704","country:italy","abstract","five star movement"
"W3096742704","country:italy","abstract","lega"
"W3096742704","country:spain","abstract","spain"
"W3096742704","country:spain","abstract","podemos"
"W3096742704","region:europe","rule","from the country named"
"W3108472241","approach:performative","title","performative"
"W3108472241","region:europe","title","europe"
"W3108472241","region:europe","abstract","europe"
"W3108472241","region:europe","abstract","european"
"W3108472241","region:europe","abstract","eu"
"W3110836786","topic:democracy-institutions","title","direct democracy"
"W3110857072","topic:government","abstract","populist governance"
"W3110857072","topic:economy-welfare","title","neoliberal"
"W3110857072","topic:economy-welfare","abstract","neoliberal"
"W3110857072","topic:gender","abstract","gendered"
"W3110857072","topic:gender","abstract","masculinity"
"W3110857072","topic:gender","abstract","masculine"
"W3110857072","topic:gender","abstract","masculinities"
"W3110857072","country:united-states","abstract","trump"
"W3110857072","country:india","abstract","india"
"W3110857072","country:india","abstract","modi"
"W3110857072","region:north-america","rule","from the country named"
"W3110857072","region:asia-pacific","rule","from the country named"
"W3114477107","topic:economy-welfare","abstract","neoliberal"
"W3114477107","topic:economy-welfare","abstract","globalization"
"W3115795149","country:united-states","title","american (+ political word)"
"W3115795149","region:north-america","rule","from the country named"
"W3119576581","approach:ideational","abstract","populism as an ideology"
"W3119576581","topic:voters","abstract","attitudes"
"W3119576581","topic:economy-welfare","abstract","globalisation"
"W3119576581","topic:religion","title","church"
"W3119576581","topic:religion","abstract","christian"
"W3119576581","topic:religion","abstract","church"
"W3119576581","topic:religion","abstract","churches"
"W3119576581","topic:migration","abstract","migration"
"W3119576581","topic:migration","abstract","immigration"
"W3119576581","country:austria","title","austria"
"W3119576581","country:austria","abstract","austria"
"W3119576581","country:austria","abstract","austrian (+ political word)"
"W3119576581","region:europe","rule","from the country named"
"W3155660906","topic:parties","rule","second test passed: the abstract speaks of parties more than of voters"
"W3155660906","topic:parties","abstract","populist leaders"
"W3155660906","country:united-kingdom","abstract","england"
"W3155660906","region:europe","rule","from the country named"
"W3159644721","country:venezuela","title","venezuela"
"W3159644721","region:latin-america","rule","from the country named"
"W3206330898","country:united-states","title","american (+ political word)"
"W3206330898","region:north-america","rule","from the country named"
"W4211180927","topic:gender","abstract","women"
"W4211180927","topic:gender","abstract","gendered"
"W4233872463","topic:parties","rule","second test passed: a party word in the title"
"W4233872463","topic:parties","title","social movements"
"W4233872463","topic:religion","title","hindu"
"W4233872463","topic:democracy-institutions","title","constitution"
"W4233872463","country:india","title","india"
"W4233872463","country:india","title","indira gandhi"
"W4233872463","region:asia-pacific","rule","from the country named"
"W4242422564","topic:international","title","brexit"
"W4242422564","topic:democracy-institutions","title","authoritarian"
"W4242422564","country:united-kingdom","title","brexit"
"W4242422564","country:united-states","title","trump"
"W4242422564","region:europe","rule","from the country named"
"W4242422564","region:north-america","rule","from the country named"
"W4409279543","topic:democracy-institutions","title","constitution"
"W4409279543","topic:democracy-institutions","abstract","constitutional"
"W4409279543","topic:democracy-institutions","abstract","constitutions"
"W4409279543","country:hungary","title","hungary"
"W4409279543","country:hungary","abstract","hungary"
"W4409279543","country:hungary","abstract","hungarian (+ political word)"
"W4409279543","region:europe","rule","from the country named"
"W2928365114","topic:international","title","brexit"
"W2928365114","topic:democracy-institutions","title","authoritarian"
"W2928365114","country:united-kingdom","title","brexit"
"W2928365114","country:united-states","title","trump"
"W2928365114","region:europe","rule","from the country named"
"W2928365114","region:north-america","rule","from the country named"
"W2972170450","topic:international","title","brexit"
"W2972170450","topic:democracy-institutions","title","authoritarian"
"W2972170450","country:united-kingdom","title","brexit"
"W2972170450","country:united-states","title","trump"
"W2972170450","region:europe","rule","from the country named"
"W2972170450","region:north-america","rule","from the country named"
"W2943212061","topic:economy-welfare","title","economic"
"W2943320368","topic:parties","rule","second test passed: a party word in the title"
"W2943320368","topic:parties","title","parties"
"W2943320368","topic:parties","title","party systems"
"W2972950462","topic:migration","title","migration"
"W2972950462","method:qualitative","title","qualitative"
"W2922637404","todo:check-outlet","journal","Survival"
"W2922637404","topic:economy-welfare","title","globalisation"
"W2922637404","topic:economy-welfare","title","welfare"
"W2953640128","topic:economy-welfare","title","economic"
"W2995034456","topic:economy-welfare","title","economic"
"W2911031457","approach:discursive","abstract","laclau"
"W2911031457","country:slovakia","title","slovakia"
"W2911031457","region:europe","rule","from the country named"
"W2912464930","country:hungary","abstract","hungary"
"W2912464930","country:united-kingdom","abstract","wales"
"W2912464930","region:europe","rule","from the country named"
"W2969223494","approach:discursive","abstract","populist logic"
"W2976888293","approach:ideational","abstract","ideational approach"
"W2976888293","approach:performative","abstract","political style"
"W2976888293","approach:performative","abstract","populist style"
"W2976888293","country:indonesia","title","indonesia"
"W2976888293","country:indonesia","abstract","indonesia"
"W2976888293","country:indonesia","abstract","widodo"
"W2976888293","country:indonesia","abstract","jokowi"
"W2976888293","country:indonesia","abstract","prabowo"
"W2976888293","country:indonesia","abstract","indonesian (+ political word)"
"W2976888293","region:asia-pacific","rule","from the country named"
"W2980394408","topic:voters","title","electorate"
"W2980394408","topic:voters","abstract","populist attitudes"
"W2980394408","topic:religion","abstract","islamism"
"W2980394408","topic:religion","abstract","secularism"
"W2980394408","method:survey","abstract","original survey"
"W2980394408","country:indonesia","title","indonesia"
"W2980394408","region:asia-pacific","rule","from the country named"
"W2914673238","topic:parties","rule","second test passed: a party word in the title"
"W2914673238","topic:parties","title","radical right"
"W2914673238","topic:parties","title","parties"
"W2914673238","topic:parties","abstract","radical right"
"W2914673238","topic:parties","abstract","parties"
"W2914673238","topic:parties","abstract","party leaders"
"W2914673238","method:qualitative","abstract","process tracing"
"W2914673238","method:qualitative","abstract","interviews"
"W2914673238","country:belgium","abstract","belgium"
"W2914673238","country:france","abstract","france"
"W2914673238","region:europe","rule","from the country named"
"W2918780528","topic:religion","title","religion"
"W2918780528","topic:religion","abstract","religion"
"W2922068730","topic:government","abstract","populism in power"
"W2922068730","topic:democracy-institutions","abstract","authoritarianism"
"W2922068730","topic:democracy-institutions","abstract","democratic institutions"
"W2922068730","topic:democracy-institutions","abstract","constitutional"
"W2931412019","topic:voters","title","public opinion"
"W2946077048","country:turkey","title","turkey"
"W2946077048","country:turkey","abstract","turkey"
"W2946077048","region:europe","rule","from the country named"
"W2948882729","topic:voters","title","supporters"
"W2948882729","topic:voters","abstract","supporters"
"W2948882729","topic:government","title","populist governments"
"W2948882729","method:survey","abstract","survey data"
"W2948882729","country:bolivia","title","bolivia"
"W2948882729","country:bolivia","abstract","bolivia"
"W2948882729","country:bolivia","abstract","evo morales"
"W2948882729","country:ecuador","title","ecuador"
"W2948882729","country:ecuador","abstract","ecuador"
"W2948882729","country:ecuador","abstract","correa"
"W2948882729","region:latin-america","rule","from the country named"
"W2964902285","topic:parties","rule","second test passed: a party word in the title"
"W2964902285","topic:parties","title","parties"
"W2964902285","topic:parties","abstract","parties"
"W2964902285","topic:parties","abstract","party"
"W2964902285","method:qualitative","abstract","qualitative"
"W2964902285","region:europe","title","europe"
"W2964902285","country:bulgaria","abstract","bulgaria"
"W2964902285","country:moldova","abstract","moldova"
"W2964902285","country:romania","abstract","romania"
"W2972868265","topic:parties","rule","second test passed: a party word in the title"
"W2972868265","topic:parties","title","party"
"W2972868265","country:turkey","title","turkey"
"W2972868265","country:turkey","title","justice and development party"
"W2972868265","region:europe","rule","from the country named"
"W2976566498","approach:political-strategic","abstract","strategic approaches"
"W2976566498","approach:socio-cultural","abstract","socio cultural approach"
"W2976566498","topic:parties","rule","second test passed: a leader or a party named in the title"
"W2976566498","topic:parties","abstract","party"
"W2976566498","region:europe","title","european"
"W2976566498","country:turkey","title","turkey"
"W2976566498","country:turkey","title","akp"
"W2976566498","country:turkey","abstract","justice and development party"
"W2976566498","country:turkey","abstract","akp"
"W2976566498","country:turkey","abstract","turkish (+ political word)"
"W2976566498","country:india","abstract","india"
"W2976566498","country:india","abstract","bharatiya janata"
"W2976566498","country:thailand","abstract","thailand"
"W2976566498","country:thailand","abstract","thai (+ political word)"
"W2976566498","region:asia-pacific","rule","from the country named"
"W2980655978","topic:voters","title","populist attitudes"
"W2980655978","topic:voters","abstract","electorate"
"W2980655978","topic:voters","abstract","voters"
"W2980655978","topic:voters","abstract","citizens"
"W2980655978","topic:voters","abstract","populist attitudes"
"W2980655978","method:experiment","abstract","three experiments"
"W2981523936","country:italy","title","five star movement"
"W2981523936","region:europe","rule","from the country named"
"W2989605198","topic:parties","rule","second test passed: a party word in the title"
"W2989605198","topic:parties","title","parties"
"W2989605198","topic:parties","abstract","right wing populists"
"W2989605198","topic:parties","abstract","parties"
"W2989605198","topic:parties","abstract","party"
"W2989605198","topic:parties","abstract","right wing populist"
"W2989605198","topic:spatial","title","rural"
"W2989605198","topic:spatial","abstract","rural"
"W2989605198","country:hungary","title","hungary"
"W2989605198","country:hungary","abstract","hungary"
"W2989605198","country:hungary","abstract","jobbik"
"W2989605198","country:hungary","abstract","fidesz"
"W2989605198","region:europe","rule","from the country named"
"W2918125450","topic:international","title","eu"
"W2918125450","topic:international","title","brexit"
"W2918125450","topic:international","abstract","european union"
"W2918125450","topic:international","abstract","brexit"
"W2918125450","topic:parties","rule","second test passed: a leader or a party named in the title"
"W2918125450","topic:parties","abstract","party"
"W2918125450","topic:media-communication","abstract","newspaper"
"W2918125450","topic:migration","title","immigrants"
"W2918125450","region:europe","title","eu"
"W2918125450","region:europe","abstract","european"
"W2918125450","country:united-kingdom","title","ukip"
"W2918125450","country:united-kingdom","title","brexit"
"W2918125450","country:united-kingdom","abstract","united kingdom"
"W2918125450","country:united-kingdom","abstract","brexit"
"W2923799352","topic:international","abstract","european union"
"W2923799352","topic:international","abstract","eu"
"W2923799352","topic:voters","abstract","voter"
"W2923799352","topic:voters","abstract","voting behaviour"
"W2923799352","topic:voters","abstract","attitudes"
"W2923799352","topic:voters","abstract","voters"
"W2923799352","topic:migration","abstract","anti immigration"
"W2923799352","topic:migration","abstract","immigration"
"W2923799352","method:survey","abstract","european social survey"
"W2923799352","region:europe","abstract","european"
"W2923799352","region:europe","abstract","eu"
"W2927484652","topic:migration","title","nativism"
"W2927484652","topic:migration","abstract","immigration"
"W2927484652","topic:migration","abstract","nativist"
"W2927484652","topic:migration","abstract","nativism"
"W2927484652","topic:democracy-institutions","title","authoritarianism"
"W2927484652","topic:democracy-institutions","abstract","authoritarian"
"W2927484652","topic:democracy-institutions","abstract","authoritarianism"
"W2927484652","method:survey","abstract","election study"
"W2927484652","country:canada","abstract","canadian (+ political word)"
"W2927484652","region:north-america","rule","from the country named"
"W2941308389","topic:parties","rule","second test passed: a party word in the title"
"W2941308389","topic:parties","title","populist leaders"
"W2941308389","topic:parties","title","parties"
"W2941308389","topic:parties","abstract","parties"
"W2941308389","topic:parties","abstract","party"
"W2941308389","topic:voters","abstract","voters"
"W2941308389","topic:democracy-institutions","abstract","constitutional"
"W2945127285","topic:economy-welfare","title","inequality"
"W2945127285","topic:economy-welfare","abstract","financial crisis"
"W2945127285","topic:economy-welfare","abstract","inequality"
"W2945127285","method:qualitative","abstract","ethnographic"
"W2945127285","method:qualitative","abstract","fieldwork"
"W2946054777","topic:international","title","eu"
"W2946054777","topic:international","title","european union"
"W2946054777","topic:international","abstract","eu"
"W2946054777","topic:international","abstract","european union"
"W2946054777","topic:international","abstract","european integration"
"W2946054777","topic:international","abstract","brexit"
"W2946054777","topic:international","abstract","supranationalism"
"W2946054777","region:europe","title","europe"
"W2946054777","region:europe","title","european"
"W2946054777","region:europe","title","eu"
"W2946054777","region:europe","abstract","europe"
"W2946054777","region:europe","abstract","european"
"W2946054777","region:europe","abstract","eu"
"W2946054777","country:united-kingdom","abstract","brexit"
"W2946054777","country:united-kingdom","abstract","uk"
"W2958855124","topic:voters","abstract","supporters"
"W2958855124","topic:economy-welfare","abstract","economic"
"W2958855124","topic:migration","title","nativism"
"W2958855124","method:qualitative","abstract","fieldwork"
"W2958855124","country:france","title","france"
"W2958855124","country:turkey","title","turkey"
"W2958855124","country:turkey","abstract","justice and development party"
"W2958855124","country:turkey","abstract","akp"
"W2958855124","region:europe","rule","from the country named"
"W2974053094","topic:international","abstract","brexit"
"W2974053094","topic:voters","title","attitudes"
"W2974053094","topic:economy-welfare","abstract","economic"
"W2974053094","topic:economy-welfare","abstract","inequality"
"W2974053094","topic:economy-welfare","abstract","labor markets"
"W2974053094","topic:migration","abstract","xenophobia"
"W2974053094","topic:migration","abstract","anti immigrant"
"W2974053094","topic:democracy-institutions","abstract","referendum"
"W2974053094","topic:democracy-institutions","abstract","democratic institutions"
"W2974053094","country:germany","abstract","germany"
"W2974053094","country:germany","abstract","alternative for germany"
"W2974053094","country:united-kingdom","abstract","uk"
"W2974053094","country:united-kingdom","abstract","brexit"
"W2974053094","country:united-states","abstract","trump"
"W2974053094","region:europe","rule","from the country named"
"W2974053094","region:north-america","rule","from the country named"
"W2996023519","topic:democracy-institutions","abstract","checks and balances"
"W2996023519","topic:democracy-institutions","abstract","judiciary"
"W2997866089","topic:parties","rule","second test passed: a party word in the title"
"W2997866089","topic:parties","title","right wing populism"
"W2997866089","region:europe","title","europe"
"W4231354248","topic:democracy-institutions","title","authoritarian"
"W4231354248","topic:democracy-institutions","title","liberal democracy"
"W4400901332","approach:ideational","abstract","ideational approach"
"W4400901332","topic:parties","rule","second test passed: a leader or a party named in the title"
"W4400901332","topic:parties","abstract","populist leaders"
"W4400901332","topic:parties","abstract","populist actors"
"W4400901332","topic:democracy-institutions","abstract","authoritarian"
"W4400901332","topic:democracy-institutions","abstract","illiberal"
"W4400901332","country:philippines","title","philippines"
"W4400901332","country:philippines","title","duterte"
"W4400901332","country:philippines","abstract","philippines"
"W4400901332","country:philippines","abstract","duterte"
"W4400901332","region:asia-pacific","rule","from the country named"
"W2911942519","topic:economy-welfare","title","energy transition"
"W2911942519","topic:economy-welfare","abstract","energy transition"
"W2911942519","topic:economy-welfare","abstract","economy"
"W2911942519","topic:economy-welfare","abstract","financial crisis"
"W2911942519","country:united-states","abstract","united states"
"W2911942519","country:united-states","abstract","u s"
"W2911942519","country:united-states","abstract","obama"
"W2911942519","region:north-america","rule","from the country named"
"W2940508825","topic:international","title","transnational"
"W2940508825","topic:international","abstract","transnational"
"W2940508825","topic:international","abstract","supranational"
"W2940508825","topic:international","abstract","transnationalism"
"W2940508825","topic:international","abstract","supranationalism"
"W2940508825","topic:democracy-institutions","title","courts"
"W2940508825","topic:democracy-institutions","abstract","constitutionalism"
"W2940508825","topic:democracy-institutions","abstract","illiberal"
"W2940508825","topic:democracy-institutions","abstract","judicial"
"W2940508825","topic:democracy-institutions","abstract","courts"
"W2940508825","topic:democracy-institutions","abstract","judicialization"
"W2940508825","topic:democracy-institutions","abstract","constitutionalization"
"W2940508825","region:europe","title","europe"
"W2940508825","region:europe","abstract","europe"
"W2940508825","region:europe","abstract","european"
"W2941685098","topic:democracy-institutions","title","constitutionalism"
"W2941685098","topic:democracy-institutions","abstract","constitutionalism"
"W2941685098","topic:democracy-institutions","abstract","constitutional"
"W2941685098","topic:democracy-institutions","abstract","rule of law"
"W2941685098","topic:democracy-institutions","abstract","illiberalism"
"W2941685098","topic:democracy-institutions","abstract","authoritarianism"
"W2942683197","country:brazil","abstract","brazil"
"W2942683197","country:brazil","abstract","bolsonaro"
"W2942683197","region:latin-america","rule","from the country named"
"W2954946028","topic:parties","rule","second test passed: the abstract speaks of parties more than of voters"
"W2954946028","topic:parties","abstract","populist leaders"
"W2954946028","topic:parties","abstract","populist movements"
"W2954946028","topic:parties","abstract","right wing populist"
"W2954946028","topic:media-communication","title","communication"
"W2954946028","topic:media-communication","title","media"
"W2954946028","topic:media-communication","abstract","communication"
"W2954946028","topic:media-communication","abstract","media"
"W2954946028","topic:media-communication","abstract","journalistic"
"W2969689608","approach:discursive","abstract","laclau"
"W2969689608","topic:economy-welfare","abstract","neoliberal"
"W2969689608","country:turkey","title","turkey"
"W2969689608","country:turkey","abstract","turkey"
"W2969689608","country:turkey","abstract","akp"
"W2969689608","region:europe","rule","from the country named"
"W2972705350","topic:voters","title","populist attitudes"
"W2972705350","topic:voters","abstract","populist attitudes"
"W2972705350","method:survey","abstract","survey data"
"W2979700697","topic:voters","abstract","supporters"
"W2979700697","topic:religion","abstract","muslim"
"W2979700697","topic:religion","abstract","religious"
"W2979700697","topic:religion","abstract","christian"
"W2979700697","topic:migration","abstract","refugee"
"W2979700697","topic:migration","abstract","migrant"
"W2979700697","topic:migration","abstract","anti immigration"
"W2979700697","method:qualitative","abstract","fieldwork"
"W2979700697","country:hungary","abstract","hungary"
"W2979700697","country:hungary","abstract","jobbik"
"W2979700697","country:united-kingdom","abstract","uk"
"W2979700697","country:united-kingdom","abstract","ukip"
"W2979700697","region:europe","rule","from the country named"
"W2981575230","topic:parties","rule","second test passed: the abstract speaks of parties more than of voters"
"W2981575230","topic:parties","abstract","party competition"
"W2981575230","topic:parties","abstract","manifestos"
"W2981575230","topic:parties","abstract","parties"
"W2981575230","country:spain","title","spain"
"W2981575230","region:europe","rule","from the country named"
"W2982268404","topic:international","abstract","eu"
"W2982268404","topic:international","abstract","brexit"
"W2982268404","topic:parties","rule","second test passed: a leader or a party named in the title"
"W2982268404","topic:parties","title","right wing populist"
"W2982268404","topic:parties","abstract","right wing populist"
"W2982268404","topic:parties","abstract","party"
"W2982268404","topic:parties","abstract","right wing populism"
"W2982268404","topic:parties","abstract","parties"
"W2982268404","topic:voters","title","voters"
"W2982268404","topic:voters","abstract","voter"
"W2982268404","topic:voters","abstract","voters"
"W2982268404","topic:democracy-institutions","abstract","referendum"
"W2982268404","method:qualitative","abstract","critical discourse analysis"
"W2982268404","region:europe","abstract","western european"
"W2982268404","region:europe","abstract","western europe"
"W2982268404","region:europe","abstract","eu"
"W2982268404","country:austria","abstract","austria"
"W2982268404","country:austria","abstract","austrian (+ political word)"
"W2982268404","country:germany","title","alternative fur deutschland"
"W2982268404","country:germany","abstract","afd"
"W2982268404","country:germany","abstract","alternative fur deutschland"
"W2982268404","country:germany","abstract","merkel"
"W2982268404","country:germany","abstract","german (+ political word)"
"W2982268404","country:spain","title","vox"
"W2982268404","country:united-kingdom","abstract","brexit"
"W2982268404","country:united-kingdom","abstract","british (+ political word)"
"W2994698439","topic:parties","rule","second test passed: a party family in the title"
"W2994698439","topic:parties","title","radical right"
"W2994698439","topic:parties","abstract","parties"
"W2994698439","topic:parties","abstract","right wing populist"
"W2994698439","country:hungary","title","hungary"
"W2994698439","country:hungary","abstract","hungary"
"W2994698439","country:hungary","abstract","orban"
"W2994698439","country:hungary","abstract","hungarian (+ political word)"
"W2994698439","region:europe","rule","from the country named"
"W2998087424","topic:international","abstract","united nations"
"W2998087424","topic:international","abstract","international organization"
"W2998087424","region:europe","title","europe"
"W2998087424","region:europe","abstract","european"
"W4286620138","topic:voters","abstract","support for populist"
"W4286620138","topic:voters","abstract","voters"
"W4286620138","topic:economy-welfare","title","welfare"
"W4286620138","topic:economy-welfare","abstract","financial crisis"
"W4286620138","topic:economy-welfare","abstract","welfare"
"W4286620138","topic:economy-welfare","abstract","inequality"
"W4286620138","method:mixed","abstract","mixed methods"
"W2915897387","topic:spatial","abstract","spatial"
"W2915897387","topic:spatial","abstract","rural"
"W2915897387","topic:economy-welfare","abstract","economic"
"W2915897387","topic:migration","abstract","nativist"
"W2915897387","topic:migration","abstract","xenophobia"
"W2915897387","topic:migration","abstract","migrant"
"W2915897387","method:qualitative","abstract","archival"
"W2915897387","method:qualitative","abstract","qualitative"
"W2915897387","country:united-states","title","u s"
"W2915897387","country:united-states","abstract","united states"
"W2915897387","country:united-states","abstract","u s"
"W2915897387","country:united-states","abstract","america first"
"W2915897387","region:north-america","rule","from the country named"
"W2952918420","topic:international","title","brexit"
"W2952918420","topic:international","abstract","brexit"
"W2952918420","topic:international","abstract","european union"
"W2952918420","region:europe","abstract","europe"
"W2952918420","region:europe","abstract","european"
"W2952918420","country:united-kingdom","title","brexit"
"W2952918420","country:united-kingdom","abstract","england"
"W2952918420","country:united-kingdom","abstract","brexit"
"W2955779395","topic:international","title","eu"
"W2955779395","topic:international","abstract","eu"
"W2955779395","topic:international","abstract","european parliament"
"W2955779395","topic:parties","rule","second test passed: the abstract speaks of parties more than of voters"
"W2955779395","topic:parties","abstract","parties"
"W2955779395","topic:democracy-institutions","abstract","illiberal"
"W2955779395","topic:democracy-institutions","abstract","rule of law"
"W2955779395","region:europe","title","eu"
"W2955779395","region:europe","abstract","european"
"W2955779395","region:europe","abstract","europe"
"W2955779395","region:europe","abstract","eu"
"W2963776367","approach:discursive","abstract","laclau"
"W2963776367","topic:international","title","brexit"
"W2963776367","topic:international","abstract","brexit"
"W2963776367","topic:parties","rule","second test passed: a leader or a party named in the title"
"W2963776367","topic:parties","abstract","right wing populism"
"W2963776367","topic:parties","abstract","right wing populist"
"W2963776367","topic:parties","abstract","populist right"
"W2963776367","country:united-kingdom","title","brexit"
"W2963776367","country:united-kingdom","abstract","britain"
"W2963776367","country:united-kingdom","abstract","brexit"
"W2963776367","country:united-kingdom","abstract","farage"
"W2963776367","region:europe","rule","from the country named"
"W2980333116","topic:parties","rule","second test passed: the abstract speaks of parties more than of voters"
"W2980333116","topic:parties","abstract","parties"
"W2980333116","topic:economy-welfare","abstract","welfare"
"W2980333116","topic:economy-welfare","abstract","economic"
"W2980333116","topic:migration","abstract","immigration"
"W2980333116","topic:migration","abstract","anti immigration"
"W2980333116","topic:democracy-institutions","title","liberal democracies"
"W2980333116","region:europe","title","europe"
"W2980333116","region:europe","abstract","europe"
"W2980333116","region:europe","abstract","nordic"
"W2990588492","topic:economy-welfare","abstract","globalization"
"W2990588492","topic:economy-welfare","abstract","economic crisis"
"W2990588492","topic:economy-welfare","abstract","economic"
"W2990588492","topic:democracy-institutions","abstract","liberal democracy"
"W2990588492","topic:democracy-institutions","abstract","quality of democracy"
"W2990588492","region:europe","title","western europe"
"W2990588492","region:europe","abstract","western europe"
"W2990588492","region:europe","abstract","european"
"W2995170610","country:spain","title","spain"
"W2995170610","region:europe","rule","from the country named"
"W2998404671","topic:parties","rule","second test passed: a party family in the title"
"W2998404671","topic:parties","title","right wing populists"
"W2998404671","topic:parties","abstract","right wing populists"
"W2998404671","topic:democracy-institutions","abstract","liberal democracy"
"W2998404671","topic:democracy-institutions","abstract","authoritarian"
"W2998404671","country:russia","title","russia"
"W2998404671","country:russia","abstract","russia"
"W2998404671","region:europe","rule","from the country named"
"W2899520529","topic:parties","rule","second test passed: a party word in the title"
"W2899520529","topic:parties","title","party"
"W2899520529","topic:parties","abstract","party"
"W2899520529","topic:parties","abstract","candidates"
"W2899520529","topic:economy-welfare","title","economics"
"W2899520529","topic:economy-welfare","abstract","economic"
"W2899520529","method:survey","abstract","american national election studies"
"W2899520529","country:united-states","title","tea party"
"W2899520529","country:united-states","title","trumpism"
"W2899520529","country:united-states","title","american (+ political word)"
"W2899520529","country:united-states","abstract","tea party"
"W2899520529","country:united-states","abstract","trump"
"W2899520529","country:united-states","abstract","american (+ political word)"
"W2899520529","region:north-america","rule","from the country named"
"W2917929417","approach:discursive","abstract","laclau"
"W2917929417","topic:parties","rule","second test passed: a leader or a party named in the title"
"W2917929417","topic:parties","abstract","party"
"W2917929417","country:spain","title","podemos"
"W2917929417","country:spain","title","pablo iglesias"
"W2917929417","country:spain","abstract","podemos"
"W2917929417","country:spain","abstract","pablo iglesias"
"W2917929417","country:spain","abstract","spanish (+ political word)"
"W2917929417","region:europe","rule","from the country named"
"W2965991081","topic:democracy-institutions","title","populism and democracy"
"W2975837445","method:survey","abstract","european social survey"
"W2975837445","region:europe","title","europe"
"W2975837445","region:europe","abstract","europe"
"W2975837445","region:europe","abstract","european"
"W2981776341","topic:international","title","brexit"
"W2981776341","topic:international","abstract","brexit"
"W2981776341","topic:international","abstract","european union"
"W2981776341","country:united-kingdom","title","brexit"
"W2981776341","country:united-kingdom","title","british (+ political word)"
"W2981776341","country:united-kingdom","abstract","united kingdom"
"W2981776341","country:united-kingdom","abstract","brexit"
"W2981776341","country:united-kingdom","abstract","british (+ political word)"
"W2981776341","region:europe","rule","from the country named"
"W2991748310","topic:parties","rule","second test passed: a party word in the title"
"W2991748310","topic:parties","title","parties"
"W2991748310","topic:parties","abstract","parties"
"W2910255873","country:czech-republic","title","czech republic"
"W2910255873","country:poland","title","poland"
"W2910255873","region:europe","rule","from the country named"
"W2929641017","topic:gender","title","gendered"
"W2929641017","country:australia","abstract","australia"
"W2929641017","region:asia-pacific","rule","from the country named"
"W2943055382","topic:parties","rule","second test passed: a leader or a party named in the title"
"W2943055382","topic:parties","abstract","partisan"
"W2943055382","topic:parties","abstract","partisanship"
"W2943055382","topic:government","title","populist president"
"W2943055382","topic:media-communication","abstract","facebook"
"W2943055382","topic:media-communication","abstract","social networks"
"W2943055382","method:qta","abstract","text mining"
"W2943055382","country:united-states","title","united states"
"W2943055382","country:china","title","china"
"W2943055382","country:china","abstract","china"
"W2943055382","country:philippines","title","duterte"
"W2943055382","country:philippines","title","filipino (+ political word)"
"W2943055382","country:philippines","abstract","philippines"
"W2943055382","country:philippines","abstract","duterte"
"W2943055382","country:philippines","abstract","philippine (+ political word)"
"W2943055382","region:north-america","rule","from the country named"
"W2943055382","region:asia-pacific","rule","from the country named"
"W2952286178","topic:economy-welfare","title","economics"
"W2952286178","topic:democracy-institutions","title","authoritarian"
"W2952286178","topic:democracy-institutions","abstract","authoritarian"
"W2952286178","topic:democracy-institutions","abstract","illiberal"
"W2952286178","topic:democracy-institutions","abstract","liberal democracies"
"W2965519347","topic:spatial","abstract","rural"
"W2965519347","topic:economy-welfare","abstract","economy"
"W2965519347","topic:economy-welfare","abstract","redistributive"
"W2965519347","topic:democracy-institutions","title","authoritarianism"
"W2965519347","topic:democracy-institutions","abstract","authoritarianism"
"W2965519347","country:colombia","title","colombia"
"W2965519347","country:colombia","abstract","colombia"
"W2965519347","country:colombia","abstract","colombian (+ political word)"
"W2965519347","region:latin-america","rule","from the country named"
"W2989783348","topic:parties","rule","second test passed: a leader or a party named in the title"
"W2989783348","topic:parties","title","right wing populism"
"W2989783348","topic:government","title","presidency"
"W2989783348","topic:religion","title","evangelicalism"
"W2989783348","country:bolivia","title","morales"
"W2989783348","country:guatemala","title","guatemala"
"W2989783348","region:latin-america","rule","from the country named"
"W4254794723","approach:economic","title","economic populism"
"W4254794723","approach:economic","abstract","economic populism"
"W4254794723","topic:voters","title","voters"
"W4254794723","topic:voters","abstract","voters"
"W4254794723","topic:voters","abstract","attitudes"
"W4254794723","topic:economy-welfare","title","economic"
"W4254794723","topic:economy-welfare","abstract","economic"
"W4254794723","topic:economy-welfare","abstract","trade policy"
"W4254794723","topic:migration","abstract","immigration"
"W4254794723","topic:migration","abstract","nativism"
"W4254794723","method:survey","abstract","american national election study"
"W4254794723","country:united-states","title","obama"
"W4254794723","country:united-states","title","trump"
"W4254794723","country:united-states","abstract","obama"
"W4254794723","country:united-states","abstract","trump"
"W4254794723","country:united-states","abstract","american (+ political word)"
"W4254794723","region:north-america","rule","from the country named"
"W2942235889","topic:economy-welfare","abstract","neoliberal"
"W2942235889","country:turkey","title","turkey"
"W2942235889","country:turkey","abstract","turkey"
"W2942235889","country:turkey","abstract","turkish (+ political word)"
"W2942235889","region:europe","rule","from the country named"
"W2945078820","country:venezuela","title","venezuela"
"W2945078820","country:venezuela","abstract","venezuela"
"W2945078820","country:venezuela","abstract","chavez"
"W2945078820","country:venezuela","abstract","venezuelan (+ political word)"
"W2945078820","region:latin-america","rule","from the country named"
"W2965580862","country:italy","title","italy"
"W2965580862","region:europe","rule","from the country named"
"W2972484467","topic:defence-security","abstract","militarist"
"W2972484467","topic:defence-security","abstract","warfare"
"W2972484467","topic:parties","rule","second test passed: a party family in the title"
"W2972484467","topic:parties","title","far right"
"W2972484467","topic:parties","abstract","far right"
"W2972484467","region:europe","abstract","europe"
"W2972484467","region:north-america","abstract","north america"
"W2981604761","approach:ideational","abstract","ideational approach"
"W2981604761","approach:ideational","abstract","populism as a thin"
"W2981604761","topic:economy-welfare","abstract","globalization"
"W2981604761","method:qualitative","abstract","qualitative"
"W2981604761","method:qualitative","abstract","discourse analysis"
"W2981604761","country:united-kingdom","abstract","farage"
"W2981604761","country:united-kingdom","abstract","british (+ political word)"
"W2981604761","country:united-states","abstract","trumpism"
"W2981604761","country:united-states","abstract","trump"
"W2981604761","region:europe","rule","from the country named"
"W2981604761","region:north-america","rule","from the country named"
"W2982628062","topic:democracy-institutions","title","constitution"
"W2982628062","topic:democracy-institutions","abstract","authoritarian"
"W2982628062","topic:democracy-institutions","abstract","constitution"
"W2982628062","topic:democracy-institutions","abstract","constitutional"
"W2982628062","topic:democracy-institutions","abstract","liberal democracy"
"W2984923647","approach:discursive","abstract","laclau"
"W2984923647","topic:media-communication","abstract","frames"
"W2984923647","topic:media-communication","abstract","framing"
"W2984923647","topic:media-communication","abstract","communications"
"W2984923647","country:canada","title","canada"
"W2984923647","country:canada","abstract","canada"
"W2984923647","region:north-america","rule","from the country named"
"W2908904709","topic:parties","rule","second test passed: a party word in the title"
"W2908904709","topic:parties","title","candidate"
"W2908904709","topic:parties","abstract","right wing populist"
"W2908904709","topic:parties","abstract","party"
"W2908904709","topic:parties","abstract","candidate"
"W2908904709","topic:parties","abstract","right wing populists"
"W2908904709","topic:voters","title","attitudes"
"W2908904709","topic:voters","abstract","attitudes"
"W2908904709","topic:voters","abstract","voters"
"W2908904709","topic:media-communication","title","twitter"
"W2908904709","topic:media-communication","abstract","journalistic"
"W2908904709","topic:media-communication","abstract","twitter"
"W2908904709","topic:migration","title","anti immigrant"
"W2908904709","method:experiment","abstract","online experiment"
"W2946841286","topic:defence-security","abstract","securitization"
"W2946841286","topic:defence-security","abstract","militarized"
"W2946841286","topic:gender","title","gendered"
"W2946841286","topic:gender","abstract","gendered"
"W2946841286","topic:gender","abstract","masculinity"
"W2946841286","topic:gender","abstract","feminist"
"W2946841286","topic:gender","abstract","gender"
"W2946841286","country:finland","title","finland"
"W2946841286","country:finland","abstract","finland"
"W2946841286","country:finland","abstract","finnish (+ political word)"
"W2946841286","region:europe","rule","from the country named"
"W2975820732","approach:performative","abstract","populist style"
"W2975820732","topic:democracy-institutions","title","constitutionalism"
"W2975820732","topic:democracy-institutions","abstract","constitutionalism"
"W2977467078","region:europe","title","southern europe"
"W2994849883","topic:international","title","regionalism"
"W2994849883","topic:international","abstract","regionalism"
"W2994849883","method:qualitative","abstract","interviews"
"W2994849883","country:china","abstract","china"
"W2994849883","region:asia-pacific","rule","from the country named"
"W4255027286","topic:economy-welfare","title","foreign aid"
"W4255027286","topic:economy-welfare","title","economy"
"W4255027286","topic:economy-welfare","abstract","globalisation"
"W4255027286","topic:economy-welfare","abstract","neoliberal"
"W4255027286","topic:economy-welfare","abstract","foreign aid"
"W4255027286","topic:economy-welfare","abstract","development aid"
"W4255027286","topic:economy-welfare","abstract","economics"
"W4255027286","topic:economy-welfare","abstract","economy"
"W2897921443","topic:international","title","international law"
"W2897921443","topic:international","abstract","international law"
"W2897921443","topic:democracy-institutions","title","courts"
"W2897921443","topic:democracy-institutions","abstract","courts"
"W2897921443","topic:democracy-institutions","abstract","court"
"W2897921443","topic:democracy-institutions","abstract","constitutionalism"
"W2957748167","todo:check-outlet","journal","Survival"
"W2957748167","region:europe","title","europe"
"W2960286865","method:experiment","abstract","survey experiment"
"W2975763951","topic:international","title","european union"
"W2975763951","topic:international","abstract","european union"
"W2975763951","region:europe","title","european"
"W2975763951","region:europe","abstract","european"
"W2975763951","region:europe","abstract","europe"
"W2979601707","topic:parties","rule","second test passed: a party word in the title"
"W2979601707","topic:parties","title","parties"
"W2979601707","topic:parties","abstract","right wing populist"
"W2979601707","topic:parties","abstract","party"
"W2979601707","topic:parties","abstract","manifestos"
"W2979601707","topic:parties","abstract","parties"
"W2979601707","topic:religion","title","muslim"
"W2979601707","topic:religion","title","islam"
"W2979601707","topic:religion","abstract","muslim"
"W2979601707","topic:religion","abstract","islam"
"W2979601707","topic:religion","abstract","muslims"
"W2979601707","topic:migration","title","immigration"
"W2979601707","method:qualitative","abstract","qualitative"
"W2979601707","method:qta","abstract","quantitative text analysis"
"W2979601707","country:germany","abstract","germany"
"W2979601707","country:germany","abstract","afd"
"W2979601707","region:europe","rule","from the country named"
"W2987133209","topic:economy-welfare","title","inequality"
"W2987133209","topic:economy-welfare","abstract","economic"
"W2987133209","topic:economy-welfare","abstract","inequality"
"W2991705699","topic:economy-welfare","title","neoliberalism"
"W2991705699","topic:democracy-institutions","title","authoritarian"
"W2991705699","country:guatemala","title","guatemala"
"W2991705699","region:latin-america","rule","from the country named"
"W2922976620","topic:parties","rule","second test passed: a leader or a party named in the title"
"W2922976620","topic:parties","abstract","parties"
"W2922976620","topic:economy-welfare","abstract","economic"
"W2922976620","topic:economy-welfare","abstract","protectionism"
"W2922976620","topic:democracy-institutions","title","referendums"
"W2922976620","topic:democracy-institutions","abstract","referendums"
"W2922976620","topic:democracy-institutions","abstract","direct democracy"
"W2922976620","topic:democracy-institutions","abstract","illiberal"
"W2922976620","topic:democracy-institutions","abstract","referendum"
"W2922976620","country:hungary","title","fidesz"
"W2922976620","country:hungary","abstract","hungary"
"W2922976620","region:europe","rule","from the country named"
"W2940594750","topic:economy-welfare","abstract","inequality"
"W2940594750","topic:economy-welfare","abstract","neoliberal"
"W2940594750","topic:democracy-institutions","title","democratization"
"W2941535395","approach:measurement","title","measuring populism"
"W2944143252","topic:migration","title","migrant"
"W2944143252","country:germany","abstract","germany"
"W2944143252","region:europe","rule","from the country named"
"W2946171604","topic:parties","rule","second test passed: the abstract speaks of parties more than of voters"
"W2946171604","topic:parties","abstract","populist movements"
"W2952678663","topic:parties","rule","second test passed: a party word in the title"
"W2952678663","topic:parties","title","party"
"W2952678663","topic:parties","abstract","radical left"
"W2952678663","topic:parties","abstract","left wing populism"
"W2952678663","topic:parties","abstract","left wing populist"
"W2952678663","topic:democracy-institutions","abstract","authoritarian"
"W2952678663","topic:democracy-institutions","abstract","authoritarianism"
"W2952678663","country:turkey","title","turkey"
"W2952678663","country:turkey","abstract","turkey"
"W2952678663","country:turkey","abstract","erdogan"
"W2952678663","region:europe","rule","from the country named"
"W2986313758","topic:international","abstract","transnational"
"W2986313758","topic:international","abstract","european parliament"
"W2986313758","topic:parties","rule","second test passed: a party family in the title"
"W2986313758","topic:parties","title","right wing populists"
"W2986313758","topic:parties","abstract","right wing populism"
"W2986313758","topic:parties","abstract","right wing populist"
"W2986313758","topic:parties","abstract","parties"
"W2986313758","region:europe","abstract","western europe"
"W2986313758","region:europe","abstract","european"
"W2986313758","country:germany","abstract","pegida"
"W2986313758","country:germany","abstract","alternative fur deutschland"
"W2991648761","topic:spatial","title","rural"
"W2991648761","method:qualitative","abstract","interviews"
"W2991648761","method:qualitative","abstract","field research"
"W2991648761","country:slovakia","title","slovakia"
"W2991648761","region:europe","rule","from the country named"
"W3010954395","topic:parties","rule","second test passed: a party word in the title"
"W3010954395","topic:parties","title","parties"
"W3010954395","topic:parties","abstract","right wing populist"
"W3010954395","topic:parties","abstract","parties"
"W3010954395","topic:parties","abstract","party"
"W3010954395","topic:media-communication","title","communication"
"W3010954395","topic:media-communication","title","media"
"W3010954395","topic:media-communication","abstract","media"
"W3010954395","topic:media-communication","abstract","facebook"
"W3010954395","topic:media-communication","abstract","communication"
"W3010954395","method:qualitative","abstract","interviews"
"W3010954395","country:norway","title","norway"
"W3010954395","country:sweden","title","sweden"
"W3010954395","country:sweden","abstract","sweden"
"W3010954395","country:sweden","abstract","sweden democrats"
"W3010954395","region:europe","rule","from the country named"
"W3013561615","topic:international","title","liberal order"
"W3013561615","topic:economy-welfare","abstract","economic"
"W2913967443","topic:parties","rule","second test passed: a party family in the title"
"W2913967443","topic:parties","title","radical right"
"W2913967443","topic:parties","abstract","radical right"
"W2913967443","topic:parties","abstract","populist actors"
"W2913967443","topic:media-communication","abstract","media"
"W2913967443","topic:media-communication","abstract","communication"
"W2913967443","topic:media-communication","abstract","framing"
"W2913967443","topic:media-communication","abstract","social network"
"W2913967443","method:mixed","abstract","mixed methods"
"W2913967443","region:europe","title","eastern europe"
"W2924361549","country:united-states","abstract","trump"
"W2924361549","region:north-america","rule","from the country named"
"W2964361599","topic:migration","title","refugees"
"W2964361599","topic:migration","title","refugee"
"W2964361599","topic:migration","abstract","refugees"
"W2964361599","topic:migration","abstract","refugee"
"W2964361599","method:quantitative","abstract","regression"
"W2964361599","country:united-states","title","united states"
"W2964361599","country:united-states","abstract","united states"
"W2964361599","region:north-america","rule","from the country named"
"W2965923390","topic:international","abstract","eu"
"W2965923390","topic:international","abstract","brexit"
"W2965923390","region:europe","abstract","european"
"W2965923390","region:europe","abstract","eu"
"W2965923390","country:united-kingdom","abstract","uk"
"W2965923390","country:united-kingdom","abstract","brexit"
"W2979536707","topic:economy-welfare","title","globalisation"
"W2979536707","topic:economy-welfare","abstract","globalisation"
"W2979536707","topic:media-communication","title","media"
"W2979536707","topic:media-communication","abstract","media"
"W2979536707","country:brazil","title","brazil"
"W2979536707","country:brazil","abstract","bolsonaro"
"W2979536707","country:brazil","abstract","brazilian (+ political word)"
"W2979536707","region:latin-america","rule","from the country named"
"W2980215841","topic:government","abstract","presidency"
"W2980215841","topic:government","abstract","populist administration"
"W2980215841","topic:democracy-institutions","title","authoritarian"
"W2980215841","topic:democracy-institutions","abstract","authoritarian"
"W2980215841","topic:democracy-institutions","abstract","authoritarianism"
"W2980215841","method:qualitative","abstract","qualitative"
"W2980215841","method:qualitative","abstract","fieldwork"
"W2980215841","country:ecuador","title","ecuador"
"W2980215841","country:ecuador","abstract","ecuador"
"W2980215841","country:ecuador","abstract","correa"
"W2980215841","region:latin-america","rule","from the country named"
"W2984785824","topic:religion","title","islamist"
"W2984785824","topic:religion","abstract","islamist"
"W2984785824","country:turkey","title","akp"
"W2984785824","country:turkey","abstract","turkey"
"W2984785824","country:turkey","abstract","justice and development party"
"W2984785824","country:turkey","abstract","akp"
"W2984785824","region:europe","rule","from the country named"
"W2989594683","topic:parties","rule","second test passed: a party word in the title"
"W2989594683","topic:parties","title","right wing populist"
"W2989594683","topic:parties","title","parties"
"W2989594683","topic:parties","abstract","right wing populist"
"W2989594683","topic:parties","abstract","parties"
"W2989594683","topic:parties","abstract","candidates"
"W2989594683","topic:parties","abstract","right wing populism"
"W2989594683","topic:voters","title","attitudes"
"W2989594683","topic:media-communication","abstract","media"
"W2989594683","topic:media-communication","abstract","communication"
"W2989594683","topic:migration","title","anti immigration"
"W2989594683","method:quantitative","abstract","structural equation"
"W2989594683","method:survey","abstract","survey data"
"W2989594683","method:survey","abstract","election study"
"W2989594683","country:austria","abstract","austrian (+ political word)"
"W2989594683","region:europe","rule","from the country named"
"W2990024047","topic:media-communication","title","media"
"W2990024047","topic:gender","title","feminist"
"W2996395423","topic:parties","rule","second test passed: a party word in the title"
"W2996395423","topic:parties","title","parties"
"W2996395423","topic:parties","title","right wing populism"
"W2996395423","topic:parties","abstract","party"
"W2996395423","topic:parties","abstract","right wing populist"
"W2996395423","topic:media-communication","abstract","media"
"W2996395423","topic:religion","title","muslim"
"W2996395423","topic:religion","abstract","muslim"
"W2996395423","country:netherlands","title","netherlands"
"W2996395423","country:netherlands","abstract","netherlands"
"W2996395423","country:netherlands","abstract","dutch (+ political word)"
"W2996395423","region:europe","rule","from the country named"
"W2996931872","topic:parties","rule","second test passed: the abstract speaks of parties more than of voters"
"W2996931872","topic:parties","abstract","parties"
"W2996931872","topic:media-communication","title","communication"
"W2996931872","topic:media-communication","title","facebook"
"W2996931872","topic:media-communication","abstract","facebook"
"W2996931872","topic:media-communication","abstract","communicational"
"W2996931872","topic:media-communication","abstract","communication"
"W2996931872","method:mixed","abstract","mixed method"
"W2996931872","country:hungary","title","hungarian (+ political word)"
"W2996931872","country:hungary","abstract","hungary"
"W2996931872","country:hungary","abstract","hungarian (+ political word)"
"W2996931872","region:europe","rule","from the country named"
"W2911984920","topic:voters","abstract","voters"
"W2923028476","topic:parties","rule","second test passed: a party word in the title"
"W2923028476","topic:parties","abstract","populist leadership"
"W2923028476","country:united-kingdom","abstract","uk"
"W2923028476","country:united-kingdom","abstract","brexit"
"W2923028476","country:united-states","abstract","trump"
"W2923028476","country:united-states","abstract","us"
"W2923028476","region:europe","rule","from the country named"
"W2923028476","region:north-america","rule","from the country named"
"W2971211171","country:south-korea","title","south korea"
"W2971211171","region:asia-pacific","rule","from the country named"
"W2972159007","approach:performative","abstract","populist style"
"W2972159007","topic:international","abstract","brexit"
"W2972159007","topic:international","abstract","eu"
"W2972159007","topic:voters","abstract","public opinion"
"W2972159007","topic:government","abstract","populist governments"
"W2972159007","topic:government","abstract","incumbent"
"W2972159007","topic:economy-welfare","abstract","economic"
"W2972159007","topic:economy-welfare","abstract","austerity"
"W2972159007","topic:media-communication","abstract","media"
"W2972159007","topic:media-communication","abstract","communication"
"W2972159007","topic:democracy-institutions","title","courts"
"W2972159007","topic:democracy-institutions","abstract","courts"
"W2972159007","topic:democracy-institutions","abstract","constitutional"
"W2972159007","topic:democracy-institutions","abstract","rule of law"
"W2972159007","topic:democracy-institutions","abstract","court"
"W2972159007","topic:democracy-institutions","abstract","judicial"
"W2972159007","topic:democracy-institutions","abstract","authoritarian"
"W2972159007","topic:democracy-institutions","abstract","authoritarianism"
"W2972159007","region:europe","abstract","european"
"W2972159007","region:europe","abstract","europe"
"W2972159007","region:europe","abstract","eu"
"W2972159007","country:united-kingdom","abstract","uk"
"W2972159007","country:united-kingdom","abstract","brexit"
"W2910935502","country:israel","title","israel"
"W2910935502","region:mena","rule","from the country named"
"W2914086170","topic:voters","abstract","voters"
"W2914086170","topic:voters","abstract","attitudes"
"W2914086170","method:quantitative","abstract","quantitative analysis"
"W2914086170","country:iran","title","iran"
"W2914086170","country:iran","abstract","iran"
"W2914086170","region:mena","rule","from the country named"
"W2946384683","topic:economy-welfare","abstract","globalization"
"W2946384683","topic:economy-welfare","abstract","economic"
"W2946384683","method:qualitative","title","ethnography"
"W2946384683","method:qualitative","abstract","ethnographies"
"W2946384683","method:qualitative","abstract","ethnography"
"W2946384683","method:qualitative","abstract","ethnographic"
"W2946384683","method:quantitative","abstract","quantitative data"
"W2946384683","method:survey","abstract","survey data"
"W2946384683","country:united-states","title","united states"
"W2946384683","region:north-america","rule","from the country named"
"W2961781050","topic:economy-welfare","title","labor market"
"W2961781050","topic:economy-welfare","title","austerity"
"W2961781050","country:germany","abstract","germany"
"W2961781050","region:europe","rule","from the country named"
"W2962696138","topic:voters","title","populist attitudes"
"W2962696138","topic:voters","abstract","citizens"
"W2962696138","topic:voters","abstract","populist attitudes"
"W2962696138","country:spain","title","vox"
"W2962696138","region:europe","rule","from the country named"
"W2976976854","topic:democracy-institutions","title","liberal democracy"
"W2978332593","topic:parties","rule","second test passed: a party word in the title"
"W2978332593","topic:parties","title","parties"
"W2978332593","topic:media-communication","title","twitter"
"W2978332593","topic:media-communication","abstract","media"
"W2978332593","topic:media-communication","abstract","twitter"
"W2978332593","topic:media-communication","abstract","tweets"
"W2978332593","region:europe","title","european"
"W2978332593","region:europe","abstract","western european"
"W2978332593","region:europe","abstract","european"
"W2986306878","topic:international","abstract","international organizations"
"W2986306878","topic:international","abstract","imf"
"W2986306878","topic:parties","rule","second test passed: a leader or a party named in the title"
"W2986306878","topic:parties","abstract","party"
"W2986306878","topic:economy-welfare","title","economy"
"W2986306878","country:turkey","title","akp"
"W2986306878","country:turkey","abstract","turkey"
"W2986306878","country:turkey","abstract","justice and development party"
"W2986306878","country:turkey","abstract","akp"
"W2986306878","region:europe","rule","from the country named"
"W2995411682","topic:voters","abstract","public opinion"
"W2995411682","topic:voters","abstract","support for populist"
"W2995411682","topic:gender","abstract","women"
"W2995411682","topic:gender","abstract","gender"
"W2995411682","topic:gender","abstract","sexualities"
"W2995411682","country:united-states","abstract","us"
"W2995411682","country:united-states","abstract","trump"
"W2995411682","region:north-america","rule","from the country named"
"W4239435580","method:mixed","abstract","quantitative and qualitative"
"W4239435580","country:serbia","title","serbia"
"W4239435580","region:europe","rule","from the country named"
"W2910446702","topic:international","abstract","eu"
"W2910446702","method:qualitative","abstract","interviewed"
"W2910446702","region:europe","abstract","europe"
"W2910446702","region:europe","abstract","eu"
"W2910446702","country:estonia","title","estonia"
"W2910446702","country:estonia","abstract","estonia"
"W2910446702","country:estonia","abstract","estonian (+ political word)"
"W2910520032","topic:democracy-institutions","abstract","authoritarian"
"W2910520032","country:russia","title","putin"
"W2910520032","country:russia","abstract","russia"
"W2910520032","country:russia","abstract","putin"
"W2910520032","region:europe","rule","from the country named"
"W2916482275","region:europe","title","nordic"
"W2929314964","approach:performative","abstract","performative"
"W2929314964","topic:parties","rule","second test passed: a party word in the title"
"W2929314964","topic:parties","title","political leaders"
"W2929314964","topic:media-communication","title","journalistic"
"W2929314964","topic:media-communication","title","newspaper"
"W2929314964","topic:media-communication","abstract","media"
"W2929314964","topic:media-communication","abstract","newspapers"
"W2929314964","topic:media-communication","abstract","journalistic"
"W2929314964","topic:media-communication","abstract","newspaper"
"W2929314964","country:venezuela","abstract","chavez"
"W2929314964","country:venezuela","abstract","chavista"
"W2929314964","country:venezuela","abstract","venezuelan (+ political word)"
"W2929314964","region:latin-america","rule","from the country named"
"W2954807761","approach:discursive","abstract","laclau"
"W2965420117","topic:voters","abstract","electorate"
"W2965420117","topic:voters","abstract","public opinion"
"W2965420117","topic:spatial","abstract","geography of"
"W2965420117","country:italy","abstract","italy"
"W2965420117","country:italy","abstract","italian (+ political word)"
"W2965420117","region:europe","rule","from the country named"
"W2969618195","topic:religion","title","evangelical"
"W2969618195","topic:religion","abstract","christians"
"W2969618195","topic:religion","abstract","evangelical"
"W2969618195","topic:religion","abstract","evangelicals"
"W2969618195","topic:religion","abstract","religious"
"W2969618195","topic:religion","abstract","christian"
"W2969618195","country:united-states","abstract","us"
"W2969618195","region:north-america","rule","from the country named"
"W2970789373","topic:media-communication","abstract","propaganda"
"W2970789373","topic:media-communication","abstract","media"
"W2978383109","topic:international","title","european union"
"W2978383109","region:europe","title","european"
"W2978383109","region:europe","abstract","central europe"
"W2978383109","region:europe","abstract","western europe"
"W2978383109","region:europe","abstract","european"
"W2978383109","region:europe","abstract","eastern europe"
"W2978383109","country:germany","title","germany"
"W2978383109","country:germany","abstract","germany"
"W2991461295","topic:parties","rule","second test passed: the abstract speaks of parties more than of voters"
"W2991461295","topic:parties","abstract","party systems"
"W2991461295","topic:parties","abstract","radical right"
"W2991461295","topic:parties","abstract","party"
"W2991461295","topic:voters","abstract","voters"
"W2991461295","topic:voters","abstract","electorate"
"W2991461295","topic:spatial","abstract","subnational"
"W2991461295","country:brazil","title","brazil"
"W2991461295","region:latin-america","rule","from the country named"
"W2992047545","topic:voters","abstract","support for populist"
"W2992047545","topic:voters","abstract","citizens"
"W2992047545","topic:economy-welfare","title","economic"
"W2992047545","topic:economy-welfare","title","inequality"
"W2992047545","topic:economy-welfare","abstract","inequality"
"W2992047545","topic:economy-welfare","abstract","economic"
"W2992047545","topic:economy-welfare","abstract","unemployment"
"W2992047545","topic:economy-welfare","abstract","welfare"
"W2992047545","topic:migration","abstract","xenophobic"
"W2992047545","topic:migration","abstract","immigration"
"W2992047545","country:germany","abstract","germany"
"W2992047545","region:europe","rule","from the country named"
"W2993889401","topic:parties","rule","second test passed: a party word in the title"
"W2993889401","topic:parties","title","party"
"W2993889401","topic:parties","abstract","party"
"W4229822181","topic:economy-welfare","title","social policy"
"W4229822181","country:germany","abstract","germany"
"W4229822181","region:europe","rule","from the country named"
"W2945489977","topic:parties","rule","second test passed: a party word in the title"
"W2945489977","topic:parties","title","populist leaders"
"W2945489977","topic:parties","abstract","populist politicians"
"W2945489977","topic:parties","abstract","parties"
"W2945489977","region:europe","title","nordic"
"W2945489977","country:denmark","abstract","denmark"
"W2945489977","country:finland","abstract","finland"
"W2945489977","country:sweden","abstract","sweden"
"W2945735000","country:turkey","title","turkey"
"W2945735000","country:turkey","abstract","turkey"
"W2945735000","country:turkey","abstract","justice and development party"
"W2945735000","country:turkey","abstract","akp"
"W2945735000","country:turkey","abstract","erdogan"
"W2945735000","country:brazil","title","brazil"
"W2945735000","country:brazil","abstract","brazil"
"W2945735000","country:brazil","abstract","brazilian (+ political word)"
"W2945735000","region:europe","rule","from the country named"
"W2945735000","region:latin-america","rule","from the country named"
"W2949054881","topic:economy-welfare","title","neoliberal"
"W2949054881","topic:economy-welfare","abstract","neoliberal"
"W2949054881","topic:economy-welfare","abstract","neoliberalism"
"W2949054881","topic:economy-welfare","abstract","neoliberals"
"W2949054881","topic:economy-welfare","abstract","globalization"
"W2949054881","country:united-kingdom","abstract","uk"
"W2949054881","country:united-kingdom","abstract","brexit"
"W2949054881","region:europe","rule","from the country named"
"W2950423655","topic:religion","title","religious"
"W2950423655","country:south-africa","title","south africa"
"W2950423655","region:sub-saharan-africa","rule","from the country named"
"W2965639950","topic:economy-welfare","title","economic"
"W2965639950","topic:economy-welfare","abstract","globalization"
"W2965639950","topic:economy-welfare","abstract","financial crisis"
"W2965639950","country:united-kingdom","abstract","brexit"
"W2965639950","country:united-states","abstract","united states"
"W2965639950","region:europe","rule","from the country named"
"W2965639950","region:north-america","rule","from the country named"
"W2969572630","topic:economy-welfare","title","economy"
"W2969572630","topic:migration","title","migration"
"W2969572630","topic:migration","abstract","anti immigration"
"W2969572630","topic:migration","abstract","migration"
"W2969572630","topic:migration","abstract","migratory"
"W2969572630","region:europe","title","europe"
"W2969572630","region:europe","abstract","european"
"W2969572630","region:europe","abstract","europe"
"W2981163446","topic:economy-welfare","abstract","economic"
"W2981163446","topic:economy-welfare","abstract","redistributive"
"W2981163446","topic:economy-welfare","abstract","redistribution"
"W2981163446","topic:economy-welfare","abstract","fiscal"
"W2981163446","topic:democracy-institutions","title","authoritarian"
"W2981163446","topic:democracy-institutions","abstract","checks and balances"
"W2981163446","topic:democracy-institutions","abstract","rule of law"
"W2981163446","topic:democracy-institutions","abstract","authoritarian"
"W2981163446","country:hungary","abstract","hungarian (+ political word)"
"W2981163446","region:europe","rule","from the country named"
"W2858479582","topic:economy-welfare","title","neoliberalism"
"W2858479582","topic:economy-welfare","title","neoliberal"
"W2858479582","topic:economy-welfare","abstract","economic"
"W2858479582","topic:economy-welfare","abstract","neoliberalism"
"W2858479582","topic:economy-welfare","abstract","economy"
"W2858479582","topic:economy-welfare","abstract","neoliberalisms"
"W2858479582","topic:economy-welfare","abstract","neoliberal"
"W2858479582","country:india","title","india"
"W2858479582","country:india","abstract","india"
"W2858479582","region:asia-pacific","rule","from the country named"
"W2910337030","topic:spatial","title","rural"
"W2910337030","topic:economy-welfare","abstract","economy"
"W2910337030","topic:democracy-institutions","title","authoritarian"
"W2910337030","country:belarus","title","belarus"
"W2910337030","region:europe","rule","from the country named"
"W2943210120","topic:parties","rule","second test passed: a party word in the title"
"W2943210120","topic:parties","title","parties"
"W2943210120","topic:parties","abstract","parties"
"W2943210120","region:europe","title","european"
"W2943210120","country:italy","abstract","italy"
"W2943210120","country:italy","abstract","grillo"
"W2943210120","country:italy","abstract","five star movement"
"W2954683788","country:germany","title","germany"
"W2954683788","country:germany","abstract","germany"
"W2954683788","country:germany","abstract","german (+ political word)"
"W2954683788","region:europe","rule","from the country named"
"W2966157945","topic:democracy-institutions","title","authoritarian"
"W2966157945","country:united-states","title","trump"
"W2966157945","country:united-states","abstract","united states"
"W2966157945","country:united-states","abstract","trump"
"W2966157945","country:united-states","abstract","us"
"W2966157945","region:north-america","rule","from the country named"
"W2968550444","topic:media-communication","title","framing"
"W2968550444","method:experiment","abstract","survey experiments"
"W2968550444","country:serbia","abstract","serbia"
"W2968550444","country:israel","abstract","israel"
"W2968550444","region:europe","rule","from the country named"
"W2968550444","region:mena","rule","from the country named"
"W2980857866","approach:performative","abstract","populist style"
"W2980857866","topic:international","abstract","eu"
"W2980857866","topic:parties","rule","second test passed: the abstract speaks of parties more than of voters"
"W2980857866","topic:parties","abstract","populist movements"
"W2980857866","topic:parties","abstract","populist movement"
"W2980857866","topic:parties","abstract","party"
"W2980857866","topic:economy-welfare","abstract","economic"
"W2980857866","topic:economy-welfare","abstract","tariffs"
"W2980857866","topic:media-communication","abstract","media"
"W2980857866","topic:media-communication","abstract","newspaper"
"W2980857866","topic:media-communication","abstract","journalists"
"W2980857866","topic:democracy-institutions","title","rule of law"
"W2980857866","topic:democracy-institutions","abstract","constitutional"
"W2980857866","topic:democracy-institutions","abstract","judiciary"
"W2980857866","topic:democracy-institutions","abstract","rule of law"
"W2980857866","topic:democracy-institutions","abstract","court"
"W2980857866","topic:democracy-institutions","abstract","constitutionalism"
"W2980857866","topic:democracy-institutions","abstract","courts"
"W2980857866","region:europe","abstract","europe"
"W2980857866","region:europe","abstract","eu"
"W2980857866","country:serbia","abstract","serbia"
"W2980857866","country:serbia","abstract","vucic"
"W2980857866","country:serbia","abstract","serbian (+ political word)"
"W2981147331","topic:economy-welfare","abstract","inequalities"
"W2981147331","topic:economy-welfare","abstract","economic"
"W2981147331","topic:gender","title","feminism"
"W2981147331","topic:gender","abstract","gender"
"W2981147331","topic:gender","abstract","feminist"
"W2981147331","topic:gender","abstract","feminists"
"W2987175387","country:brazil","title","brazil"
"W2987175387","country:brazil","abstract","lula"
"W2987175387","country:brazil","abstract","bolsonaro"
"W2987175387","country:brazil","abstract","brazilian (+ political word)"
"W2987175387","region:latin-america","rule","from the country named"
"W2995380238","approach:performative","title","performative"
"W2996331934","topic:international","abstract","eu"
"W2996331934","topic:international","abstract","supranational"
"W2996331934","topic:international","abstract","global order"
"W2996331934","region:europe","title","european"
"W2996331934","region:europe","abstract","eastern europe"
"W2996331934","region:europe","abstract","eu"
"W3048309609","topic:international","title","brexit"
"W3048309609","topic:international","abstract","brexit"
"W3048309609","country:united-kingdom","title","brexit"
"W3048309609","country:united-kingdom","abstract","britain"
"W3048309609","country:united-kingdom","abstract","brexit"
"W3048309609","region:europe","rule","from the country named"
"W3048693766","topic:voters","abstract","citizens"
"W3048693766","method:qualitative","abstract","focus group"
"W3048693766","method:survey","abstract","survey data"
"W2913740207","region:europe","title","europe"
"W2913740207","region:europe","abstract","europe"
"W2913740207","region:europe","abstract","european"
"W2913740207","region:europe","abstract","eu"
"W2913740207","country:ukraine","title","ukraine"
"W2913740207","country:ukraine","abstract","ukraine"
"W2913740207","country:ukraine","abstract","ukrainian (+ political word)"
"W2913843761","topic:international","abstract","eu"
"W2913843761","topic:parties","rule","second test passed: a party word in the title"
"W2913843761","topic:parties","title","right wing populist"
"W2913843761","topic:parties","title","parties"
"W2913843761","topic:parties","abstract","parties"
"W2913843761","topic:parties","abstract","right wing populism"
"W2913843761","topic:parties","abstract","party"
"W2913843761","topic:parties","abstract","right wing populist"
"W2913843761","topic:parties","abstract","right wing populists"
"W2913843761","topic:voters","abstract","voters"
"W2913843761","topic:voters","abstract","voter"
"W2913843761","topic:economy-welfare","abstract","economic"
"W2913843761","topic:economy-welfare","abstract","globalization"
"W2913843761","topic:economy-welfare","abstract","neoliberal"
"W2913843761","topic:economy-welfare","abstract","austerity"
"W2913843761","region:europe","abstract","eu"
"W2915398806","topic:economy-welfare","title","economics"
"W2915398806","topic:economy-welfare","title","welfare"
"W2915398806","topic:economy-welfare","abstract","economic"
"W2915398806","topic:economy-welfare","abstract","welfare"
"W2915398806","topic:economy-welfare","abstract","economy"
"W2915398806","country:india","abstract","india"
"W2915398806","country:india","abstract","indian (+ political word)"
"W2915398806","region:asia-pacific","rule","from the country named"
"W2923396374","todo:check-outlet","journal","Survival"
"W2923396374","topic:international","title","world order"
"W2935837939","topic:democracy-institutions","abstract","democratic backsliding"
"W2935837939","topic:democracy-institutions","abstract","democratic institutions"
"W2935837939","country:turkey","title","turkey"
"W2935837939","country:united-states","title","united states"
"W2935837939","country:united-states","abstract","united states"
"W2935837939","country:united-states","abstract","trump"
"W2935837939","country:united-states","abstract","american (+ political word)"
"W2935837939","region:europe","rule","from the country named"
"W2935837939","region:north-america","rule","from the country named"
"W2940784688","topic:voters","abstract","supporters"
"W2940784688","topic:democracy-institutions","title","constitutional"
"W2940784688","topic:democracy-institutions","abstract","constitutional"
"W2940784688","topic:democracy-institutions","abstract","liberal democracy"
"W2941270720","topic:democracy-institutions","abstract","constitutional"
"W2969298025","region:latin-america","title","andes"
"W2969298025","country:bolivia","abstract","bolivia"
"W2969298025","country:ecuador","abstract","ecuador"
"W2969298025","country:venezuela","abstract","venezuela"
"W2969542966","topic:democracy-institutions","title","liberal democracy"
"W2981443938","topic:parties","rule","second test passed: a party word in the title"
"W2981443938","topic:parties","title","populist politicians"
"W2981443938","topic:parties","abstract","populist politicians"
"W2981443938","topic:media-communication","abstract","communication"
"W2981443938","topic:migration","abstract","immigrants"
"W2981443938","topic:migration","abstract","xenophobic"
"W2981443938","country:norway","title","norway"
"W2981443938","region:europe","rule","from the country named"
"W2982499571","topic:parties","rule","second test passed: a party word in the title"
"W2982499571","topic:parties","title","parties"
"W2982499571","topic:parties","abstract","social movements"
"W2982499571","topic:parties","abstract","parties"
"W2982499571","topic:parties","abstract","populist movement"
"W2982499571","topic:parties","abstract","party"
"W2982709754","country:philippines","title","duterte"
"W2982709754","country:singapore","title","singapore"
"W2982709754","region:asia-pacific","rule","from the country named"
"W2986455683","topic:gender","title","feminist"
"W2986455683","topic:gender","abstract","feminism"
"W2986455683","topic:gender","abstract","gender"
"W2986455683","topic:gender","abstract","feminist"
"W2986455683","topic:gender","abstract","women"
"W2986455683","country:poland","title","poland"
"W2986455683","country:poland","abstract","poland"
"W2986455683","country:spain","title","spain"
"W2986455683","country:spain","abstract","spain"
"W2986455683","region:europe","rule","from the country named"
"W2988742915","country:russia","title","russia"
"W2988742915","country:india","title","india"
"W2988742915","region:europe","rule","from the country named"
"W2988742915","region:asia-pacific","rule","from the country named"
"W3012214047","approach:performative","title","populist style"
"W3012214047","approach:performative","abstract","populist style"
"W3012214047","topic:media-communication","title","communication"
"W3012214047","topic:media-communication","abstract","communication"
"W3012214047","topic:media-communication","abstract","television"
"W3012214047","country:poland","title","poland"
"W3012214047","country:poland","abstract","andrzej duda"
"W3012214047","country:poland","abstract","polish (+ political word)"
"W3012214047","region:europe","rule","from the country named"
"W4206512376","topic:international","abstract","eu"
"W4206512376","region:europe","title","european"
"W4206512376","region:europe","abstract","europe"
"W4206512376","region:europe","abstract","eu"
"W2908383323","topic:democracy-institutions","title","liberal democracy"
"W2908383323","topic:democracy-institutions","title","democratic backsliding"
"W2913006052","topic:parties","rule","second test passed: a party word in the title"
"W2913006052","topic:parties","title","candidates"
"W2913006052","topic:parties","abstract","candidates"
"W2913006052","topic:gender","title","gender"
"W2913006052","topic:gender","abstract","women"
"W2913006052","topic:gender","abstract","lgbtqis"
"W2913006052","country:brazil","title","brazil"
"W2913006052","country:brazil","abstract","brazil"
"W2913006052","country:brazil","abstract","bolsonaro"
"W2913006052","region:latin-america","rule","from the country named"
"W2913950475","country:turkey","title","turkey"
"W2913950475","region:europe","rule","from the country named"
"W2927972841","topic:international","abstract","european union"
"W2927972841","topic:international","abstract","eu"
"W2927972841","topic:international","abstract","transnational"
"W2927972841","method:qualitative","abstract","ethnographic"
"W2927972841","method:qualitative","abstract","fieldwork"
"W2927972841","region:europe","abstract","european"
"W2927972841","region:europe","abstract","eu"
"W2927972841","country:greece","title","greece"
"W2927972841","country:greece","abstract","greece"
"W2927972841","country:greece","abstract","greek (+ political word)"
"W2937634808","topic:democracy-institutions","title","constitutional"
"W2941535428","topic:democracy-institutions","abstract","constitutional"
"W2941535428","topic:democracy-institutions","abstract","constitutionalism"
"W2941535428","topic:democracy-institutions","abstract","liberal democracy"
"W2948262503","topic:international","title","brexit"
"W2948262503","topic:international","abstract","brexit"
"W2948262503","topic:democracy-institutions","title","referendum"
"W2948262503","country:united-kingdom","title","britain"
"W2948262503","country:united-kingdom","title","brexit"
"W2948262503","country:united-kingdom","abstract","brexit"
"W2948262503","country:united-kingdom","abstract","farage"
"W2948262503","region:europe","rule","from the country named"
"W2952697725","topic:voters","abstract","attitudes"
"W2952697725","topic:religion","title","religion"
"W2952697725","topic:religion","abstract","religion"
"W2952697725","topic:religion","abstract","religious"
"W2952697725","country:philippines","title","philippines"
"W2952697725","country:philippines","abstract","philippines"
"W2952697725","region:asia-pacific","rule","from the country named"
"W2990310786","region:europe","abstract","european"
"W2995100821","topic:international","title","international law"
"W2995100821","topic:government","title","populist governments"
"W2996517703","topic:democracy-institutions","title","constitutional"
"W2996517703","country:greece","title","greece"
"W2996517703","country:turkey","title","turkey"
"W2996517703","region:europe","rule","from the country named"
"W3003933788","country:india","abstract","indian (+ political word)"
"W3003933788","region:asia-pacific","rule","from the country named"
"W3036948226","country:germany","title","germany"
"W3036948226","country:germany","abstract","germany"
"W3036948226","country:germany","abstract","german (+ political word)"
"W3036948226","region:europe","rule","from the country named"
"W2913984086","approach:performative","title","performative"
"W2913984086","approach:performative","abstract","performative"
"W2913984086","topic:democracy-institutions","title","populism and democracy"
"W2913984086","country:united-states","abstract","trump"
"W2913984086","country:argentina","abstract","peron"
"W2913984086","region:north-america","rule","from the country named"
"W2913984086","region:latin-america","rule","from the country named"
"W2914549927","topic:media-communication","abstract","media"
"W2914549927","country:united-states","abstract","american (+ political word)"
"W2914549927","region:north-america","rule","from the country named"
"W2917202121","topic:parties","rule","second test passed: a party word in the title"
"W2917202121","topic:parties","title","parties"
"W2917202121","topic:parties","abstract","populist movements"
"W2917202121","topic:parties","abstract","parties"
"W2917202121","topic:parties","abstract","party"
"W2917202121","topic:parties","abstract","candidates"
"W2917202121","topic:voters","abstract","voters"
"W2917202121","country:australia","abstract","australia"
"W2917202121","country:australia","abstract","one nation"
"W2917202121","country:australia","abstract","australian (+ political word)"
"W2917202121","region:asia-pacific","rule","from the country named"
"W2945464468","topic:international","abstract","european union"
"W2945464468","topic:international","abstract","supranational"
"W2945464468","topic:parties","rule","second test passed: a party word in the title"
"W2945464468","topic:parties","title","populist movements"
"W2945464468","topic:economy-welfare","abstract","economy"
"W2945464468","topic:economy-welfare","abstract","economic"
"W2945464468","region:europe","title","europe"
"W2945464468","region:europe","title","european"
"W2945464468","region:europe","abstract","european"
"W2945560627","country:switzerland","title","switzerland"
"W2945560627","region:europe","rule","from the country named"
"W2966107548","topic:voters","title","citizens"
"W2966107548","topic:voters","abstract","citizens"
"W2966107548","topic:economy-welfare","title","inequality"
"W2966107548","topic:economy-welfare","abstract","redistribute"
"W2966107548","topic:economy-welfare","abstract","redistributive"
"W2966107548","country:italy","abstract","italian (+ political word)"
"W2966107548","region:europe","rule","from the country named"
"W2981739572","approach:socio-cultural","title","ostiguy"
"W2989753295","approach:discursive","title","laclau"
"W2989753295","approach:discursive","abstract","laclau"
"W2989753295","country:argentina","abstract","argentina"
"W2989753295","country:argentina","abstract","peronism"
"W2989753295","country:argentina","abstract","peronist"
"W2989753295","country:argentina","abstract","argentinean (+ political word)"
"W2989753295","region:latin-america","rule","from the country named"
"W2996437163","topic:international","title","international law"
"W2996437163","topic:international","abstract","international law"
"W2996437163","topic:government","title","populist governments"
"W2920714020","approach:economic","abstract","economic populism"
"W2920714020","topic:economy-welfare","title","neoliberalism"
"W2920714020","topic:economy-welfare","abstract","economic"
"W2942317101","topic:democracy-institutions","abstract","court"
"W2942317101","topic:democracy-institutions","abstract","authoritarian"
"W2942317101","country:venezuela","title","venezuela"
"W2942317101","country:venezuela","abstract","chavista"
"W2942317101","country:venezuela","abstract","chavez"
"W2942317101","country:venezuela","abstract","maduro"
"W2942317101","country:venezuela","abstract","venezuelan (+ political word)"
"W2942317101","region:latin-america","rule","from the country named"
"W2943763568","region:europe","abstract","western european"
"W2943763568","region:europe","abstract","european"
"W2943763568","country:italy","title","italy"
"W2943763568","country:italy","abstract","italy"
"W2943763568","country:italy","abstract","italian (+ political word)"
"W2947123683","topic:voters","abstract","citizens"
"W2947123683","country:south-korea","title","south korea"
"W2947123683","region:asia-pacific","rule","from the country named"
"W2964611832","approach:discursive","abstract","laclau"
"W2974000637","topic:voters","title","populist attitudes"
"W2974000637","topic:voters","abstract","attitudes"
"W2974000637","topic:voters","abstract","populist attitudes"
"W2974000637","method:survey","abstract","european social survey"
"W2974000637","region:europe","title","european"
"W2982654946","topic:economy-welfare","abstract","redistribution"
"W2982654946","topic:economy-welfare","abstract","inequality"
"W2982654946","topic:economy-welfare","abstract","economic"
"W2990794789","topic:parties","rule","second test passed: a leader or a party named in the title"
"W2990794789","topic:parties","title","populist right"
"W2990794789","topic:parties","abstract","far right"
"W2990794789","topic:parties","abstract","party leaders"
"W2990794789","topic:parties","abstract","party"
"W2990794789","topic:parties","abstract","right wing populist"
"W2990794789","country:sweden","title","sweden"
"W2990794789","country:sweden","abstract","sweden"
"W2990794789","country:sweden","abstract","sweden democrats"
"W2990794789","country:united-states","title","trump"
"W2990794789","country:united-states","abstract","trump"
"W2990794789","country:united-states","abstract","us"
"W2990794789","region:europe","rule","from the country named"
"W2990794789","region:north-america","rule","from the country named"
"W2994760940","topic:international","title","euroscepticism"
"W3011642027","approach:performative","title","populist style"
"W3011642027","topic:media-communication","title","media"
"W3011642027","topic:media-communication","abstract","media"
"W3011642027","topic:migration","title","migrant"
"W3011642027","topic:migration","abstract","immigrants"
"W3011642027","topic:migration","abstract","migrant"
"W3011642027","topic:migration","abstract","migration"
"W3048560567","topic:migration","abstract","xenophobic"
"W3048560567","topic:migration","abstract","migrants"
"W3048560567","country:united-states","abstract","u s"
"W3048560567","country:mexico","abstract","mexico"
"W3048560567","region:north-america","rule","from the country named"
"W3048560567","region:latin-america","rule","from the country named"
"W2911718645","topic:economy-welfare","title","neoliberalism"
"W2911718645","topic:economy-welfare","abstract","economic"
"W2911718645","topic:economy-welfare","abstract","neoliberal"
"W2947009030","country:united-kingdom","abstract","brexit"
"W2947009030","country:united-states","abstract","trump"
"W2947009030","country:south-korea","abstract","korea"
"W2947009030","region:global","rule","three or more regions named: europe, north-america, asia-pacific"
"W2947777405","topic:parties","rule","second test passed: the abstract speaks of parties more than of voters"
"W2947777405","topic:parties","abstract","populist leaders"
"W2947777405","topic:parties","abstract","party leader"
"W2947777405","topic:parties","abstract","party"
"W2947777405","topic:parties","abstract","political leader"
"W2947777405","topic:media-communication","title","media"
"W2947777405","topic:media-communication","abstract","media"
"W2953580893","topic:religion","abstract","christian"
"W2953580893","topic:religion","abstract","churches"
"W2953580893","topic:religion","abstract","christianity"
"W2954381350","topic:international","abstract","european union"
"W2954381350","topic:international","abstract","eu"
"W2954381350","topic:voters","abstract","citizens"
"W2954381350","topic:media-communication","abstract","communication"
"W2954381350","topic:media-communication","abstract","media"
"W2954381350","region:europe","title","european"
"W2954381350","region:europe","abstract","europe"
"W2954381350","region:europe","abstract","european"
"W2954381350","region:europe","abstract","eu"
"W2958841516","topic:media-communication","title","media"
"W2958841516","topic:media-communication","abstract","media"
"W2958841516","region:latin-america","title","andes"
"W2958841516","country:argentina","title","argentina"
"W2958841516","country:argentina","abstract","argentina"
"W2958841516","country:argentina","abstract","peron"
"W2958841516","country:chile","title","chile"
"W2958841516","country:chile","abstract","chile"
"W2961043616","topic:economy-welfare","title","neoliberal"
"W2961043616","topic:economy-welfare","title","globalization"
"W2961043616","topic:economy-welfare","abstract","neoliberal"
"W2961043616","topic:economy-welfare","abstract","neoliberalism"
"W2961043616","topic:democracy-institutions","abstract","authoritarian"
"W2961043616","topic:democracy-institutions","abstract","democratization"
"W2961043616","topic:democracy-institutions","abstract","illiberal"
"W2961043616","topic:democracy-institutions","abstract","populism and democracy"
"W2961043616","country:united-states","abstract","trump"
"W2961043616","region:north-america","rule","from the country named"
"W2964461515","topic:parties","rule","second test passed: a party word in the title"
"W2964461515","topic:parties","title","radical right"
"W2964461515","topic:parties","title","parties"
"W2964461515","topic:parties","abstract","right wing populist"
"W2964461515","topic:parties","abstract","parties"
"W2964461515","topic:government","title","in government"
"W2964638235","topic:economy-welfare","title","neoliberalism"
"W2965625360","country:japan","title","japanese (+ political word)"
"W2965625360","country:japan","abstract","japan"
"W2965625360","region:asia-pacific","rule","from the country named"
"W2969429941","topic:government","abstract","populist presidents"
"W2969429941","topic:government","abstract","populist prime minister"
"W2969512593","topic:voters","abstract","voter"
"W2969512593","topic:voters","abstract","populist attitudes"
"W2969512593","topic:voters","abstract","attitudes"
"W2969512593","topic:religion","title","evangelicalism"
"W2969512593","topic:religion","abstract","evangelical"
"W2969512593","topic:religion","abstract","religious"
"W2969512593","topic:migration","title","immigration"
"W2969512593","topic:migration","abstract","immigration"
"W2969512593","method:quantitative","abstract","panel data"
"W2969512593","country:united-states","abstract","united states"
"W2969512593","region:north-america","rule","from the country named"
"W2969913834","topic:international","title","multilateralism"
"W2969913834","topic:international","abstract","multilateral"
"W2969913834","topic:international","abstract","global governance"
"W2969913834","topic:democracy-institutions","abstract","authoritarianism"
"W2972634836","topic:voters","abstract","voters"
"W2972634836","topic:economy-welfare","abstract","economic"
"W2972634836","topic:economy-welfare","abstract","welfare"
"W2976640130","topic:voters","abstract","citizens"
"W2976640130","topic:media-communication","title","media"
"W2976640130","topic:media-communication","abstract","media"
"W2976640130","topic:media-communication","abstract","communication"
"W2987851327","topic:migration","abstract","xenophobic"
"W2987851327","country:japan","title","japan"
"W2987851327","country:japan","abstract","japan"
"W2987851327","region:asia-pacific","rule","from the country named"
"W2989697753","topic:international","title","eu"
"W2989697753","topic:international","abstract","eu"
"W2989697753","topic:migration","abstract","nativism"
"W2989697753","topic:migration","abstract","immigration"
"W2989697753","region:europe","title","eu"
"W2989697753","region:europe","abstract","europe"
"W2989697753","region:europe","abstract","eu"
"W2989697753","country:germany","abstract","germany"
"W2989697753","country:germany","abstract","afd"
"W2989697753","country:turkey","title","turkey"
"W2989697753","country:turkey","abstract","turkey"
"W2989697753","country:united-kingdom","abstract","britain"
"W2989697753","country:united-kingdom","abstract","ukip"
"W2990122513","topic:media-communication","abstract","journalism"
"W2995197504","topic:international","title","european integration"
"W2995197504","topic:international","abstract","eu"
"W2995197504","topic:international","abstract","european integration"
"W2995197504","topic:voters","title","attitudes"
"W2995197504","topic:economy-welfare","title","free trade"
"W2995197504","topic:economy-welfare","abstract","economics"
"W2995197504","topic:economy-welfare","abstract","economic"
"W2995197504","topic:economy-welfare","abstract","free trade"
"W2995197504","region:europe","title","european"
"W2995197504","region:europe","abstract","european"
"W2995197504","region:europe","abstract","europe"
"W2995197504","region:europe","abstract","eu"
"W2996632751","topic:economy-welfare","abstract","economy"
"W2996632751","topic:economy-welfare","abstract","economic"
"W2996632751","country:brazil","abstract","brazil"
"W2996632751","country:brazil","abstract","brazilian (+ political word)"
"W2996632751","region:latin-america","rule","from the country named"
"W3014051641","country:united-states","abstract","trump"
"W3014051641","region:north-america","rule","from the country named"
"W3018945752","topic:parties","rule","second test passed: the abstract speaks of parties more than of voters"
"W3018945752","topic:parties","abstract","right wing populism"
"W3018945752","topic:parties","abstract","party"
"W3018945752","topic:parties","abstract","populist leaders"
"W3018945752","topic:democracy-institutions","abstract","liberal democracy"
"W3018945752","topic:democracy-institutions","abstract","authoritarian"
"W3018945752","country:poland","abstract","poland"
"W3018945752","country:poland","abstract","law and justice"
"W3018945752","country:poland","abstract","pis"
"W3018945752","country:poland","abstract","kaczynski"
"W3018945752","country:united-kingdom","abstract","great britain"
"W3018945752","country:united-kingdom","abstract","brexit"
"W3018945752","country:united-states","abstract","united states"
"W3018945752","country:united-states","abstract","trump"
"W3018945752","region:europe","rule","from the country named"
"W3018945752","region:north-america","rule","from the country named"
"W3025709651","topic:economy-welfare","title","economy"
"W3025709651","topic:economy-welfare","abstract","inequality"
"W3025709651","topic:economy-welfare","abstract","economic"
"W3025709651","topic:economy-welfare","abstract","inequalities"
"W3048835502","country:united-states","title","trump"
"W3048835502","country:united-states","abstract","trump"
"W3048835502","region:north-america","rule","from the country named"
"W4256359275","topic:parties","rule","second test passed: the abstract speaks of parties more than of voters"
"W4256359275","topic:parties","abstract","political leaders"
"W4256359275","topic:parties","abstract","populist actors"
"W4256359275","country:china","abstract","china"
"W4256359275","country:singapore","abstract","singapore"
"W4256359275","region:asia-pacific","rule","from the country named"
"W2909073794","topic:voters","title","populist attitudes"
"W2909073794","topic:religion","title","islamic"
"W2909073794","topic:religion","abstract","religion"
"W2909073794","topic:religion","abstract","islamic"
"W2909073794","topic:religion","abstract","religious"
"W2909073794","country:united-kingdom","abstract","uk"
"W2909073794","region:europe","rule","from the country named"
"W2913889166","topic:economy-welfare","title","social policy"
"W2913889166","country:united-states","title","trump"
"W2913889166","country:united-states","abstract","us"
"W2913889166","country:united-states","abstract","trump"
"W2913889166","country:venezuela","title","venezuela"
"W2913889166","country:venezuela","abstract","venezuela"
"W2913889166","country:venezuela","abstract","chavez"
"W2913889166","region:north-america","rule","from the country named"
"W2913889166","region:latin-america","rule","from the country named"
"W2916451825","topic:economy-welfare","title","economic"
"W2916451825","topic:economy-welfare","title","inequality"
"W2916451825","topic:economy-welfare","title","protectionism"
"W2933177001","topic:defence-security","abstract","terrorist"
"W2933177001","topic:defence-security","abstract","war"
"W2933177001","country:united-states","title","u s"
"W2933177001","country:united-states","abstract","u s"
"W2933177001","country:united-states","abstract","american (+ political word)"
"W2933177001","region:north-america","rule","from the country named"
"W2935995624","topic:gender","title","feminism"
"W2935995624","country:united-states","title","us"
"W2935995624","region:north-america","rule","from the country named"
"W2941279593","topic:democracy-institutions","title","direct democracy"
"W2941279593","topic:democracy-institutions","abstract","direct democracy"
"W2941279593","country:canada","title","canada"
"W2941279593","country:united-states","title","us"
"W2941279593","region:north-america","rule","from the country named"
"W2945577032","country:united-kingdom","abstract","britain"
"W2945577032","country:united-kingdom","abstract","united kingdom"
"W2945577032","country:united-kingdom","abstract","great britain"
"W2945577032","country:united-kingdom","abstract","northern ireland"
"W2945577032","country:south-africa","abstract","south africa"
"W2945577032","region:europe","rule","from the country named"
"W2945577032","region:sub-saharan-africa","rule","from the country named"
"W2946173613","approach:political-strategic","abstract","political strategic"
"W2946173613","approach:performative","abstract","political style"
"W2946173613","topic:voters","abstract","citizens"
"W2946173613","topic:voters","abstract","attitudes"
"W2946173613","region:latin-america","title","south america"
"W2946173613","country:bolivia","abstract","bolivia"
"W2946173613","country:bolivia","abstract","evo morales"
"W2946173613","country:ecuador","abstract","ecuador"
"W2946173613","country:ecuador","abstract","correa"
"W2955300096","topic:parties","rule","second test passed: a party word in the title"
"W2955300096","topic:parties","title","party"
"W2955300096","country:turkey","title","turkey"
"W2955300096","region:europe","rule","from the country named"
"W2969796292","topic:economy-welfare","abstract","economic"
"W2969796292","topic:economy-welfare","abstract","inequality"
"W2969796292","topic:democracy-institutions","abstract","liberal democracy"
"W2970881734","topic:economy-welfare","title","economic"
"W2970881734","topic:migration","title","nativism"
"W2970881734","country:germany","title","german (+ political word)"
"W2970881734","region:europe","rule","from the country named"
"W2978492794","approach:discursive","abstract","essex school"
"W2978492794","approach:discursive","abstract","laclau"
"W2978492794","topic:democracy-institutions","abstract","constitutional"
"W2978492794","topic:democracy-institutions","abstract","democratization"
"W2978492794","country:united-states","abstract","usa"
"W2978492794","country:south-africa","abstract","south (+ political word)"
"W2978492794","region:global","rule","three or more regions named: mena, north-america, sub-saharan-africa"
"W2981472176","region:europe","title","european"
"W2991317972","approach:discursive","title","discourse theory"
"W2991317972","approach:discursive","abstract","discourse theory"
"W2991389617","topic:democracy-institutions","title","populism and democracy"
"W2991928824","topic:democracy-institutions","abstract","constitution"
"W2991928824","topic:democracy-institutions","abstract","authoritarian"
"W3010759390","topic:media-communication","title","communication"
"W3010759390","method:experiment","abstract","online experiment"
"W3010759390","region:europe","title","europe"
"W4234636465","topic:democracy-institutions","title","liberal democracy"
"W2940908426","region:asia-pacific","title","southeast asia"
"W2943666376","topic:democracy-institutions","title","authoritarian"
"W2948022553","topic:democracy-institutions","abstract","liberal democracy"
"W2948022553","country:south-korea","title","south korea"
"W2948022553","region:asia-pacific","rule","from the country named"
"W2951726337","todo:check-record","rule","DOI accepted by reading, not by the automatic rule"
"W2951726337","country:greece","title","greek (+ political word)"
"W2951726337","region:europe","rule","from the country named"
"W2956951509","country:united-states","title","us"
"W2956951509","region:north-america","rule","from the country named"
"W2957926096","topic:voters","abstract","citizens"
"W2957926096","topic:economy-welfare","abstract","inequality"
"W2957926096","topic:economy-welfare","abstract","economic"
"W2957926096","topic:economy-welfare","abstract","economics"
"W2957926096","topic:economy-welfare","abstract","unemployment"
"W2957926096","topic:migration","abstract","immigrants"
"W2957926096","topic:migration","abstract","refugees"
"W2957926096","topic:democracy-institutions","abstract","liberal democracy"
"W2957926096","topic:democracy-institutions","abstract","rule of law"
"W2957926096","topic:democracy-institutions","abstract","constitutionalism"
"W2957926096","country:germany","abstract","germany"
"W2957926096","country:poland","abstract","poland"
"W2957926096","country:united-kingdom","abstract","britain"
"W2957926096","region:europe","rule","from the country named"
"W2962111436","country:united-states","abstract","u s"
"W2962111436","region:north-america","rule","from the country named"
"W2969980151","topic:religion","title","evangelical"
"W2969980151","topic:religion","abstract","evangelical"
"W2969980151","topic:religion","abstract","evangelicals"
"W2972022498","topic:economy-welfare","title","economic"
"W2973155894","region:europe","title","europe"
"W2973155894","region:europe","title","nordic"
"W2974518348","country:argentina","abstract","argentina"
"W2974518348","country:argentina","abstract","peron"
"W2974518348","country:argentina","abstract","peronism"
"W2974518348","country:argentina","abstract","peronist"
"W2974518348","country:argentina","abstract","argentine (+ political word)"
"W2974518348","region:latin-america","rule","from the country named"
"W2981891983","topic:international","title","european union"
"W2981891983","topic:international","abstract","eu"
"W2981891983","topic:economy-welfare","title","globalization"
"W2981891983","topic:economy-welfare","abstract","globalization"
"W2981891983","region:europe","title","european"
"W2981891983","region:europe","abstract","eu"
"W2982520592","region:europe","title","europe"
"W3011425976","topic:media-communication","title","media"
"W3011425976","topic:media-communication","abstract","communication"
"W3011425976","topic:media-communication","abstract","media"
"W3160630230","topic:economy-welfare","title","welfare"
"W3160630230","topic:economy-welfare","abstract","welfare"
"W2912753959","topic:parties","rule","second test passed: a party word in the title"
"W2912753959","topic:parties","title","parties"
"W2912753959","topic:parties","title","party systems"
"W2915705322","topic:parties","rule","second test passed: a party word in the title"
"W2915705322","topic:parties","title","parties"
"W2915705322","region:europe","title","scandinavian"
"W2915705322","country:united-states","title","us"
"W2915705322","region:north-america","rule","from the country named"
"W2921826025","country:peru","title","peru"
"W2921826025","region:latin-america","rule","from the country named"
"W2924016238","topic:parties","rule","second test passed: the abstract speaks of parties more than of voters"
"W2924016238","topic:parties","abstract","political leaders"
"W2924016238","topic:parties","abstract","party"
"W2924016238","topic:media-communication","title","media"
"W2924016238","topic:media-communication","abstract","media"
"W2924016238","topic:media-communication","abstract","communication"
"W2924016238","country:india","abstract","india"
"W2924016238","country:india","abstract","bharatiya janata"
"W2924016238","country:india","abstract","indira gandhi"
"W2924016238","region:asia-pacific","rule","from the country named"
"W2928095249","todo:check-record","rule","the registry writes the names in the title with stray spaces between the letters: to be corrected in Zotero by hand"
"W2932928415","topic:religion","title","religion"
"W2937413660","topic:religion","title","religion"
"W2942600704","topic:religion","title","religion"
"W2942685736","topic:parties","rule","second test passed: a party family in the title"
"W2942685736","topic:parties","title","radical right"
"W2943041171","topic:parties","rule","second test passed: a party family in the title"
"W2943041171","topic:parties","title","radical right"
"W2943041171","region:europe","title","european"
"W2946204126","topic:media-communication","abstract","media"
"W2946204126","topic:media-communication","abstract","communication"
"W2946204126","country:philippines","abstract","philippines"
"W2946204126","region:asia-pacific","rule","from the country named"
"W2946668689","topic:parties","rule","second test passed: a party word in the title"
"W2946668689","topic:parties","title","radical right"
"W2946668689","topic:parties","title","parties"
"W2946668689","region:europe","title","western europe"
"W2946858326","topic:parties","rule","second test passed: a party word in the title"
"W2946858326","topic:parties","title","radical right"
"W2946858326","topic:parties","title","parties"
"W2946858326","region:europe","title","western europe"
"W2946858326","region:europe","title","europe"
"W2947396364","region:latin-america","abstract","latin america"
"W2947396364","country:south-korea","abstract","korean (+ political word)"
"W2947396364","region:asia-pacific","rule","from the country named"
"W2947705833","country:russia","title","russian (+ political word)"
"W2947705833","region:europe","rule","from the country named"
"W2947903814","country:peru","title","peru"
"W2947903814","region:latin-america","rule","from the country named"
"W2955009239","todo:check-record","rule","the registry lists the author's department as an author (the author is Jovito Cariño): to be corrected in Zotero by hand"
"W2955286383","topic:democracy-institutions","abstract","constitutionalists"
"W2955286383","topic:democracy-institutions","abstract","constitutionalism"
"W2955286383","topic:democracy-institutions","abstract","constitutions"
"W2955286383","topic:democracy-institutions","abstract","constitutional"
"W2955286383","topic:democracy-institutions","abstract","constitution"
"W2955286383","topic:democracy-institutions","abstract","court"
"W2955286383","country:india","abstract","india"
"W2955286383","country:india","abstract","indian (+ political word)"
"W2955286383","region:asia-pacific","rule","from the country named"
"W2958422948","country:united-states","abstract","trump"
"W2958422948","region:north-america","rule","from the country named"
"W2959098471","country:united-states","title","american (+ political word)"
"W2959098471","region:north-america","rule","from the country named"
"W2959279919","country:united-states","title","american (+ political word)"
"W2959279919","country:united-states","abstract","united states"
"W2959279919","country:united-states","abstract","american (+ political word)"
"W2959279919","region:north-america","rule","from the country named"
"W2960852413","approach:discursive","abstract","laclau"
"W2960926175","topic:foreign-policy","title","foreign policy"
"W2960926175","country:united-states","title","america first"
"W2960926175","region:north-america","rule","from the country named"
"W2962263065","topic:parties","rule","second test passed: the abstract speaks of parties more than of voters"
"W2962263065","topic:parties","abstract","social movements"
"W2962263065","topic:parties","abstract","populist movements"
"W2965805760","country:peru","title","peru"
"W2965805760","region:latin-america","rule","from the country named"
"W2967169052","country:venezuela","title","venezuela"
"W2967169052","country:venezuela","title","bolivarian"
"W2967169052","country:venezuela","abstract","venezuela"
"W2967169052","country:venezuela","abstract","bolivarian"
"W2967169052","region:latin-america","rule","from the country named"
"W2969322863","region:europe","title","southern europe"
"W2969893923","topic:parties","rule","second test passed: a party word in the title"
"W2969893923","topic:parties","title","radical right"
"W2969893923","topic:parties","title","parties"
"W2969893923","region:europe","title","western europe"
"W2971691834","country:united-states","title","trump"
"W2971691834","region:north-america","rule","from the country named"
"W2971694100","country:united-states","title","trump"
"W2971694100","region:north-america","rule","from the country named"
"W2974165665","region:europe","title","nordic"
"W2976156770","topic:parties","rule","second test passed: the abstract speaks of parties more than of voters"
"W2976156770","topic:parties","abstract","party"
"W2976156770","topic:government","abstract","presidency"
"W2976156770","country:united-states","abstract","united states"
"W2976156770","region:north-america","rule","from the country named"
"W2977359465","topic:international","title","brexit"
"W2977359465","topic:democracy-institutions","title","authoritarian"
"W2977359465","country:united-kingdom","title","brexit"
"W2977359465","country:united-states","title","trump"
"W2977359465","region:europe","rule","from the country named"
"W2977359465","region:north-america","rule","from the country named"
"W2980987563","country:australia","title","australia"
"W2980987563","region:asia-pacific","rule","from the country named"
"W2981461004","topic:democracy-institutions","title","authoritarianism"
"W2981461004","country:united-kingdom","title","uk"
"W2981461004","country:united-states","title","trump"
"W2981461004","region:europe","rule","from the country named"
"W2981461004","region:north-america","rule","from the country named"
"W2981628068","approach:performative","abstract","populist style"
"W2981628068","topic:international","abstract","transnational"
"W2981628068","topic:international","abstract","multilateral"
"W2981628068","method:qualitative","abstract","archival"
"W2981813389","region:global","title","around the world"
"W2982440038","approach:discursive","title","laclau"
"W2982440038","approach:discursive","abstract","laclau"
"W2982573050","topic:democracy-institutions","title","liberal democracy"
"W2983275914","region:europe","title","europe"
"W2983922340","country:peru","title","peru"
"W2983922340","region:latin-america","rule","from the country named"
"W2984071862","topic:media-communication","title","frames"
"W2990441707","country:venezuela","title","venezuela"
"W2990441707","country:venezuela","title","bolivarian"
"W2990441707","region:latin-america","rule","from the country named"
"W2993494072","approach:ideational","abstract","thin centered"
"W2993494072","topic:spatial","title","rural"
"W2993494072","method:qualitative","abstract","ethnographic"
"W2993494072","method:qualitative","abstract","interview"
"W2995763613","region:asia-pacific","title","asia"
"W2995763613","country:india","title","india"
"W3004984719","region:global","title","global south"
"W3010643644","topic:parties","rule","second test passed: a leader or a party named in the title"
"W3010643644","topic:parties","title","right wing populist"
"W3010643644","topic:parties","abstract","right wing populist"
"W3010643644","topic:parties","abstract","populist actors"
"W3010643644","topic:media-communication","abstract","media"
"W3010643644","topic:media-communication","abstract","frames"
"W3010643644","topic:gender","title","women"
"W3010643644","topic:gender","abstract","women"
"W3010643644","country:russia","title","putin"
"W3010643644","country:united-states","abstract","trump"
"W3010643644","country:united-states","abstract","u s"
"W3010643644","region:europe","rule","from the country named"
"W3010643644","region:north-america","rule","from the country named"
"W3010719599","topic:media-communication","title","communication"
"W3010719599","region:europe","title","europe"
"W3197979254","todo:check-record","rule","both catalogues date the piece 2019, while its title speaks of the year 2020 (volume XXXI of the journal): the year is to be checked in Zotero by hand"
"W3197979254","topic:parties","rule","second test passed: a party word in the title"
"W3197979254","topic:parties","title","populist leadership"
"W3197979254","country:philippines","title","philippines"
"W3197979254","region:asia-pacific","rule","from the country named"
"W4229874967","country:russia","title","russia"
"W4229874967","country:russia","title","russian (+ political word)"
"W4229874967","region:europe","rule","from the country named"
"W4239528626","topic:international","title","brexit"
"W4239528626","topic:democracy-institutions","title","authoritarian"
"W4239528626","country:united-kingdom","title","brexit"
"W4239528626","country:united-kingdom","title","uk"
"W4239528626","country:united-states","title","trump"
"W4239528626","country:united-states","title","american (+ political word)"
"W4239528626","country:australia","title","one nation"
"W4239528626","region:global","rule","three or more regions named: europe, north-america, asia-pacific"
"W4251353560","topic:international","title","eu"
"W4251353560","region:europe","title","european"
"W4251353560","region:europe","title","eu"
"W4251353560","country:hungary","title","hungary"
"W2792911429","topic:migration","abstract","migrants"
"W2792911429","topic:migration","abstract","refugees"
"W2792911429","topic:democracy-institutions","title","illiberalism"
"W2792911429","topic:democracy-institutions","title","populism and democracy"
"W2792911429","topic:democracy-institutions","abstract","illiberalism"
"W2792911429","topic:democracy-institutions","abstract","liberal democracy"
"W2792911429","region:europe","abstract","eastern europe"
"W2792911429","region:europe","abstract","western europe"
"W2792911429","country:hungary","abstract","hungary"
"W2792911429","country:poland","abstract","poland"
"W4289401857","topic:gender","title","gender"
"W4289401857","topic:religion","title","religion"
"W4289401857","topic:migration","title","migration"
"W2794626571","country:venezuela","title","venezuela"
"W2794626571","country:venezuela","title","bolivarian"
"W2794626571","region:latin-america","rule","from the country named"
"W2807306763","topic:economy-welfare","title","neoliberalism"
"W2807306763","topic:economy-welfare","abstract","neoliberalism"
"W2807306763","topic:economy-welfare","abstract","neoliberal"
"W2807306763","topic:economy-welfare","abstract","inequalities"
"W2807306763","topic:gender","title","feminist"
"W2807306763","topic:gender","abstract","women"
"W2807306763","topic:gender","abstract","gender"
"W2807306763","topic:gender","abstract","sexuality"
"W2807306763","country:united-states","abstract","trump"
"W2807306763","region:north-america","rule","from the country named"
"W2889459890","topic:economy-welfare","title","economics"
"W2889459890","topic:economy-welfare","abstract","economic"
"W2889459890","topic:economy-welfare","abstract","inequality"
"W2889459890","topic:economy-welfare","abstract","economy"
"W2889459890","country:australia","title","australia"
"W2889459890","country:australia","abstract","australia"
"W2889459890","region:asia-pacific","rule","from the country named"
"W2898944744","topic:economy-welfare","title","labor market"
"W2898944744","topic:media-communication","abstract","communication"
"W2898944744","topic:media-communication","abstract","media"
"W2898944744","topic:migration","title","immigration"
"W2781762348","topic:media-communication","title","communication"
"W2781762348","topic:media-communication","abstract","communication"
"W2781762348","topic:media-communication","abstract","media"
"W2781762348","region:europe","title","southern europe"
"W2781762348","region:europe","abstract","southern europe"
"W2781762348","region:europe","abstract","southern european"
"W2781762348","region:europe","abstract","european"
"W2790923772","region:europe","title","western europe"
"W2790923772","country:belgium","title","belgium"
"W2790923772","country:germany","title","germany"
"W2790923772","country:netherlands","title","netherlands"
"W2792108609","topic:parties","rule","second test passed: a party word in the title"
"W2792108609","topic:parties","title","radical right"
"W2792108609","topic:parties","title","party"
"W2792108609","topic:parties","abstract","radical right"
"W2792108609","topic:parties","abstract","parties"
"W2792108609","topic:parties","abstract","party"
"W2792108609","topic:media-communication","title","media"
"W2792108609","topic:media-communication","abstract","media"
"W2792108609","topic:media-communication","abstract","newspapers"
"W2792108609","method:quantitative","abstract","panel data"
"W2792108609","method:quantitative","abstract","structural equation"
"W2792108609","country:netherlands","title","netherlands"
"W2792108609","region:europe","rule","from the country named"
"W2801105045","country:italy","abstract","lega nord"
"W2801105045","country:italy","abstract","five star movement"
"W2801105045","region:europe","rule","from the country named"
"W2808555231","topic:parties","rule","second test passed: a party word in the title"
"W2808555231","topic:parties","title","party"
"W2808555231","country:estonia","title","estonia"
"W2808555231","country:latvia","title","latvia"
"W2808555231","country:lithuania","title","lithuania"
"W2808555231","region:europe","rule","from the country named"
"W2886681943","topic:economy-welfare","abstract","economic"
"W2886681943","topic:economy-welfare","abstract","inequalities"
"W2886681943","topic:economy-welfare","abstract","inequality"
"W2886981963","approach:other","abstract","definitions of populism"
"W2886981963","topic:parties","rule","second test passed: the abstract speaks of parties more than of voters"
"W2886981963","topic:parties","abstract","populist leaders"
"W2886981963","topic:parties","abstract","populist leader"
"W2886981963","topic:parties","abstract","party"
"W2886981963","topic:parties","abstract","manifesto"
"W2900507084","topic:defence-security","title","security threats"
"W2900507084","topic:religion","title","islam"
"W2900507084","topic:religion","abstract","islam"
"W2900507084","topic:migration","title","immigration"
"W2900507084","topic:migration","abstract","immigration"
"W2900507084","topic:migration","abstract","migration"
"W2900507084","method:qualitative","abstract","qualitative"
"W2900507084","method:qualitative","abstract","interviews"
"W2900507084","region:europe","abstract","europe"
"W2900507084","country:czech-republic","title","zeman"
"W2900507084","country:czech-republic","title","czech (+ political word)"
"W2900507084","country:czech-republic","abstract","zeman"
"W2900507084","country:czech-republic","abstract","czech (+ political word)"
"W2900507084","country:russia","abstract","russia"
"W2900507084","country:russia","abstract","putin"
"W2903997567","topic:parties","rule","second test passed: a party word in the title"
"W2903997567","topic:parties","title","right wing populist"
"W2903997567","topic:parties","title","party"
"W2903997567","topic:parties","abstract","parties"
"W2903997567","topic:parties","abstract","right wing populist"
"W2903997567","topic:parties","abstract","party"
"W2903997567","country:switzerland","title","switzerland"
"W2903997567","country:switzerland","abstract","switzerland"
"W2903997567","country:switzerland","abstract","swiss people s party"
"W2903997567","country:switzerland","abstract","svp"
"W2903997567","country:switzerland","abstract","swiss (+ political word)"
"W2903997567","region:europe","rule","from the country named"
"W2785932213","method:qualitative","abstract","interviews"
"W2785932213","method:qualitative","abstract","discourse analysis"
"W2785932213","method:qualitative","abstract","critical discourse analysis"
"W2785932213","country:venezuela","abstract","venezuela"
"W2785932213","region:latin-america","rule","from the country named"
"W2791779787","topic:parties","rule","second test passed: a leader or a party named in the title"
"W2791779787","topic:parties","abstract","party"
"W2791779787","topic:economy-welfare","title","neoliberal"
"W2791779787","topic:economy-welfare","abstract","neoliberalism"
"W2791779787","topic:economy-welfare","abstract","neoliberal"
"W2791779787","topic:media-communication","title","communication"
"W2791779787","topic:media-communication","abstract","communication"
"W2791779787","country:turkey","title","turkey"
"W2791779787","country:turkey","title","akp"
"W2791779787","country:turkey","abstract","turkey"
"W2791779787","country:turkey","abstract","justice and development party"
"W2791779787","country:turkey","abstract","akp"
"W2791779787","region:europe","rule","from the country named"
"W2793870290","topic:defence-security","abstract","military"
"W2793870290","topic:defence-security","abstract","terrorism"
"W2793870290","country:egypt","abstract","egypt"
"W2793870290","country:egypt","abstract","egyptian (+ political word)"
"W2793870290","region:mena","rule","from the country named"
"W2805226913","country:uganda","title","uganda"
"W2805226913","region:sub-saharan-africa","rule","from the country named"
"W2892818680","topic:democracy-institutions","title","populism and democracy"
"W2896705338","topic:parties","rule","second test passed: a party word in the title"
"W2896705338","topic:parties","title","radical right"
"W2896705338","topic:parties","title","parties"
"W2896705338","topic:parties","abstract","radical right"
"W2896705338","topic:parties","abstract","populist leaders"
"W2896705338","topic:parties","abstract","parties"
"W2896705338","topic:parties","abstract","party"
"W2896705338","method:qualitative","abstract","process tracing"
"W2896705338","country:switzerland","abstract","svp"
"W2896705338","country:switzerland","abstract","swiss (+ political word)"
"W2896705338","region:europe","rule","from the country named"
"W2900507539","country:ecuador","title","ecuador"
"W2900507539","country:ecuador","abstract","ecuador"
"W2900507539","country:ecuador","abstract","correa"
"W2900507539","region:latin-america","rule","from the country named"
"W2790993862","country:south-africa","title","south africa"
"W2790993862","country:south-africa","abstract","south africa"
"W2790993862","region:sub-saharan-africa","rule","from the country named"
"W2800371235","topic:economy-welfare","title","economics"
"W2800371235","topic:economy-welfare","title","globalization"
"W2802522526","country:tunisia","abstract","tunisian (+ political word)"
"W2802522526","region:mena","rule","from the country named"
"W2885387513","approach:discursive","abstract","laclau"
"W2885387513","topic:democracy-institutions","abstract","democratic institutions"
"W2885387513","topic:democracy-institutions","abstract","authoritarianism"
"W2885387513","topic:democracy-institutions","abstract","illiberalism"
"W2885387513","country:turkey","abstract","turkey"
"W2885387513","country:turkey","abstract","justice and development party"
"W2885387513","country:turkey","abstract","akp"
"W2885387513","region:europe","rule","from the country named"
"W2906538435","approach:discursive","abstract","laclau"
"W2906538435","topic:economy-welfare","abstract","neoliberalism"
"W2906538435","topic:economy-welfare","abstract","neoliberal"
"W2906538435","topic:economy-welfare","abstract","neoliberalismo"
"W2906538435","country:bolivia","title","bolivia"
"W2906538435","country:bolivia","abstract","bolivia"
"W2906538435","country:bolivia","abstract","evo morales"
"W2906538435","country:bolivia","abstract","morales"
"W2906538435","country:bolivia","abstract","bolivian (+ political word)"
"W2906538435","region:latin-america","rule","from the country named"
"W2782933985","topic:parties","rule","second test passed: a party word in the title"
"W2782933985","topic:parties","abstract","populist leader"
"W2782933985","topic:parties","abstract","populist leaders"
"W2782933985","topic:voters","abstract","public opinion"
"W2782933985","method:qta","abstract","sentiment analysis"
"W2782933985","country:venezuela","title","venezuela"
"W2782933985","country:venezuela","abstract","venezuela"
"W2782933985","country:venezuela","abstract","chavez"
"W2782933985","region:latin-america","rule","from the country named"
"W2800942876","method:qualitative","abstract","interviews"
"W2800942876","country:china","title","china"
"W2800942876","region:asia-pacific","rule","from the country named"
"W2802588914","topic:parties","rule","second test passed: a party word in the title"
"W2802588914","topic:parties","title","party competition"
"W2802588914","topic:parties","abstract","party competition"
"W2802588914","topic:parties","abstract","far right"
"W2802588914","topic:parties","abstract","party"
"W2802588914","topic:religion","title","islam"
"W2802588914","topic:religion","abstract","islam"
"W2802588914","topic:religion","abstract","islamic"
"W2802588914","topic:religion","abstract","religious"
"W2802588914","topic:religion","abstract","muslims"
"W2802588914","country:austria","title","austria"
"W2802588914","country:austria","abstract","austria"
"W2802588914","country:austria","abstract","freedom party of austria"
"W2802588914","region:europe","rule","from the country named"
"W2803188415","topic:parties","rule","second test passed: the abstract speaks of parties more than of voters"
"W2803188415","topic:parties","abstract","populist actors"
"W2803188415","topic:parties","abstract","parties"
"W2803188415","topic:media-communication","title","media"
"W2803188415","topic:media-communication","abstract","media"
"W2803188415","region:europe","abstract","europe"
"W2803188415","region:europe","abstract","european"
"W2803188415","country:ireland","title","ireland"
"W2803188415","country:ireland","abstract","ireland"
"W2803188415","country:ireland","abstract","irish (+ political word)"
"W2809005231","topic:media-communication","abstract","media"
"W2809005231","topic:media-communication","abstract","news coverage"
"W2809005231","topic:media-communication","abstract","journalism"
"W2809005231","method:qualitative","abstract","discourse analysis"
"W2809005231","country:united-states","title","united states"
"W2809005231","region:north-america","rule","from the country named"
"W2863024190","topic:international","title","euroscepticism"
"W2863024190","topic:international","abstract","transnational"
"W2863024190","topic:international","abstract","eurosceptic"
"W2863024190","topic:international","abstract","european union"
"W2863024190","topic:international","abstract","eu"
"W2863024190","topic:international","abstract","eurosceptical"
"W2863024190","topic:international","abstract","euroscepticism"
"W2863024190","topic:voters","abstract","voters"
"W2863024190","region:europe","abstract","european"
"W2863024190","region:europe","abstract","eu"
"W2863024190","country:hungary","title","hungary"
"W2900343572","region:global","abstract","global north"
"W2900343572","region:global","abstract","global south"
"W2900345579","topic:migration","abstract","migration"
"W2900345579","topic:migration","abstract","xenophobic"
"W2900345579","method:qualitative","abstract","interviews"
"W2900345579","country:czech-republic","abstract","czech (+ political word)"
"W2900345579","region:europe","rule","from the country named"
"W2795669408","topic:defence-security","title","securitization"
"W2795669408","topic:defence-security","abstract","terrorist"
"W2795669408","topic:defence-security","abstract","securitization"
"W2795669408","topic:defence-security","abstract","terrorism"
"W2795669408","topic:media-communication","title","media"
"W2795669408","topic:migration","abstract","migration"
"W2795669408","method:mixed","abstract","quantitative and qualitative"
"W2795669408","region:europe","title","europe"
"W2795669408","region:europe","abstract","europe"
"W2795669408","region:europe","abstract","european"
"W2795669408","country:france","abstract","france"
"W2801830229","topic:economy-welfare","title","neoliberalism"
"W2801830229","topic:economy-welfare","abstract","neoliberal"
"W2801830229","topic:economy-welfare","abstract","economic"
"W2801830229","topic:economy-welfare","abstract","neoliberalism"
"W2801830229","country:united-states","abstract","trump"
"W2801830229","region:north-america","rule","from the country named"
"W2898749183","topic:democracy-institutions","title","liberal democracy"
"W2898749183","country:philippines","title","duterte"
"W2898749183","region:asia-pacific","rule","from the country named"
"W2901477030","topic:gender","title","masculinist"
"W2901477030","topic:gender","abstract","masculinist"
"W2901477030","topic:gender","abstract","feminist"
"W2901477030","topic:gender","abstract","gendered"
"W2901477030","topic:gender","abstract","gender"
"W2901477030","topic:democracy-institutions","abstract","authoritarianism"
"W2903806983","method:qualitative","abstract","ethnography"
"W2903806983","country:united-kingdom","abstract","united kingdom"
"W2903806983","country:canada","abstract","canada"
"W2903806983","country:united-states","abstract","united states"
"W2903806983","region:europe","rule","from the country named"
"W2903806983","region:north-america","rule","from the country named"
"W2910884191","topic:parties","rule","second test passed: a party family in the title"
"W2910884191","topic:parties","title","far right"
"W2910884191","topic:parties","abstract","far right"
"W2910884191","topic:parties","abstract","parties"
"W2910884191","topic:parties","abstract","radical right"
"W2910884191","topic:parties","abstract","party"
"W2910884191","country:cyprus","title","cyprus"
"W2910884191","country:greece","title","greece"
"W2910884191","region:europe","rule","from the country named"
"W2913194560","topic:parties","rule","second test passed: the abstract speaks of parties more than of voters"
"W2913194560","topic:parties","abstract","parties"
"W2913194560","country:italy","title","italy"
"W2913194560","country:italy","abstract","italy"
"W2913194560","country:italy","abstract","lega"
"W2913194560","country:italy","abstract","five star movement"
"W2913194560","region:europe","rule","from the country named"
"W2800445057","topic:economy-welfare","abstract","globalization"
"W2800445057","topic:economy-welfare","abstract","protectionist"
"W2800445057","topic:economy-welfare","abstract","economic"
"W2800445057","topic:democracy-institutions","abstract","democratization"
"W2800445057","topic:democracy-institutions","abstract","authoritarian"
"W2803198713","topic:parties","rule","second test passed: the abstract speaks of parties more than of voters"
"W2803198713","topic:parties","abstract","party"
"W2803198713","topic:migration","title","immigration"
"W2803198713","topic:migration","abstract","immigration"
"W2803198713","topic:migration","abstract","refugees"
"W2803198713","topic:democracy-institutions","title","authoritarian"
"W2803198713","topic:democracy-institutions","abstract","authoritarian"
"W2803198713","country:canada","title","canada"
"W2803198713","country:canada","abstract","canada"
"W2803198713","region:north-america","rule","from the country named"
"W2887271101","topic:parties","rule","second test passed: the abstract speaks of parties more than of voters"
"W2887271101","topic:parties","abstract","parties"
"W2887271101","topic:parties","abstract","populist actors"
"W2887271101","topic:media-communication","title","facebook"
"W2887271101","topic:media-communication","abstract","communication"
"W2887271101","topic:media-communication","abstract","facebook"
"W2887271101","topic:media-communication","abstract","media"
"W2887271101","topic:gender","title","gender"
"W2887271101","topic:gender","abstract","gender"
"W2887271101","topic:gender","abstract","women"
"W2887271101","country:france","title","france"
"W2887271101","country:italy","title","italy"
"W2887271101","country:spain","title","spain"
"W2887271101","region:europe","rule","from the country named"
"W2888733268","topic:parties","rule","second test passed: a leader or a party named in the title"
"W2888733268","topic:parties","abstract","populist leaders"
"W2888733268","country:united-states","title","trump"
"W2888733268","country:united-states","abstract","united states"
"W2888733268","country:united-states","abstract","trump"
"W2888733268","country:united-states","abstract","american (+ political word)"
"W2888733268","region:north-america","rule","from the country named"
"W2895034931","approach:discursive","abstract","laclau"
"W2895034931","country:france","title","front national"
"W2895034931","region:europe","rule","from the country named"
"W2895856796","topic:media-communication","abstract","framing"
"W2895856796","method:qualitative","abstract","interviews"
"W2900292447","topic:economy-welfare","abstract","neoliberal"
"W2900292447","topic:economy-welfare","abstract","neoliberalism"
"W2900292447","topic:economy-welfare","abstract","neoliberalismo"
"W2900292447","method:qualitative","abstract","fieldwork"
"W2900292447","country:mongolia","title","mongolia"
"W2900292447","country:mongolia","abstract","mongolia"
"W2900292447","region:asia-pacific","rule","from the country named"
"W2791604271","topic:media-communication","title","media"
"W2791604271","topic:media-communication","title","facebook"
"W2804135344","topic:international","title","eu"
"W2804135344","topic:international","abstract","european union"
"W2804135344","topic:international","abstract","eu"
"W2804135344","topic:international","abstract","eurosceptical"
"W2804135344","topic:international","abstract","euroscepticism"
"W2804135344","topic:parties","rule","second test passed: the abstract speaks of parties more than of voters"
"W2804135344","topic:parties","abstract","parties"
"W2804135344","topic:parties","abstract","party systems"
"W2804135344","region:europe","title","eu"
"W2804135344","region:europe","abstract","european"
"W2804135344","region:europe","abstract","eu"
"W2811068256","topic:economy-welfare","abstract","economic"
"W2811068256","topic:economy-welfare","abstract","economy"
"W2811068256","country:slovakia","abstract","slovakia"
"W2811068256","region:europe","rule","from the country named"
"W2890469849","country:venezuela","title","venezuela"
"W2890469849","country:venezuela","title","chavista"
"W2890469849","country:venezuela","abstract","chavez"
"W2890469849","country:venezuela","abstract","maduro"
"W2890469849","country:venezuela","abstract","chavista"
"W2890469849","region:latin-america","rule","from the country named"
"W2891174152","topic:parties","rule","second test passed: a party word in the title"
"W2891174152","topic:parties","title","party"
"W2898715578","topic:voters","title","citizens"
"W2898715578","topic:voters","abstract","citizens"
"W2898715578","topic:economy-welfare","abstract","economic"
"W2898715578","topic:economy-welfare","abstract","neoliberalism"
"W2898715578","topic:economy-welfare","abstract","neoliberalismo"
"W2898715578","country:ecuador","title","ecuador"
"W2898715578","country:ecuador","abstract","ecuador"
"W2898715578","country:ecuador","abstract","correa"
"W2898715578","region:latin-america","rule","from the country named"
"W2900903563","topic:democracy-institutions","abstract","liberal democracy"
"W2900903563","topic:democracy-institutions","abstract","authoritarianism"
"W2900903563","region:latin-america","abstract","latin america"
"W2900903563","country:united-states","title","trump"
"W2900903563","country:united-states","abstract","trump"
"W2900903563","country:united-states","abstract","us"
"W2900903563","country:united-states","abstract","american (+ political word)"
"W2900903563","region:north-america","rule","from the country named"
"W2782671692","todo:check-outlet","journal","Journal of Democracy"
"W2782671692","topic:parties","rule","second test passed: the abstract speaks of parties more than of voters"
"W2782671692","topic:parties","abstract","radical right"
"W2782671692","topic:parties","abstract","parties"
"W2782671692","topic:parties","abstract","far right"
"W2782671692","topic:migration","title","nativists"
"W2782671692","topic:migration","abstract","nativist"
"W2782671692","topic:democracy-institutions","abstract","illiberal"
"W2782671692","topic:democracy-institutions","abstract","authoritarian"
"W2802467252","topic:migration","title","anti immigrant"
"W2802467252","country:united-states","title","trump"
"W2802467252","region:north-america","rule","from the country named"
"W2900601658","region:sub-saharan-africa","title","africa"
"W2900601658","country:namibia","abstract","namibia"
"W2900601658","country:south-africa","abstract","south africa"
"W2900601658","country:zimbabwe","abstract","zimbabwe"
"W2799883361","approach:performative","title","populist performances"
"W2799883361","country:united-kingdom","abstract","brexit"
"W2799883361","region:europe","rule","from the country named"
"W2802439544","country:united-kingdom","abstract","britain"
"W2802439544","country:united-kingdom","abstract","brexit"
"W2802439544","country:india","abstract","india"
"W2802439544","country:india","abstract","modi"
"W2802439544","region:europe","rule","from the country named"
"W2802439544","region:asia-pacific","rule","from the country named"
"W2804451421","country:brazil","abstract","brazil"
"W2804451421","region:latin-america","rule","from the country named"
"W2807403308","topic:democracy-institutions","title","illiberals"
"W2807403308","topic:democracy-institutions","abstract","illiberal"
"W2807403308","topic:democracy-institutions","abstract","liberal democracy"
"W2807403308","region:europe","abstract","central europe"
"W2807403308","region:europe","abstract","european"
"W2807403308","country:hungary","title","orban"
"W2807403308","country:hungary","abstract","hungary"
"W2807403308","country:hungary","abstract","orban"
"W2807403308","country:hungary","abstract","fidesz"
"W2807403308","country:poland","abstract","poland"
"W2807403308","country:poland","abstract","law and justice"
"W2811131460","topic:spatial","abstract","rural"
"W2894852710","topic:economy-welfare","title","economy"
"W2894852710","country:canada","abstract","canada"
"W2894852710","region:north-america","rule","from the country named"
"W4247291844","country:australia","title","pauline hanson"
"W4247291844","country:australia","title","one nation"
"W4247291844","country:australia","title","australian (+ political word)"
"W4247291844","region:asia-pacific","rule","from the country named"
"W2791600923","topic:parties","rule","second test passed: a party word in the title"
"W2791600923","topic:parties","title","party leaders"
"W2791600923","country:turkey","title","turkey"
"W2791600923","country:turkey","title","justice and development party"
"W2791600923","region:europe","rule","from the country named"
"W2799397087","topic:democracy-institutions","abstract","constitutional"
"W2799397087","topic:democracy-institutions","abstract","constitutionalism"
"W2799397087","topic:democracy-institutions","abstract","court"
"W2802056845","topic:parties","rule","second test passed: a party family in the title"
"W2802056845","topic:parties","title","radical right"
"W2802056845","topic:parties","abstract","radical right"
"W2802056845","topic:media-communication","title","media"
"W2802056845","topic:media-communication","abstract","media"
"W2802056845","topic:media-communication","abstract","news coverage"
"W2802056845","country:hungary","title","hungary"
"W2802056845","country:hungary","abstract","hungary"
"W2802056845","country:romania","title","romania"
"W2802056845","country:romania","abstract","romania"
"W2802056845","region:europe","rule","from the country named"
"W2805882573","country:united-states","abstract","us"
"W2805882573","region:north-america","rule","from the country named"
"W2892545269","topic:international","title","brexit"
"W2892545269","topic:international","abstract","eu"
"W2892545269","topic:economy-welfare","title","neoliberalism"
"W2892545269","topic:economy-welfare","abstract","neoliberal"
"W2892545269","topic:economy-welfare","abstract","austerity"
"W2892545269","topic:economy-welfare","abstract","social policy"
"W2892545269","topic:democracy-institutions","abstract","referendum"
"W2892545269","region:europe","title","european"
"W2892545269","region:europe","title","europe"
"W2892545269","region:europe","abstract","europe"
"W2892545269","region:europe","abstract","european"
"W2892545269","region:europe","abstract","eu"
"W2892545269","country:united-kingdom","title","brexit"
"W2896078017","country:france","title","france"
"W2896078017","country:france","title","front national"
"W2896078017","region:europe","rule","from the country named"
"W2802407773","topic:economy-welfare","abstract","economic"
"W2802407773","topic:economy-welfare","abstract","inequalities"
"W2884350467","topic:international","abstract","european union"
"W2884350467","topic:international","abstract","eu"
"W2884350467","topic:religion","abstract","religiously"
"W2884350467","region:europe","abstract","european"
"W2884350467","region:europe","abstract","eu"
"W2884350467","country:poland","abstract","poland"
"W2884350467","country:poland","abstract","law and justice"
"W2884350467","country:poland","abstract","pis"
"W2884350467","country:russia","abstract","russia"
"W2884350467","country:russia","abstract","putin"
"W2884350467","country:turkey","title","turkey"
"W2884350467","country:turkey","abstract","turkey"
"W2884350467","country:turkey","abstract","erdogan"
"W2884350467","country:turkey","abstract","justice and development party"
"W2884350467","country:turkey","abstract","akp"
"W2884350467","country:turkey","abstract","turkish (+ political word)"
"W2884350467","country:india","abstract","india"
"W2884350467","country:india","abstract","bharatiya janata"
"W2884350467","country:india","abstract","bjp"
"W2884350467","region:asia-pacific","rule","from the country named"
"W2893665706","topic:international","title","european union"
"W2893665706","topic:international","title","european parliament"
"W2893665706","topic:international","abstract","european parliament"
"W2893665706","topic:international","abstract","eu"
"W2893665706","topic:parties","rule","second test passed: a party word in the title"
"W2893665706","topic:parties","title","parties"
"W2893665706","topic:parties","abstract","parties"
"W2893665706","topic:parties","abstract","party systems"
"W2893665706","topic:voters","abstract","voters"
"W2893665706","topic:voters","abstract","electorates"
"W2893665706","topic:economy-welfare","abstract","economic crisis"
"W2893665706","topic:economy-welfare","abstract","economic"
"W2893665706","topic:economy-welfare","abstract","inequalities"
"W2893665706","method:survey","abstract","election study"
"W2893665706","region:europe","title","european"
"W2893665706","region:europe","abstract","european"
"W2893665706","region:europe","abstract","eu"
"W2895978509","approach:measurement","title","measuring populism"
"W2895978509","topic:parties","rule","second test passed: a party word in the title"
"W2895978509","topic:parties","title","parties"
"W2895978509","topic:parties","abstract","parties"
"W2895978509","method:qualitative","title","discourse analysis"
"W2895978509","method:qualitative","abstract","discourse analysis"
"W2895978509","country:spain","title","spain"
"W2895978509","country:spain","title","spanish (+ political word)"
"W2895978509","country:spain","abstract","spain"
"W2895978509","country:spain","abstract","spanish (+ political word)"
"W2895978509","region:europe","rule","from the country named"
"W2905389000","topic:international","title","euroscepticism"
"W2905389000","topic:international","abstract","euroscepticism"
"W2905389000","topic:international","abstract","eurosceptic"
"W2905389000","topic:economy-welfare","abstract","protectionism"
"W2905389000","topic:economy-welfare","abstract","economic"
"W2905389000","method:survey","abstract","survey data"
"W2905389000","country:netherlands","abstract","netherlands"
"W2905389000","region:europe","rule","from the country named"
"W2789501900","country:united-states","title","united states"
"W2789501900","country:united-states","abstract","trump"
"W2789501900","country:united-states","abstract","obama"
"W2789501900","region:north-america","rule","from the country named"
"W2970093402","region:europe","title","europe"
"W2794699816","country:united-states","title","usa"
"W2794699816","region:north-america","rule","from the country named"
"W2812336818","topic:parties","rule","second test passed: a party word in the title"
"W2812336818","topic:parties","title","party leaders"
"W2812336818","topic:parties","abstract","radical right"
"W2812336818","topic:parties","abstract","parties"
"W2812336818","topic:parties","abstract","right wing populism"
"W2812336818","topic:parties","abstract","right wing populist"
"W2812336818","topic:parties","abstract","party leaders"
"W2812336818","topic:migration","title","anti immigration"
"W2812336818","region:europe","title","europe"
"W2812336818","region:europe","abstract","europe"
"W2812336818","region:europe","abstract","european"
"W2890457713","approach:other","abstract","conceptions of populism"
"W2890457713","topic:parties","rule","second test passed: the abstract speaks of parties more than of voters"
"W2890457713","topic:parties","abstract","parties"
"W2890457713","topic:parties","abstract","party"
"W2890457713","country:finland","abstract","finland"
"W2890457713","country:finland","abstract","finns party"
"W2890457713","region:europe","rule","from the country named"
"W2896453660","topic:parties","rule","second test passed: a party word in the title"
"W2896453660","topic:parties","title","radical right"
"W2896453660","topic:parties","title","party"
"W2898715030","topic:parties","rule","second test passed: a party word in the title"
"W2898715030","topic:parties","title","populist leader"
"W2898715030","topic:parties","abstract","political leaders"
"W2898715030","topic:parties","abstract","party"
"W2898715030","topic:parties","abstract","political leader"
"W2898715030","topic:economy-welfare","abstract","economic"
"W2898715030","topic:economy-welfare","abstract","economic crisis"
"W2898715030","country:italy","abstract","grillo"
"W2898715030","country:italy","abstract","movimento 5 stelle"
"W2898715030","country:italy","abstract","italian (+ political word)"
"W2898715030","region:europe","rule","from the country named"
"W2780377300","todo:check-record","rule","DOI accepted by reading, not by the automatic rule"
"W2780377300","country:russia","title","russian (+ political word)"
"W2780377300","region:europe","rule","from the country named"
"W2804820780","topic:parties","rule","second test passed: a party word in the title"
"W2804820780","topic:parties","title","parties"
"W2804820780","topic:parties","abstract","parties"
"W2804820780","topic:government","abstract","administration"
"W2804820780","topic:government","abstract","in office"
"W2804820780","topic:migration","abstract","immigration"
"W2804820780","topic:migration","abstract","nativism"
"W2804820780","country:united-states","abstract","trump"
"W2804820780","country:united-states","abstract","american (+ political word)"
"W2804820780","region:north-america","rule","from the country named"
"W2806509026","topic:parties","rule","second test passed: a party word in the title"
"W2806509026","topic:parties","title","populist movements"
"W2806509026","topic:parties","abstract","populist movements"
"W2806509026","topic:parties","abstract","populist right"
"W2806509026","topic:parties","abstract","right wing populism"
"W2806509026","topic:economy-welfare","title","neoliberalism"
"W2806509026","topic:economy-welfare","abstract","neoliberalism"
"W2806509026","topic:economy-welfare","abstract","economics"
"W2806509026","topic:economy-welfare","abstract","inequalities"
"W2806509026","topic:economy-welfare","abstract","neoliberal"
"W2806509026","topic:economy-welfare","abstract","economic"
"W2806509026","topic:economy-welfare","abstract","inequality"
"W2806509026","topic:economy-welfare","abstract","economic crisis"
"W2806509026","country:united-states","abstract","trump"
"W2806509026","region:north-america","rule","from the country named"
"W2888369861","topic:parties","rule","second test passed: the abstract speaks of parties more than of voters"
"W2888369861","topic:parties","abstract","right wing populism"
"W2888369861","topic:parties","abstract","populist leadership"
"W2888369861","topic:parties","abstract","party"
"W2888369861","topic:parties","abstract","partisan"
"W2888369861","topic:democracy-institutions","abstract","democratic norms"
"W2888369861","topic:democracy-institutions","abstract","checks and balances"
"W2888369861","country:united-states","abstract","trump"
"W2888369861","region:north-america","rule","from the country named"
"W2903523501","topic:economy-welfare","title","economics"
"W2903523501","topic:economy-welfare","title","globalization"
"W2798142885","topic:parties","rule","second test passed: a party family in the title"
"W2798142885","topic:parties","title","radical right"
"W2798142885","topic:parties","abstract","far right"
"W2798142885","topic:parties","abstract","radical right"
"W2798142885","topic:parties","abstract","parties"
"W2798142885","topic:parties","abstract","party"
"W2801423190","country:portugal","abstract","portugal"
"W2801423190","region:europe","rule","from the country named"
"W2885513456","topic:government","title","populism in power"
"W2885513456","topic:government","abstract","populism in government"
"W2903809841","topic:voters","title","voter"
"W2903809841","topic:voters","abstract","voter"
"W2903809841","region:europe","title","europe"
"W2903809841","region:europe","abstract","europe"
"W2903809841","country:united-states","title","us"
"W2903809841","country:united-states","abstract","united states"
"W2903809841","region:north-america","rule","from the country named"
"W2904075447","approach:measurement","abstract","measures of populism"
"W2904075447","topic:parties","rule","second test passed: a party word in the title"
"W2904075447","topic:parties","title","manifestos"
"W2904075447","topic:parties","abstract","party"
"W2904075447","topic:parties","abstract","manifestos"
"W2904075447","topic:parties","abstract","parties"
"W2904075447","topic:voters","abstract","populist attitudes"
"W2904075447","topic:voters","abstract","demand side"
"W2904075447","method:qta","title","quantitative text analysis"
"W2904075447","method:qta","abstract","quantitative text analysis"
"W2904075447","country:switzerland","title","svp"
"W2904075447","country:switzerland","abstract","svp"
"W2904075447","region:europe","rule","from the country named"
"W2905304850","country:south-africa","title","south africa"
"W2905304850","country:south-africa","abstract","south africa"
"W2905304850","region:sub-saharan-africa","rule","from the country named"
"W2912887337","topic:voters","abstract","demand side"
"W2912887337","topic:voters","abstract","support for populist"
"W2912887337","topic:economy-welfare","abstract","economic"
"W2912887337","topic:economy-welfare","abstract","inequality"
"W2912887337","topic:economy-welfare","abstract","neoliberal"
"W2789564549","topic:international","abstract","european parliament"
"W2789564549","topic:international","abstract","euroscepticism"
"W2789564549","topic:voters","title","voter"
"W2789564549","topic:voters","abstract","voters"
"W2789564549","topic:voters","abstract","supporters"
"W2789564549","topic:economy-welfare","abstract","economic"
"W2789564549","method:experiment","title","survey experiment"
"W2789564549","method:experiment","abstract","conjoint"
"W2789564549","region:europe","abstract","southern european"
"W2789564549","region:europe","abstract","european"
"W2789564549","country:italy","title","italian (+ political word)"
"W2789564549","country:italy","abstract","five star movement"
"W2789564549","country:italy","abstract","m5s"
"W2800479000","topic:parties","rule","second test passed: the abstract speaks of parties more than of voters"
"W2800479000","topic:parties","abstract","populist leader"
"W2800479000","topic:economy-welfare","abstract","economic"
"W2806423781","topic:parties","rule","second test passed: a party word in the title"
"W2806423781","topic:parties","title","party"
"W2806423781","topic:parties","abstract","party"
"W2806423781","topic:parties","abstract","parties"
"W2806423781","topic:voters","title","attitudes"
"W2806423781","topic:voters","abstract","attitudes"
"W2806423781","topic:migration","title","immigration"
"W2806423781","topic:migration","title","anti immigration"
"W2806423781","topic:migration","abstract","anti immigration"
"W2806423781","topic:migration","abstract","immigration"
"W2806423781","topic:migration","abstract","migration"
"W2806423781","country:finland","abstract","finns party"
"W2806423781","region:europe","rule","from the country named"
"W2887209414","country:france","title","france"
"W2887209414","country:france","title","la france insoumise"
"W2887209414","country:france","abstract","france"
"W2887209414","country:france","abstract","la france insoumise"
"W2887209414","country:france","abstract","melenchon"
"W2887209414","country:france","abstract","french (+ political word)"
"W2887209414","region:europe","rule","from the country named"
"W2889552800","topic:economy-welfare","abstract","neoliberal"
"W2889552800","topic:media-communication","title","television"
"W2905149960","topic:parties","rule","second test passed: the abstract speaks of parties more than of voters"
"W2905149960","topic:parties","abstract","populist movements"
"W2905149960","topic:democracy-institutions","title","constitution"
"W2905149960","topic:democracy-institutions","abstract","constitution"
"W2905149960","topic:democracy-institutions","abstract","liberal democracies"
"W2905149960","topic:democracy-institutions","abstract","authoritarianism"
"W2905149960","topic:democracy-institutions","abstract","authoritarian"
"W2905149960","country:united-kingdom","title","uk"
"W2905149960","country:united-kingdom","abstract","uk"
"W2905149960","region:europe","rule","from the country named"
"W2801509193","topic:economy-welfare","title","economic"
"W2801509193","topic:economy-welfare","abstract","economics"
"W2801509193","topic:economy-welfare","abstract","economy"
"W2901945432","topic:democracy-institutions","abstract","authoritarian"
"W2901945432","country:philippines","title","philippines"
"W2901945432","country:philippines","abstract","philippines"
"W2901945432","country:philippines","abstract","duterte"
"W2901945432","region:asia-pacific","rule","from the country named"
"W2791505005","topic:economy-welfare","title","neoliberalism"
"W2791505005","topic:economy-welfare","abstract","neoliberal"
"W2791505005","topic:media-communication","abstract","communication"
"W2791505005","topic:democracy-institutions","title","authoritarian"
"W2791505005","topic:democracy-institutions","abstract","authoritarian"
"W2791505005","country:canada","abstract","canada"
"W2791505005","country:canada","abstract","canadian (+ political word)"
"W2791505005","region:north-america","rule","from the country named"
"W2895911370","topic:economy-welfare","abstract","economic"
"W2895911370","topic:gender","title","gender"
"W2781870767","topic:religion","abstract","christian"
"W2781870767","region:global","title","global populism"
"W2790794306","topic:international","abstract","eu"
"W2790794306","region:europe","abstract","eu"
"W2790794306","country:hungary","abstract","hungary"
"W2790794306","country:poland","abstract","poland"
"W2794920016","topic:international","title","brexit"
"W2794920016","topic:media-communication","abstract","newspapers"
"W2794920016","country:united-kingdom","title","brexit"
"W2794920016","country:united-kingdom","abstract","brexit"
"W2794920016","country:united-kingdom","abstract","british (+ political word)"
"W2794920016","region:europe","rule","from the country named"
"W2803568473","topic:democracy-institutions","abstract","constitutional"
"W2803568473","topic:democracy-institutions","abstract","illiberal"
"W2803568473","topic:democracy-institutions","abstract","authoritarian"
"W2820920854","topic:gender","abstract","women"
"W2820920854","topic:gender","abstract","patriarchy"
"W2820920854","topic:gender","abstract","patriarchal"
"W2820920854","topic:religion","abstract","religious"
"W2820920854","topic:religion","abstract","religio"
"W2820920854","country:zambia","title","zambia"
"W2820920854","region:sub-saharan-africa","rule","from the country named"
"W2888874489","topic:voters","abstract","voter"
"W2888874489","topic:voters","abstract","voters"
"W2888874489","topic:economy-welfare","title","fiscal"
"W2903900996","country:new-zealand","abstract","new zealand"
"W2903900996","region:asia-pacific","rule","from the country named"
"W2912247974","topic:parties","rule","second test passed: a party word in the title"
"W2912247974","topic:parties","title","party"
"W2912247974","topic:parties","title","right wing populists"
"W2912247974","topic:religion","title","christianity"
"W2912247974","topic:religion","title","islam"
"W2912247974","topic:religion","title","religion"
"W2912247974","country:united-kingdom","title","uk"
"W2912247974","country:united-kingdom","title","british (+ political word)"
"W2912247974","region:europe","rule","from the country named"
"W2945007107","country:philippines","title","philippines"
"W2945007107","region:asia-pacific","rule","from the country named"
"W2789558194","country:bangladesh","title","bangladesh"
"W2789558194","region:asia-pacific","rule","from the country named"
"W2793091465","topic:media-communication","abstract","media"
"W2793091465","topic:media-communication","abstract","newspapers"
"W2793091465","country:argentina","title","argentina"
"W2793091465","country:argentina","abstract","argentina"
"W2793091465","country:brazil","title","brazil"
"W2793091465","region:latin-america","rule","from the country named"
"W2796864246","topic:parties","rule","second test passed: the abstract speaks of parties more than of voters"
"W2796864246","topic:parties","abstract","parties"
"W2796864246","topic:democracy-institutions","abstract","democratic institutions"
"W2796864246","topic:democracy-institutions","abstract","authoritarianism"
"W2796864246","topic:democracy-institutions","abstract","hybrid regimes"
"W2796864246","topic:democracy-institutions","abstract","democratization"
"W2796864246","topic:democracy-institutions","abstract","quality of democracy"
"W2796864246","topic:democracy-institutions","abstract","democratic quality"
"W2796864246","topic:democracy-institutions","abstract","illiberal"
"W2796864246","method:quantitative","abstract","regression"
"W2796864246","country:hungary","abstract","hungary"
"W2796864246","country:hungary","abstract","orban"
"W2796864246","country:hungary","abstract","hungarian (+ political word)"
"W2796864246","region:europe","rule","from the country named"
"W2807437844","topic:democracy-institutions","abstract","liberal democracy"
"W2807437844","topic:democracy-institutions","abstract","authoritarian"
"W2807437844","country:singapore","title","singapore"
"W2807437844","country:singapore","abstract","singapore"
"W2807437844","region:asia-pacific","rule","from the country named"
"W2900834634","topic:democracy-institutions","abstract","democratic institutions"
"W2900834634","topic:democracy-institutions","abstract","authoritarian"
"W2900834634","region:asia-pacific","title","southeast asia"
"W2900834634","region:asia-pacific","abstract","southeast asia"
"W2900834634","region:asia-pacific","abstract","southeast asian"
"W2900834634","country:singapore","abstract","singapore"
"W2900834634","country:thailand","abstract","thai (+ political word)"
"W2901640275","topic:parties","rule","second test passed: a party word in the title"
"W2901640275","topic:parties","title","candidates"
"W2901640275","topic:parties","title","candidate"
"W2901640275","topic:parties","title","radical right"
"W2901640275","topic:parties","abstract","candidates"
"W2901640275","topic:parties","abstract","candidate"
"W2901640275","topic:parties","abstract","radical right"
"W2901640275","topic:parties","abstract","party"
"W2901640275","topic:voters","title","voters"
"W2901640275","topic:voters","abstract","voters"
"W2901640275","topic:voters","abstract","citizens"
"W2901640275","topic:migration","abstract","migration"
"W2901640275","topic:migration","abstract","immigrants"
"W2901640275","country:netherlands","abstract","pvv"
"W2901640275","region:europe","rule","from the country named"
"W2904230097","topic:parties","rule","second test passed: the abstract speaks of parties more than of voters"
"W2904230097","topic:parties","abstract","populist movement"
"W2904230097","topic:parties","abstract","social movement"
"W2904230097","topic:parties","abstract","party"
"W2904230097","topic:parties","abstract","partisan"
"W2904230097","topic:religion","title","evangelicalism"
"W2904230097","topic:religion","abstract","religion"
"W2904230097","topic:religion","abstract","evangelical"
"W2941223822","topic:voters","abstract","voter"
"W2941223822","topic:voters","abstract","voting behavior"
"W2941223822","topic:voters","abstract","demand side"
"W2941223822","country:france","title","france"
"W2941223822","country:france","abstract","france"
"W2941223822","country:france","abstract","front national"
"W2941223822","region:europe","rule","from the country named"
"W4255334426","topic:parties","rule","second test passed: a party word in the title"
"W4255334426","topic:parties","title","parties"
"W2791250350","topic:foreign-policy","title","diplomacy"
"W2791250350","topic:international","title","wto"
"W2791250350","region:europe","title","european"
"W2799296979","topic:parties","rule","second test passed: a party word in the title"
"W2799296979","topic:parties","title","parties"
"W2799296979","topic:spatial","title","rural"
"W2883166882","topic:parties","rule","second test passed: the abstract speaks of parties more than of voters"
"W2883166882","topic:parties","abstract","populist movements"
"W2883166882","topic:parties","abstract","populist movement"
"W2883166882","topic:democracy-institutions","title","rule of law"
"W2883166882","topic:democracy-institutions","abstract","constitution"
"W2883166882","topic:democracy-institutions","abstract","constitutional"
"W2883166882","country:united-states","abstract","u s"
"W2883166882","country:united-states","abstract","american (+ political word)"
"W2883166882","region:north-america","rule","from the country named"
"W2886362988","topic:voters","abstract","attitudes"
"W2886362988","topic:religion","title","religion"
"W2886362988","topic:religion","abstract","religion"
"W2886362988","topic:religion","abstract","religiosity"
"W2886362988","country:greece","abstract","greece"
"W2886362988","region:europe","rule","from the country named"
"W2892697073","topic:democracy-institutions","title","court"
"W2896595372","todo:check-record","rule","the registry gives ""Samuel"" as a family name, and OpenAlex names the author ""Samuel Issacharoff"": the names in Zotero are to be checked by hand"
"W2897620152","country:united-states","title","american (+ political word)"
"W2897620152","country:united-states","abstract","trump"
"W2897620152","country:united-states","abstract","us"
"W2897620152","country:united-states","abstract","american (+ political word)"
"W2897620152","region:north-america","rule","from the country named"
"W2898312869","topic:media-communication","abstract","media"
"W2898312869","country:france","abstract","france"
"W2898312869","country:germany","abstract","germany"
"W2898312869","country:italy","abstract","italy"
"W2898312869","region:europe","rule","from the country named"
"W2899985872","topic:parties","rule","second test passed: a party word in the title"
"W2899985872","topic:parties","title","right wing populist"
"W2899985872","topic:parties","title","party"
"W2899985872","topic:parties","abstract","party"
"W2899985872","topic:parties","abstract","far right"
"W2899985872","topic:parties","abstract","radical right"
"W2899985872","topic:media-communication","abstract","media"
"W2899985872","topic:religion","abstract","muslims"
"W2899985872","topic:religion","abstract","islamic"
"W2899985872","topic:religion","abstract","religion"
"W2899985872","country:germany","title","germany"
"W2899985872","country:germany","title","alternative for germany"
"W2899985872","country:germany","abstract","germany"
"W2899985872","country:germany","abstract","alternative for germany"
"W2899985872","country:germany","abstract","afd"
"W2899985872","country:germany","abstract","pegida"
"W2899985872","region:europe","rule","from the country named"
"W2899991198","approach:other","abstract","understandings of populism"
"W2899991198","method:qualitative","abstract","interviews"
"W2899991198","method:qualitative","abstract","interviewers"
"W2899991198","method:qualitative","abstract","interviewees"
"W2899991198","country:india","title","india"
"W2899991198","country:india","abstract","india"
"W2899991198","country:india","abstract","modi"
"W2899991198","region:asia-pacific","rule","from the country named"
"W2903690314","country:hungary","title","hungary"
"W2903690314","country:hungary","abstract","hungary"
"W2903690314","region:europe","rule","from the country named"
"W2913753545","country:united-states","title","united states"
"W2913753545","region:north-america","rule","from the country named"
"W2919482357","topic:parties","rule","second test passed: a leader or a party named in the title"
"W2919482357","topic:parties","abstract","partisanship"
"W2919482357","topic:parties","abstract","partisan"
"W2919482357","topic:government","abstract","administration"
"W2919482357","topic:government","abstract","presidency"
"W2919482357","topic:democracy-institutions","title","courts"
"W2919482357","topic:democracy-institutions","abstract","courts"
"W2919482357","topic:democracy-institutions","abstract","judicial"
"W2919482357","topic:democracy-institutions","abstract","judiciary"
"W2919482357","country:united-states","title","trump"
"W2919482357","region:north-america","rule","from the country named"
"W4234968859","region:europe","title","europe"
"W4254396603","region:europe","title","eastern european"
"W4254396603","country:hungary","abstract","hungary"
"W4254952402","topic:economy-welfare","title","economic"
"W4254952402","topic:migration","title","nativism"
"W4254952402","country:germany","title","german (+ political word)"
"W4254952402","region:europe","rule","from the country named"
"W2794341737","country:russia","title","russia"
"W2794341737","region:europe","rule","from the country named"
"W2795908910","topic:democracy-institutions","title","authoritarianism"
"W2795908910","country:china","title","chinese (+ political word)"
"W2795908910","region:asia-pacific","rule","from the country named"
"W2803089356","topic:parties","rule","second test passed: the abstract speaks of parties more than of voters"
"W2803089356","topic:parties","abstract","populist leaders"
"W2803089356","topic:economy-welfare","abstract","economic"
"W2803089356","topic:economy-welfare","abstract","inequality"
"W2803089356","region:latin-america","abstract","latin america"
"W2803089356","country:united-states","abstract","united states"
"W2803089356","country:united-states","abstract","trump"
"W2803089356","country:united-states","abstract","trumpism"
"W2803089356","country:united-states","abstract","american (+ political word)"
"W2803089356","country:argentina","abstract","argentina"
"W2803089356","country:argentina","abstract","peron"
"W2803089356","region:north-america","rule","from the country named"
"W2804246968","approach:other","abstract","theories of populism"
"W2806117379","country:united-states","abstract","usa"
"W2806117379","region:north-america","rule","from the country named"
"W2884922843","todo:check-outlet","journal","Survival"
"W2884922843","topic:international","title","eu"
"W2884922843","region:europe","title","eu"
"W2884922843","country:italy","title","italy"
"W2891240850","country:argentina","abstract","argentina"
"W2891240850","country:argentina","abstract","peronist"
"W2891240850","region:latin-america","rule","from the country named"
"W2896226660","topic:international","abstract","european union"
"W2896226660","topic:international","abstract","brexit"
"W2896226660","topic:economy-welfare","title","social policy"
"W2896226660","topic:economy-welfare","abstract","social policy"
"W2896226660","topic:economy-welfare","abstract","welfare"
"W2896226660","topic:economy-welfare","abstract","labour market"
"W2896226660","topic:economy-welfare","abstract","globalisation"
"W2896226660","topic:economy-welfare","abstract","inequality"
"W2896226660","topic:media-communication","title","framing"
"W2896226660","topic:democracy-institutions","abstract","referendum"
"W2896226660","region:europe","title","european"
"W2896226660","region:europe","abstract","europe"
"W2896226660","region:europe","abstract","european"
"W2896226660","country:united-kingdom","abstract","united kingdom"
"W2896226660","country:united-kingdom","abstract","brexit"
"W2897909893","topic:religion","title","islamic"
"W2897909893","topic:religion","title","islam"
"W2897909893","region:mena","title","middle east"
"W2897909893","country:indonesia","title","indonesia"
"W2897909893","region:asia-pacific","rule","from the country named"
"W2905175221","topic:media-communication","title","media"
"W2905175221","topic:media-communication","title","fake news"
"W2905175221","topic:media-communication","abstract","communication"
"W2905175221","topic:media-communication","abstract","media"
"W2905175221","topic:media-communication","abstract","fake news"
"W2905175221","country:italy","abstract","italy"
"W2905175221","country:italy","abstract","italian (+ political word)"
"W2905175221","region:europe","rule","from the country named"
"W2906566475","topic:religion","title","religion"
"W2907733125","topic:international","title","brexit"
"W2907733125","topic:international","abstract","european union"
"W2907733125","topic:international","abstract","brexit"
"W2907733125","topic:international","abstract","eu"
"W2907733125","topic:international","abstract","eurosceptic"
"W2907733125","topic:economy-welfare","title","social policy"
"W2907733125","topic:economy-welfare","title","neoliberalism"
"W2907733125","topic:economy-welfare","abstract","globalisation"
"W2907733125","topic:economy-welfare","abstract","austerity"
"W2907733125","topic:economy-welfare","abstract","inequality"
"W2907733125","topic:migration","abstract","xenophobic"
"W2907733125","topic:migration","abstract","anti immigrant"
"W2907733125","topic:democracy-institutions","abstract","referendum"
"W2907733125","region:europe","title","european"
"W2907733125","region:europe","abstract","european"
"W2907733125","region:europe","abstract","europe"
"W2907733125","region:europe","abstract","eu"
"W2907733125","country:united-kingdom","title","brexit"
"W2911489668","topic:parties","rule","second test passed: the abstract speaks of parties more than of voters"
"W2911489668","topic:parties","abstract","parties"
"W2911489668","topic:parties","abstract","party"
"W2911489668","country:south-africa","title","south africa"
"W2911489668","region:sub-saharan-africa","rule","from the country named"
"W2929266744","topic:economy-welfare","title","neoliberalism"
"W2929266744","topic:economy-welfare","abstract","neoliberalism"
"W2929266744","topic:economy-welfare","abstract","economic"
"W2929266744","topic:economy-welfare","abstract","economy"
"W2929266744","country:united-states","abstract","united states"
"W2929266744","country:united-states","abstract","trump"
"W2929266744","region:north-america","rule","from the country named"
"W2783829597","country:united-states","title","united states"
"W2783829597","country:venezuela","title","venezuela"
"W2783829597","region:north-america","rule","from the country named"
"W2783829597","region:latin-america","rule","from the country named"
"W2792058387","country:norway","title","norwegian (+ political word)"
"W2792058387","region:europe","rule","from the country named"
"W2799945687","topic:religion","title","church"
"W2799945687","topic:religion","abstract","church"
"W2799945687","region:europe","title","europe"
"W2811009254","topic:parties","rule","second test passed: a party word in the title"
"W2811009254","topic:parties","title","parties"
"W2811009254","topic:parties","abstract","parties"
"W2811009254","topic:parties","abstract","party"
"W2811009254","country:united-kingdom","abstract","great britain"
"W2811009254","region:europe","rule","from the country named"
"W2883428799","topic:parties","rule","second test passed: a party word in the title"
"W2883428799","topic:parties","title","party"
"W2883428799","topic:parties","abstract","party system"
"W2883428799","topic:parties","abstract","parties"
"W2883428799","topic:parties","abstract","party"
"W2886910526","topic:religion","title","muslims"
"W2888337093","topic:international","abstract","european union"
"W2888337093","topic:international","abstract","multilateral"
"W2888337093","topic:international","abstract","world trade organization"
"W2888337093","topic:economy-welfare","title","globalization"
"W2888337093","topic:economy-welfare","abstract","globalization"
"W2897278747","topic:democracy-institutions","title","authoritarianism"
"W2897278747","country:china","title","chinese (+ political word)"
"W2897278747","region:asia-pacific","rule","from the country named"
"W2898432711","country:brazil","title","brazilian (+ political word)"
"W2898432711","country:brazil","abstract","brazilian (+ political word)"
"W2898432711","region:latin-america","rule","from the country named"
"W2913181603","region:asia-pacific","title","asian"
"W2913181603","country:india","abstract","india"
"W2913181603","country:india","abstract","modi"
"W2947787188","topic:economy-welfare","abstract","economic"
"W2947787188","topic:economy-welfare","abstract","neoliberal"
"W2947787188","topic:economy-welfare","abstract","neoliberalism"
"W2947787188","country:turkey","title","turkish (+ political word)"
"W2947787188","country:turkey","abstract","turkey"
"W2947787188","country:turkey","abstract","turkish (+ political word)"
"W2947787188","region:europe","rule","from the country named"
"W2786040706","region:europe","title","europe"
"W2786040706","region:europe","abstract","europe"
"W2786040706","country:france","abstract","france"
"W2786040706","country:france","abstract","front national"
"W2786040706","country:germany","abstract","germany"
"W2786040706","country:germany","abstract","afd"
"W2791957389","approach:discursive","abstract","laclau"
"W2793621511","approach:economic","title","economic populism"
"W2793621511","topic:economy-welfare","title","economic"
"W2793621511","topic:economy-welfare","title","inequality"
"W2796988340","approach:performative","title","political style"
"W2796988340","region:global","title","global rise"
"W2798038687","topic:religion","title","religion"
"W2799673045","country:russia","title","russia"
"W2799673045","region:europe","rule","from the country named"
"W2802156791","topic:foreign-policy","title","foreign policy"
"W2802156791","topic:economy-welfare","abstract","economic"
"W2802156791","topic:economy-welfare","abstract","inequality"
"W2802156791","country:united-states","title","u s"
"W2802156791","country:united-states","abstract","united states"
"W2802156791","country:united-states","abstract","u s"
"W2802156791","country:united-states","abstract","american (+ political word)"
"W2802156791","region:north-america","rule","from the country named"
"W2803354126","country:russia","title","russia"
"W2803354126","region:europe","rule","from the country named"
"W2803624952","topic:foreign-policy","title","foreign policy"
"W2804987130","topic:parties","rule","second test passed: a party family in the title"
"W2804987130","topic:parties","title","radical right"
"W2804987130","region:europe","title","eastern europe"
"W2805017268","topic:parties","rule","second test passed: a party word in the title"
"W2805017268","topic:parties","title","parties"
"W2805017268","topic:economy-welfare","title","austerity"
"W2806040095","topic:religion","title","religion"
"W2806235314","topic:religion","title","religion"
"W2807297982","country:india","title","india"
"W2807297982","region:asia-pacific","rule","from the country named"
"W2808342017","approach:performative","title","political style"
"W2808342017","approach:performative","abstract","political style"
"W2808342017","region:global","title","global rise"
"W2809287902","country:india","title","india"
"W2809287902","region:asia-pacific","rule","from the country named"
"W2809804228","topic:religion","title","religion"
"W2810454515","region:europe","title","europe"
"W2811456313","country:india","title","india"
"W2811456313","region:asia-pacific","rule","from the country named"
"W2883299461","topic:democracy-institutions","title","judicial"
"W2883660129","region:latin-america","title","latin america"
"W2883835640","region:asia-pacific","title","asia"
"W2883835640","country:india","title","india"
"W2884336764","topic:spatial","title","subnational"
"W2884336764","topic:economy-welfare","title","economy"
"W2885490897","topic:foreign-policy","title","foreign policy"
"W2888343654","approach:economic","title","economic populism"
"W2888343654","topic:economy-welfare","title","economic"
"W2888343654","topic:economy-welfare","title","inequality"
"W2888618531","approach:economic","title","economic populism"
"W2888618531","topic:economy-welfare","title","economic"
"W2888618531","topic:economy-welfare","title","inequality"
"W2888842892","topic:foreign-policy","title","foreign policy"
"W2892312934","approach:discursive","abstract","laclau"
"W2892312934","topic:democracy-institutions","abstract","authoritarianism"
"W2892312934","country:united-states","title","trump"
"W2892312934","country:united-states","abstract","trump"
"W2892312934","country:united-states","abstract","us"
"W2892312934","region:north-america","rule","from the country named"
"W2894722316","region:europe","title","scandinavian"
"W2896362609","topic:democracy-institutions","title","rule of law"
"W2896362609","topic:democracy-institutions","title","constitutional"
"W2897048585","todo:check-record","rule","the registry gives ""Rosalind"" as a family name, and OpenAlex names the author ""Rosalind Dixon"": the names in Zotero are to be checked by hand"
"W2897048585","country:australia","title","australia"
"W2897048585","region:asia-pacific","rule","from the country named"
"W2897391578","topic:foreign-policy","title","foreign policy"
"W2899179334","topic:international","title","eu"
"W2899179334","region:europe","title","european"
"W2899179334","region:europe","title","eu"
"W2899179334","country:hungary","title","hungary"
"W2899712877","country:peru","title","peru"
"W2899712877","region:latin-america","rule","from the country named"
"W2902910529","region:europe","abstract","europe"
"W2903862868","topic:economy-welfare","abstract","economic"
"W2903862868","country:italy","abstract","italian (+ political word)"
"W2903862868","region:europe","rule","from the country named"
"W2903975416","topic:foreign-policy","title","foreign policy"
"W2913052582","todo:check-record","rule","the registry writes the names in the title with stray spaces between the letters: to be corrected in Zotero by hand"
"W2913052582","topic:foreign-policy","title","foreign policy"
"W2913565682","todo:check-record","rule","the registry writes the names in the title with stray spaces between the letters: to be corrected in Zotero by hand"
"W2913565682","country:russia","title","russian (+ political word)"
"W2913565682","region:europe","rule","from the country named"
"W2947784190","approach:performative","title","political style"
"W2947784190","region:global","title","global rise"
"W4242868423","topic:international","title","eu"
"W4242868423","topic:international","title","european union"
"W4242868423","topic:international","abstract","eurosceptic"
"W4242868423","topic:international","abstract","brexit"
"W4242868423","topic:international","abstract","eu"
"W4242868423","region:europe","title","european"
"W4242868423","region:europe","title","eu"
"W4242868423","region:europe","abstract","europe"
"W4242868423","region:europe","abstract","european"
"W4242868423","region:europe","abstract","eu"
"W4242868423","country:united-kingdom","abstract","brexit"
"W4379414046","country:russia","title","russian (+ political word)"
"W4379414046","region:europe","rule","from the country named"
"W4402198615","topic:parties","rule","second test passed: a leader or a party named in the title"
"W4402198615","topic:parties","title","right wing populism"
"W4402198615","topic:parties","abstract","right wing populism"
"W4402198615","topic:parties","abstract","parties"
"W4402198615","topic:media-communication","title","media"
"W4402198615","topic:media-communication","abstract","media"
"W4402198615","topic:migration","abstract","refugee"
"W4402198615","topic:migration","abstract","refugees"
"W4402198615","topic:migration","abstract","xenophobia"
"W4402198615","region:europe","abstract","europe"
"W4402198615","region:europe","abstract","european"
"W4402198615","country:germany","abstract","germany"
"W4402198615","country:united-states","title","trump"
"W4402198615","region:north-america","rule","from the country named"
"W2762647265","approach:performative","title","political style"
"W2762647265","region:global","title","global rise"
"W2595967505","topic:economy-welfare","title","neoliberal"
"W2595967505","topic:economy-welfare","title","globalisation"
"W2595967505","topic:democracy-institutions","title","authoritarian"
"W2601347206","country:venezuela","title","bolivarian"
"W2601347206","region:latin-america","rule","from the country named"
"W2593892789","topic:government","title","governing populism"
"W2593892789","topic:democracy-institutions","abstract","constitutionalism"
"W2593892789","topic:democracy-institutions","abstract","illiberal"
"W2593892789","country:hungary","title","hungary"
"W2593892789","region:europe","rule","from the country named"
"W2761594938","topic:democracy-institutions","title","constitutional"
"W2761594938","country:greece","title","greece"
"W2761594938","country:turkey","title","turkey"
"W2761594938","region:europe","rule","from the country named"
"W2766185220","topic:economy-welfare","abstract","unemployment"
"W2766185220","topic:economy-welfare","abstract","inequality"
"W2766185220","topic:democracy-institutions","title","authoritarian"
"W2766185220","topic:democracy-institutions","abstract","authoritarian"
"W2766185220","method:quantitative","abstract","panel data"
"W2766185220","region:europe","abstract","europe"
"W2771419257","topic:economy-welfare","title","development aid"
"W2771419257","topic:economy-welfare","title","neoliberal"
"W4239333770","topic:democracy-institutions","abstract","authoritarian"
"W4239333770","topic:democracy-institutions","abstract","democratization"
"W4239333770","region:asia-pacific","title","southeast asia"
"W4239333770","region:asia-pacific","abstract","southeast asia"
"W4239333770","region:asia-pacific","abstract","southeast asian"
"W4239333770","country:indonesia","title","indonesia"
"W4239333770","country:indonesia","abstract","indonesia"
"W4239333770","country:philippines","title","philippines"
"W4239333770","country:philippines","abstract","philippines"
"W4239333770","country:thailand","title","thailand"
"W4239333770","country:thailand","abstract","thailand"
"W2621068647","country:united-states","abstract","trump"
"W2621068647","region:north-america","rule","from the country named"
"W2594852208","topic:voters","title","voters"
"W2594852208","topic:voters","abstract","voters"
"W2594852208","topic:voters","abstract","supporters"
"W2594852208","topic:voters","abstract","voter"
"W2594852208","topic:voters","abstract","support for populist"
"W2594852208","region:europe","abstract","europe"
"W2594852208","region:europe","abstract","european"
"W2594852208","region:europe","abstract","eastern europe"
"W2594852208","country:bulgaria","title","bulgarian (+ political word)"
"W2594852208","country:bulgaria","abstract","bulgaria"
"W2607258888","topic:parties","rule","second test passed: a party word in the title"
"W2607258888","topic:parties","title","populist right"
"W2607258888","topic:parties","title","parties"
"W2607258888","topic:economy-welfare","title","economic"
"W2607258888","topic:economy-welfare","abstract","economy"
"W2607258888","topic:economy-welfare","abstract","economic"
"W2607258888","topic:migration","title","anti immigrant"
"W2607258888","topic:migration","abstract","anti immigrant"
"W2677930507","topic:voters","title","electoral support"
"W2677930507","topic:migration","title","immigrant"
"W2677930507","topic:migration","abstract","migrant"
"W2677930507","topic:migration","abstract","anti immigrant"
"W2677930507","topic:migration","abstract","migrants"
"W2677930507","topic:migration","abstract","immigrant"
"W2677930507","country:switzerland","title","switzerland"
"W2677930507","region:europe","rule","from the country named"
"W2737435963","topic:democracy-institutions","title","liberal democracies"
"W2745399935","region:europe","title","western europe"
"W2765985239","topic:parties","rule","second test passed: a party word in the title"
"W2765985239","topic:parties","title","party"
"W2765985239","topic:parties","title","radical right"
"W2765985239","topic:parties","title","parties"
"W2765985239","topic:parties","abstract","radical right"
"W2765985239","topic:parties","abstract","parties"
"W2765985239","topic:parties","abstract","party"
"W2765985239","topic:voters","title","attitudes"
"W2765985239","topic:religion","abstract","muslim"
"W2765985239","topic:religion","abstract","christian"
"W2765985239","region:europe","title","europe"
"W2765985239","region:europe","abstract","european"
"W2765985239","country:sweden","abstract","sweden"
"W2765985239","country:sweden","abstract","sweden democrats"
"W2765985239","country:israel","title","israel"
"W2765985239","country:israel","abstract","israel"
"W2765985239","region:mena","rule","from the country named"
"W3002883119","topic:media-communication","title","media"
"W3002883119","topic:media-communication","abstract","media"
"W3002883119","topic:democracy-institutions","title","authoritarian"
"W3002883119","topic:democracy-institutions","abstract","authoritarian"
"W3002883119","topic:democracy-institutions","abstract","illiberal"
"W3002883119","country:turkey","abstract","turkey"
"W3002883119","country:turkey","abstract","justice and development party"
"W3002883119","country:turkey","abstract","turkish (+ political word)"
"W3002883119","region:europe","rule","from the country named"
"W2613453187","todo:check-record","rule","DOI accepted by reading, not by the automatic rule"
"W2613453187","topic:parties","rule","second test passed: a party family in the title"
"W2613453187","topic:parties","title","radical right"
"W2613453187","region:europe","title","european"
"W2616308140","country:nicaragua","title","nicaragua"
"W2616308140","country:nicaragua","title","ortega"
"W2616308140","region:latin-america","rule","from the country named"
"W2619495204","topic:international","title","eu"
"W2619495204","region:europe","title","europe"
"W2619495204","region:europe","title","eu"
"W2623374255","region:europe","title","europe"
"W2639033461","topic:parties","rule","second test passed: a party word in the title"
"W2639033461","topic:parties","title","radical right"
"W2639033461","topic:media-communication","title","media"
"W2639033461","topic:media-communication","abstract","media"
"W2639033461","topic:media-communication","abstract","newspapers"
"W2639033461","country:germany","title","german (+ political word)"
"W2639033461","region:europe","rule","from the country named"
"W2791438753","topic:international","title","eu"
"W2791438753","topic:international","abstract","eu"
"W2791438753","topic:democracy-institutions","abstract","rule of law"
"W2791438753","region:europe","title","central europe"
"W2791438753","region:europe","title","eu"
"W2791438753","region:europe","abstract","central europe"
"W2791438753","region:europe","abstract","european"
"W2791438753","region:europe","abstract","eu"
"W2791438753","country:hungary","abstract","hungary"
"W2791438753","country:poland","abstract","poland"
"W2604058800","topic:international","title","euroscepticism"
"W2604058800","topic:international","abstract","euroscepticism"
"W2604058800","topic:international","abstract","eurosceptic"
"W2604058800","topic:international","abstract","european parliament"
"W2604058800","topic:parties","rule","second test passed: a party word in the title"
"W2604058800","topic:parties","title","party"
"W2604058800","topic:parties","abstract","populist right"
"W2604058800","topic:parties","abstract","parties"
"W2604058800","topic:parties","abstract","party"
"W2604058800","topic:economy-welfare","title","euro crisis"
"W2604058800","topic:economy-welfare","abstract","economic crisis"
"W2604058800","topic:economy-welfare","abstract","euro crisis"
"W2604058800","topic:economy-welfare","abstract","economic"
"W2604058800","topic:media-communication","title","media"
"W2604058800","topic:media-communication","abstract","media"
"W2604058800","topic:media-communication","abstract","press coverage"
"W2604058800","topic:media-communication","abstract","newspapers"
"W2604058800","topic:media-communication","abstract","journalistic"
"W2604058800","region:europe","abstract","european"
"W2604058800","country:finland","title","finns party"
"W2604058800","country:finland","abstract","finland"
"W2604058800","country:finland","abstract","finns party"
"W2604058800","country:finland","abstract","perussuomalaiset"
"W2612666993","topic:democracy-institutions","title","liberal democracy"
"W2612666993","topic:democracy-institutions","abstract","liberal democracy"
"W2612666993","topic:democracy-institutions","abstract","constitutional"
"W2724263390","topic:parties","rule","second test passed: a leader or a party named in the title"
"W2724263390","topic:parties","abstract","parties"
"W2724263390","topic:parties","abstract","candidate"
"W2724263390","topic:voters","abstract","supporters"
"W2724263390","topic:voters","abstract","citizens"
"W2724263390","topic:media-communication","abstract","communication"
"W2724263390","topic:media-communication","abstract","facebook"
"W2724263390","topic:media-communication","abstract","communications"
"W2724263390","country:united-states","title","sanders"
"W2724263390","country:united-states","title","trump"
"W2724263390","country:united-states","abstract","trump"
"W2724263390","country:united-states","abstract","sanders"
"W2724263390","region:north-america","rule","from the country named"
"W2623210332","approach:discursive","title","laclau"
"W2623210332","approach:discursive","abstract","laclau"
"W2623210332","country:venezuela","abstract","venezuela"
"W2623210332","country:venezuela","abstract","chavez"
"W2623210332","country:venezuela","abstract","bolivarian"
"W2623210332","region:latin-america","rule","from the country named"
"W2755774630","topic:economy-welfare","title","economic"
"W2755774630","topic:economy-welfare","title","inequality"
"W2755774630","topic:economy-welfare","abstract","economic"
"W2755774630","topic:economy-welfare","abstract","inequality"
"W2750883060","approach:discursive","abstract","populism as a discourse"
"W2750883060","topic:economy-welfare","abstract","eurozone crisis"
"W2750883060","topic:economy-welfare","abstract","economic"
"W2750883060","country:greece","title","greece"
"W2750883060","country:greece","abstract","greece"
"W2750883060","region:europe","rule","from the country named"
"W2774571338","topic:international","title","brexit"
"W2774571338","topic:international","title","eu"
"W2774571338","topic:international","abstract","brexit"
"W2774571338","topic:international","abstract","eu"
"W2774571338","region:europe","title","eu"
"W2774571338","region:europe","abstract","european"
"W2774571338","region:europe","abstract","eu"
"W2774571338","country:united-kingdom","title","brexit"
"W2774571338","country:united-kingdom","abstract","britain"
"W2774571338","country:united-kingdom","abstract","brexit"
"W2774571338","country:united-kingdom","abstract","ukip"
"W2776466141","topic:parties","rule","second test passed: the abstract speaks of parties more than of voters"
"W2776466141","topic:parties","abstract","parties"
"W2776466141","topic:parties","abstract","party"
"W2776466141","topic:gender","title","gender"
"W2776466141","topic:gender","abstract","gender"
"W2776466141","topic:gender","abstract","women"
"W2776466141","topic:migration","abstract","anti immigration"
"W2776466141","topic:migration","abstract","immigration"
"W2776466141","region:europe","abstract","europe"
"W2776466141","region:europe","abstract","nordic"
"W2776466141","region:europe","abstract","eu"
"W2776466141","country:finland","title","finland"
"W2776466141","country:finland","abstract","perussuomalaiset"
"W2776466141","country:finland","abstract","true finns"
"W2776466141","country:finland","abstract","finnish (+ political word)"
"W2622810956","topic:democracy-institutions","title","authoritarianism"
"W2622810956","country:china","title","chinese (+ political word)"
"W2622810956","region:asia-pacific","rule","from the country named"
"W4206211044","country:united-states","abstract","american (+ political word)"
"W4206211044","region:north-america","rule","from the country named"
"W2605796657","topic:international","abstract","eu"
"W2605796657","topic:international","abstract","brexit"
"W2605796657","topic:parties","rule","second test passed: the abstract speaks of parties more than of voters"
"W2605796657","topic:parties","abstract","populist movements"
"W2605796657","topic:economy-welfare","abstract","economic"
"W2605796657","topic:economy-welfare","abstract","globalisation"
"W2605796657","country:united-kingdom","abstract","uk"
"W2605796657","country:united-kingdom","abstract","brexit"
"W2605796657","region:europe","rule","from the country named"
"W2750934137","method:experiment","abstract","experimental design"
"W2750934137","country:chile","title","chile"
"W2750934137","country:chile","abstract","chile"
"W2750934137","country:chile","abstract","chilean (+ political word)"
"W2750934137","region:latin-america","rule","from the country named"
"W2769137988","topic:media-communication","title","media"
"W2591436761","topic:international","title","european parliament"
"W2591436761","topic:international","abstract","european parliament"
"W2591436761","topic:international","abstract","transnational"
"W2591436761","topic:parties","rule","second test passed: a party word in the title"
"W2591436761","topic:parties","title","party"
"W2591436761","topic:parties","abstract","parties"
"W2591436761","topic:parties","abstract","party"
"W2591436761","topic:parties","abstract","right wing populism"
"W2591436761","topic:media-communication","title","communication"
"W2591436761","topic:media-communication","abstract","communication"
"W2591436761","region:europe","title","european"
"W2591436761","region:europe","abstract","european"
"W2735092734","topic:economy-welfare","abstract","economic"
"W2735092734","topic:economy-welfare","abstract","globalization"
"W2735092734","country:france","abstract","france"
"W2735092734","region:europe","rule","from the country named"
"W2736079153","country:thailand","title","thaksin"
"W2736079153","region:asia-pacific","rule","from the country named"
"W2744656783","topic:defence-security","title","militarism"
"W2744656783","country:united-states","title","us"
"W2744656783","region:north-america","rule","from the country named"
"W2767484908","approach:measurement","title","measuring populist"
"W2767484908","approach:measurement","abstract","measuring populist"
"W2767484908","method:qta","title","semantic text analysis"
"W2613197553","topic:economy-welfare","abstract","welfare"
"W2613197553","topic:economy-welfare","abstract","neoliberalism"
"W2624555386","topic:parties","rule","second test passed: a party word in the title"
"W2624555386","topic:parties","title","populist leader"
"W2624555386","topic:parties","abstract","populist leaders"
"W2624555386","topic:parties","abstract","populist leader"
"W2624555386","topic:parties","abstract","party"
"W2624555386","topic:media-communication","title","journalistic"
"W2624555386","topic:media-communication","abstract","journalists"
"W2624555386","topic:media-communication","abstract","framing"
"W2624555386","topic:media-communication","abstract","media"
"W2624555386","country:australia","abstract","pauline hanson"
"W2624555386","country:australia","abstract","one nation"
"W2624555386","region:asia-pacific","rule","from the country named"
"W2625824958","country:china","title","china"
"W2625824958","region:asia-pacific","rule","from the country named"
"W2747297004","topic:media-communication","abstract","journalistic"
"W2747297004","topic:media-communication","abstract","media"
"W2747297004","topic:media-communication","abstract","journalists"
"W2747297004","country:china","title","china"
"W2747297004","country:china","abstract","china"
"W2747297004","region:asia-pacific","rule","from the country named"
"W4251517446","topic:international","title","european parliament"
"W4251517446","topic:international","title","european integration"
"W4251517446","topic:international","abstract","european parliament"
"W4251517446","topic:international","abstract","european integration"
"W4251517446","topic:international","abstract","eu"
"W4251517446","topic:parties","rule","second test passed: a party word in the title"
"W4251517446","topic:parties","title","populist right"
"W4251517446","topic:parties","title","parties"
"W4251517446","topic:parties","abstract","populist right"
"W4251517446","topic:parties","abstract","parties"
"W4251517446","topic:economy-welfare","abstract","euro crisis"
"W4251517446","topic:economy-welfare","abstract","economic"
"W4251517446","region:europe","title","european"
"W4251517446","region:europe","abstract","european"
"W4251517446","region:europe","abstract","europe"
"W4251517446","region:europe","abstract","eu"
"W2605495241","topic:economy-welfare","title","economic"
"W2605495241","topic:economy-welfare","abstract","economic"
"W2605495241","topic:economy-welfare","abstract","labour market"
"W2605495241","topic:economy-welfare","abstract","unemployment"
"W2605495241","topic:religion","abstract","muslim"
"W2605495241","country:turkey","title","turkey"
"W2605495241","country:turkey","title","akp"
"W2605495241","country:turkey","abstract","turkey"
"W2605495241","country:turkey","abstract","justice and development party"
"W2605495241","country:turkey","abstract","akp"
"W2605495241","region:europe","rule","from the country named"
"W2772139495","country:canada","title","canada"
"W2772139495","region:north-america","rule","from the country named"
"W2610171511","topic:democracy-institutions","title","liberal democracies"
"W2615706212","method:qualitative","abstract","discourse analysis"
"W2615706212","country:france","title","french (+ political word)"
"W2615706212","region:europe","rule","from the country named"
"W2621962642","topic:parties","rule","second test passed: a party family in the title"
"W2621962642","topic:parties","title","populist right"
"W2621962642","topic:parties","abstract","populist right"
"W2621962642","topic:parties","abstract","party"
"W2621962642","topic:parties","abstract","parties"
"W2621962642","topic:religion","title","religion"
"W2621962642","topic:religion","title","muslim"
"W2621962642","topic:religion","abstract","islam"
"W2621962642","topic:religion","abstract","islamists"
"W2621962642","topic:religion","abstract","islamist"
"W2621962642","topic:religion","abstract","islamic"
"W2621962642","topic:religion","abstract","religion"
"W2621962642","country:switzerland","title","switzerland"
"W2621962642","country:switzerland","abstract","switzerland"
"W2621962642","country:switzerland","abstract","swiss people s party"
"W2621962642","country:switzerland","abstract","svp"
"W2621962642","country:switzerland","abstract","swiss (+ political word)"
"W2621962642","region:europe","rule","from the country named"
"W2769535551","topic:parties","rule","second test passed: a party word in the title"
"W2769535551","topic:parties","title","radical right"
"W2769535551","topic:parties","title","party"
"W2769535551","topic:parties","abstract","radical right"
"W2769535551","topic:parties","abstract","party"
"W2769535551","topic:parties","abstract","parties"
"W2769535551","topic:voters","abstract","voter"
"W2769535551","topic:voters","abstract","citizens"
"W2769535551","topic:religion","title","religious"
"W2769535551","topic:migration","title","xenophobic"
"W2769535551","country:sweden","title","sweden"
"W2769535551","country:sweden","abstract","sweden"
"W2769535551","country:sweden","abstract","sweden democrats"
"W2769535551","country:sweden","abstract","sverigedemokraterna"
"W2769535551","country:sweden","abstract","swedish (+ political word)"
"W2769535551","region:europe","rule","from the country named"
"W2591393916","country:united-states","title","trump"
"W2591393916","region:north-america","rule","from the country named"
"W2735298812","topic:parties","rule","second test passed: a party family in the title"
"W2735298812","topic:parties","title","far right"
"W2735298812","topic:parties","abstract","far right"
"W2735298812","topic:parties","abstract","party competition"
"W2735298812","topic:economy-welfare","abstract","economic crisis"
"W2735298812","topic:economy-welfare","abstract","labour market"
"W2735298812","topic:democracy-institutions","title","liberal democracies"
"W2573732336","topic:economy-welfare","abstract","inequalities"
"W2573732336","topic:economy-welfare","abstract","economy"
"W2573732336","topic:economy-welfare","abstract","globalization"
"W2573732336","topic:media-communication","title","framing"
"W2573732336","topic:media-communication","title","frames"
"W2573732336","country:united-states","abstract","us"
"W2573732336","region:north-america","rule","from the country named"
"W2610452341","country:united-states","abstract","us"
"W2610452341","country:united-states","abstract","trump"
"W2610452341","region:north-america","rule","from the country named"
"W2621005774","topic:international","abstract","european union"
"W2621005774","topic:international","abstract","brexit"
"W2621005774","topic:international","abstract","eu"
"W2621005774","topic:international","abstract","united nations"
"W2621005774","topic:parties","rule","second test passed: the abstract speaks of parties more than of voters"
"W2621005774","topic:parties","abstract","right wing populism"
"W2621005774","topic:parties","abstract","populist leaders"
"W2621005774","topic:parties","abstract","populist movement"
"W2621005774","topic:economy-welfare","abstract","economic"
"W2621005774","topic:economy-welfare","abstract","globalization"
"W2621005774","topic:economy-welfare","abstract","inequality"
"W2621005774","topic:economy-welfare","abstract","economy"
"W2621005774","topic:economy-welfare","abstract","economic crisis"
"W2621005774","topic:economy-welfare","abstract","neoliberal"
"W2621005774","topic:economy-welfare","abstract","inequalities"
"W2621005774","topic:media-communication","abstract","television"
"W2621005774","topic:media-communication","abstract","media"
"W2621005774","topic:media-communication","abstract","twitter"
"W2621005774","topic:gender","abstract","women"
"W2621005774","topic:religion","abstract","religious"
"W2621005774","topic:migration","abstract","xenophobia"
"W2621005774","topic:migration","abstract","immigrant"
"W2621005774","topic:migration","abstract","migrants"
"W2621005774","topic:migration","abstract","refugees"
"W2621005774","topic:migration","abstract","migration"
"W2621005774","region:global","abstract","across the world"
"W2621005774","region:global","abstract","across the globe"
"W2621005774","country:united-states","abstract","united states"
"W2621005774","country:united-states","abstract","trump"
"W2621005774","country:australia","abstract","australia"
"W2621005774","country:australia","abstract","australian (+ political word)"
"W2621005774","country:new-zealand","abstract","new zealand"
"W2621005774","country:philippines","abstract","philippines"
"W2621005774","country:philippines","abstract","duterte"
"W2621005774","region:global","rule","three or more regions named: europe, north-america, asia-pacific"
"W2741630121","topic:religion","title","islam"
"W2741630121","topic:religion","abstract","religious"
"W2741630121","topic:religion","abstract","islam"
"W2741630121","topic:religion","abstract","islamic"
"W2741630121","country:netherlands","abstract","netherlands"
"W2741630121","country:netherlands","abstract","dutch (+ political word)"
"W2741630121","region:europe","rule","from the country named"
"W2587307938","topic:economy-welfare","abstract","economic"
"W2587307938","topic:economy-welfare","abstract","economy"
"W2587307938","country:united-states","abstract","united states"
"W2587307938","region:north-america","rule","from the country named"
"W2587452119","topic:international","abstract","brexit"
"W2587452119","topic:international","abstract","international cooperation"
"W2587452119","topic:international","abstract","eu"
"W2587452119","topic:economy-welfare","abstract","economic"
"W2587452119","region:europe","title","european"
"W2587452119","region:europe","abstract","european"
"W2587452119","region:europe","abstract","eu"
"W2587452119","country:france","abstract","france"
"W2587452119","country:france","abstract","le pen"
"W2587452119","country:germany","abstract","germany"
"W2587452119","country:germany","abstract","merkel"
"W2587452119","country:germany","abstract","afd"
"W2587452119","country:italy","abstract","italy"
"W2587452119","country:italy","abstract","five star movement"
"W2587452119","country:netherlands","abstract","netherlands"
"W2587452119","country:netherlands","abstract","wilders"
"W2587452119","country:netherlands","abstract","dutch (+ political word)"
"W2691652127","topic:media-communication","title","communication"
"W2691652127","region:europe","title","europe"
"W2734048841","topic:democracy-institutions","title","liberal democracies"
"W2769862027","country:venezuela","title","venezuela"
"W2769862027","region:latin-america","rule","from the country named"
"W2776909741","topic:gender","title","feminism"
"W2804346951","topic:economy-welfare","title","globalization"
"W2804346951","topic:economy-welfare","abstract","globalization"
"W2804346951","topic:economy-welfare","abstract","economics"
"W2804346951","topic:economy-welfare","abstract","economic"
"W2804346951","topic:media-communication","title","media"
"W2804346951","topic:media-communication","abstract","media"
"W2595303672","todo:check-record","rule","DOI accepted by reading, not by the automatic rule"
"W2595303672","country:greece","title","greek (+ political word)"
"W2595303672","region:europe","rule","from the country named"
"W2616085610","topic:democracy-institutions","title","liberal democracies"
"W2616085610","country:united-kingdom","abstract","british (+ political word)"
"W2616085610","region:europe","rule","from the country named"
"W2618420143","country:serbia","title","serbia"
"W2618420143","region:europe","rule","from the country named"
"W2750160531","country:united-states","title","american (+ political word)"
"W2750160531","country:united-states","abstract","american (+ political word)"
"W2750160531","region:north-america","rule","from the country named"
"W2767909820","topic:media-communication","title","media"
"W2767909820","topic:media-communication","title","framing"
"W2767909820","topic:media-communication","abstract","media"
"W2767909820","topic:media-communication","abstract","newspaper"
"W2767909820","topic:media-communication","abstract","journalism"
"W2770362534","topic:religion","title","christian"
"W2770362534","topic:religion","abstract","christian"
"W2770362534","country:canada","title","canada"
"W2770362534","country:canada","abstract","canada"
"W2770362534","region:north-america","rule","from the country named"
"W2597541229","topic:international","abstract","european integration"
"W2597541229","topic:international","abstract","supranational"
"W2597541229","topic:international","abstract","eurosceptic"
"W2597541229","topic:parties","rule","second test passed: a party word in the title"
"W2597541229","topic:parties","abstract","party"
"W2597541229","region:europe","title","europe"
"W2597541229","region:europe","abstract","european"
"W2597541229","region:europe","abstract","europe"
"W2597541229","country:france","abstract","french (+ political word)"
"W2649077908","topic:economy-welfare","title","economics"
"W2731645625","topic:international","title","european parliament"
"W2731645625","topic:government","title","populists in power"
"W2731645625","region:europe","title","european"
"W2731645625","country:italy","title","five star movement"
"W2766757176","topic:international","title","eu"
"W2766757176","topic:international","abstract","eu"
"W2766757176","region:europe","title","eu"
"W2766757176","region:europe","abstract","european"
"W2766757176","region:europe","abstract","europe"
"W2766757176","region:europe","abstract","eu"
"W2783098603","country:brazil","abstract","brazil"
"W2783098603","country:brazil","abstract","brazilian (+ political word)"
"W2783098603","region:latin-america","rule","from the country named"
"W2803931321","topic:parties","rule","second test passed: the abstract speaks of parties more than of voters"
"W2803931321","topic:parties","abstract","party"
"W2803931321","topic:parties","abstract","parties"
"W2803931321","method:qualitative","abstract","qualitative"
"W2803931321","method:qualitative","abstract","discourse analysis"
"W2803931321","country:albania","title","albania"
"W2803931321","country:albania","abstract","albania"
"W2803931321","region:europe","rule","from the country named"
"W3022289090","country:united-states","title","american (+ political word)"
"W3022289090","region:north-america","rule","from the country named"
"W2606354368","approach:performative","title","political style"
"W2606354368","topic:parties","rule","second test passed: a party word in the title"
"W2606354368","topic:parties","title","parties"
"W2606354368","region:europe","title","scandinavian"
"W2754705891","country:united-states","title","trump"
"W2754705891","country:united-states","title","sanders"
"W2754705891","region:north-america","rule","from the country named"
"W2622155485","approach:performative","title","political style"
"W2622155485","region:global","title","global rise"
"W2624235676","topic:democracy-institutions","title","authoritarianism"
"W2624235676","country:united-states","title","us"
"W2624235676","country:china","title","chinese (+ political word)"
"W2624235676","region:north-america","rule","from the country named"
"W2624235676","region:asia-pacific","rule","from the country named"
"W2726149686","topic:parties","rule","second test passed: a party word in the title"
"W2726149686","topic:parties","title","radical right"
"W2726149686","topic:parties","title","parties"
"W2726149686","region:europe","title","western europe"
"W2734263349","topic:international","title","european union"
"W2734263349","region:europe","title","european"
"W2738187753","topic:spatial","abstract","rural"
"W2746634506","country:russia","abstract","russia"
"W2746634506","country:russia","abstract","kremlin"
"W2746634506","country:russia","abstract","putin"
"W2746634506","region:europe","rule","from the country named"
"W2760215849","country:united-kingdom","abstract","corbyn"
"W2760215849","region:europe","rule","from the country named"
"W2765160739","todo:check-record","rule","DOI accepted by reading, not by the automatic rule"
"W2765160739","country:russia","title","russian (+ political word)"
"W2765160739","region:europe","rule","from the country named"
"W4232895543","approach:economic","title","economic populism"
"W4232895543","approach:economic","abstract","economic populism"
"W4232895543","topic:economy-welfare","title","economic"
"W4232895543","topic:economy-welfare","title","inequality"
"W4232895543","topic:economy-welfare","abstract","economic"
"W4232895543","topic:economy-welfare","abstract","inequality"
"W4232895543","country:united-states","title","united states"
"W4232895543","region:north-america","rule","from the country named"
"W4255397239","topic:democracy-institutions","abstract","rule of law"
"W4255397239","topic:democracy-institutions","abstract","authoritarian"
"W4255397239","method:mixed","abstract","qualitative and quantitative"
"W4255397239","country:india","title","india"
"W4255397239","country:india","abstract","india"
"W4255397239","country:india","abstract","indira gandhi"
"W4255397239","region:asia-pacific","rule","from the country named"
"W2584848963","topic:parties","rule","second test passed: a party word in the title"
"W2584848963","topic:parties","title","parties"
"W2584848963","region:europe","title","europe"
"W2592150540","topic:parties","rule","second test passed: a party word in the title"
"W2592150540","topic:parties","title","radical right"
"W2592150540","topic:parties","title","parties"
"W2592150540","region:europe","title","western europe"
"W2597241066","topic:religion","title","islamism"
"W2606413865","country:mexico","title","mexico"
"W2606413865","region:latin-america","rule","from the country named"
"W2610147398","topic:government","title","populists in power"
"W2612178659","topic:parties","rule","second test passed: a party word in the title"
"W2612178659","topic:parties","title","parties"
"W2612178659","region:europe","title","europe"
"W2613521398","todo:check-record","rule","DOI accepted by reading, not by the automatic rule"
"W2613521398","topic:religion","title","religion"
"W2613801269","topic:religion","title","islamic"
"W2613801269","region:mena","title","middle east"
"W2613801269","country:indonesia","title","indonesia"
"W2613801269","region:asia-pacific","rule","from the country named"
"W2617971969","topic:parties","rule","second test passed: a party word in the title"
"W2617971969","topic:parties","title","party"
"W2617971969","topic:gender","title","gendered"
"W2625788202","topic:parties","rule","second test passed: a party family in the title"
"W2625788202","topic:parties","title","far right"
"W2625788202","region:europe","title","europe"
"W2697533553","topic:foreign-policy","title","foreign policy"
"W2697533553","country:united-states","title","trump"
"W2697533553","region:north-america","rule","from the country named"
"W2726960454","topic:religion","title","religion"
"W2745906466","region:europe","title","european"
"W2747836432","topic:parties","rule","second test passed: a party family in the title"
"W2747836432","topic:parties","title","far right"
"W2747836432","region:europe","title","europe"
"W2748408651","topic:religion","title","religion"
"W2748408651","topic:religion","abstract","sacred"
"W2748408651","topic:religion","abstract","religion"
"W2750032285","topic:parties","rule","second test passed: a party family in the title"
"W2750032285","topic:parties","title","radical right"
"W2750032285","region:europe","title","eastern europe"
"W2755310598","topic:religion","title","religion"
"W2772898606","region:europe","title","european"
"W2773206946","country:argentina","title","argentina"
"W2773206946","region:latin-america","rule","from the country named"
"W2773329353","topic:economy-welfare","abstract","globalisation"
"W2773329353","topic:economy-welfare","abstract","free trade"
"W2773329353","topic:economy-welfare","abstract","economics"
"W2773329353","topic:economy-welfare","abstract","economic"
"W2773329353","topic:media-communication","abstract","twitter"
"W2773329353","topic:media-communication","abstract","social networks"
"W2773329353","topic:media-communication","abstract","social network"
"W2773329353","country:united-states","title","united states"
"W2773329353","country:india","title","india"
"W2773329353","country:india","abstract","india"
"W2773329353","region:north-america","rule","from the country named"
"W2773329353","region:asia-pacific","rule","from the country named"
"W2776631807","country:india","title","india"
"W2776631807","region:asia-pacific","rule","from the country named"
"W2778779122","region:europe","title","european"
"W2778779122","region:europe","title","europe"
"W2790320406","topic:media-communication","abstract","television"
"W2790320406","topic:media-communication","abstract","propaganda"
"W2790320406","topic:democracy-institutions","title","democratization"
"W2790320406","topic:democracy-institutions","title","authoritarianism"
"W2790320406","topic:democracy-institutions","abstract","democratization"
"W2790320406","topic:democracy-institutions","abstract","authoritarianism"
"W2790320406","topic:democracy-institutions","abstract","authoritarian"
"W2790320406","country:argentina","abstract","argentina"
"W2790320406","country:argentina","abstract","kirchner"
"W2790320406","country:argentina","abstract","argentine (+ political word)"
"W2790320406","country:argentina","abstract","argentinean (+ political word)"
"W2790320406","region:latin-america","rule","from the country named"
"W4239378144","topic:international","title","regionalism"
"W4239378144","topic:parties","rule","second test passed: a party family in the title"
"W4239378144","topic:parties","title","far right"
"W4239378144","topic:parties","abstract","party"
"W4239378144","topic:spatial","abstract","subnational"
"W4239378144","country:india","title","india"
"W4239378144","country:india","abstract","india"
"W4239378144","country:india","abstract","bjp"
"W4239378144","country:india","abstract","modi"
"W4239378144","country:india","abstract","indian (+ political word)"
"W4239378144","region:asia-pacific","rule","from the country named"
"W4239982675","country:united-states","abstract","trump"
"W4239982675","region:north-america","rule","from the country named"
"W4245104358","topic:parties","rule","second test passed: the abstract speaks of parties more than of voters"
"W4245104358","topic:parties","abstract","parties"
"W4245104358","topic:parties","abstract","party system"
"W4245104358","topic:spatial","abstract","subnational"
"W4247942508","topic:parties","rule","second test passed: the abstract speaks of parties more than of voters"
"W4247942508","topic:parties","abstract","party systems"
"W4247942508","topic:parties","abstract","party"
"W4247942508","method:quantitative","abstract","quantitative analysis"
"W4248311563","topic:migration","title","immigrant"
"W4248311563","topic:migration","abstract","immigrant"
"W4248311563","country:germany","abstract","german (+ political word)"
"W4248311563","region:europe","rule","from the country named"
"W4250586193","country:united-states","abstract","obama"
"W4250586193","region:north-america","rule","from the country named"
"W4254676523","topic:parties","rule","second test passed: the abstract speaks of parties more than of voters"
"W4254676523","topic:parties","abstract","parties"
"W4254676523","topic:parties","abstract","party systems"
"W4254676523","topic:parties","abstract","party"
"W4254676523","topic:voters","abstract","voters"
"W4254676523","topic:voters","abstract","voter"
"W4254676523","country:india","abstract","india"
"W4254676523","region:global","rule","three or more regions named: europe, latin-america, asia-pacific"
"W4255738773","approach:economic","title","economic populism"
"W4255738773","topic:economy-welfare","title","economic"
"W4255738773","topic:economy-welfare","title","inequality"
"W4255738773","topic:economy-welfare","abstract","inequality"
"W4255738773","topic:economy-welfare","abstract","economic"
"W4379414481","country:russia","title","russia"
"W4379414481","region:europe","rule","from the country named"
"W4410662379","country:united-states","title","american (+ political word)"
"W4410662379","country:united-states","abstract","united states"
"W4410662379","country:united-states","abstract","american (+ political word)"
"W4410662379","region:north-america","rule","from the country named"
"W2341366119","topic:parties","rule","second test passed: a party word in the title"
"W2341366119","topic:parties","title","parties"
"W2341366119","region:europe","title","europe"
"W2590767646","topic:economy-welfare","title","neoliberalism"
"W2590767646","topic:gender","title","feminists"
"W2466024524","topic:voters","abstract","voters"
"W2466024524","topic:voters","abstract","voting behavior"
"W2466024524","topic:economy-welfare","title","economy"
"W2466024524","topic:economy-welfare","abstract","economy"
"W2466024524","topic:democracy-institutions","abstract","authoritarian"
"W2466024524","topic:democracy-institutions","abstract","constitutional"
"W2466024524","country:philippines","title","philippines"
"W2466024524","country:philippines","abstract","philippines"
"W2466024524","country:philippines","abstract","estrada"
"W2466024524","country:thailand","title","thailand"
"W2466024524","country:thailand","abstract","thailand"
"W2466024524","country:thailand","abstract","thaksin"
"W2466024524","country:thailand","abstract","shinawatra"
"W2466024524","region:asia-pacific","rule","from the country named"
"W2529579041","country:turkey","abstract","turkey"
"W2529579041","region:europe","rule","from the country named"
"W2514440888","approach:ideational","abstract","thin ideology"
"W2514440888","approach:performative","title","political style"
"W2514440888","approach:performative","abstract","political style"
"W2559222714","region:latin-america","title","latin america"
"W2485599375","topic:parties","rule","second test passed: a party word in the title"
"W2485599375","topic:parties","title","parties"
"W2485599375","topic:parties","abstract","right wing populist"
"W2485599375","topic:parties","abstract","parties"
"W2485599375","topic:parties","abstract","party"
"W2485599375","country:austria","abstract","haider"
"W2485599375","region:europe","rule","from the country named"
"W2547447769","topic:parties","rule","second test passed: a leader or a party named in the title"
"W2547447769","topic:parties","abstract","party"
"W2547447769","topic:parties","abstract","candidates"
"W2547447769","topic:parties","abstract","parties"
"W2547447769","country:united-states","title","trump"
"W2547447769","country:united-states","abstract","bernie sanders"
"W2547447769","country:united-states","abstract","trump"
"W2547447769","country:united-states","abstract","american (+ political word)"
"W2547447769","region:north-america","rule","from the country named"
"W2298372661","approach:discursive","abstract","laclau"
"W2298372661","approach:discursive","abstract","discursive construction"
"W2298372661","topic:religion","title","islamic"
"W2298372661","topic:religion","abstract","islamic"
"W2298372661","country:iran","title","iran"
"W2298372661","region:mena","rule","from the country named"
"W2565504953","method:mixed","abstract","quantitative and qualitative"
"W2565504953","country:united-states","title","american (+ political word)"
"W2565504953","region:north-america","rule","from the country named"
"W2519303131","country:france","abstract","france"
"W2519303131","country:france","abstract","le pen"
"W2519303131","country:united-states","abstract","united states"
"W2519303131","country:united-states","abstract","trump"
"W2519303131","region:europe","rule","from the country named"
"W2519303131","region:north-america","rule","from the country named"
"W2569710035","topic:parties","rule","second test passed: a leader or a party named in the title"
"W2569710035","topic:parties","abstract","party"
"W2569710035","topic:parties","abstract","political leadership"
"W2569710035","topic:parties","abstract","party leaders"
"W2569710035","topic:economy-welfare","title","neoliberalism"
"W2569710035","topic:economy-welfare","abstract","neoliberal"
"W2569710035","topic:economy-welfare","abstract","economic"
"W2569710035","topic:economy-welfare","abstract","social policies"
"W2569710035","country:turkey","title","akp"
"W2569710035","country:turkey","abstract","turkey"
"W2569710035","country:turkey","abstract","justice and development party"
"W2569710035","country:turkey","abstract","akp"
"W2569710035","country:turkey","abstract","turkish (+ political word)"
"W2569710035","region:europe","rule","from the country named"
"W2416839360","country:south-africa","title","south africa"
"W2416839360","region:sub-saharan-africa","rule","from the country named"
"W2290533343","topic:parties","rule","second test passed: a party word in the title"
"W2290533343","topic:parties","title","radical right"
"W2290533343","topic:parties","title","party"
"W2290533343","topic:parties","abstract","radical right"
"W2290533343","topic:parties","abstract","party"
"W2290533343","method:quantitative","abstract","structural equation"
"W2290533343","country:switzerland","title","switzerland"
"W2290533343","country:switzerland","abstract","swiss people s party"
"W2290533343","country:switzerland","abstract","swiss (+ political word)"
"W2290533343","region:europe","rule","from the country named"
"W2396893975","country:norway","abstract","norway"
"W2396893975","region:europe","rule","from the country named"
"W2344670801","topic:economy-welfare","abstract","neoliberal"
"W2344670801","topic:economy-welfare","abstract","economic"
"W2344670801","country:argentina","title","argentina"
"W2344670801","country:argentina","title","kirchnerism"
"W2344670801","country:argentina","abstract","kirchnerism"
"W2344670801","country:argentina","abstract","kirchner"
"W2344670801","country:argentina","abstract","argentine (+ political word)"
"W2344670801","region:latin-america","rule","from the country named"
"W2521710475","topic:parties","rule","second test passed: the abstract speaks of parties more than of voters"
"W2521710475","topic:parties","abstract","populist movements"
"W2521710475","topic:parties","abstract","right wing populism"
"W2521710475","topic:parties","abstract","left wing populism"
"W2521710475","topic:parties","abstract","right wing populists"
"W2521710475","topic:parties","abstract","left wing populists"
"W2521710475","topic:media-communication","abstract","communication"
"W2521710475","topic:media-communication","abstract","media"
"W2521710475","country:lithuania","title","lithuania"
"W2521710475","country:lithuania","abstract","lithuania"
"W2521710475","country:lithuania","abstract","lithuanian (+ political word)"
"W2521710475","region:europe","rule","from the country named"
"W2785533514","topic:religion","title","hindu"
"W2785533514","country:india","title","india"
"W2785533514","region:asia-pacific","rule","from the country named"
"W2344826967","approach:discursive","abstract","laclau"
"W2344826967","approach:discursive","abstract","chain of equivalence"
"W2344826967","topic:economy-welfare","abstract","neoliberalism"
"W2344826967","topic:economy-welfare","abstract","neoliberal"
"W2344826967","region:latin-america","title","andean"
"W2344826967","country:bolivia","title","bolivia"
"W2344826967","country:bolivia","abstract","bolivia"
"W2344826967","country:bolivia","abstract","evo morales"
"W2344826967","country:bolivia","abstract","morales"
"W2419168017","topic:parties","rule","second test passed: a party word in the title"
"W2419168017","topic:parties","title","parties"
"W2419168017","topic:parties","abstract","party"
"W2419168017","topic:parties","abstract","parties"
"W2419168017","topic:parties","abstract","right wing populist"
"W2419168017","topic:parties","abstract","candidates"
"W2419168017","topic:voters","abstract","voters"
"W2419168017","topic:gender","title","women"
"W2419168017","topic:gender","abstract","women"
"W2419168017","country:poland","title","poland"
"W2419168017","country:poland","abstract","poland"
"W2419168017","country:poland","abstract","pis"
"W2419168017","region:europe","rule","from the country named"
"W2460359860","country:brazil","abstract","brazilian (+ political word)"
"W2460359860","region:latin-america","rule","from the country named"
"W2516901246","country:venezuela","title","venezuela"
"W2516901246","country:venezuela","title","chavez"
"W2516901246","region:latin-america","rule","from the country named"
"W2542928624","approach:other","abstract","definitions of populism"
"W2542928624","country:slovenia","title","slovenia"
"W2542928624","region:europe","rule","from the country named"
"W2306508669","topic:economy-welfare","title","austerity"
"W2306508669","topic:economy-welfare","abstract","financial crisis"
"W2306508669","topic:economy-welfare","abstract","austerity"
"W2306508669","country:canada","title","canada"
"W2306508669","region:north-america","rule","from the country named"
"W2319840897","topic:parties","rule","second test passed: a party word in the title"
"W2319840897","topic:parties","title","party"
"W2319840897","topic:parties","abstract","party"
"W2319840897","method:qualitative","abstract","qualitative"
"W2319840897","country:new-zealand","title","new zealand"
"W2319840897","country:new-zealand","abstract","new zealand"
"W2319840897","region:asia-pacific","rule","from the country named"
"W2534158936","topic:voters","abstract","attitudes"
"W2534158936","topic:economy-welfare","abstract","economic"
"W2534158936","topic:migration","abstract","immigration"
"W2534158936","topic:migration","abstract","nativist"
"W2534158936","method:survey","abstract","survey data"
"W2610331151","topic:voters","abstract","voter"
"W2610331151","topic:voters","abstract","support for populist"
"W2610331151","topic:economy-welfare","abstract","economic"
"W2610331151","topic:economy-welfare","abstract","economics"
"W2610331151","region:europe","title","eastern europe"
"W2610331151","country:bulgaria","title","bulgaria"
"W2475085331","topic:parties","rule","second test passed: a leader or a party named in the title"
"W2475085331","topic:parties","abstract","radical right"
"W2475085331","topic:parties","abstract","party"
"W2475085331","topic:migration","abstract","immigrant"
"W2475085331","topic:migration","abstract","immigrants"
"W2475085331","country:finland","title","finland"
"W2475085331","country:finland","title","true finns"
"W2475085331","country:finland","abstract","finland"
"W2475085331","country:finland","abstract","true finns"
"W2475085331","region:europe","rule","from the country named"
"W2496852394","country:venezuela","title","chavez"
"W2496852394","country:venezuela","abstract","chavez"
"W2496852394","region:latin-america","rule","from the country named"
"W2527832808","country:germany","title","german (+ political word)"
"W2527832808","region:europe","rule","from the country named"
"W4248435903","topic:parties","rule","second test passed: a party word in the title"
"W4248435903","topic:parties","title","right wing populism"
"W4248435903","topic:parties","abstract","social movements"
"W4248435903","topic:parties","abstract","right wing populist"
"W4248435903","topic:parties","abstract","party"
"W4248435903","topic:parties","abstract","right wing populism"
"W4248435903","topic:religion","title","muslim"
"W4248435903","topic:religion","title","islamisation"
"W4248435903","method:qualitative","abstract","interviews"
"W4248435903","country:austria","title","austria"
"W4248435903","country:austria","abstract","austria"
"W4248435903","country:austria","abstract","austrian (+ political word)"
"W4248435903","region:europe","rule","from the country named"
"W2552343764","approach:other","title","theories of populism"
"W2552343764","topic:economy-welfare","abstract","neoliberal"
"W2523499391","topic:parties","rule","second test passed: a party word in the title"
"W2523499391","topic:parties","title","radical right"
"W2523499391","topic:parties","title","parties"
"W2523499391","topic:voters","title","voting behaviour"
"W2523499391","country:netherlands","title","pvv"
"W2523499391","region:europe","rule","from the country named"
"W2547235486","country:united-states","abstract","bernie sanders"
"W2547235486","region:north-america","rule","from the country named"
"W2258802943","topic:government","abstract","incumbent"
"W2258802943","region:asia-pacific","abstract","east asian"
"W2461683041","region:europe","title","western europe"
"W2512483995","topic:international","title","european parliament"
"W2512483995","topic:parties","rule","second test passed: the abstract speaks of parties more than of voters"
"W2512483995","topic:parties","abstract","parties"
"W2512483995","topic:parties","abstract","populist politicians"
"W2512483995","region:europe","title","european"
"W2512483995","region:europe","abstract","europe"
"W2512483995","region:europe","abstract","european"
"W2512483995","country:romania","title","romania"
"W2516136094","country:spain","title","podemos"
"W2516136094","country:spain","title","pablo iglesias"
"W2516136094","region:europe","rule","from the country named"
"W2519107017","topic:international","title","brexit"
"W2519107017","topic:migration","title","immigration"
"W2519107017","country:united-kingdom","title","brexit"
"W2519107017","region:europe","rule","from the country named"
"W2530518542","topic:parties","rule","second test passed: a leader or a party named in the title"
"W2530518542","topic:parties","title","right wing populist"
"W2530518542","topic:parties","abstract","parties"
"W2530518542","topic:parties","abstract","right wing populist"
"W2530518542","topic:parties","abstract","party"
"W2530518542","method:qualitative","abstract","qualitative"
"W2530518542","country:germany","title","germany"
"W2530518542","country:germany","title","alternative for germany"
"W2530518542","country:germany","abstract","germany"
"W2530518542","country:germany","abstract","alternative for germany"
"W2530518542","country:germany","abstract","afd"
"W2530518542","region:europe","rule","from the country named"
"W2539744632","country:venezuela","title","venezuela"
"W2539744632","region:latin-america","rule","from the country named"
"W2745724225","approach:discursive","abstract","discourse theoretically"
"W2745724225","approach:discursive","abstract","laclau"
"W2745724225","topic:parties","rule","second test passed: a party word in the title"
"W2745724225","topic:parties","title","social movements"
"W2745724225","topic:democracy-institutions","abstract","authoritarian"
"W2745724225","topic:democracy-institutions","abstract","illiberal"
"W2745724225","topic:democracy-institutions","abstract","illiberalism"
"W2475023467","topic:religion","title","islamic"
"W2475023467","region:mena","title","middle east"
"W2475023467","country:indonesia","title","indonesia"
"W2475023467","region:asia-pacific","rule","from the country named"
"W2480942417","topic:government","abstract","administration"
"W2480942417","country:united-kingdom","abstract","britain"
"W2480942417","country:united-kingdom","abstract","british (+ political word)"
"W2480942417","country:india","abstract","india"
"W2480942417","country:india","abstract","indian (+ political word)"
"W2480942417","region:europe","rule","from the country named"
"W2480942417","region:asia-pacific","rule","from the country named"
"W2524450578","approach:discursive","title","laclau"
"W2524450578","approach:discursive","abstract","laclau"
"W2524450578","topic:democracy-institutions","abstract","illiberal"
"W2524450578","topic:democracy-institutions","abstract","direct democracy"
"W2524450578","country:venezuela","title","venezuela"
"W2524450578","country:venezuela","title","bolivarian"
"W2524450578","country:venezuela","abstract","venezuela"
"W2524450578","country:venezuela","abstract","bolivarian"
"W2524450578","region:latin-america","rule","from the country named"
"W2547881657","country:united-states","abstract","trump"
"W2547881657","country:united-states","abstract","bernie sanders"
"W2547881657","country:united-states","abstract","sanders"
"W2547881657","region:north-america","rule","from the country named"
"W2554681971","topic:international","title","european parliament"
"W2554681971","topic:media-communication","title","press coverage"
"W2554681971","region:europe","title","european"
"W2554681971","country:italy","title","italy"
"W2473054256","region:europe","title","europe"
"W2510337497","topic:defence-security","title","terrorism"
"W2510337497","region:asia-pacific","title","south asian"
"W2557818642","topic:international","abstract","european integration"
"W2557818642","topic:international","abstract","eu"
"W2557818642","topic:parties","rule","second test passed: a party word in the title"
"W2557818642","topic:parties","title","parties"
"W2557818642","topic:parties","abstract","parties"
"W2557818642","topic:parties","abstract","party"
"W2557818642","topic:government","title","incumbent"
"W2557818642","region:europe","abstract","european"
"W2557818642","region:europe","abstract","eu"
"W2557818642","country:greece","title","greece"
"W4400973289","topic:international","abstract","brexit"
"W4400973289","topic:international","abstract","european union"
"W4400973289","topic:economy-welfare","title","economic"
"W4400973289","topic:economy-welfare","abstract","economic"
"W4400973289","region:europe","title","europe"
"W4400973289","region:europe","abstract","europe"
"W4400973289","region:europe","abstract","european"
"W4400973289","region:europe","abstract","eastern europe"
"W4400973289","region:asia-pacific","title","central asia"
"W4400973289","region:asia-pacific","abstract","central asia"
"W4400973289","country:russia","abstract","russia"
"W4400973289","country:turkey","abstract","turkey"
"W4400973289","country:united-kingdom","abstract","brexit"
"W2309228186","country:argentina","title","argentina"
"W2309228186","region:latin-america","rule","from the country named"
"W2316886701","region:europe","title","europe"
"W2317866421","topic:economy-welfare","title","economy"
"W2317866421","topic:economy-welfare","title","economic"
"W2317866421","topic:religion","title","islam"
"W2317866421","region:mena","title","middle east"
"W2317866421","region:mena","title","north africa"
"W2317866421","country:colombia","title","petro"
"W2317866421","country:iran","title","iran"
"W2317866421","region:latin-america","rule","from the country named"
"W2333488795","topic:government","title","populists in power"
"W2398788400","country:south-korea","title","korea"
"W2398788400","region:asia-pacific","rule","from the country named"
"W2401848861","country:belarus","title","belarus"
"W2401848861","region:europe","rule","from the country named"
"W2401878164","topic:parties","rule","second test passed: a party family in the title"
"W2401878164","topic:parties","title","radical right"
"W2401878164","topic:parties","abstract","radical right"
"W2401878164","method:qualitative","abstract","discourse analysis"
"W2401878164","country:hungary","title","hungary"
"W2401878164","country:hungary","abstract","hungary"
"W2401878164","country:hungary","abstract","hungarian (+ political word)"
"W2401878164","region:europe","rule","from the country named"
"W2473501066","country:greece","title","greece"
"W2473501066","region:europe","rule","from the country named"
"W2476102201","country:argentina","title","argentina"
"W2476102201","country:argentina","abstract","argentina"
"W2476102201","country:argentina","abstract","argentine (+ political word)"
"W2476102201","region:latin-america","rule","from the country named"
"W2486287704","topic:government","title","populists in power"
"W2487159708","topic:parties","rule","second test passed: a party family in the title"
"W2487159708","topic:parties","title","radical right"
"W2487159708","region:europe","title","eastern europe"
"W2507734030","country:south-korea","title","korea"
"W2507734030","region:asia-pacific","rule","from the country named"
"W2521006778","topic:religion","title","religion"
"W2521006778","country:south-korea","title","korea"
"W2521006778","region:asia-pacific","rule","from the country named"
"W2541600422","topic:democracy-institutions","title","authoritarianism"
"W2541600422","country:china","title","chinese (+ political word)"
"W2541600422","region:asia-pacific","rule","from the country named"
"W2554975975","topic:government","title","populist president"
"W2554975975","topic:economy-welfare","title","economics"
"W2554975975","country:singapore","title","singapore"
"W2554975975","region:asia-pacific","rule","from the country named"
"W2558887735","topic:parties","rule","second test passed: a party family in the title"
"W2558887735","topic:parties","title","radical right"
"W2558887735","region:europe","title","eastern europe"
"W4391074934","topic:parties","rule","second test passed: a party word in the title"
"W4391074934","topic:parties","title","parties"
"W4391074934","topic:religion","title","religion"
"W4391074934","country:sweden","title","sweden"
"W4391074934","region:europe","rule","from the country named"
"W2218198659","country:argentina","title","argentina"
"W2218198659","region:latin-america","rule","from the country named"
"W2297079881","topic:economy-welfare","abstract","economy"
"W2297079881","topic:economy-welfare","abstract","economic"
"W2297079881","topic:economy-welfare","abstract","neoliberalism"
"W1921719355","topic:defence-security","abstract","arms exports"
"W1921719355","topic:voters","abstract","citizens"
"W1921719355","topic:voters","abstract","voting behavior"
"W1921719355","topic:voters","abstract","vote choice"
"W1921719355","topic:media-communication","abstract","communication"
"W1921719355","method:experiment","abstract","conduct an experiment"
"W1717169933","approach:discursive","abstract","laclau"
"W1717169933","topic:economy-welfare","abstract","economic"
"W1717169933","topic:economy-welfare","abstract","neoliberal"
"W1934793956","topic:parties","rule","second test passed: a party family in the title"
"W1934793956","topic:parties","title","radical right"
"W1934793956","topic:parties","abstract","radical right"
"W1934793956","topic:parties","abstract","party leader"
"W1934793956","topic:parties","abstract","party"
"W1934793956","topic:media-communication","title","media"
"W1934793956","topic:media-communication","abstract","media"
"W1934793956","topic:media-communication","abstract","frames"
"W1934793956","topic:gender","title","gender"
"W1934793956","topic:gender","abstract","women"
"W1934793956","country:romania","title","romania"
"W1934793956","region:europe","rule","from the country named"
"W2339879768","topic:parties","rule","second test passed: a party word in the title"
"W2339879768","topic:parties","title","parties"
"W2339879768","topic:parties","abstract","parties"
"W2339879768","topic:parties","abstract","candidates"
"W2339879768","topic:voters","abstract","supporters"
"W2339879768","topic:voters","abstract","voters"
"W2339879768","topic:gender","title","women"
"W2339879768","topic:gender","abstract","gender"
"W2339879768","topic:gender","abstract","women"
"W2339879768","country:poland","abstract","poland"
"W2339879768","region:europe","rule","from the country named"
"W2178461975","topic:parties","rule","second test passed: a party family in the title"
"W2178461975","topic:parties","title","radical right"
"W2178461975","topic:parties","abstract","radical right"
"W2178461975","topic:parties","abstract","parties"
"W2178461975","topic:parties","abstract","party"
"W2178461975","topic:religion","abstract","christian"
"W2178461975","topic:religion","abstract","islamic"
"W2178461975","topic:religion","abstract","islam"
"W2178461975","topic:religion","abstract","muslims"
"W2178461975","method:qualitative","abstract","interviews"
"W2178461975","region:europe","title","european"
"W2178461975","region:europe","abstract","european"
"W2178461975","region:europe","abstract","western european"
"W2178461975","region:europe","abstract","europe"
"W2178461975","country:austria","abstract","strache"
"W2178461975","country:austria","abstract","fpo"
"W2178461975","country:belgium","abstract","belgium"
"W2178461975","country:belgium","abstract","vlaams belang"
"W2178461975","country:sweden","abstract","sweden"
"W2178461975","country:sweden","abstract","sweden democrats"
"W2178461975","country:israel","abstract","israel"
"W2178461975","region:mena","rule","from the country named"
"W2768583695","country:greece","title","greece"
"W2768583695","region:europe","rule","from the country named"
"W2249722574","topic:religion","abstract","secular"
"W2249722574","topic:religion","abstract","islamic"
"W2249722574","topic:religion","abstract","islamist"
"W2249722574","country:syria","abstract","syria"
"W2249722574","region:mena","rule","from the country named"
"W2316271233","country:italy","title","lega nord"
"W2316271233","region:europe","rule","from the country named"
"W2192843933","topic:parties","rule","second test passed: the abstract speaks of parties more than of voters"
"W2192843933","topic:parties","abstract","parties"
"W2192843933","topic:parties","abstract","populist right"
"W2192843933","topic:parties","abstract","party"
"W2192843933","region:europe","abstract","europe"
"W2192843933","region:europe","abstract","european"
"W2192843933","country:canada","title","canada"
"W2192843933","region:north-america","rule","from the country named"
"W2207810601","topic:defence-security","abstract","terrorist"
"W2207810601","country:russia","abstract","russia"
"W2207810601","country:russia","abstract","russian (+ political word)"
"W2207810601","region:europe","rule","from the country named"
"W4239772615","approach:ideational","abstract","populism as an ideology"
"W4239772615","topic:parties","rule","second test passed: the abstract speaks of parties more than of voters"
"W4239772615","topic:parties","abstract","party"
"W4239772615","topic:parties","abstract","social movements"
"W4239772615","topic:economy-welfare","abstract","economics"
"W4239772615","topic:economy-welfare","abstract","economy"
"W4239772615","method:qualitative","abstract","archival"
"W4239772615","country:india","abstract","india"
"W4239772615","region:asia-pacific","rule","from the country named"
"W1579798644","country:brazil","title","brazil"
"W1579798644","region:latin-america","rule","from the country named"
"W2077561944","region:europe","title","europe"
"W2033377915","topic:parties","rule","second test passed: a party word in the title"
"W2033377915","topic:parties","title","parties"
"W2033377915","country:romania","title","romania"
"W2033377915","region:europe","rule","from the country named"
"W2179773074","region:europe","title","europe"
"W2300778643","country:belarus","title","belarus"
"W2300778643","region:europe","rule","from the country named"
"W2344374161","approach:discursive","title","laclau"
"W2577537292","region:europe","title","europe"
"W1523324828","country:south-korea","title","korea"
"W1523324828","region:asia-pacific","rule","from the country named"
"W1528625035","country:france","title","france"
"W1528625035","country:australia","title","australia"
"W1528625035","region:europe","rule","from the country named"
"W1528625035","region:asia-pacific","rule","from the country named"
"W1810281940","region:europe","title","europe"
"W1810281940","region:europe","title","european"
"W1810281940","country:united-states","title","u s"
"W1810281940","region:north-america","rule","from the country named"
"W1936758611","topic:parties","rule","second test passed: a party word in the title"
"W1936758611","topic:parties","title","party"
"W1936758611","region:sub-saharan-africa","title","african"
"W1993681474","country:france","title","france"
"W1993681474","country:australia","title","australia"
"W1993681474","region:europe","rule","from the country named"
"W1993681474","region:asia-pacific","rule","from the country named"
"W2033705055","country:south-korea","title","korea"
"W2033705055","region:asia-pacific","rule","from the country named"
"W2095290323","topic:migration","title","nativism"
"W2176887530","region:europe","title","western europe"
"W2176887530","country:belgium","title","belgium"
"W2176887530","country:germany","title","germany"
"W2176887530","country:netherlands","title","netherlands"
"W2231648355","topic:parties","rule","second test passed: a party word in the title"
"W2231648355","topic:parties","title","parties"
"W2231648355","topic:government","title","populists in power"
"W2231648355","region:europe","title","europe"
"W2283083577","country:venezuela","title","venezuela"
"W2283083577","country:venezuela","title","chavismo"
"W2283083577","region:latin-america","rule","from the country named"
"W2330651272","country:united-states","abstract","united states"
"W2330651272","country:united-states","abstract","us"
"W2330651272","region:north-america","rule","from the country named"
"W2474338969","country:greece","title","greece"
"W2474338969","region:europe","rule","from the country named"
"W2586836351","region:europe","title","central european"
"W2586836351","country:belarus","title","belarus"
"W1965657823","region:europe","title","europe"
"W2041514945","region:europe","title","europe"
"W2118390776","topic:democracy-institutions","abstract","judicial"
"W2118390776","method:qualitative","abstract","interviews"
"W2118390776","country:china","abstract","china"
"W2118390776","country:china","abstract","chinese (+ political word)"
"W2118390776","region:asia-pacific","rule","from the country named"
"W2035037217","topic:voters","abstract","electoral support"
"W2035037217","topic:voters","abstract","attitudes"
"W2035037217","topic:voters","abstract","voters"
"W2035037217","method:qualitative","abstract","qualitative"
"W2035037217","country:romania","title","romania"
"W2035037217","region:europe","rule","from the country named"
"W2012883813","topic:international","title","euroscepticism"
"W2012883813","country:united-kingdom","title","british (+ political word)"
"W2012883813","region:europe","rule","from the country named"
"W2118122040","topic:economy-welfare","title","austerity"
"W2118122040","topic:economy-welfare","abstract","financial crisis"
"W2118122040","topic:economy-welfare","abstract","austerity"
"W2118122040","country:canada","title","canada"
"W2118122040","region:north-america","rule","from the country named"
"W2151424054","topic:media-communication","title","media"
"W2151424054","country:united-kingdom","abstract","england"
"W2151424054","country:united-kingdom","abstract","british (+ political word)"
"W2151424054","region:europe","rule","from the country named"
"W2151070318","country:australia","title","australian (+ political word)"
"W2151070318","region:asia-pacific","rule","from the country named"
"W1537067789","topic:parties","rule","second test passed: the abstract speaks of parties more than of voters"
"W1537067789","topic:parties","abstract","parties"
"W1537067789","topic:parties","abstract","radical right"
"W1537067789","topic:parties","abstract","party"
"W1537067789","topic:democracy-institutions","abstract","populism and democracy"
"W1537067789","topic:democracy-institutions","abstract","liberal democracy"
"W1537067789","country:austria","abstract","fpo"
"W1537067789","country:netherlands","abstract","pvv"
"W1537067789","region:europe","rule","from the country named"
"W2032037458","country:thailand","title","thailand"
"W2032037458","region:asia-pacific","rule","from the country named"
"W2047033051","country:australia","title","australia"
"W2047033051","region:asia-pacific","rule","from the country named"
"W2324560897","region:europe","title","balkan"
"W2324560897","country:bulgaria","title","bulgaria"
"W2324560897","country:romania","title","romania"
"W2123343405","country:china","title","china"
"W2123343405","country:china","abstract","china"
"W2123343405","country:china","abstract","chinese (+ political word)"
"W2123343405","region:asia-pacific","rule","from the country named"
"W1973560056","approach:discursive","abstract","laclau"
"W1973560056","region:europe","title","europe"
"W1973560056","region:europe","title","european"
"W1973560056","region:europe","abstract","europe"
"W1973560056","region:europe","abstract","european"
"W1973560056","country:finland","title","finnish (+ political word)"
"W1973560056","country:finland","abstract","finland"
"W1973560056","country:finland","abstract","finns party"
"W2037031725","topic:international","title","european parliament"
"W2037031725","topic:international","abstract","european parliament"
"W2037031725","topic:international","abstract","eu"
"W2037031725","topic:voters","abstract","voter"
"W2037031725","topic:voters","abstract","attitudes"
"W2037031725","topic:migration","abstract","xenophobic"
"W2037031725","topic:migration","abstract","migration"
"W2037031725","topic:migration","abstract","asylum"
"W2037031725","region:europe","title","european"
"W2037031725","region:europe","abstract","european"
"W2037031725","region:europe","abstract","eu"
"W2135376912","country:venezuela","title","venezuela"
"W2135376912","country:venezuela","abstract","venezuela"
"W2135376912","country:venezuela","abstract","chavez"
"W2135376912","country:venezuela","abstract","bolivarian"
"W2135376912","region:latin-america","rule","from the country named"
"W2021037698","approach:discursive","title","empty signifiers"
"W2021037698","approach:discursive","abstract","populism as a discursive"
"W2021037698","approach:discursive","abstract","laclau"
"W2021037698","approach:discursive","abstract","empty signifiers"
"W2021037698","topic:media-communication","abstract","media"
"W2021037698","country:united-states","title","obama"
"W2021037698","region:north-america","rule","from the country named"
"W2057640366","topic:voters","title","public opinion"
"W2057640366","topic:voters","abstract","public opinion"
"W2057640366","method:survey","abstract","survey based"
"W2085048543","todo:check-record","rule","the registry gives ""Srinivasan"" as a family name, and OpenAlex names the author ""Srinivasan Sunderasan"": the names in Zotero are to be checked by hand"
"W2085048543","approach:economic","title","economic populism"
"W2085048543","topic:economy-welfare","title","economic"
"W2085048543","country:india","title","india"
"W2085048543","region:asia-pacific","rule","from the country named"
"W2166235196","topic:economy-welfare","abstract","economic"
"W2166235196","topic:media-communication","title","newspaper"
"W2166235196","topic:media-communication","abstract","media"
"W2166235196","topic:media-communication","abstract","journalistic"
"W2166235196","topic:media-communication","abstract","newspaper"
"W2166235196","method:qualitative","abstract","critical discourse analysis"
"W2166235196","country:venezuela","title","venezuela"
"W2166235196","country:venezuela","abstract","venezuela"
"W2166235196","country:venezuela","abstract","chavez"
"W2166235196","country:venezuela","abstract","venezuelan (+ political word)"
"W2166235196","region:latin-america","rule","from the country named"
"W2315188632","topic:economy-welfare","title","economic"
"W2315188632","topic:economy-welfare","abstract","economic"
"W2315188632","topic:economy-welfare","abstract","economics"
"W2315188632","topic:economy-welfare","abstract","economy"
"W2315188632","country:united-states","abstract","american (+ political word)"
"W2315188632","region:north-america","rule","from the country named"
"W2029879628","topic:foreign-policy","title","foreign policy"
"W2029879628","topic:defence-security","title","war"
"W427368437","topic:parties","rule","second test passed: the abstract speaks of parties more than of voters"
"W427368437","topic:parties","abstract","parties"
"W427368437","topic:parties","abstract","party"
"W427368437","country:romania","abstract","romania"
"W427368437","country:romania","abstract","romanian (+ political word)"
"W427368437","region:europe","rule","from the country named"
"W4401267002","topic:parties","rule","second test passed: the abstract speaks of parties more than of voters"
"W4401267002","topic:parties","abstract","populist movement"
"W4401267002","topic:parties","abstract","party system"
"W4401267002","country:united-states","abstract","united states"
"W4401267002","region:north-america","rule","from the country named"
"W804976072","topic:media-communication","abstract","television"
"W804976072","topic:media-communication","abstract","journalists"
"W804976072","country:india","title","india"
"W804976072","country:india","abstract","india"
"W804976072","country:india","abstract","indian (+ political word)"
"W804976072","region:asia-pacific","rule","from the country named"
"W2001203687","topic:democracy-institutions","title","judicial"
"W2051816452","topic:media-communication","title","media"
"W2051816452","topic:democracy-institutions","title","democratisation"
"W2051816452","region:sub-saharan-africa","abstract","african"
"W2062323667","topic:democracy-institutions","title","liberal democracy"
"W2062323667","country:venezuela","title","venezuela"
"W2062323667","country:venezuela","title","bolivarian"
"W2062323667","region:latin-america","rule","from the country named"
"W2077273000","topic:parties","rule","second test passed: the abstract speaks of parties more than of voters"
"W2077273000","topic:parties","abstract","parties"
"W2077273000","topic:parties","abstract","populist movements"
"W2077273000","topic:voters","abstract","electorate"
"W2077273000","topic:voters","abstract","demand side"
"W2077273000","country:bulgaria","title","bulgaria"
"W2077273000","country:bulgaria","abstract","bulgaria"
"W2077273000","region:europe","rule","from the country named"
"W2327912744","topic:defence-security","title","war"
"W2327912744","topic:defence-security","title","militarism"
"W2327912744","topic:defence-security","abstract","military"
"W2327912744","topic:defence-security","abstract","militarism"
"W2327912744","topic:spatial","abstract","rural"
"W2327912744","topic:economy-welfare","abstract","economy"
"W2327912744","topic:economy-welfare","abstract","economic"
"W2327912744","country:united-states","abstract","united states"
"W2327912744","region:north-america","rule","from the country named"
"W1980637480","region:europe","title","europe"
"W1968933559","topic:religion","title","christians"
"W1968933559","topic:religion","title","religion"
"W1968933559","topic:religion","title","religious"
"W1968933559","country:philippines","title","philippines"
"W1968933559","region:asia-pacific","rule","from the country named"
"W2086211378","region:europe","title","europe"
"W2317273834","country:south-korea","title","korea"
"W2317273834","region:asia-pacific","rule","from the country named"
"W2321102497","topic:parties","rule","second test passed: a party word in the title"
"W2321102497","topic:parties","title","party"
"W2577703923","country:venezuela","title","venezuela"
"W2577703923","region:latin-america","rule","from the country named"
"W2941308839","country:germany","abstract","germany"
"W2941308839","region:europe","rule","from the country named"
"W7164937687","country:united-states","title","us"
"W7164937687","country:south-korea","title","korea"
"W7164937687","region:north-america","rule","from the country named"
"W7164937687","region:asia-pacific","rule","from the country named"
"W2082193235","region:europe","title","europe"
"W2032225201","topic:voters","title","support for populism"
"W2050678868","topic:religion","abstract","catholic"
"W2050678868","topic:religion","abstract","evangelical"
"W2050678868","topic:migration","title","nativism"
"W2050678868","country:united-states","abstract","american (+ political word)"
"W2050678868","region:north-america","rule","from the country named"
"W2097186121","topic:economy-welfare","title","neoliberalism"
"W2097186121","topic:media-communication","title","media"
"W2097186121","topic:media-communication","abstract","media"
"W2097186121","country:china","title","chinese (+ political word)"
"W2097186121","country:china","abstract","chinese (+ political word)"
"W2097186121","region:asia-pacific","rule","from the country named"
"W1998932997","topic:parties","rule","second test passed: a party word in the title"
"W1998932997","topic:parties","title","populist leadership"
"W1998932997","topic:parties","title","party"
"W1998932997","topic:parties","abstract","party"
"W1998932997","topic:parties","abstract","populist leadership"
"W1998932997","topic:parties","abstract","parties"
"W1998932997","topic:voters","abstract","supporters"
"W1998932997","topic:voters","abstract","voters"
"W1998932997","topic:voters","abstract","voter"
"W1998932997","region:europe","abstract","nordic"
"W1998932997","region:europe","abstract","european"
"W1998932997","country:finland","title","true finns"
"W1998932997","country:finland","abstract","true finns"
"W1998932997","country:finland","abstract","finnish (+ political word)"
"W1787226892","topic:parties","rule","second test passed: a party word in the title"
"W1787226892","topic:parties","title","right wing populism"
"W1787226892","topic:parties","abstract","right wing populism"
"W1787226892","topic:parties","abstract","party"
"W1787226892","country:united-states","abstract","tea party"
"W1787226892","region:north-america","rule","from the country named"
"W1963754231","approach:discursive","abstract","populist logic"
"W1963754231","approach:discursive","abstract","laclau"
"W1963754231","country:united-states","title","obama"
"W1963754231","country:united-states","abstract","obama"
"W1963754231","region:north-america","rule","from the country named"
"W4250846268","topic:migration","title","nativism"
"W2323038448","topic:defence-security","title","war"
"W2323038448","topic:defence-security","title","terrorism"
"W2323038448","topic:defence-security","abstract","militarist"
"W2323038448","topic:defence-security","abstract","military"
"W2323038448","topic:gender","abstract","feminist"
"W2323038448","topic:gender","abstract","patriarchy"
"W1595423768","topic:religion","abstract","religious"
"W1595423768","topic:religion","abstract","religion"
"W1732887857","topic:gender","title","women"
"W1732887857","topic:gender","abstract","women"
"W1732887857","topic:gender","abstract","masculine"
"W1732887857","country:united-states","title","united states"
"W1732887857","region:north-america","rule","from the country named"
"W2028048668","country:italy","title","italy"
"W2028048668","country:italy","abstract","italy"
"W2028048668","region:europe","rule","from the country named"
"W2043450454","todo:check-outlet","journal","Survival"
"W2043450454","topic:foreign-policy","title","foreign policy"
"W2043450454","country:pakistan","title","pakistan"
"W2043450454","region:asia-pacific","rule","from the country named"
"W4246460088","country:japan","abstract","japan"
"W4246460088","country:south-korea","title","korea"
"W4246460088","country:south-korea","abstract","korea"
"W4246460088","region:asia-pacific","rule","from the country named"
"W1834567645","country:mexico","abstract","mexican (+ political word)"
"W1834567645","region:latin-america","rule","from the country named"
"W1590768329","topic:economy-welfare","abstract","financial crisis"
"W1590768329","topic:economy-welfare","abstract","welfare"
"W1590768329","topic:economy-welfare","abstract","inequality"
"W2157194547","country:south-korea","title","korea"
"W2157194547","country:south-korea","title","korean (+ political word)"
"W2157194547","region:asia-pacific","rule","from the country named"
"W2316018701","country:united-states","abstract","us"
"W2316018701","region:north-america","rule","from the country named"
"W2048737771","topic:economy-welfare","abstract","economic"
"W2048737771","country:south-korea","title","south korea"
"W2048737771","country:south-korea","abstract","korea"
"W2048737771","country:south-korea","abstract","korean (+ political word)"
"W2048737771","region:asia-pacific","rule","from the country named"
"W2133957798","topic:international","abstract","eurosceptism"
"W2133957798","topic:international","abstract","eu"
"W2133957798","topic:parties","rule","second test passed: a party word in the title"
"W2133957798","topic:parties","title","parties"
"W2133957798","topic:parties","abstract","parties"
"W2133957798","topic:parties","abstract","party"
"W2133957798","region:europe","title","scandinavia"
"W2133957798","region:europe","abstract","scandinavia"
"W2133957798","region:europe","abstract","eu"
"W2133957798","country:denmark","title","danish (+ political word)"
"W2133957798","country:denmark","abstract","denmark"
"W2133957798","country:denmark","abstract","danish people s party"
"W2133957798","country:denmark","abstract","danish (+ political word)"
"W2334016319","topic:democracy-institutions","title","authoritarianism"
"W1967294412","method:qualitative","abstract","interviews"
"W1967294412","method:qualitative","abstract","field research"
"W1967294412","country:netherlands","abstract","holland"
"W1967294412","region:europe","rule","from the country named"
"W2038608841","topic:foreign-policy","title","diplomacy"
"W229924797","region:latin-america","title","latin america"
"W1527387199","topic:parties","rule","second test passed: a party word in the title"
"W1527387199","topic:parties","title","populist movement"
"W1527387199","topic:economy-welfare","abstract","economic"
"W1527387199","topic:economy-welfare","abstract","welfare"
"W1527387199","country:united-states","abstract","united states"
"W1527387199","region:north-america","rule","from the country named"
"W1998644836","topic:parties","rule","second test passed: a party word in the title"
"W1998644836","topic:parties","title","populist movement"
"W1998644836","topic:parties","title","party"
"W2001147508","country:finland","title","finland"
"W2001147508","region:europe","rule","from the country named"
"W2004324417","topic:economy-welfare","title","neoliberal"
"W2004324417","topic:democracy-institutions","title","illiberal"
"W2004324417","region:europe","title","europe"
"W2037953996","country:france","title","france"
"W2037953996","country:australia","title","australia"
"W2037953996","region:europe","rule","from the country named"
"W2037953996","region:asia-pacific","rule","from the country named"
"W2154588535","topic:international","title","regionalism"
"W2154588535","topic:parties","rule","second test passed: a leader or a party named in the title"
"W2154588535","topic:parties","title","radical right"
"W2154588535","region:europe","title","european"
"W2154588535","country:ireland","title","ireland"
"W2154588535","country:italy","title","lega nord"
"W2154588535","country:united-kingdom","title","britain"
"W2487511527","topic:voters","title","citizens"
"W2586942593","region:europe","title","europe"
"W2586942593","region:europe","title","european"
"W2586942593","country:hungary","title","hungary"
"W2791354478","region:europe","title","europe"
"W4243819606","topic:voters","title","citizens"
"W1867205808","topic:government","abstract","in power"
"W1867205808","country:venezuela","title","venezuela"
"W1867205808","country:venezuela","abstract","venezuela"
"W1867205808","country:venezuela","abstract","chavez"
"W1867205808","region:latin-america","rule","from the country named"
"W2013822178","topic:international","title","euroscepticsm"
"W2013822178","topic:international","abstract","european union"
"W2013822178","topic:international","abstract","euroscepticism"
"W2013822178","topic:international","abstract","european integration"
"W2013822178","topic:parties","rule","second test passed: the abstract speaks of parties more than of voters"
"W2013822178","topic:parties","abstract","parties"
"W2013822178","topic:parties","abstract","right wing populist"
"W2013822178","topic:parties","abstract","party"
"W2013822178","region:europe","title","european"
"W2013822178","region:europe","abstract","european"
"W2013822178","region:europe","abstract","europe"
"W2068392061","approach:discursive","abstract","discourse theory"
"W2068392061","topic:economy-welfare","abstract","economy"
"W2068392061","topic:economy-welfare","abstract","welfare"
"W2068392061","topic:media-communication","title","media"
"W2068392061","topic:media-communication","abstract","media"
"W2068392061","topic:media-communication","abstract","newspapers"
"W2068392061","method:qualitative","abstract","qualitative"
"W2035781815","topic:media-communication","title","media"
"W2021538523","topic:government","title","populist governments"
"W2021538523","topic:economy-welfare","title","inequality"
"W2021538523","topic:economy-welfare","abstract","inequality"
"W2021538523","topic:economy-welfare","abstract","economic"
"W2021538523","method:quantitative","abstract","econometric"
"W2021538523","region:latin-america","title","latin america"
"W2021538523","region:latin-america","abstract","latin america"
"W2021538523","region:latin-america","abstract","caribbean"
"W2056387397","topic:parties","rule","second test passed: a party word in the title"
"W2056387397","topic:parties","abstract","party"
"W2056387397","topic:economy-welfare","title","neoliberal"
"W2056387397","topic:economy-welfare","abstract","financial crisis"
"W2056387397","topic:economy-welfare","abstract","neoliberalism"
"W2056387397","topic:economy-welfare","abstract","neoliberal"
"W2056387397","topic:economy-welfare","abstract","neoliberalismo"
"W2056387397","topic:economy-welfare","abstract","neoliberales"
"W2056387397","country:united-states","abstract","tea party"
"W2056387397","region:north-america","rule","from the country named"
"W2032046666","topic:media-communication","abstract","communication"
"W2032046666","topic:migration","title","immigration"
"W2032046666","topic:migration","abstract","anti immigration"
"W2032046666","topic:migration","abstract","immigrants"
"W2032046666","method:qualitative","abstract","ethnography"
"W1997081498","region:mena","abstract","middle east"
"W1997081498","region:mena","abstract","middle eastern"
"W1997081498","country:lebanon","title","lebanon"
"W1997081498","country:lebanon","abstract","lebanon"
"W2053767340","approach:discursive","abstract","laclau"
"W2053767340","approach:discursive","abstract","discourse theory"
"W2053767340","topic:media-communication","title","newspapers"
"W2053767340","topic:media-communication","abstract","newspapers"
"W2053767340","topic:media-communication","abstract","newspaper"
"W2053767340","method:qualitative","abstract","discourse analysis"
"W2146462498","country:ukraine","title","ukraine"
"W2146462498","country:ukraine","abstract","ukraine"
"W2146462498","region:europe","rule","from the country named"
"W2736801091","todo:check-record","rule","DOI accepted by reading, not by the automatic rule"
"W2736801091","region:latin-america","title","latin america"
"W1979969314","approach:discursive","abstract","laclau"
"W1607723718","approach:discursive","title","laclau"
"W1607723718","approach:discursive","abstract","laclau"
"W1607723718","approach:discursive","abstract","empty signifiers"
"W1607723718","approach:performative","abstract","performative"
"W1997858259","country:united-kingdom","abstract","england"
"W1997858259","region:europe","rule","from the country named"
"W2005901722","topic:media-communication","title","propaganda"
"W2005901722","topic:media-communication","abstract","propaganda"
"W2005901722","topic:media-communication","abstract","media"
"W2005901722","country:united-states","abstract","tea party"
"W2005901722","country:united-states","abstract","obama"
"W2005901722","region:north-america","rule","from the country named"
"W2339324436","topic:media-communication","abstract","media"
"W2339324436","country:united-states","abstract","united states"
"W2339324436","country:united-states","abstract","us"
"W2339324436","region:north-america","rule","from the country named"
"W2080968878","topic:parties","rule","second test passed: the abstract speaks of parties more than of voters"
"W2080968878","topic:parties","abstract","parties"
"W2080968878","topic:parties","abstract","far right"
"W2080968878","topic:parties","abstract","partisan"
"W2080968878","topic:economy-welfare","abstract","unemployment"
"W2080968878","topic:economy-welfare","abstract","neoliberal"
"W2080968878","topic:economy-welfare","abstract","economic"
"W2080968878","country:france","title","france"
"W2080968878","country:france","abstract","france"
"W2080968878","country:germany","title","germany"
"W2080968878","country:germany","abstract","germany"
"W2080968878","country:germany","abstract","german (+ political word)"
"W2080968878","region:europe","rule","from the country named"
"W4245970870","topic:parties","rule","second test passed: the abstract speaks of parties more than of voters"
"W4245970870","topic:parties","abstract","populist movement"
"W4245970870","topic:parties","abstract","party"
"W4245970870","topic:economy-welfare","abstract","economic"
"W2323351686","country:france","abstract","french (+ political word)"
"W2323351686","region:europe","rule","from the country named"
"W2127818642","region:asia-pacific","title","asian"
"W2127818642","country:thailand","abstract","thailand"
"W2127818642","country:thailand","abstract","thaksin"
"W2127818642","country:thailand","abstract","shinawatra"
"W2054635285","country:south-korea","title","korea"
"W2054635285","region:asia-pacific","rule","from the country named"
"W117248894","topic:voters","abstract","citizens"
"W117248894","topic:government","abstract","in government"
"W117248894","topic:government","abstract","in office"
"W117248894","topic:economy-welfare","abstract","economic"
"W117248894","topic:economy-welfare","abstract","inequality"
"W117248894","topic:religion","abstract","churches"
"W117248894","topic:religion","abstract","religion"
"W117248894","topic:religion","abstract","religious"
"W117248894","country:united-states","title","american (+ political word)"
"W117248894","country:united-states","abstract","american (+ political word)"
"W117248894","region:north-america","rule","from the country named"
"W1505414427","topic:media-communication","title","media"
"W1505414427","topic:media-communication","abstract","media"
"W1505414427","topic:media-communication","abstract","journalist"
"W1505414427","country:united-kingdom","abstract","britain"
"W1505414427","region:europe","rule","from the country named"
"W1987347317","country:united-states","title","american (+ political word)"
"W1987347317","region:north-america","rule","from the country named"
"W2013984750","approach:discursive","abstract","laclau"
"W2013984750","topic:parties","rule","second test passed: a party word in the title"
"W2013984750","topic:parties","title","social movements"
"W2078101765","topic:parties","rule","second test passed: a party family in the title"
"W2078101765","topic:parties","title","populist left"
"W2078101765","topic:economy-welfare","abstract","economic"
"W2078101765","topic:economy-welfare","abstract","unemployment"
"W2078101765","country:united-states","title","u s"
"W2078101765","country:united-states","abstract","united states"
"W2078101765","country:united-states","abstract","american (+ political word)"
"W2078101765","region:north-america","rule","from the country named"
"W2312818297","topic:gender","title","gender"
"W2312818297","region:latin-america","title","latin america"
"W1544406154","topic:parties","rule","second test passed: a party word in the title"
"W1544406154","topic:parties","title","populist movement"
"W1966294837","country:mexico","title","mexico"
"W1966294837","region:latin-america","rule","from the country named"
"W1985701992","topic:gender","title","gender"
"W1985701992","region:latin-america","title","latin america"
"W2022744883","region:latin-america","title","caribbean"
"W2022744883","region:latin-america","abstract","caribbean"
"W2028258867","topic:parties","rule","second test passed: a party word in the title"
"W2028258867","topic:parties","title","party"
"W2034264566","topic:international","title","regionalism"
"W2034264566","topic:parties","rule","second test passed: a party word in the title"
"W2034264566","topic:parties","title","radical right"
"W2034264566","topic:parties","title","parties"
"W2034264566","topic:migration","title","anti immigrant"
"W2034264566","region:europe","title","western europe"
"W2034264566","region:europe","title","european"
"W2034264566","country:italy","title","lega nord"
"W2052280461","topic:gender","title","gender"
"W2052280461","region:latin-america","title","latin america"
"W2116005138","country:venezuela","title","venezuela"
"W2116005138","country:venezuela","title","chavismo"
"W2116005138","region:latin-america","rule","from the country named"
"W2313257627","topic:gender","title","gender"
"W2313257627","region:latin-america","title","latin america"
"W2313257627","country:chile","title","chile"
"W2323872612","country:mexico","title","mexico"
"W2323872612","region:latin-america","rule","from the country named"
"W2324713533","topic:parties","rule","second test passed: a party word in the title"
"W2324713533","topic:parties","title","populist movement"
"W2325319517","topic:gender","title","gender"
"W2325319517","region:latin-america","title","latin america"
"W2325839871","topic:parties","rule","second test passed: a party word in the title"
"W2325839871","topic:parties","title","populist movement"
"W2331156754","topic:parties","rule","second test passed: a party family in the title"
"W2331156754","topic:parties","title","populist right"
"W2331156754","region:europe","title","western europe"
"W2331457616","topic:economy-welfare","title","neoliberal"
"W2331457616","topic:democracy-institutions","title","illiberal"
"W2331457616","region:europe","title","europe"
"W4242534130","topic:gender","title","gender"
"W4242534130","region:latin-america","title","latin america"
"W1545805911","region:europe","title","europe"
"W1545805911","region:europe","title","european"
"W1545805911","country:belgium","title","flanders"
"W1545805911","country:belgium","abstract","flanders"
"W1545805911","country:belgium","abstract","flemish (+ political word)"
"W2014660034","approach:discursive","title","populist logic"
"W2014660034","country:greece","title","greece"
"W2014660034","country:greece","abstract","greece"
"W2014660034","region:europe","rule","from the country named"
"W2005274526","topic:parties","rule","second test passed: a party word in the title"
"W2005274526","topic:parties","title","party"
"W2005274526","topic:parties","title","right wing populism"
"W2005274526","country:united-states","title","tea party"
"W2005274526","region:north-america","rule","from the country named"
"W1989561243","topic:international","abstract","eu"
"W1989561243","topic:parties","rule","second test passed: a party family in the title"
"W1989561243","topic:parties","title","radical right"
"W1989561243","topic:parties","abstract","radical right"
"W1989561243","topic:parties","abstract","party"
"W1989561243","topic:gender","title","gendered"
"W1989561243","topic:gender","abstract","gendered"
"W1989561243","topic:gender","abstract","masculinities"
"W1989561243","region:europe","abstract","eu"
"W1989561243","country:romania","title","romanian (+ political word)"
"W1989561243","country:romania","abstract","romania"
"W1989561243","country:romania","abstract","romanian (+ political word)"
"W2333582982","topic:parties","rule","second test passed: a party word in the title"
"W2333582982","topic:parties","title","partisan"
"W2333582982","topic:voters","abstract","citizens"
"W2333582982","country:united-states","abstract","american (+ political word)"
"W2333582982","region:north-america","rule","from the country named"
"W2065295772","topic:democracy-institutions","title","court"
"W2065295772","topic:democracy-institutions","abstract","judicial"
"W2065295772","topic:democracy-institutions","abstract","court"
"W2065295772","topic:democracy-institutions","abstract","constitutional"
"W2065295772","country:el-salvador","title","el salvador"
"W2065295772","country:el-salvador","abstract","el salvador"
"W2065295772","country:el-salvador","abstract","salvadoran (+ political word)"
"W2065295772","region:latin-america","rule","from the country named"
"W2105900888","country:malawi","title","malawi"
"W2105900888","region:sub-saharan-africa","rule","from the country named"
"W2016948881","topic:media-communication","title","newspaper"
"W2130159714","approach:economic","title","economic populism"
"W2130159714","topic:economy-welfare","title","economic"
"W2064788409","topic:parties","rule","second test passed: a party family in the title"
"W2064788409","topic:parties","title","populist right"
"W2064788409","topic:migration","title","immigration"
"W2064788409","region:europe","title","western europe"
"W2064788409","region:europe","title","europe"
"W2109010597","topic:parties","rule","second test passed: a party word in the title"
"W2109010597","topic:parties","title","parties"
"W2109010597","topic:parties","abstract","parties"
"W2109010597","topic:parties","abstract","party"
"W2109010597","topic:voters","title","electoral support"
"W2109010597","topic:voters","abstract","voters"
"W1999383694","region:latin-america","title","latin america"
"W2017351136","country:united-states","abstract","american (+ political word)"
"W2017351136","region:north-america","rule","from the country named"
"W4388507297","topic:international","abstract","regionalism"
"W4388507297","country:portugal","abstract","portugal"
"W4388507297","region:europe","rule","from the country named"
"W1794635342","topic:gender","title","gender"
"W1794635342","region:latin-america","title","latin america"
"W1906000329","topic:parties","rule","second test passed: a party word in the title"
"W1906000329","topic:parties","title","populist movement"
"W1906000329","topic:economy-welfare","abstract","economic"
"W1906000329","topic:economy-welfare","abstract","economy"
"W1906000329","topic:religion","abstract","christian"
"W1906000329","country:mexico","abstract","mexico"
"W1906000329","region:latin-america","rule","from the country named"
"W1988074259","topic:parties","rule","second test passed: a party family in the title"
"W1988074259","topic:parties","title","populist right"
"W1988074259","region:europe","title","western europe"
"W2107186355","country:venezuela","title","venezuela"
"W2107186355","country:venezuela","title","chavismo"
"W2107186355","region:latin-america","rule","from the country named"
"W2318624987","topic:parties","rule","second test passed: a party word in the title"
"W2318624987","topic:parties","title","party"
"W2326260882","country:italy","title","italian (+ political word)"
"W2326260882","region:europe","rule","from the country named"
"W2327104418","topic:economy-welfare","title","neoliberal"
"W2327104418","topic:democracy-institutions","title","authoritarian"
"W2327104418","country:venezuela","title","venezuela"
"W2327104418","country:venezuela","title","chavez"
"W2327104418","region:latin-america","rule","from the country named"
"W2329862732","topic:parties","rule","second test passed: a party family in the title"
"W2329862732","topic:parties","title","populist right"
"W2792509712","region:latin-america","title","latin america"
"W2096361176","country:italy","title","italian (+ political word)"
"W2096361176","region:europe","rule","from the country named"
"W2076013931","approach:discursive","title","laclau"
"W2082683543","country:russia","title","russian (+ political word)"
"W2082683543","country:russia","abstract","russian (+ political word)"
"W2082683543","region:europe","rule","from the country named"
"W2015811972","topic:parties","rule","second test passed: a party word in the title"
"W2015811972","topic:parties","title","populist politicians"
"W2015811972","topic:gender","title","gendered"
"W2015811972","topic:gender","abstract","women"
"W2015811972","topic:gender","abstract","gendered"
"W2015811972","country:australia","title","pauline hanson"
"W2015811972","region:asia-pacific","rule","from the country named"
"W2041437421","topic:international","title","european integration"
"W2041437421","topic:international","abstract","european integration"
"W2041437421","topic:international","abstract","euroscepticism"
"W2041437421","topic:international","abstract","european union"
"W2041437421","topic:parties","rule","second test passed: a party word in the title"
"W2041437421","topic:parties","title","parties"
"W2041437421","topic:parties","abstract","parties"
"W2041437421","region:europe","title","european"
"W2041437421","region:europe","abstract","central europe"
"W2041437421","region:europe","abstract","european"
"W1991159620","topic:parties","rule","second test passed: the abstract speaks of parties more than of voters"
"W1991159620","topic:parties","abstract","party"
"W1991159620","topic:parties","abstract","parties"
"W1991159620","topic:parties","abstract","party competition"
"W1991159620","country:ireland","title","ireland"
"W1991159620","country:ireland","abstract","ireland"
"W1991159620","country:poland","title","poland"
"W1991159620","country:poland","abstract","poland"
"W1991159620","region:europe","rule","from the country named"
"W1959139721","topic:gender","title","gender"
"W2064387639","country:united-kingdom","abstract","england"
"W2064387639","country:united-kingdom","abstract","british (+ political word)"
"W2064387639","region:europe","rule","from the country named"
"W2016156468","country:australia","abstract","australia"
"W2016156468","country:australia","abstract","australian (+ political word)"
"W2016156468","region:asia-pacific","rule","from the country named"
"W2013146153","topic:democracy-institutions","title","authoritarian"
"W2013146153","country:russia","abstract","russian (+ political word)"
"W2013146153","region:europe","rule","from the country named"
"W1976049172","country:russia","abstract","russian (+ political word)"
"W1976049172","region:europe","rule","from the country named"
"W2007114553","topic:economy-welfare","title","neoliberal"
"W2007114553","topic:democracy-institutions","title","illiberal"
"W2007114553","region:europe","title","europe"
"W4255216400","topic:parties","rule","second test passed: a party word in the title"
"W4255216400","topic:parties","title","populist movement"
"W1573873092","topic:parties","rule","second test passed: a party word in the title"
"W1573873092","topic:parties","title","populist movements"
"W1573873092","country:united-states","title","american (+ political word)"
"W1573873092","region:north-america","rule","from the country named"
"W2001924430","country:russia","abstract","russia"
"W2001924430","country:russia","abstract","russian (+ political word)"
"W2001924430","country:united-kingdom","abstract","uk"
"W2001924430","region:europe","rule","from the country named"
"W2010969857","topic:parties","rule","second test passed: a party word in the title"
"W2010969857","topic:parties","title","populist movement"
"W2050090209","topic:international","title","regionalism"
"W2050090209","topic:parties","rule","second test passed: a party word in the title"
"W2050090209","topic:parties","title","party"
"W2050090209","topic:economy-welfare","title","economic"
"W2050090209","country:spain","title","spain"
"W2050090209","region:europe","rule","from the country named"
"W2053297322","topic:parties","rule","second test passed: a party word in the title"
"W2053297322","topic:parties","title","party"
"W2140076900","region:europe","title","western european"
"W2334842262","topic:economy-welfare","title","neoliberal"
"W2334842262","topic:democracy-institutions","title","illiberal"
"W2334842262","region:europe","title","europe"
"W2906913088","topic:defence-security","title","security policy"
"W2906913088","topic:parties","rule","second test passed: a party family in the title"
"W2906913088","topic:parties","title","radical right"
"W2906913088","region:europe","title","europe"
"W420125955","region:asia-pacific","title","asia"
"W420125955","country:singapore","title","singapore"
"W4233590718","country:japan","title","japan"
"W4233590718","country:japan","abstract","japan"
"W4233590718","region:asia-pacific","rule","from the country named"
"W2149824620","topic:democracy-institutions","abstract","authoritarianism"
"W2149824620","topic:democracy-institutions","abstract","authoritarian"
"W2149824620","country:malawi","title","malawi"
"W2149824620","region:sub-saharan-africa","rule","from the country named"
"W2502827094","topic:parties","rule","second test passed: a party word in the title"
"W2502827094","topic:parties","title","populist politician"
"W1978506508","topic:parties","rule","second test passed: a party word in the title"
"W1978506508","topic:parties","title","social movements"
"W1978506508","country:brazil","title","brazil"
"W1978506508","region:latin-america","rule","from the country named"
"W2090018183","topic:gender","abstract","patriarch"
"W2090018183","topic:gender","abstract","women"
"W2090018183","country:south-africa","abstract","south africa"
"W2090018183","country:south-africa","abstract","zuma"
"W2090018183","region:sub-saharan-africa","rule","from the country named"
"W2090811031","topic:economy-welfare","abstract","economic"
"W2090811031","topic:economy-welfare","abstract","globalisation"
"W2090811031","region:latin-america","title","latin america"
"W2090811031","country:chile","abstract","chile"
"W2118393000","country:belgium","title","belgium"
"W2118393000","country:belgium","title","vlaams belang"
"W2118393000","region:europe","rule","from the country named"
"W2000664110","country:japan","abstract","japan"
"W2000664110","country:japan","abstract","japanese (+ political word)"
"W2000664110","region:asia-pacific","rule","from the country named"
"W2023180848","approach:discursive","abstract","laclau"
"W2023180848","topic:parties","rule","second test passed: a party word in the title"
"W2023180848","topic:parties","title","populist leaders"
"W2023180848","region:latin-america","title","latin america"
"W2023180848","region:latin-america","abstract","latin america"
"W2023180848","country:mexico","abstract","mexico"
"W2076526637","topic:economy-welfare","title","globalization"
"W2076526637","topic:media-communication","title","press coverage"
"W2908514682","topic:parties","rule","second test passed: a party word in the title"
"W2908514682","topic:parties","title","radical right"
"W2908514682","topic:parties","title","parties"
"W2908514682","region:europe","title","europe"
"W2153910795","country:united-states","title","united states"
"W2153910795","country:united-states","abstract","united states"
"W2153910795","country:united-states","abstract","us"
"W2153910795","country:united-states","abstract","american (+ political word)"
"W2153910795","region:north-america","rule","from the country named"
"W1968538557","region:europe","title","europe"
"W1983308376","country:united-states","abstract","united states"
"W1983308376","region:north-america","rule","from the country named"
"W1977195250","topic:parties","rule","second test passed: a party word in the title"
"W1977195250","topic:parties","title","populist movement"
"W2107447300","topic:religion","title","catholic"
"W2107447300","country:united-kingdom","title","england"
"W2107447300","country:united-states","title","jacksonian"
"W2107447300","region:europe","rule","from the country named"
"W2107447300","region:north-america","rule","from the country named"
"W2300629507","todo:check-record","rule","the registry lists the author of the book reviewed next to the reviewer: the names are to be corrected in Zotero by hand"
"W2300629507","topic:parties","rule","second test passed: a party word in the title"
"W2300629507","topic:parties","title","populist movement"
"W2325162338","topic:parties","rule","second test passed: a party word in the title"
"W2325162338","topic:parties","title","radical right"
"W2325162338","topic:parties","title","parties"
"W2325162338","region:europe","title","europe"
"W2576331555","topic:parties","rule","second test passed: a party word in the title"
"W2576331555","topic:parties","title","radical right"
"W2576331555","topic:parties","title","parties"
"W2576331555","region:europe","title","europe"
"W1483684984","topic:parties","rule","second test passed: a party word in the title"
"W1483684984","topic:parties","title","populist movements"
"W1483684984","country:united-states","title","american (+ political word)"
"W1483684984","region:north-america","rule","from the country named"
"W1826624258","topic:economy-welfare","title","neoliberal"
"W1826624258","topic:democracy-institutions","title","illiberal"
"W1826624258","region:europe","title","europe"
"W1967836321","topic:parties","rule","second test passed: a party word in the title"
"W1967836321","topic:parties","title","populist movements"
"W1967836321","country:united-states","title","american (+ political word)"
"W1967836321","region:north-america","rule","from the country named"
"W1977914492","topic:parties","rule","second test passed: a party family in the title"
"W1977914492","topic:parties","title","radical right"
"W1977914492","country:sweden","title","sweden"
"W1977914492","country:united-states","title","us"
"W1977914492","region:europe","rule","from the country named"
"W1977914492","region:north-america","rule","from the country named"
"W1984414989","topic:economy-welfare","abstract","economic"
"W1984414989","topic:economy-welfare","abstract","economy"
"W1984414989","country:united-states","abstract","united states"
"W1984414989","country:united-states","abstract","u s"
"W1984414989","region:north-america","rule","from the country named"
"W1994713972","topic:parties","rule","second test passed: a party word in the title"
"W1994713972","topic:parties","title","populist movements"
"W1994713972","country:united-states","title","american (+ political word)"
"W1994713972","region:north-america","rule","from the country named"
"W2041809628","topic:religion","title","catholic"
"W2041809628","country:united-kingdom","title","england"
"W2041809628","country:united-states","title","jacksonian"
"W2041809628","region:europe","rule","from the country named"
"W2041809628","region:north-america","rule","from the country named"
"W2148043083","topic:parties","rule","second test passed: a party word in the title"
"W2148043083","topic:parties","title","radical right"
"W2148043083","topic:parties","title","parties"
"W2148043083","topic:migration","title","nativism"
"W2148043083","region:europe","title","european"
"W2148043083","region:europe","title","europe"
"W2334717358","topic:parties","rule","second test passed: a party word in the title"
"W2334717358","topic:parties","title","populist movement"
"W2335017620","topic:religion","title","catholic"
"W2335017620","country:united-kingdom","title","england"
"W2335017620","country:united-states","title","jacksonian"
"W2335017620","region:europe","rule","from the country named"
"W2335017620","region:north-america","rule","from the country named"
"W2510557783","topic:parties","rule","second test passed: a party word in the title"
"W2510557783","topic:parties","title","radical right"
"W2510557783","topic:parties","title","parties"
"W2510557783","region:europe","title","europe"
"W2511995413","topic:parties","rule","second test passed: a party word in the title"
"W2511995413","topic:parties","title","populist movement"
"W2602473189","topic:economy-welfare","title","economic"
"W2602473189","region:latin-america","title","latin america"
"W2257940924","topic:parties","rule","second test passed: a party word in the title"
"W2257940924","topic:parties","title","radical right"
"W2257940924","topic:parties","title","parties"
"W2257940924","region:europe","title","europe"
"W2796759932","topic:parties","rule","second test passed: a party word in the title"
"W2796759932","topic:parties","title","populist movements"
"W2796759932","country:united-states","title","american (+ political word)"
"W2796759932","region:north-america","rule","from the country named"
"W2080899525","topic:voters","abstract","attitudes"
"W2067565005","country:romania","title","romania"
"W2067565005","region:europe","rule","from the country named"
"W1277982598","todo:check-record","rule","the registry lists the author of the book reviewed next to the reviewer: the names are to be corrected in Zotero by hand"
"W1977000123","country:austria","title","austria"
"W1977000123","region:europe","rule","from the country named"
"W2052666232","topic:parties","rule","second test passed: the abstract speaks of parties more than of voters"
"W2052666232","topic:parties","abstract","party"
"W2052666232","topic:parties","abstract","parties"
"W2052666232","method:survey","abstract","survey data"
"W2052666232","country:taiwan","title","taiwan"
"W2052666232","country:taiwan","abstract","taiwan"
"W2052666232","country:taiwan","abstract","taiwanese (+ political word)"
"W2052666232","region:asia-pacific","rule","from the country named"
"W1982980551","topic:economy-welfare","abstract","economic"
"W1982980551","topic:economy-welfare","abstract","neoliberal"
"W1982980551","country:venezuela","title","chavez"
"W1982980551","country:venezuela","abstract","chavismo"
"W1982980551","country:venezuela","abstract","chavez"
"W1982980551","region:latin-america","rule","from the country named"
"W2107077745","country:canada","abstract","canada"
"W2107077745","region:north-america","rule","from the country named"
"W2085075008","region:europe","title","europe"
"W2128486268","topic:democracy-institutions","abstract","court"
"W2128486268","topic:democracy-institutions","abstract","courts"
"W2128486268","country:ireland","title","ireland"
"W2128486268","country:ireland","abstract","ireland"
"W2128486268","country:ireland","abstract","irish (+ political word)"
"W2128486268","region:europe","rule","from the country named"
"W2098678378","country:venezuela","title","venezuela"
"W2098678378","region:latin-america","rule","from the country named"
"W1622000515","approach:discursive","abstract","laclau"
"W1622000515","country:united-states","abstract","american (+ political word)"
"W1622000515","region:north-america","rule","from the country named"
"W2042088313","topic:parties","rule","second test passed: a party word in the title"
"W2042088313","topic:parties","title","parties"
"W2042088313","topic:parties","abstract","partisan"
"W2042088313","topic:parties","abstract","right wing populist"
"W2042088313","topic:parties","abstract","parties"
"W2042088313","topic:parties","abstract","party systems"
"W2042088313","topic:voters","title","supporters"
"W2042088313","topic:voters","abstract","citizens"
"W2042088313","topic:voters","abstract","supporters"
"W2042088313","topic:voters","abstract","attitudes"
"W2042088313","country:italy","title","italy"
"W2042088313","country:italy","abstract","italy"
"W2042088313","country:italy","abstract","lega nord"
"W2042088313","country:italy","abstract","lega"
"W2042088313","country:switzerland","title","switzerland"
"W2042088313","region:europe","rule","from the country named"
"W2081369829","topic:parties","rule","second test passed: a party word in the title"
"W2081369829","topic:parties","title","radical right"
"W2081369829","topic:parties","title","parties"
"W2081369829","region:europe","title","europe"
"W2135730348","topic:economy-welfare","abstract","globalization"
"W2135730348","topic:economy-welfare","abstract","neoliberalism"
"W2135730348","topic:economy-welfare","abstract","economic"
"W2135730348","country:united-states","abstract","american (+ political word)"
"W2135730348","region:north-america","rule","from the country named"
"W1965329763","topic:international","title","regionalism"
"W1965329763","topic:parties","rule","second test passed: a party word in the title"
"W1965329763","topic:parties","title","party"
"W1965329763","topic:economy-welfare","title","economic"
"W1965329763","country:spain","title","spain"
"W1965329763","region:europe","rule","from the country named"
"W2094878863","topic:economy-welfare","title","economic"
"W2094878863","country:united-states","abstract","american (+ political word)"
"W2094878863","region:north-america","rule","from the country named"
"W2114741686","topic:parties","rule","second test passed: a party word in the title"
"W2114741686","topic:parties","title","radical right"
"W2114741686","topic:parties","title","parties"
"W2114741686","region:europe","title","europe"
"W2317062588","topic:parties","rule","second test passed: the abstract speaks of parties more than of voters"
"W2317062588","topic:parties","abstract","party"
"W2317062588","topic:parties","abstract","social movement"
"W2317062588","topic:parties","abstract","candidate"
"W2317062588","country:united-states","abstract","american (+ political word)"
"W2317062588","region:north-america","rule","from the country named"
"W2058410395","topic:parties","rule","second test passed: a party word in the title"
"W2058410395","topic:parties","title","populist movement"
"W2061164259","topic:spatial","title","rural"
"W2078434499","topic:parties","rule","second test passed: a party word in the title"
"W2078434499","topic:parties","title","populist movement"
"W2078434499","country:argentina","title","argentina"
"W2078434499","country:argentina","title","peron"
"W2078434499","region:latin-america","rule","from the country named"
"W2312744157","topic:parties","rule","second test passed: a party word in the title"
"W2312744157","topic:parties","title","populist movements"
"W2312744157","country:united-states","title","american (+ political word)"
"W2312744157","region:north-america","rule","from the country named"
"W2325650886","topic:parties","rule","second test passed: a party word in the title"
"W2325650886","topic:parties","title","populist movement"
"W4233673060","topic:parties","rule","second test passed: a party family in the title"
"W4233673060","topic:parties","title","radical right"
"W4233673060","country:sweden","title","sweden"
"W4233673060","region:europe","rule","from the country named"
