"ref","tag","found_in","phrase"
"W7125698187","topic:international","title","euroscepticism"
"W7125698187","topic:international","abstract","euroscepticism"
"W7125698187","topic:international","abstract","eurosceptic"
"W7125698187","topic:international","abstract","european union"
"W7125698187","topic:international","abstract","eu"
"W7125698187","topic:parties","abstract","right wing populism"
"W7125698187","topic:parties","abstract","left wing populism"
"W7125698187","topic:parties","abstract","populist actors"
"W7125698187","topic:economy-welfare","abstract","economic"
"W7125698187","topic:economy-welfare","abstract","neoliberal"
"W7125698187","topic:economy-welfare","abstract","austerity"
"W7125698187","topic:media-communication","abstract","communication"
"W7125698187","topic:media-communication","abstract","media"
"W7125698187","region:europe","title","europe"
"W7125698187","region:europe","abstract","europe"
"W7125698187","region:europe","abstract","european"
"W7125698187","region:europe","abstract","eu"
"W7135053862","topic:international","title","euroscepticism"
"W7135053862","topic:international","abstract","euroscepticism"
"W7161578227","topic:parties","title","radical right"
"W7161578227","topic:parties","abstract","radical right"
"W7161578227","topic:parties","abstract","parties"
"W7161578227","topic:parties","abstract","party"
"W7161578227","topic:voters","abstract","voters"
"W7161578227","topic:voters","abstract","demand side"
"W7161578227","topic:gender","title","women"
"W7161578227","topic:gender","abstract","women"
"W7161578227","method:mixed","abstract","qualitative and quantitative"
"W7161578227","country:sweden","abstract","sweden"
"W7161578227","country:sweden","abstract","sweden democrats"
"W7161578227","country:india","abstract","india"
"W7161578227","country:india","abstract","bharatiya janata"
"W7161578227","region:europe","rule","from the country named"
"W7161578227","region:asia-pacific","rule","from the country named"
"W7128422893","topic:media-communication","abstract","media"
"W7128422893","topic:media-communication","abstract","rhetoric"
"W7128422893","method:qualitative","title","discourse analysis"
"W4321444461","topic:voters","abstract","voters"
"W7117987527","topic:parties","title","radical right"
"W7117987527","topic:parties","abstract","radical right"
"W7117987527","topic:parties","abstract","parties"
"W7117987527","topic:voters","title","supporters"
"W7117987527","country:estonia","abstract","estonia"
"W7117987527","country:estonia","abstract","ekre"
"W7117987527","country:netherlands","abstract","netherlands"
"W7117987527","country:netherlands","abstract","forum for democracy"
"W7117987527","country:sweden","abstract","sweden"
"W7117987527","country:sweden","abstract","sweden democrats"
"W7117987527","region:europe","rule","from the country named"
"W7133760254","topic:parties","abstract","radical right"
"W7133760254","topic:parties","abstract","parties"
"W7133760254","topic:parties","abstract","party"
"W7133760254","method:qualitative","abstract","discourse analysis"
"W7133760254","country:australia","title","australia"
"W7133760254","country:australia","abstract","australia"
"W7133760254","country:australia","abstract","pauline hanson"
"W7133760254","country:australia","abstract","one nation"
"W7133760254","region:asia-pacific","rule","from the country named"
"W7154999386","topic:parties","title","partisanship"
"W7154999386","topic:parties","abstract","partisanship"
"W7154999386","topic:parties","abstract","party"
"W7154999386","topic:parties","abstract","partisan"
"W7154999386","method:qualitative","abstract","critical discourse analysis"
"W7154999386","country:united-kingdom","title","u k"
"W7154999386","country:united-kingdom","abstract","united kingdom"
"W7154999386","country:united-kingdom","abstract","u k"
"W7154999386","country:united-states","title","u s"
"W7154999386","country:united-states","abstract","united states"
"W7154999386","country:united-states","abstract","u s"
"W7154999386","region:europe","rule","from the country named"
"W7154999386","region:north-america","rule","from the country named"
"W7128427325","topic:parties","title","right wing populist"
"W7128427325","topic:parties","abstract","populist right"
"W7128427325","topic:parties","abstract","right wing populist"
"W7128427325","topic:government","title","populist governments"
"W7128427325","topic:government","abstract","populist governments"
"W7128427325","method:mixed","abstract","mixed methods"
"W7128427325","region:europe","title","central europe"
"W7163868894","topic:parties","title","radical right"
"W7163868894","topic:gender","abstract","gender"
"W7163868894","topic:gender","abstract","women"
"W7163868894","topic:gender","abstract","lgbtq"
"W7163868894","method:qualitative","abstract","qualitative"
"W7163868894","method:qualitative","abstract","discourse analysis"
"W7163868894","country:france","title","france"
"W7163868894","country:france","abstract","le pen"
"W7163868894","country:france","abstract","rassemblement national"
"W7163868894","country:italy","title","italy"
"W7163868894","country:italy","abstract","meloni"
"W7163868894","country:italy","abstract","fratelli d italia"
"W7163868894","region:europe","rule","from the country named"
"W7122383798","topic:parties","title","far right"
"W7122383798","topic:parties","abstract","far right"
"W7122383798","topic:democracy-institutions","abstract","illiberal"
"W7122383798","country:poland","title","polish (+ political word)"
"W7122383798","region:europe","rule","from the country named"
"W7126216675","approach:discursive","abstract","discourse theoretical"
"W7126216675","topic:international","title","transnational"
"W7126216675","topic:spatial","title","spatial"
"W7126216675","topic:spatial","abstract","geographical"
"W7126216675","topic:spatial","abstract","spatial"
"W7126216675","topic:spatial","abstract","centre periphery"
"W7128058721","topic:parties","title","partisan"
"W7128058721","topic:parties","abstract","populist leaders"
"W7128058721","topic:parties","abstract","partisan"
"W7128058721","topic:democracy-institutions","abstract","authoritarian"
"W7128058721","topic:democracy-institutions","abstract","hybrid regimes"
"W7128058721","method:qualitative","abstract","comparative case studies"
"W7128058721","country:hungary","title","hungary"
"W7128058721","country:turkey","title","turkey"
"W7128058721","region:europe","rule","from the country named"
"W7134177110","method:quantitative","abstract","panel data"
"W7165566383","topic:democracy-institutions","title","authoritarian"
"W7165566383","topic:democracy-institutions","abstract","authoritarianism"
"W7165566383","topic:democracy-institutions","abstract","authoritarian"
"W7165566383","topic:democracy-institutions","abstract","democratic norms"
"W7165566383","topic:democracy-institutions","abstract","democratic backsliding"
"W7118871505","topic:voters","title","attitudes"
"W7118871505","topic:voters","abstract","attitudes"
"W7118871505","topic:voters","abstract","populist attitudes"
"W7118871505","topic:economy-welfare","abstract","energy transition"
"W7118871505","method:quantitative","abstract","regression"
"W7118871505","method:survey","abstract","representative survey"
"W7118871505","country:germany","title","germany"
"W7118871505","country:germany","abstract","germany"
"W7118871505","region:europe","rule","from the country named"
"W7124138468","approach:discursive","abstract","discursive approaches"
"W7124762074","approach:performative","abstract","performative"
"W7124762074","topic:democracy-institutions","title","authoritarian"
"W7124762074","topic:democracy-institutions","abstract","authoritarian"
"W7124762074","topic:democracy-institutions","abstract","authoritarianism"
"W7124762074","topic:democracy-institutions","abstract","judiciary"
"W7124762074","country:bangladesh","title","bangladesh"
"W7124762074","country:bangladesh","abstract","bangladesh"
"W7124762074","region:asia-pacific","rule","from the country named"
"W7124955702","topic:foreign-policy","title","foreign policy"
"W7124955702","topic:foreign-policy","abstract","foreign policy"
"W7124955702","topic:defence-security","abstract","war"
"W7124955702","topic:defence-security","abstract","military"
"W7124955702","country:czech-republic","title","czechia"
"W7124955702","country:france","title","france"
"W7124955702","country:ukraine","abstract","ukraine"
"W7124955702","region:europe","rule","from the country named"
"W7125939816","region:global","title","global rise"
"W7126256623","topic:parties","title","radical right"
"W7126256623","topic:parties","abstract","radical right"
"W7126256623","topic:parties","abstract","parties"
"W7126256623","topic:voters","title","attitudes"
"W7126256623","topic:voters","abstract","attitudes"
"W7126256623","topic:voters","abstract","voters"
"W7126256623","topic:voters","abstract","electorate"
"W7126256623","topic:gender","title","gender"
"W7126256623","topic:gender","title","sexuality"
"W7126256623","topic:gender","abstract","gender"
"W7126256623","topic:gender","abstract","sexuality"
"W7126256623","country:netherlands","title","dutch (+ political word)"
"W7126256623","region:europe","rule","from the country named"
"W7128494776","topic:media-communication","abstract","rhetoric"
"W7130700791","topic:religion","title","religio"
"W7130700791","topic:religion","title","islam"
"W7130700791","topic:religion","abstract","islamic"
"W7130700791","topic:religion","abstract","religious"
"W7130700791","topic:religion","abstract","religiously"
"W7130700791","topic:religion","abstract","religion"
"W7130700791","topic:religion","abstract","secular"
"W7130700791","topic:religion","abstract","secularity"
"W7130700791","country:turkey","title","turkey"
"W7130700791","region:europe","rule","from the country named"
"W7130849360","topic:government","abstract","populist governments"
"W7130849360","country:hungary","title","hungary"
"W7130849360","country:hungary","abstract","hungary"
"W7130849360","country:turkey","title","turkey"
"W7130849360","country:turkey","abstract","turkey"
"W7130849360","country:mexico","title","mexico"
"W7130849360","country:mexico","abstract","mexico"
"W7130849360","country:mexico","abstract","lopez obrador"
"W7130849360","region:europe","rule","from the country named"
"W7130849360","region:latin-america","rule","from the country named"
"W7134114871","topic:international","abstract","european union"
"W7134114871","topic:international","abstract","eu"
"W7134114871","method:qualitative","abstract","interviews"
"W7134114871","method:qualitative","abstract","qualitative"
"W7134114871","region:europe","abstract","european"
"W7134114871","region:europe","abstract","eu"
"W7134114871","country:hungary","abstract","hungary"
"W7134114871","country:poland","abstract","poland"
"W7134114871","country:russia","abstract","russia"
"W7135063703","topic:defence-security","abstract","military"
"W7135063703","topic:parties","abstract","right wing populist"
"W7135063703","topic:parties","abstract","populist leader"
"W7135063703","topic:parties","abstract","party"
"W7135063703","country:poland","abstract","poland"
"W7135063703","country:poland","abstract","law and justice"
"W7135063703","country:turkey","abstract","turkey"
"W7135063703","country:turkey","abstract","erdogan"
"W7135063703","country:united-states","abstract","united states"
"W7135063703","country:united-states","abstract","trump"
"W7135063703","country:brazil","abstract","brazil"
"W7135063703","country:brazil","abstract","bolsonaro"
"W7135063703","country:india","abstract","india"
"W7135063703","country:india","abstract","modi"
"W7135063703","region:global","rule","three or more regions named: europe, north-america, latin-america, asia-pacific"
"W7136212105","topic:defence-security","title","securitisation"
"W7136212105","topic:migration","abstract","migration"
"W7136212105","method:qualitative","abstract","fieldwork"
"W7136212105","region:asia-pacific","abstract","southeast asia"
"W7136212105","country:indonesia","title","indonesia"
"W7136212105","country:indonesia","abstract","indonesia"
"W7151866502","topic:spatial","title","left behind places"
"W7151866502","topic:spatial","abstract","left behind places"
"W7151866502","topic:spatial","abstract","spatial"
"W7151866502","topic:economy-welfare","abstract","economic"
"W7151866502","topic:economy-welfare","abstract","neoliberal"
"W7151866502","topic:economy-welfare","abstract","globalization"
"W7151866502","topic:economy-welfare","abstract","financial crisis"
"W7151866502","topic:economy-welfare","abstract","austerity"
"W7154045486","topic:voters","title","populist attitudes"
"W7154045486","topic:voters","abstract","populist attitudes"
"W7154045486","topic:voters","abstract","attitudes"
"W7154045486","topic:democracy-institutions","abstract","democratic backsliding"
"W7154045486","topic:democracy-institutions","abstract","constitutionally"
"W7154045486","topic:democracy-institutions","abstract","illiberal"
"W7154045486","method:quantitative","abstract","panel data"
"W7154045486","country:austria","abstract","austria"
"W7154045486","country:germany","abstract","germany"
"W7154045486","region:europe","rule","from the country named"
"W7154915750","topic:international","abstract","multilateral"
"W7154915750","topic:international","abstract","international organisations"
"W7154915750","topic:parties","title","radical right"
"W7154915750","topic:government","title","in power"
"W7154915750","region:europe","title","europe"
"W7154915750","country:hungary","title","orban"
"W7154915750","country:italy","title","meloni"
"W7159602715","approach:performative","abstract","performative"
"W7159602715","method:qualitative","abstract","qualitative"
"W7159602715","method:qualitative","abstract","critical discourse analysis"
"W7164843133","topic:parties","title","radical right"
"W7164843133","topic:parties","abstract","radical right"
"W7164843133","topic:parties","abstract","party"
"W7164843133","topic:parties","abstract","parties"
"W7164843133","method:qualitative","abstract","interviews"
"W7164843133","method:survey","abstract","original survey"
"W7164843133","region:europe","abstract","europe"
"W7118527250","topic:parties","title","right wing populist"
"W7118527250","topic:parties","abstract","right wing populist"
"W7118527250","topic:parties","abstract","party"
"W7118527250","topic:government","title","populist governance"
"W7118527250","topic:gender","title","gender"
"W7118527250","topic:gender","abstract","anti gender"
"W7118527250","topic:gender","abstract","gender"
"W7118527250","topic:gender","abstract","women"
"W7118527250","topic:gender","abstract","lgbtq"
"W7118527250","country:hungary","title","hungary"
"W7118527250","country:hungary","abstract","hungary"
"W7118527250","country:hungary","abstract","hungarian (+ political word)"
"W7118527250","region:europe","rule","from the country named"
"W7122474280","country:italy","abstract","italy"
"W7122474280","country:italy","abstract","salvini"
"W7122474280","country:italy","abstract","italian (+ political word)"
"W7122474280","region:europe","rule","from the country named"
"W7125366470","topic:parties","abstract","parties"
"W7125366470","topic:voters","title","voters"
"W7125366470","topic:voters","abstract","voters"
"W7125366470","topic:voters","abstract","populist attitudes"
"W7125366470","topic:voters","abstract","voter"
"W7125366470","topic:voters","abstract","supporters"
"W7125366470","country:germany","abstract","afd"
"W7125366470","region:europe","rule","from the country named"
"W7125407665","topic:voters","title","voters"
"W7125407665","topic:voters","title","populist attitudes"
"W7125407665","topic:voters","abstract","attitudes"
"W7125407665","topic:voters","abstract","voters"
"W7125407665","topic:voters","abstract","populist attitudes"
"W7125407665","topic:media-communication","abstract","communication"
"W7125407665","topic:media-communication","abstract","fake news"
"W7125407665","country:italy","title","italian (+ political word)"
"W7125407665","region:europe","rule","from the country named"
"W7125493059","topic:democracy-institutions","title","illiberal"
"W7125493059","topic:democracy-institutions","abstract","illiberal"
"W7125897107","topic:parties","title","populist actors"
"W7125897107","topic:parties","abstract","populist actors"
"W7125897107","topic:parties","abstract","parties"
"W7125897107","topic:media-communication","title","communication"
"W7125897107","topic:media-communication","abstract","communication"
"W7125897107","topic:media-communication","abstract","media"
"W7125897107","method:qualitative","abstract","semi structured"
"W7125897107","method:qualitative","abstract","interviews"
"W7126105071","topic:media-communication","title","media"
"W7126105071","topic:media-communication","abstract","media"
"W7126105071","country:italy","title","italy"
"W7126105071","country:italy","abstract","italy"
"W7126105071","region:europe","rule","from the country named"
"W7126459909","approach:performative","title","populist style"
"W7126459909","approach:performative","abstract","populist style"
"W7126459909","topic:parties","abstract","parties"
"W7126459909","topic:parties","abstract","populist actors"
"W7126459909","topic:media-communication","title","facebook"
"W7126459909","topic:media-communication","title","communication"
"W7126459909","topic:media-communication","abstract","communication"
"W7126459909","topic:media-communication","abstract","facebook"
"W7126459909","country:spain","title","spanish (+ political word)"
"W7126459909","region:europe","rule","from the country named"
"W7127047873","topic:voters","title","populist attitudes"
"W7127047873","topic:voters","abstract","populist attitudes"
"W7127047873","country:italy","title","italy"
"W7127047873","region:europe","rule","from the country named"
"W7127310720","topic:parties","abstract","far right"
"W7127310720","method:qualitative","abstract","fieldwork"
"W7127310720","country:germany","abstract","germany"
"W7127310720","country:germany","abstract","alternative for germany"
"W7127310720","region:europe","rule","from the country named"
"W7127314549","topic:foreign-policy","title","foreign policy"
"W7127314549","topic:foreign-policy","abstract","foreign policy"
"W7127314549","topic:parties","title","far right"
"W7127314549","topic:parties","abstract","far right"
"W7127314549","method:qualitative","abstract","narrative analysis"
"W7127314549","country:united-states","title","united states"
"W7127314549","country:united-states","title","trump"
"W7127314549","country:united-states","abstract","united states"
"W7127314549","country:united-states","abstract","trump"
"W7127314549","country:united-states","abstract","us"
"W7127314549","region:north-america","rule","from the country named"
"W7127403809","topic:parties","title","right wing populism"
"W7127900249","approach:discursive","abstract","laclau"
"W7127900249","approach:discursive","abstract","discourse theory"
"W7127900249","topic:defence-security","abstract","military"
"W7127900249","topic:voters","title","citizens"
"W7127900249","topic:voters","abstract","citizens"
"W7127900249","topic:media-communication","abstract","communication"
"W7127900249","topic:media-communication","abstract","media"
"W7127900249","method:qualitative","title","discourse analysis"
"W7127900249","country:pakistan","title","pakistan"
"W7127900249","country:pakistan","abstract","pakistan"
"W7127900249","country:pakistan","abstract","pakistani (+ political word)"
"W7127900249","region:asia-pacific","rule","from the country named"
"W7129022722","topic:international","title","eu"
"W7129022722","topic:parties","title","far right"
"W7129022722","topic:parties","abstract","far right"
"W7129022722","region:europe","title","european"
"W7129022722","region:europe","title","eu"
"W7129022722","region:europe","abstract","european"
"W7129022722","region:europe","abstract","europe"
"W7130427780","topic:voters","abstract","citizens"
"W7130427780","topic:voters","abstract","populist attitudes"
"W7130427780","topic:voters","abstract","public support"
"W7130427780","topic:voters","abstract","respondents"
"W7130427780","topic:democracy-institutions","abstract","democratic institutions"
"W7130427780","topic:democracy-institutions","abstract","authoritarian"
"W7130427780","topic:democracy-institutions","abstract","illiberal"
"W7130427780","topic:democracy-institutions","abstract","authoritarianism"
"W7130427780","method:survey","abstract","nationally representative"
"W7130427780","method:survey","abstract","survey data"
"W7130641242","topic:parties","abstract","populist leaders"
"W7130641242","topic:parties","abstract","right wing populists"
"W7130641242","topic:gender","title","masculinities"
"W7130641242","topic:gender","abstract","gender"
"W7130641242","topic:gender","abstract","misogynist"
"W7130641242","topic:gender","abstract","masculinities"
"W7130641242","topic:gender","abstract","masculinity"
"W7130641242","country:united-states","abstract","trump"
"W7130641242","region:north-america","rule","from the country named"
"W7131656691","topic:parties","title","populist leaders"
"W7134188429","topic:voters","title","public opinion"
"W7134188429","topic:voters","abstract","public opinion"
"W7134188429","method:survey","abstract","survey evidence"
"W7134188429","method:survey","abstract","survey based"
"W7134188429","method:mixed","abstract","mixed methods"
"W7134188429","country:united-kingdom","title","england"
"W7134188429","country:united-kingdom","title","wales"
"W7134188429","country:united-kingdom","abstract","england"
"W7134188429","country:united-kingdom","abstract","wales"
"W7134188429","country:united-kingdom","abstract","scotland"
"W7134188429","region:europe","rule","from the country named"
"W7135091725","topic:parties","abstract","populist leaders"
"W7135091725","topic:parties","abstract","parties"
"W7135091725","topic:parties","abstract","populist leadership"
"W7135091725","topic:government","title","populist rule"
"W7136139423","topic:parties","abstract","social movements"
"W7136139423","topic:parties","abstract","parties"
"W7136139423","region:europe","title","europe"
"W7136139423","region:europe","abstract","europe"
"W7136139423","region:europe","abstract","eastern european"
"W7139071831","todo:check-outlet","journal","Journal of Democracy"
"W7139071831","topic:economy-welfare","abstract","economic"
"W7139130483","topic:voters","title","populist attitudes"
"W7139130483","topic:voters","abstract","attitudes"
"W7139130483","topic:voters","abstract","citizens"
"W7139130483","topic:voters","abstract","populist attitudes"
"W7139130483","country:hungary","title","hungary"
"W7139130483","region:europe","rule","from the country named"
"W7140448744","topic:economy-welfare","abstract","economic"
"W7140448744","topic:economy-welfare","abstract","fiscal"
"W7140448744","topic:economy-welfare","abstract","redistribution"
"W7140448744","topic:media-communication","title","framing"
"W7140448744","topic:media-communication","abstract","newspaper"
"W7140448744","topic:media-communication","abstract","frames"
"W7140448744","topic:media-communication","abstract","communication"
"W7140448744","topic:migration","abstract","xenophobic"
"W7140448744","topic:migration","abstract","migration"
"W7140448744","topic:democracy-institutions","abstract","authoritarian"
"W7140448744","topic:democracy-institutions","abstract","democratic norms"
"W7140448744","method:mixed","abstract","mixed methods"
"W7141185569","method:qualitative","abstract","discourse analysis"
"W7141185569","region:europe","title","europe"
"W7141185569","region:europe","title","european"
"W7141185569","region:europe","abstract","european"
"W7141185569","region:europe","abstract","europe"
"W7141185569","region:europe","abstract","eu"
"W7142084846","approach:measurement","abstract","populism scale"
"W7142084846","topic:voters","title","voter"
"W7142084846","topic:voters","abstract","demand side"
"W7142084846","topic:voters","abstract","populist attitudes"
"W7142084846","topic:voters","abstract","voters"
"W7142084846","topic:voters","abstract","attitudes"
"W7142084846","topic:voters","abstract","electorate"
"W7142084846","topic:economy-welfare","abstract","redistribution"
"W7142084846","topic:economy-welfare","abstract","protectionism"
"W7142084846","country:hungary","title","hungary"
"W7142084846","country:hungary","abstract","hungary"
"W7142084846","country:hungary","abstract","hungarian (+ political word)"
"W7142084846","region:europe","rule","from the country named"
"W7143422075","topic:parties","title","radical right"
"W7143422075","topic:parties","title","parties"
"W7143422075","topic:parties","abstract","radical right"
"W7143422075","topic:parties","abstract","parties"
"W7143422075","topic:parties","abstract","manifestos"
"W7143422075","topic:voters","abstract","electorates"
"W7143422075","topic:voters","abstract","voters"
"W7143422075","topic:media-communication","abstract","communications"
"W7143422075","topic:media-communication","abstract","facebook"
"W7143422075","method:mixed","abstract","mixed methods"
"W7143422075","country:austria","abstract","austria"
"W7143422075","country:austria","abstract","fpo"
"W7143422075","country:germany","abstract","germany"
"W7143422075","country:germany","abstract","afd"
"W7143422075","region:europe","rule","from the country named"
"W7147058615","topic:parties","title","radical right"
"W7147058615","topic:parties","abstract","radical right"
"W7147058615","topic:parties","abstract","party"
"W7147058615","topic:economy-welfare","abstract","neoliberalism"
"W7147058615","topic:economy-welfare","abstract","neoliberal"
"W7147058615","topic:gender","abstract","feminist"
"W7147058615","topic:gender","abstract","gendered"
"W7147058615","country:united-kingdom","title","uk"
"W7147058615","region:europe","rule","from the country named"
"W7147177467","topic:parties","title","radical right"
"W7147177467","topic:parties","abstract","radical right"
"W7147177467","topic:parties","abstract","parties"
"W7147177467","topic:spatial","abstract","spatial"
"W7147177467","topic:economy-welfare","abstract","economic"
"W7147177467","topic:economy-welfare","abstract","unemployment"
"W7147177467","topic:migration","abstract","immigration"
"W7147177467","topic:migration","abstract","migration"
"W7147177467","country:italy","title","italy"
"W7147177467","country:italy","abstract","italy"
"W7147177467","region:europe","rule","from the country named"
"W7148323696","topic:parties","abstract","party"
"W7148323696","topic:parties","abstract","far right"
"W7148323696","topic:parties","abstract","parties"
"W7148323696","topic:government","title","incumbent"
"W7148323696","topic:democracy-institutions","abstract","authoritarianism"
"W7148323696","topic:democracy-institutions","abstract","authoritarian"
"W7148323696","country:turkey","title","turkey"
"W7148323696","country:turkey","abstract","turkey"
"W7148323696","country:turkey","abstract","justice and development party"
"W7148323696","country:turkey","abstract","akp"
"W7148323696","region:europe","rule","from the country named"
"W7148629578","approach:discursive","abstract","discursively constructed"
"W7148629578","topic:defence-security","title","securitization"
"W7148629578","topic:defence-security","abstract","securitization"
"W7148629578","topic:defence-security","abstract","securitizing"
"W7148629578","topic:parties","title","party"
"W7148629578","topic:parties","abstract","far right"
"W7148629578","topic:parties","abstract","party"
"W7148629578","topic:migration","abstract","migration"
"W7148629578","topic:migration","abstract","refugees"
"W7148629578","method:qualitative","abstract","discourse analysis"
"W7148629578","country:turkey","title","turkish (+ political word)"
"W7148629578","country:turkey","abstract","turkey"
"W7148629578","region:europe","rule","from the country named"
"W7148926067","topic:parties","abstract","radical right"
"W7148926067","topic:parties","abstract","parties"
"W7148926067","topic:parties","abstract","party"
"W7148926067","topic:government","title","populists in power"
"W7148926067","topic:media-communication","abstract","communication"
"W7148926067","topic:media-communication","abstract","tweets"
"W7148926067","topic:media-communication","abstract","rhetoric"
"W7150847767","topic:parties","abstract","right wing populism"
"W7150847767","topic:parties","abstract","party"
"W7150847767","country:brazil","abstract","brazil"
"W7150847767","country:brazil","abstract","bolsonaro"
"W7150847767","country:brazil","abstract","lula"
"W7150847767","region:latin-america","rule","from the country named"
"W7151089947","topic:parties","title","parties"
"W7151089947","topic:parties","abstract","party"
"W7151089947","topic:parties","abstract","parties"
"W7151089947","topic:parties","abstract","partisanship"
"W7151089947","topic:voters","abstract","supporters"
"W7151089947","topic:voters","abstract","voters"
"W7151089947","topic:government","title","in government"
"W7151089947","topic:government","abstract","in government"
"W7151089947","topic:government","abstract","governing populist"
"W7151089947","topic:government","abstract","in office"
"W7151089947","topic:government","abstract","populists in power"
"W7151089947","method:quantitative","abstract","time series"
"W7153035712","topic:defence-security","title","war"
"W7153035712","topic:defence-security","abstract","war"
"W7153035712","topic:spatial","abstract","spatial"
"W7153035712","topic:media-communication","abstract","media"
"W7153035712","topic:media-communication","abstract","news coverage"
"W7153035712","topic:media-communication","abstract","framing"
"W7153035712","country:united-kingdom","title","uk"
"W7153035712","region:europe","rule","from the country named"
"W7153141706","topic:international","abstract","brexit"
"W7153141706","country:united-kingdom","abstract","brexit"
"W7153141706","country:united-kingdom","abstract","british (+ political word)"
"W7153141706","region:europe","rule","from the country named"
"W7154306858","approach:discursive","abstract","equivalential"
"W7154306858","topic:parties","title","right wing populism"
"W7154306858","topic:parties","abstract","far right"
"W7154829822","topic:parties","abstract","populist movements"
"W7154829822","topic:parties","abstract","left wing populism"
"W7154829822","topic:parties","abstract","parties"
"W7154829822","topic:parties","abstract","right wing populism"
"W7154829822","method:quantitative","abstract","panel data"
"W7155570210","topic:economy-welfare","abstract","economic"
"W7155570210","country:japan","title","japan"
"W7155570210","country:japan","abstract","japan"
"W7155570210","country:japan","abstract","japanese (+ political word)"
"W7155570210","region:asia-pacific","rule","from the country named"
"W7159687063","topic:parties","title","radical right"
"W7159687063","topic:voters","title","supporters"
"W7159687063","topic:voters","abstract","supporters"
"W7159687063","topic:voters","abstract","voters"
"W7159687063","topic:economy-welfare","abstract","economic"
"W7159687063","topic:economy-welfare","abstract","economy"
"W7159687063","method:qualitative","abstract","focus groups"
"W7159687063","country:argentina","title","milei"
"W7159687063","country:argentina","abstract","milei"
"W7159687063","region:latin-america","rule","from the country named"
"W7160240987","method:experiment","abstract","two experiments"
"W7160537640","topic:defence-security","abstract","wars"
"W7160537640","topic:defence-security","abstract","military"
"W7160537640","region:europe","title","eastern europe"
"W7160707902","approach:discursive","abstract","laclau"
"W7160707902","topic:voters","abstract","citizens"
"W7160877999","topic:religion","title","hindu"
"W7160877999","topic:religion","abstract","hindu"
"W7160877999","topic:religion","abstract","secular"
"W7160877999","topic:religion","abstract","religious"
"W7160877999","topic:religion","abstract","sacred"
"W7160877999","country:nepal","title","nepal"
"W7160877999","country:nepal","abstract","nepal"
"W7160877999","region:asia-pacific","rule","from the country named"
"W7161388763","topic:international","abstract","eu"
"W7161388763","topic:international","abstract","european parliament"
"W7161388763","topic:parties","title","parties"
"W7161388763","topic:parties","abstract","parties"
"W7161388763","topic:parties","abstract","radical right"
"W7161388763","topic:media-communication","title","communication"
"W7161388763","topic:media-communication","title","facebook"
"W7161388763","topic:media-communication","abstract","communication"
"W7161388763","topic:media-communication","abstract","facebook"
"W7161388763","topic:media-communication","abstract","rhetoric"
"W7161388763","region:europe","title","nordic"
"W7161388763","region:europe","abstract","european"
"W7161388763","region:europe","abstract","nordic"
"W7161388763","region:europe","abstract","eu"
"W7161388763","country:sweden","abstract","sweden"
"W7161950556","topic:parties","title","far right"
"W7161950556","topic:parties","abstract","far right"
"W7161950556","topic:parties","abstract","party"
"W7161950556","topic:parties","abstract","parties"
"W7161950556","method:qualitative","abstract","qualitative"
"W7161950556","method:quantitative","abstract","quantitative analysis"
"W7161950556","country:germany","title","afd"
"W7161950556","country:germany","abstract","germany"
"W7161950556","country:germany","abstract","alternative for germany"
"W7161950556","country:germany","abstract","afd"
"W7161950556","region:europe","rule","from the country named"
"W7161969637","topic:government","abstract","incumbent"
"W7161969637","topic:gender","abstract","masculinist"
"W7161969637","topic:gender","abstract","masculinity"
"W7161969637","topic:democracy-institutions","title","authoritarian"
"W7161969637","topic:democracy-institutions","abstract","authoritarian"
"W7161969637","region:global","abstract","global south"
"W7161969637","region:global","abstract","global north"
"W7162578736","topic:parties","title","right wing populism"
"W7162578736","topic:parties","abstract","right wing populism"
"W7162578736","topic:parties","abstract","right wing populist"
"W7162578736","topic:economy-welfare","abstract","economic"
"W7162578736","topic:economy-welfare","abstract","neoliberal"
"W7162578736","topic:economy-welfare","abstract","neoliberalism"
"W7162578736","topic:migration","abstract","nativist"
"W7162578736","topic:migration","abstract","anti immigrant"
"W7162578736","country:canada","title","canada"
"W7162578736","country:canada","abstract","canada"
"W7162578736","country:canada","abstract","canadian (+ political word)"
"W7162578736","region:north-america","rule","from the country named"
"W7162675004","topic:democracy-institutions","title","authoritarian"
"W7162675004","topic:democracy-institutions","abstract","authoritarian"
"W7162675004","country:south-africa","title","south africa"
"W7162675004","country:south-africa","abstract","south africa"
"W7162675004","region:sub-saharan-africa","rule","from the country named"
"W7162809714","approach:performative","abstract","bad manners"
"W7162809714","approach:performative","abstract","populist style"
"W7162809714","approach:performative","abstract","performative"
"W7162809714","method:mixed","abstract","mixed methods"
"W7162809714","country:portugal","title","portuguese (+ political word)"
"W7162809714","country:portugal","abstract","portugal"
"W7162809714","country:portugal","abstract","chega"
"W7162809714","country:portugal","abstract","portuguese (+ political word)"
"W7162809714","region:europe","rule","from the country named"
"W7163163694","topic:parties","abstract","parties"
"W7163163694","topic:parties","abstract","party"
"W7163163694","topic:voters","abstract","voting behaviour"
"W7163163694","topic:voters","abstract","support for populist"
"W7163163694","topic:spatial","abstract","geography of"
"W7163163694","topic:spatial","abstract","geographical"
"W7163163694","topic:economy-welfare","abstract","economic"
"W7163163694","method:quantitative","abstract","multilevel models"
"W7163163694","method:survey","abstract","panel survey"
"W7163163694","country:czech-republic","title","czechia"
"W7163163694","country:germany","title","germany"
"W7163163694","country:germany","abstract","germany"
"W7163163694","country:germany","abstract","afd"
"W7163163694","region:europe","rule","from the country named"
"W7164139645","topic:parties","abstract","right wing populist"
"W7164139645","topic:parties","abstract","parties"
"W7164139645","topic:parties","abstract","radical right"
"W7164139645","topic:government","abstract","populist governments"
"W7164139645","topic:government","abstract","in government"
"W7164139645","topic:gender","title","gender"
"W7164139645","topic:gender","abstract","women"
"W7164139645","region:europe","title","eastern europe"
"W7164139645","region:europe","abstract","european"
"W7164139645","region:europe","abstract","eastern europe"
"W7165661089","topic:parties","title","radical right"
"W7165661089","topic:parties","abstract","radical right"
"W7165661089","topic:democracy-institutions","title","illiberal"
"W7167049992","topic:parties","title","parties"
"W7167049992","topic:parties","title","populist leaders"
"W7167049992","topic:parties","abstract","parties"
"W7167049992","topic:parties","abstract","radical right"
"W7167049992","topic:parties","abstract","party"
"W7167049992","topic:voters","abstract","electorates"
"W7167049992","topic:voters","abstract","voters"
"W7167049992","topic:voters","abstract","attitudes"
"W7167049992","topic:voters","abstract","respondents"
"W7167049992","topic:voters","abstract","vote choice"
"W7167049992","topic:gender","title","gendered"
"W7167049992","topic:gender","abstract","gender"
"W7167049992","topic:gender","abstract","women"
"W7167049992","topic:gender","abstract","gendered"
"W7167049992","method:survey","abstract","election study"
"W7167049992","country:germany","title","germany"
"W7167049992","country:germany","abstract","afd"
"W7167049992","country:germany","abstract","wagenknecht"
"W7167049992","region:europe","rule","from the country named"
"W7202363651","topic:parties","title","radical right"
"W7202363651","topic:parties","title","parties"
"W7202363651","topic:parties","abstract","radical right"
"W7202363651","topic:parties","abstract","parties"
"W7202363651","topic:parties","abstract","manifesto"
"W7202363651","topic:parties","abstract","manifestos"
"W7202363651","method:qualitative","abstract","qualitative"
"W7202363651","region:europe","title","western europe"
"W7202363651","country:germany","abstract","afd"
"W7202394593","topic:parties","abstract","right wing populist"
"W7202394593","topic:parties","abstract","party"
"W7202394593","topic:parties","abstract","far right"
"W7202394593","topic:voters","abstract","attitudes"
"W7202394593","topic:voters","abstract","electoral support"
"W4405188092","topic:economy-welfare","title","globalization"
"W4405188092","topic:economy-welfare","abstract","globalization"
"W4405188092","topic:economy-welfare","abstract","international trade"
"W4405188092","topic:economy-welfare","abstract","economic"
"W4405188092","country:united-states","title","united states"
"W4405188092","country:united-states","abstract","united states"
"W4405188092","country:united-states","abstract","us"
"W4405188092","region:north-america","rule","from the country named"
"W4410867094","topic:international","title","brexit"
"W4410867094","topic:international","abstract","brexit"
"W4410867094","topic:international","abstract","eu"
"W4410867094","topic:international","abstract","european union"
"W4410867094","topic:voters","abstract","support for populist"
"W4410867094","topic:voters","abstract","citizens"
"W4410867094","topic:economy-welfare","abstract","globalization"
"W4410867094","topic:economy-welfare","abstract","economic"
"W4410867094","topic:democracy-institutions","abstract","liberal democracy"
"W4410867094","topic:democracy-institutions","abstract","referendum"
"W4410867094","method:experiment","title","experimental evidence"
"W4410867094","region:europe","abstract","european"
"W4410867094","region:europe","abstract","eu"
"W4410867094","country:united-kingdom","title","brexit"
"W4410867094","country:united-kingdom","abstract","brexit"
"W4410867094","country:united-kingdom","abstract","uk"
"W4410867094","country:united-kingdom","abstract","british (+ political word)"
"W4413973494","topic:parties","abstract","party"
"W4413973494","topic:democracy-institutions","abstract","constitutional"
"W4413973494","topic:democracy-institutions","abstract","authoritarian"
"W4413973494","topic:democracy-institutions","abstract","constitutionally"
"W4417408837","topic:parties","title","right wing populist"
"W4417408837","topic:parties","abstract","right wing populist"
"W7106671402","topic:international","title","european parliament"
"W7106671402","topic:international","abstract","european union"
"W7106671402","topic:international","abstract","european parliament"
"W7106671402","topic:international","abstract","eurosceptic"
"W7106671402","topic:parties","title","parties"
"W7106671402","topic:parties","abstract","parties"
"W7106671402","topic:parties","abstract","far right"
"W7106671402","topic:parties","abstract","populist actors"
"W7106671402","topic:parties","abstract","party"
"W7106671402","topic:parties","abstract","radical right"
"W7106671402","topic:media-communication","title","media"
"W7106671402","topic:media-communication","abstract","media"
"W7106671402","topic:media-communication","abstract","communication"
"W7106671402","topic:media-communication","abstract","facebook"
"W7106671402","topic:media-communication","abstract","twitter"
"W7106671402","method:quantitative","abstract","expert surveys"
"W7106671402","region:europe","title","european"
"W7106671402","region:europe","abstract","european"
"W7108071785","approach:ideational","abstract","ideational approach"
"W7108071785","topic:parties","abstract","radical right"
"W7108071785","topic:parties","abstract","parties"
"W7108071785","topic:migration","title","migration"
"W7108071785","topic:migration","abstract","migration"
"W7108071785","topic:migration","abstract","nativism"
"W7108071785","country:italy","title","italian (+ political word)"
"W7108071785","region:europe","rule","from the country named"
"W7112595312","topic:parties","abstract","party"
"W7112595312","topic:parties","abstract","parties"
"W7112595312","topic:parties","abstract","right wing populism"
"W7112595312","topic:parties","abstract","left wing populism"
"W7112595312","topic:voters","abstract","voters"
"W7117749939","topic:voters","title","voters"
"W7117749939","topic:voters","abstract","citizens"
"W7117749939","topic:voters","abstract","voters"
"W7117749939","topic:voters","abstract","voting behaviors"
"W7117749939","topic:religion","title","religiosity"
"W7117749939","topic:religion","abstract","religiosity"
"W7117749939","topic:religion","abstract","religious"
"W7117984814","topic:parties","title","party"
"W7117984814","topic:parties","abstract","party"
"W7117984814","topic:parties","abstract","parties"
"W7117984814","topic:parties","abstract","populist movements"
"W7118158954","topic:parties","title","right wing populist"
"W7118158954","topic:parties","abstract","right wing populist"
"W7118158954","topic:economy-welfare","abstract","economic"
"W7118158954","topic:economy-welfare","abstract","labour market"
"W7118158954","topic:religion","title","muslim"
"W7118158954","topic:religion","abstract","muslim"
"W7118158954","topic:religion","abstract","christian"
"W7118158954","topic:religion","abstract","religious"
"W7118158954","topic:migration","title","immigrants"
"W7118158954","topic:migration","abstract","immigrants"
"W7118158954","method:qualitative","abstract","semi structured"
"W7118158954","method:qualitative","abstract","interviews"
"W7118158954","country:italy","title","italy"
"W7118158954","country:italy","abstract","italy"
"W7118158954","region:europe","rule","from the country named"
"W7118167692","topic:parties","title","far right"
"W7118167692","topic:parties","abstract","far right"
"W7118167692","topic:economy-welfare","abstract","economic"
"W7118167692","topic:economy-welfare","abstract","inequalities"
"W7118167692","region:europe","title","europe"
"W7118167692","region:europe","abstract","european"
"W7118167692","region:europe","abstract","europe"
"W7118167692","country:estonia","abstract","estonia"
"W7118167692","country:estonia","abstract","estonian (+ political word)"
"W7118486454","topic:parties","title","radical right"
"W7118486454","topic:parties","abstract","radical right"
"W7118486454","topic:parties","abstract","parties"
"W7118486454","topic:parties","abstract","party"
"W7118486454","topic:voters","abstract","voters"
"W7118486454","topic:voters","abstract","attitudes"
"W7118486454","topic:voters","abstract","voter"
"W7118486454","topic:economy-welfare","abstract","economic"
"W7118486454","topic:economy-welfare","abstract","redistribution"
"W7118486454","topic:migration","abstract","migrants"
"W7118486454","topic:migration","abstract","anti immigration"
"W7118486454","topic:migration","abstract","refugee"
"W7118486454","topic:democracy-institutions","title","authoritarian"
"W7118486454","topic:democracy-institutions","abstract","authoritarian"
"W7118486454","method:quantitative","abstract","expert survey"
"W7118486454","method:survey","abstract","election study"
"W7118486454","region:europe","abstract","western europe"
"W7118486454","region:europe","abstract","eastern europe"
"W7118486454","region:europe","abstract","europe"
"W7118486454","country:poland","title","poland"
"W7118486454","country:poland","abstract","poland"
"W7118486454","country:poland","abstract","law and justice"
"W7118486454","country:poland","abstract","pis"
"W7118486454","country:poland","abstract","polish (+ political word)"
"W7118747504","topic:parties","title","right wing populism"
"W7118747504","topic:parties","abstract","right wing populism"
"W7118747504","topic:parties","abstract","populist leader"
"W7118747504","topic:religion","abstract","christian"
"W7118747504","topic:religion","abstract","christianity"
"W7118747504","topic:religion","abstract","religion"
"W7118747504","topic:religion","abstract","christians"
"W7119501802","topic:parties","title","radical right"
"W7119501802","topic:parties","abstract","radical right"
"W7119501802","topic:parties","abstract","party"
"W7119501802","topic:media-communication","title","media"
"W7119501802","topic:media-communication","title","framing"
"W7119501802","topic:media-communication","title","facebook"
"W7119501802","topic:media-communication","abstract","frames"
"W7119501802","topic:media-communication","abstract","media"
"W7119501802","topic:media-communication","abstract","facebook"
"W7119501802","topic:media-communication","abstract","communication"
"W7119501802","topic:media-communication","abstract","framing"
"W7119501802","country:czech-republic","title","czech (+ political word)"
"W7119501802","country:czech-republic","abstract","okamura"
"W7119501802","country:czech-republic","abstract","czech (+ political word)"
"W7119501802","region:europe","rule","from the country named"
"W7120106900","country:india","title","india"
"W7120106900","country:india","abstract","india"
"W7120106900","region:asia-pacific","rule","from the country named"
"W7123344882","topic:religion","title","christian"
"W7123344882","topic:religion","abstract","christian"
"W7124138557","topic:economy-welfare","abstract","redistributive"
"W7124138557","topic:economy-welfare","abstract","welfare"
"W7124138557","topic:economy-welfare","abstract","economic"
"W7124138557","country:india","title","india"
"W7124138557","country:india","abstract","india"
"W7124138557","country:india","abstract","modi"
"W7124138557","region:asia-pacific","rule","from the country named"
"W7124343845","topic:parties","abstract","radical right"
"W7124343845","topic:parties","abstract","party"
"W7124343845","topic:parties","abstract","populist movements"
"W7124343845","topic:media-communication","abstract","facebook"
"W7124343845","topic:media-communication","abstract","media"
"W7124343845","method:qualitative","abstract","qualitative"
"W7124343845","country:romania","title","romania"
"W7124343845","region:europe","rule","from the country named"
"W7124747282","topic:international","title","eu"
"W7124747282","topic:international","abstract","eu"
"W7124747282","topic:international","abstract","european union"
"W7124747282","topic:democracy-institutions","title","constitutional"
"W7124747282","topic:democracy-institutions","title","authoritarian"
"W7124747282","topic:democracy-institutions","title","rule of law"
"W7124747282","topic:democracy-institutions","abstract","constitutional"
"W7124747282","topic:democracy-institutions","abstract","rule of law"
"W7124747282","topic:democracy-institutions","abstract","authoritarian"
"W7124747282","region:europe","title","eu"
"W7124747282","region:europe","abstract","european"
"W7124747282","region:europe","abstract","eu"
"W7124747282","country:hungary","abstract","hungary"
"W7124762249","topic:international","title","eu"
"W7124762249","topic:media-communication","title","disinformation"
"W7124762249","topic:media-communication","abstract","media"
"W7124762249","topic:media-communication","abstract","propaganda"
"W7124762249","topic:media-communication","abstract","disinformation"
"W7124762249","topic:media-communication","abstract","rhetoric"
"W7124762249","topic:democracy-institutions","abstract","constitutional"
"W7124762249","region:europe","title","eu"
"W7124762249","country:united-states","title","us"
"W7124762249","country:united-states","abstract","united states"
"W7124762249","region:north-america","rule","from the country named"
"W7124769770","topic:parties","title","radical right"
"W7124769770","topic:parties","abstract","radical right"
"W7124769770","topic:parties","abstract","parties"
"W7124769770","topic:parties","abstract","manifestos"
"W7124769770","topic:media-communication","abstract","framing"
"W7124769770","topic:media-communication","abstract","rhetorical"
"W7124769770","country:moldova","abstract","moldova"
"W7124769770","country:romania","title","romania"
"W7124769770","country:romania","abstract","romania"
"W7124769770","country:romania","abstract","romanian (+ political word)"
"W7124769770","country:ukraine","abstract","ukraine"
"W7124769770","region:europe","rule","from the country named"
"W7125186309","topic:parties","title","partisan"
"W7125186309","topic:parties","abstract","party"
"W7125186309","topic:parties","abstract","parties"
"W7125186309","topic:parties","abstract","partisan"
"W7125186309","topic:voters","abstract","respondents"
"W7125186309","topic:voters","abstract","voters"
"W7125186309","topic:government","abstract","populists in power"
"W7125186309","topic:government","abstract","in power"
"W7125186309","method:survey","abstract","panel survey"
"W7125186309","method:survey","abstract","survey respondents"
"W7125186309","country:italy","abstract","italy"
"W7125186309","country:italy","abstract","m5s"
"W7125186309","region:europe","rule","from the country named"
"W7125472493","method:qualitative","abstract","interviews"
"W7125472493","country:united-states","title","trump"
"W7125472493","region:north-america","rule","from the country named"
"W7125489156","approach:performative","abstract","populist style"
"W7125489156","topic:defence-security","title","war"
"W7125489156","topic:defence-security","abstract","war"
"W7125489156","topic:defence-security","abstract","securitization"
"W7125489156","topic:international","title","european parliament"
"W7125489156","topic:international","abstract","european parliament"
"W7125489156","topic:international","abstract","eu"
"W7125489156","region:europe","title","european"
"W7125489156","region:europe","abstract","european"
"W7125489156","region:europe","abstract","eu"
"W7125489156","country:france","abstract","france"
"W7125489156","country:france","abstract","rassemblement national"
"W7125489156","country:italy","abstract","italy"
"W7125489156","country:italy","abstract","lega"
"W7125489156","country:italy","abstract","fratelli d italia"
"W7125489156","country:poland","abstract","poland"
"W7125489156","country:poland","abstract","law and justice"
"W7125489156","country:poland","abstract","pis"
"W7125489156","country:ukraine","title","ukraine"
"W7125600882","approach:discursive","abstract","laclau"
"W7125600882","topic:democracy-institutions","title","constitutionalism"
"W7125600882","topic:democracy-institutions","abstract","constitutional"
"W7125600882","topic:democracy-institutions","abstract","authoritarianism"
"W7125600882","topic:democracy-institutions","abstract","constitutionalism"
"W7125600882","region:latin-america","title","latin america"
"W7125600882","region:latin-america","abstract","latin america"
"W7125627840","topic:parties","title","radical right"
"W7125627840","topic:parties","title","parties"
"W7125627840","topic:parties","abstract","radical right"
"W7125627840","topic:parties","abstract","parties"
"W7125627840","topic:parties","abstract","party"
"W7125627840","topic:economy-welfare","abstract","social policy"
"W7125627840","topic:economy-welfare","abstract","welfare"
"W7125627840","method:qualitative","abstract","interviews"
"W7125627840","country:austria","abstract","fpo"
"W7125627840","region:europe","rule","from the country named"
"W7125799777","topic:parties","title","radical right"
"W7125799777","topic:parties","abstract","radical right"
"W7125799777","topic:parties","abstract","parties"
"W7125799777","method:quantitative","abstract","panel data"
"W7126012706","topic:defence-security","abstract","militarization"
"W7126012706","topic:defence-security","abstract","military"
"W7126012706","topic:parties","title","populist right"
"W7126012706","topic:media-communication","title","framing"
"W7126012706","topic:media-communication","abstract","communication"
"W7126012706","topic:media-communication","abstract","media"
"W7126012706","topic:media-communication","abstract","framing"
"W7126012706","country:united-states","abstract","trump"
"W7126012706","region:north-america","rule","from the country named"
"W7126042250","topic:media-communication","abstract","media"
"W7126042250","topic:media-communication","abstract","facebook"
"W7126042250","topic:media-communication","abstract","communication"
"W7126042250","method:mixed","abstract","mixed method"
"W7126042250","country:france","title","france"
"W7126042250","country:canada","title","canada"
"W7126042250","region:europe","rule","from the country named"
"W7126042250","region:north-america","rule","from the country named"
"W7126064975","topic:voters","abstract","voters"
"W7126064975","topic:voters","abstract","populist attitudes"
"W7126064975","topic:voters","abstract","vote choice"
"W7126064975","topic:media-communication","title","rhetoric"
"W7126064975","topic:media-communication","abstract","rhetoric"
"W7126064975","method:quantitative","abstract","quantitative analysis"
"W7126064975","country:south-korea","title","korean (+ political word)"
"W7126064975","region:asia-pacific","rule","from the country named"
"W7126370903","topic:parties","abstract","parties"
"W7126370903","topic:voters","abstract","voter"
"W7126370903","topic:voters","abstract","vote choice"
"W7126370903","topic:voters","abstract","voters"
"W7126370903","topic:spatial","abstract","spatial"
"W7126370903","topic:economy-welfare","title","economic"
"W7126370903","topic:economy-welfare","abstract","economic"
"W7126370903","method:survey","abstract","survey data"
"W7126439759","topic:parties","title","radical right"
"W7126439759","topic:parties","abstract","radical right"
"W7126439759","topic:parties","abstract","parties"
"W7126439759","topic:parties","abstract","party competition"
"W7126439759","topic:parties","abstract","party"
"W7126439759","topic:parties","abstract","party system"
"W7126439759","country:united-kingdom","abstract","scotland"
"W7126439759","country:united-kingdom","abstract","brexit"
"W7126439759","country:united-kingdom","abstract","scottish (+ political word)"
"W7126439759","region:europe","rule","from the country named"
"W7127315285","topic:economy-welfare","title","neoliberal"
"W7127404747","topic:foreign-policy","title","foreign policy"
"W7127404747","topic:government","title","administration"
"W7127404747","topic:religion","title","religion"
"W7127404747","country:united-states","title","america first"
"W7127404747","country:united-states","title","trump"
"W7127404747","region:north-america","rule","from the country named"
"W7127410823","topic:parties","title","populist right"
"W7127410823","topic:economy-welfare","title","neoliberal"
"W7127423649","topic:democracy-institutions","title","authoritarian"
"W7127423649","topic:democracy-institutions","title","court"
"W7127423649","topic:democracy-institutions","abstract","court"
"W7127423649","topic:democracy-institutions","abstract","authoritarian"
"W7127423649","topic:democracy-institutions","abstract","rule of law"
"W7127423649","topic:democracy-institutions","abstract","judicial"
"W7127423649","region:europe","title","european"
"W7127423649","region:europe","abstract","european"
"W7127423649","region:europe","abstract","europe"
"W7127647425","approach:performative","abstract","performative"
"W7127647425","topic:parties","title","right wing populism"
"W7127647425","topic:parties","abstract","right wing populists"
"W7127647425","topic:parties","abstract","right wing populism"
"W7127647425","topic:parties","abstract","social movements"
"W7127647425","topic:parties","abstract","political leaders"
"W7127647425","topic:parties","abstract","partisan"
"W7127647425","topic:media-communication","abstract","social networks"
"W7127647425","topic:media-communication","abstract","media"
"W7127647425","topic:media-communication","abstract","framing"
"W7127647425","topic:media-communication","abstract","rhetorical"
"W7127647425","topic:media-communication","abstract","rhetoric"
"W7127647425","topic:media-communication","abstract","propaganda"
"W7127647425","topic:religion","abstract","secularising"
"W7127647425","topic:religion","abstract","religious"
"W7127647425","topic:religion","abstract","secular"
"W7127647425","topic:religion","abstract","muslim"
"W7127647425","topic:religion","abstract","muslims"
"W7127647425","topic:religion","abstract","islamic"
"W7127647425","topic:religion","abstract","religion"
"W7127647425","topic:religion","abstract","sacred"
"W7127647425","topic:religion","abstract","hindu"
"W7127647425","topic:democracy-institutions","abstract","democratic institutions"
"W7127647425","topic:democracy-institutions","abstract","constitutional"
"W7127647425","country:india","title","india"
"W7127647425","country:india","abstract","india"
"W7127647425","country:india","abstract","indian (+ political word)"
"W7127647425","region:asia-pacific","rule","from the country named"
"W7127654865","todo:check-record","rule","the registry gives ""P"" as a family name, and OpenAlex names the author ""P. Thiruppathi"": the names in Zotero are to be checked by hand"
"W7127654865","topic:parties","title","parties"
"W7127654865","topic:parties","abstract","party leaders"
"W7127654865","topic:parties","abstract","parties"
"W7127654865","topic:parties","abstract","manifestos"
"W7127654865","topic:parties","abstract","party"
"W7127654865","topic:economy-welfare","abstract","economic"
"W7127654865","topic:economy-welfare","abstract","inequality"
"W7127654865","topic:economy-welfare","abstract","welfare"
"W7127654865","topic:media-communication","title","rhetoric"
"W7127654865","topic:media-communication","title","communication"
"W7127654865","topic:media-communication","abstract","rhetoric"
"W7127654865","topic:media-communication","abstract","communication"
"W7127654865","method:mixed","abstract","mixed methods"
"W7127654865","method:mixed","abstract","mixed method"
"W7127654865","country:india","abstract","india"
"W7127654865","country:india","abstract","indian (+ political word)"
"W7127654865","region:asia-pacific","rule","from the country named"
"W7128484282","topic:parties","abstract","far right"
"W7128484282","topic:migration","abstract","migration"
"W7128484282","topic:migration","abstract","immigration"
"W7128503050","topic:parties","abstract","populist leaders"
"W7128503050","topic:parties","abstract","parties"
"W7128503050","topic:parties","abstract","populist movements"
"W7128503050","topic:religion","title","catholics"
"W7128503050","topic:religion","abstract","catholicism"
"W7128503050","topic:religion","abstract","religion"
"W7128503050","topic:religion","abstract","catholic"
"W7128503050","topic:religion","abstract","catholics"
"W7128707124","topic:international","title","eu"
"W7128707124","topic:international","abstract","eurosceptic"
"W7128707124","topic:international","abstract","brexit"
"W7128707124","topic:international","abstract","eu"
"W7128707124","topic:parties","abstract","right wing populist"
"W7128707124","topic:parties","abstract","radical right"
"W7128707124","topic:parties","abstract","party"
"W7128707124","topic:media-communication","abstract","rhetoric"
"W7128707124","topic:media-communication","abstract","rhetorical"
"W7128707124","method:qualitative","abstract","qualitative"
"W7128707124","method:qualitative","abstract","interviews"
"W7128707124","region:europe","title","eu"
"W7128707124","region:europe","abstract","eu"
"W7128707124","country:finland","title","finland"
"W7128735626","approach:performative","title","populist style"
"W7128735626","topic:parties","title","far right"
"W7128735626","country:france","title","le pen"
"W7128735626","country:united-states","title","trump"
"W7128735626","region:europe","rule","from the country named"
"W7128735626","region:north-america","rule","from the country named"
"W7128776264","topic:voters","title","voting behaviour"
"W7128776264","topic:voters","abstract","electoral support"
"W7128776264","topic:voters","abstract","voters"
"W7128776264","topic:voters","abstract","respondents"
"W7128776264","topic:economy-welfare","title","welfare"
"W7128776264","topic:economy-welfare","abstract","welfare"
"W7128776264","topic:gender","title","gender"
"W7128776264","topic:gender","title","women"
"W7128776264","topic:gender","abstract","gender"
"W7128776264","topic:gender","abstract","women"
"W7128776264","method:qualitative","abstract","qualitative"
"W7128776264","method:qualitative","abstract","semi structured"
"W7128776264","method:qualitative","abstract","interviews"
"W7128811356","topic:parties","title","partisan"
"W7128811356","topic:parties","abstract","partisans"
"W7128811356","topic:parties","abstract","partisan"
"W7128811356","country:nicaragua","title","nicaragua"
"W7128811356","region:latin-america","rule","from the country named"
"W7129543669","topic:parties","title","right wing populism"
"W7129543669","country:turkey","title","turkey"
"W7129543669","region:europe","rule","from the country named"
"W7130401420","approach:performative","abstract","performative"
"W7130401420","topic:defence-security","title","war"
"W7130401420","topic:defence-security","abstract","war"
"W7130401420","topic:media-communication","abstract","framing"
"W7130401420","topic:media-communication","abstract","rhetoric"
"W7130401420","topic:democracy-institutions","title","judicial"
"W7130401420","country:israel","title","israel"
"W7130401420","country:israel","title","netanyahu"
"W7130401420","region:mena","rule","from the country named"
"W7130414818","topic:parties","abstract","far right"
"W7130414818","topic:parties","abstract","party"
"W7130414818","topic:economy-welfare","abstract","neoliberal"
"W7130414818","topic:economy-welfare","abstract","neoliberalism"
"W7130414818","topic:democracy-institutions","abstract","authoritarian"
"W7130511928","topic:democracy-institutions","title","authoritarian"
"W7130511928","topic:democracy-institutions","abstract","authoritarian"
"W7130577772","topic:media-communication","abstract","rhetoric"
"W7130577772","topic:media-communication","abstract","media"
"W7130577772","topic:democracy-institutions","abstract","authoritarian"
"W7130577772","method:qualitative","abstract","discourse analysis"
"W7130577772","country:united-states","title","trumpism"
"W7130577772","region:north-america","rule","from the country named"
"W7130838822","topic:parties","abstract","radical right"
"W7130838822","topic:parties","abstract","left wing populism"
"W7130838822","topic:voters","abstract","demand side"
"W7130838822","topic:voters","abstract","populist attitudes"
"W7130972743","topic:parties","title","radical right"
"W7130972743","topic:parties","abstract","party"
"W7130972743","topic:parties","abstract","radical right"
"W7130972743","topic:voters","abstract","demand side"
"W7130972743","topic:voters","abstract","electorate"
"W7130972743","topic:voters","abstract","populist attitudes"
"W7130972743","method:survey","abstract","nationally representative"
"W7130972743","method:survey","abstract","survey data"
"W7130972743","region:europe","title","eastern europe"
"W7130972743","country:romania","title","romania"
"W7130972743","country:romania","abstract","romania"
"W7130972743","country:romania","abstract","romanian (+ political word)"
"W7131067582","topic:parties","title","right wing populist"
"W7131067582","topic:parties","abstract","right wing populist"
"W7131067582","topic:parties","abstract","parties"
"W7131067582","topic:parties","abstract","party"
"W7131067582","topic:parties","abstract","radical right"
"W7131067582","topic:voters","abstract","voters"
"W7131067582","country:austria","title","austria"
"W7131067582","country:austria","abstract","fpo"
"W7131067582","country:austria","abstract","austrian (+ political word)"
"W7131067582","region:europe","rule","from the country named"
"W7131098843","topic:parties","title","manifestos"
"W7131098843","topic:parties","title","radical right"
"W7131098843","topic:parties","title","party"
"W7131098843","topic:parties","abstract","radical right"
"W7131098843","topic:parties","abstract","parties"
"W7131098843","topic:parties","abstract","party"
"W7131098843","topic:parties","abstract","manifestos"
"W7131098843","topic:migration","abstract","anti immigration"
"W7131098843","topic:migration","abstract","migration"
"W7131098843","topic:migration","abstract","immigration"
"W7131098843","topic:migration","abstract","nativism"
"W7131214743","topic:media-communication","title","media"
"W7131363134","approach:measurement","abstract","populism index"
"W7131363134","topic:parties","abstract","party"
"W7131363134","topic:parties","abstract","parties"
"W7131363134","topic:parties","abstract","partisan"
"W7131363134","topic:media-communication","title","communication"
"W7131363134","topic:media-communication","abstract","framing"
"W7131363134","topic:media-communication","abstract","media"
"W7131363134","topic:media-communication","abstract","frames"
"W7131363134","method:quantitative","abstract","logit"
"W7133345226","approach:discursive","abstract","discursive construction"
"W7133345226","topic:parties","title","left wing populism"
"W7133345226","topic:parties","abstract","left wing populists"
"W7133345226","topic:parties","abstract","populist leaders"
"W7133345226","topic:parties","abstract","left wing populist"
"W7133729658","topic:parties","abstract","populist leadership"
"W7133729658","topic:parties","abstract","populist leader"
"W7133729658","topic:government","abstract","populist president"
"W7133729658","topic:government","abstract","in office"
"W7133729658","topic:government","abstract","presidency"
"W7133729658","method:qualitative","abstract","semi structured"
"W7133729658","method:qualitative","abstract","interviews"
"W7133729658","country:brazil","abstract","brazil"
"W7133729658","country:brazil","abstract","bolsonaro"
"W7133729658","country:mexico","title","mexico"
"W7133729658","country:mexico","abstract","mexico"
"W7133729658","country:mexico","abstract","lopez obrador"
"W7133729658","country:mexico","abstract","amlo"
"W7133729658","region:latin-america","rule","from the country named"
"W7133751702","approach:performative","title","populist performances"
"W7133751702","approach:performative","abstract","populist performances"
"W7133751702","approach:performative","abstract","performative"
"W7133751702","topic:parties","abstract","candidate"
"W7133751702","topic:parties","abstract","populist leaders"
"W7133751702","topic:government","abstract","incumbent"
"W7133751702","topic:government","abstract","populist incumbents"
"W7133751702","topic:gender","title","masculinities"
"W7133751702","topic:gender","abstract","masculinity"
"W7133751702","topic:gender","abstract","masculinise"
"W7133751702","topic:gender","abstract","masculinities"
"W7133751702","topic:gender","abstract","gendered"
"W7133751702","topic:democracy-institutions","abstract","authoritarian"
"W7133751702","country:turkey","title","turkish (+ political word)"
"W7133751702","country:turkey","abstract","turkey"
"W7133751702","country:turkey","abstract","erdogan"
"W7133751702","region:europe","rule","from the country named"
"W7133751825","topic:parties","title","party"
"W7133751825","topic:parties","title","parties"
"W7133751825","topic:parties","title","party system"
"W7133751825","topic:parties","abstract","far right"
"W7133751825","topic:parties","abstract","party"
"W7133751825","topic:parties","abstract","parties"
"W7133751825","topic:parties","abstract","manifesto"
"W7133751825","topic:voters","abstract","voters"
"W7133751825","country:germany","title","german (+ political word)"
"W7133751825","country:germany","abstract","afd"
"W7133751825","region:europe","rule","from the country named"
"W7133754048","topic:defence-security","title","militarized"
"W7133754048","topic:defence-security","title","military"
"W7133754048","topic:defence-security","abstract","militarization"
"W7133754048","topic:defence-security","abstract","militarized"
"W7133754048","topic:defence-security","abstract","military"
"W7133754048","topic:defence-security","abstract","war"
"W7133754048","topic:democracy-institutions","title","authoritarian"
"W7133754048","country:turkey","title","turkey"
"W7133754048","country:turkey","abstract","turkey"
"W7133754048","country:turkey","abstract","akp"
"W7133754048","region:europe","rule","from the country named"
"W7133785930","country:india","title","india"
"W7133785930","country:india","title","modi"
"W7133785930","region:asia-pacific","rule","from the country named"
"W7133928059","topic:religion","abstract","hindutva"
"W7133928059","topic:religion","abstract","hindu"
"W7133928059","topic:religion","abstract","religious"
"W7133928059","topic:migration","abstract","diaspora"
"W7133928059","country:india","title","india"
"W7133928059","country:india","abstract","india"
"W7133928059","country:india","abstract","hindutva"
"W7133928059","region:asia-pacific","rule","from the country named"
"W7133950993","topic:voters","title","attitudes"
"W7134035085","topic:voters","title","populist attitudes"
"W7134035085","topic:voters","abstract","populist attitudes"
"W7134035085","topic:voters","abstract","attitudes"
"W7134043226","topic:foreign-policy","title","foreign policy"
"W7134043226","topic:foreign-policy","abstract","foreign policy"
"W7134043226","country:cyprus","title","cyprus"
"W7134043226","country:turkey","title","akp"
"W7134043226","country:turkey","abstract","justice and development party"
"W7134043226","country:turkey","abstract","akp"
"W7134043226","region:europe","rule","from the country named"
"W7134055029","topic:economy-welfare","title","economic"
"W7134055029","topic:economy-welfare","abstract","economic"
"W7134055029","method:quantitative","abstract","regression"
"W7134055029","method:quantitative","abstract","econometrically"
"W7134055029","region:europe","title","eastern europe"
"W7134055029","region:europe","abstract","eastern european"
"W7134055029","region:europe","abstract","eu"
"W7134111696","topic:defence-security","abstract","terrorism"
"W7134111696","topic:economy-welfare","abstract","economic"
"W7134111696","country:turkey","title","erdogan"
"W7134111696","country:turkey","abstract","erdogan"
"W7134111696","region:europe","rule","from the country named"
"W7134114973","country:netherlands","abstract","holland"
"W7134114973","country:poland","abstract","poland"
"W7134114973","country:poland","abstract","polish (+ political word)"
"W7134114973","region:europe","rule","from the country named"
"W7134139477","topic:parties","abstract","party"
"W7134139477","topic:parties","abstract","parties"
"W7134139477","topic:religion","title","religion"
"W7134139477","topic:religion","abstract","christian"
"W7134139477","topic:religion","abstract","islamic"
"W7134139477","topic:migration","abstract","immigrants"
"W7134139477","country:cyprus","title","cyprus"
"W7134139477","region:europe","rule","from the country named"
"W7134188603","approach:measurement","title","measuring populist"
"W7134188603","topic:parties","title","candidates"
"W7134188603","topic:parties","abstract","candidates"
"W7134188603","topic:parties","abstract","candidate"
"W7134188603","topic:media-communication","title","communication"
"W7134188603","topic:media-communication","title","media"
"W7134188603","topic:media-communication","abstract","media"
"W7134188603","topic:media-communication","abstract","twitter"
"W7134188603","topic:media-communication","abstract","frames"
"W7134188603","topic:media-communication","abstract","rhetorical"
"W7134188603","topic:media-communication","abstract","communication"
"W7134188603","country:indonesia","title","indonesian (+ political word)"
"W7134188603","country:indonesia","abstract","prabowo"
"W7134188603","country:indonesia","abstract","indonesian (+ political word)"
"W7134188603","region:asia-pacific","rule","from the country named"
"W7134202165","topic:parties","title","populist leadership"
"W7135100152","topic:religion","title","catholicism"
"W7135100152","topic:religion","abstract","catholic"
"W7135100152","topic:religion","abstract","church"
"W7135100152","topic:democracy-institutions","title","authoritarian"
"W7135100152","topic:democracy-institutions","abstract","authoritarian"
"W7135379746","topic:foreign-policy","title","foreign policy"
"W7136489018","approach:performative","abstract","performative"
"W7136489018","topic:media-communication","title","communication"
"W7136489018","topic:media-communication","abstract","communication"
"W7136489018","topic:media-communication","abstract","twitter"
"W7136489018","topic:media-communication","abstract","media"
"W7136489018","topic:media-communication","abstract","tweets"
"W7136489018","method:mixed","abstract","mixed methods"
"W7136489018","country:united-states","abstract","trump"
"W7136489018","region:north-america","rule","from the country named"
"W7138243154","topic:voters","abstract","populist attitudes"
"W7138243154","topic:voters","abstract","attitudes"
"W7138243154","topic:religion","title","religiosity"
"W7138243154","topic:religion","abstract","religiosity"
"W7138912922","topic:parties","title","far right"
"W7138912922","topic:parties","abstract","far right"
"W7138912922","topic:parties","abstract","party"
"W7138912922","topic:voters","abstract","voters"
"W7138912922","topic:voters","abstract","populist attitudes"
"W7138912922","topic:economy-welfare","abstract","financial crisis"
"W7138912922","topic:economy-welfare","abstract","economic crisis"
"W7138912922","topic:democracy-institutions","title","authoritarian"
"W7138912922","topic:democracy-institutions","abstract","authoritarian"
"W7138912922","region:europe","abstract","southern europe"
"W7138912922","region:europe","abstract","southern european"
"W7138912922","country:greece","title","greece"
"W7138912922","country:greece","abstract","greece"
"W7138912922","country:greece","abstract","greek (+ political word)"
"W7138921769","topic:parties","title","right wing populist"
"W7138921769","topic:parties","title","parties"
"W7138921769","topic:parties","abstract","right wing populist"
"W7138921769","topic:parties","abstract","parties"
"W7138921769","method:quantitative","abstract","regression"
"W7138921769","country:estonia","title","estonia"
"W7138921769","country:latvia","title","latvia"
"W7138921769","region:europe","rule","from the country named"
"W7138950714","topic:democracy-institutions","title","populism and democracy"
"W7138950714","topic:democracy-institutions","abstract","liberal democracy"
"W7138950714","topic:democracy-institutions","abstract","illiberal"
"W7138950714","topic:democracy-institutions","abstract","constitutional"
"W7138950714","topic:democracy-institutions","abstract","threat to democracy"
"W7139105613","country:china","title","china"
"W7139105613","region:asia-pacific","rule","from the country named"
"W7139114015","topic:democracy-institutions","title","authoritarian"
"W7139114015","topic:democracy-institutions","abstract","authoritarianism"
"W7139114015","topic:democracy-institutions","abstract","authoritarian"
"W7139114015","country:tunisia","title","tunisia"
"W7139114015","country:tunisia","abstract","tunisia"
"W7139114015","country:tunisia","abstract","kais saied"
"W7139114015","country:tunisia","abstract","tunisian (+ political word)"
"W7139114015","region:mena","rule","from the country named"
"W7139997731","region:sub-saharan-africa","title","africa"
"W7139997731","region:sub-saharan-africa","abstract","african"
"W7139997731","region:sub-saharan-africa","abstract","africa"
"W7140078599","topic:voters","abstract","citizens"
"W7140078599","topic:voters","abstract","voter"
"W7140078599","topic:voters","abstract","voters"
"W7140078599","topic:government","abstract","populism in government"
"W7140078599","topic:government","abstract","governing populist"
"W7140078599","topic:democracy-institutions","abstract","illiberal"
"W7140078599","topic:democracy-institutions","abstract","democratic norms"
"W7140078599","method:qualitative","abstract","qualitative"
"W7140078599","method:qualitative","abstract","interviews"
"W7140078599","method:quantitative","abstract","quantitative data"
"W7140078599","method:survey","abstract","election studies"
"W7140078599","country:poland","title","poland"
"W7140078599","country:poland","abstract","poland"
"W7140078599","country:poland","abstract","polish (+ political word)"
"W7140078599","region:europe","rule","from the country named"
"W7140084789","topic:media-communication","title","media"
"W7140084789","topic:media-communication","abstract","media"
"W7140084789","topic:media-communication","abstract","disinformation"
"W7140084789","region:europe","title","european"
"W7140084789","region:europe","abstract","europe"
"W7140084789","region:europe","abstract","european"
"W7140297909","topic:parties","abstract","parties"
"W7140297909","topic:parties","abstract","candidates"
"W7140297909","topic:parties","abstract","candidate"
"W7140297909","topic:voters","abstract","electoral support"
"W7140297909","topic:voters","abstract","vote choice"
"W7140297909","topic:voters","abstract","voters"
"W7140297909","topic:media-communication","abstract","rhetoric"
"W7140297909","method:experiment","abstract","conjoint"
"W7140513670","topic:spatial","title","spatial"
"W7140738821","approach:performative","abstract","political style"
"W7140738821","topic:parties","abstract","party"
"W7140738821","topic:media-communication","abstract","communication"
"W7140738821","topic:media-communication","abstract","framing"
"W7140738821","topic:media-communication","abstract","rhetoric"
"W7140738821","method:qualitative","abstract","qualitative"
"W7140738821","region:europe","abstract","european"
"W7140738821","region:europe","abstract","eastern europe"
"W7140738821","country:czech-republic","abstract","czechia"
"W7140738821","country:czech-republic","abstract","czech (+ political word)"
"W7140759564","country:india","title","indian (+ political word)"
"W7140759564","region:asia-pacific","rule","from the country named"
"W7140785413","topic:democracy-institutions","abstract","liberal democracies"
"W7140785413","topic:democracy-institutions","abstract","democratic institutions"
"W7140862983","topic:parties","abstract","populist movements"
"W7140862983","topic:parties","abstract","far right"
"W7140862983","topic:economy-welfare","abstract","economic"
"W7140862983","topic:economy-welfare","abstract","austerity"
"W7141703267","approach:performative","abstract","political style"
"W7141703267","topic:media-communication","title","rhetoric"
"W7141703267","topic:media-communication","abstract","rhetoric"
"W7141703267","method:experiment","abstract","experimental evidence"
"W7142654591","topic:democracy-institutions","title","judicial"
"W7142654591","topic:democracy-institutions","abstract","judicial"
"W7142654591","topic:democracy-institutions","abstract","courts"
"W7144145935","topic:government","title","populist government"
"W7144145935","topic:democracy-institutions","title","constitutional"
"W7144145935","topic:democracy-institutions","abstract","constitutional"
"W7144145935","topic:democracy-institutions","abstract","courts"
"W7144145935","country:poland","abstract","poland"
"W7144145935","region:europe","rule","from the country named"
"W7147057188","topic:parties","title","radical right"
"W7147057188","topic:gender","title","women"
"W7147057188","topic:gender","title","gender"
"W7147212698","country:united-states","abstract","united states"
"W7147212698","country:united-states","abstract","american (+ political word)"
"W7147212698","region:north-america","rule","from the country named"
"W7148240078","topic:spatial","title","rural"
"W7149530492","approach:other","title","understandings of populism"
"W7149530492","topic:parties","abstract","far right"
"W7149530492","topic:media-communication","title","journalists"
"W7149530492","topic:media-communication","abstract","journalism"
"W7149530492","topic:media-communication","abstract","journalists"
"W7149530492","method:qualitative","abstract","interviews"
"W7149530492","country:italy","title","italy"
"W7149530492","country:spain","title","spain"
"W7149530492","region:europe","rule","from the country named"
"W7150215156","topic:spatial","abstract","rural"
"W7150215156","topic:media-communication","abstract","communication"
"W7150215156","country:kenya","title","kenya"
"W7150215156","country:kenya","abstract","kenya"
"W7150215156","country:kenya","abstract","kenyan (+ political word)"
"W7150215156","region:sub-saharan-africa","rule","from the country named"
"W7151417516","topic:parties","title","populist leadership"
"W7151417516","topic:parties","abstract","populist leaders"
"W7151417516","topic:parties","abstract","right wing populist"
"W7151417516","topic:parties","abstract","populist leadership"
"W7151417516","topic:parties","abstract","populist politicians"
"W7151417516","topic:voters","abstract","supporters"
"W7151417516","topic:voters","abstract","voters"
"W7151417516","topic:media-communication","abstract","rhetoric"
"W7151417516","topic:media-communication","abstract","communication"
"W7151417516","topic:media-communication","abstract","media"
"W7151417866","topic:parties","abstract","right wing populist"
"W7151417866","topic:parties","abstract","party"
"W7151417866","topic:government","title","populist governance"
"W7151417866","topic:government","abstract","populist governance"
"W7151417866","topic:democracy-institutions","abstract","democratic backsliding"
"W7151417866","topic:democracy-institutions","abstract","liberal democracies"
"W7151417866","method:qualitative","abstract","qualitative"
"W7151417866","method:qualitative","abstract","interviews"
"W7151417866","country:sweden","title","sweden"
"W7151417866","region:europe","rule","from the country named"
"W7151593841","approach:ideational","abstract","ideational definitions"
"W7151593841","topic:parties","abstract","populist actors"
"W7151593841","country:france","title","macron"
"W7151593841","country:france","title","melenchon"
"W7151593841","country:france","abstract","macron"
"W7151593841","country:france","abstract","melenchon"
"W7151593841","country:united-kingdom","title","corbyn"
"W7151593841","region:europe","rule","from the country named"
"W7151627018","topic:parties","abstract","party"
"W7151627018","topic:parties","abstract","partisans"
"W7151627018","topic:voters","abstract","voters"
"W7151627018","topic:voters","abstract","supporters"
"W7151627018","topic:economy-welfare","abstract","economic"
"W7151627018","topic:religion","abstract","islamists"
"W7151627018","topic:religion","abstract","secular"
"W7151627018","method:qualitative","abstract","ethnographic"
"W7151627018","country:turkey","abstract","turkey"
"W7151627018","country:turkey","abstract","justice and development party"
"W7151627018","country:turkey","abstract","akp"
"W7151627018","region:europe","rule","from the country named"
"W7152064820","topic:parties","abstract","populist movements"
"W7152064820","topic:media-communication","abstract","rhetoric"
"W7152064820","topic:media-communication","abstract","media"
"W7152064820","topic:religion","title","islamist"
"W7152064820","topic:religion","title","religious"
"W7152064820","topic:religion","abstract","islamic"
"W7152064820","topic:religion","abstract","islam"
"W7152064820","topic:religion","abstract","religious"
"W7152064820","topic:religion","abstract","islamist"
"W7152064820","country:indonesia","title","indonesia"
"W7152064820","country:indonesia","abstract","indonesia"
"W7152064820","country:indonesia","abstract","indonesian (+ political word)"
"W7152064820","region:asia-pacific","rule","from the country named"
"W7152483501","topic:democracy-institutions","abstract","constitutional"
"W7152685086","approach:performative","abstract","populist performance"
"W7152685086","topic:economy-welfare","title","economy"
"W7152685086","topic:media-communication","abstract","media"
"W7152685086","topic:media-communication","abstract","disinformation"
"W7153125690","region:europe","title","european"
"W7153258715","approach:discursive","title","populist logic"
"W7153258715","topic:democracy-institutions","title","liberal democracy"
"W7153258715","country:hungary","title","hungary"
"W7153258715","region:europe","rule","from the country named"
"W7153297018","topic:parties","abstract","populist movements"
"W7153297018","topic:parties","abstract","populist leaders"
"W7153297018","topic:parties","abstract","populist leadership"
"W7153297018","topic:voters","title","support for populism"
"W7153297018","topic:economy-welfare","abstract","economic"
"W7153297018","topic:economy-welfare","abstract","inequality"
"W7153860385","topic:foreign-policy","abstract","foreign policy"
"W7153860385","topic:foreign-policy","abstract","foreign policies"
"W7153860385","topic:defence-security","title","nato"
"W7153860385","topic:defence-security","abstract","nato"
"W7153860385","topic:parties","abstract","radical right"
"W7153860385","topic:parties","abstract","parties"
"W7153860385","topic:parties","abstract","right wing populist"
"W7153860385","topic:government","abstract","administration"
"W7153860385","topic:government","abstract","in power"
"W7153860385","region:europe","abstract","european"
"W7153860385","region:europe","abstract","europe"
"W7153860385","country:italy","abstract","berlusconi"
"W7153860385","country:italy","abstract","meloni"
"W7153860385","country:italy","abstract","italian (+ political word)"
"W7153860385","country:united-states","abstract","united states"
"W7153860385","country:united-states","abstract","trump"
"W7153860385","region:north-america","rule","from the country named"
"W7153987784","topic:parties","title","radical right"
"W7153987784","topic:parties","abstract","radical right"
"W7153987784","topic:voters","title","attitudes"
"W7153987784","topic:voters","abstract","attitudes"
"W7153987784","topic:voters","abstract","citizens"
"W7153987784","method:survey","abstract","european social survey"
"W7153987784","region:europe","title","european"
"W7153987784","region:europe","abstract","europe"
"W7153987784","region:europe","abstract","european"
"W7153987784","region:europe","abstract","western europe"
"W7153987784","region:europe","abstract","eastern europe"
"W7153987784","region:europe","abstract","eu"
"W7154149420","approach:performative","abstract","political style"
"W7154149420","approach:economic","abstract","macroeconomic populism"
"W7154149420","topic:economy-welfare","title","neoliberal"
"W7154149420","topic:economy-welfare","abstract","neoliberal"
"W7154149420","topic:economy-welfare","abstract","neoliberalism"
"W7154149420","topic:economy-welfare","abstract","economic"
"W7154149420","topic:economy-welfare","abstract","economy"
"W7154149420","topic:economy-welfare","abstract","fiscal"
"W7154149420","method:qualitative","abstract","archival"
"W7154149420","country:peru","title","peru"
"W7154149420","country:peru","abstract","peru"
"W7154149420","country:peru","abstract","fujimori"
"W7154149420","country:peru","abstract","peruvian (+ political word)"
"W7154149420","region:latin-america","rule","from the country named"
"W7154160137","topic:voters","abstract","support for populist"
"W7154231341","approach:discursive","title","discursive approach"
"W7154231341","approach:discursive","abstract","laclau"
"W7154231341","approach:discursive","abstract","empty signifier"
"W7154231341","approach:discursive","abstract","discourse theory"
"W7154231341","approach:discursive","abstract","populist logic"
"W7154231341","topic:parties","abstract","party"
"W7154231341","country:portugal","title","portuguese (+ political word)"
"W7154231341","country:portugal","abstract","portugal"
"W7154231341","country:portugal","abstract","portuguese (+ political word)"
"W7154231341","region:europe","rule","from the country named"
"W7154473819","approach:measurement","abstract","measuring populist"
"W7154473819","topic:parties","title","party"
"W7154473819","topic:parties","abstract","party"
"W7154473819","topic:parties","abstract","candidates"
"W7154473819","topic:parties","abstract","parties"
"W7154473819","topic:media-communication","title","facebook"
"W7154473819","topic:media-communication","title","communication"
"W7154473819","topic:media-communication","abstract","media"
"W7154473819","topic:media-communication","abstract","communication"
"W7154473819","topic:media-communication","abstract","facebook"
"W7154473819","country:taiwan","title","taiwan"
"W7154473819","country:taiwan","abstract","taiwan"
"W7154473819","country:taiwan","abstract","taiwanese (+ political word)"
"W7154473819","region:asia-pacific","rule","from the country named"
"W7154477369","topic:parties","title","right wing populists"
"W7154477369","topic:parties","abstract","right wing populist"
"W7154477369","topic:parties","abstract","parties"
"W7154477369","topic:parties","abstract","populist right"
"W7154477369","topic:parties","abstract","right wing populism"
"W7154493187","approach:discursive","abstract","discourse theoretical"
"W7154493187","topic:parties","abstract","right wing populist"
"W7154493187","topic:parties","abstract","populist actors"
"W7154493187","topic:media-communication","abstract","media"
"W7154493187","topic:gender","title","genderism"
"W7154493187","topic:gender","abstract","gender"
"W7154493187","topic:gender","abstract","genderism"
"W7154493187","topic:gender","abstract","gendered"
"W7154493187","topic:gender","abstract","feminise"
"W7154493187","topic:gender","abstract","anti gender"
"W7154493187","topic:gender","abstract","feminist"
"W7154493187","topic:gender","abstract","patriarchal"
"W7154493187","country:hungary","title","hungary"
"W7154493187","country:sweden","title","sweden"
"W7154493187","country:turkey","title","turkey"
"W7154493187","region:europe","rule","from the country named"
"W7154592349","topic:voters","abstract","citizens"
"W7154606943","topic:parties","title","right wing populism"
"W7154622767","topic:parties","title","radical right"
"W7154622767","topic:parties","abstract","radical right"
"W7154622767","topic:parties","abstract","parties"
"W7154622767","topic:economy-welfare","title","economic"
"W7154622767","topic:economy-welfare","abstract","economic"
"W7154622767","topic:economy-welfare","abstract","economy"
"W7154622767","topic:economy-welfare","abstract","protectionism"
"W7154622767","region:europe","abstract","european"
"W7154622767","country:france","title","rassemblement national"
"W7154622767","country:france","abstract","france"
"W7154622767","country:france","abstract","rassemblement national"
"W7154622767","country:germany","title","alternative fur deutschland"
"W7154622767","country:germany","abstract","germany"
"W7154622767","country:germany","abstract","alternative fur deutschland"
"W7154622767","country:germany","abstract","afd"
"W7154897947","topic:voters","title","citizens"
"W7154897947","topic:voters","abstract","citizens"
"W7154897947","topic:voters","abstract","populist attitudes"
"W7154897947","method:survey","abstract","survey data"
"W7154897947","method:mixed","title","mixed methods"
"W7154897947","method:mixed","abstract","mixed methods"
"W7154980264","topic:parties","abstract","parties"
"W7154980264","topic:parties","abstract","party"
"W7154987622","topic:parties","title","social movement"
"W7154987622","topic:parties","abstract","party"
"W7154987622","topic:parties","abstract","social movements"
"W7154987622","topic:parties","abstract","parties"
"W7154987622","topic:media-communication","abstract","frames"
"W7154987622","topic:media-communication","abstract","framing"
"W7154987622","topic:democracy-institutions","abstract","constitutional"
"W7154987622","topic:democracy-institutions","abstract","constitutionalism"
"W7154987622","topic:democracy-institutions","abstract","democratic institutions"
"W7154987622","method:qualitative","abstract","qualitative"
"W7154987622","country:canada","abstract","canada"
"W7154987622","country:canada","abstract","canadian (+ political word)"
"W7154987622","region:north-america","rule","from the country named"
"W7155069228","topic:international","abstract","european union"
"W7155069228","topic:international","abstract","eu"
"W7155069228","topic:government","abstract","presidency"
"W7155069228","topic:democracy-institutions","abstract","illiberal"
"W7155069228","topic:democracy-institutions","abstract","authoritarian"
"W7155069228","method:qualitative","abstract","interviews"
"W7155069228","region:europe","title","european"
"W7155069228","region:europe","abstract","european"
"W7155069228","region:europe","abstract","eu"
"W7155069228","country:hungary","title","hungary"
"W7155069228","country:hungary","abstract","hungary"
"W7155069228","country:hungary","abstract","orban"
"W7155179314","topic:religion","title","islamic"
"W7155179314","topic:religion","title","religious"
"W7155179314","topic:religion","title","muslim"
"W7155179314","topic:religion","abstract","islamic"
"W7155179314","topic:religion","abstract","muslim"
"W7155179314","topic:religion","abstract","religious"
"W7155179314","method:qualitative","abstract","ethnographic"
"W7155179314","method:qualitative","abstract","fieldwork"
"W7155179314","method:qualitative","abstract","interviews"
"W7155213976","topic:parties","abstract","party"
"W7155213976","region:europe","abstract","western european"
"W7155213976","region:europe","abstract","eu"
"W7155213976","country:italy","title","italy"
"W7155213976","country:italy","title","brothers of italy"
"W7155213976","country:italy","abstract","italy"
"W7155213976","country:italy","abstract","brothers of italy"
"W7155213976","country:italy","abstract","fratelli d italia"
"W7155213976","country:italy","abstract","meloni"
"W7155213976","country:italy","abstract","italian (+ political word)"
"W7155225138","topic:foreign-policy","title","foreign policy"
"W7155225138","topic:foreign-policy","abstract","foreign policy"
"W7155225138","topic:foreign-policy","abstract","foreign policymaking"
"W7155225138","topic:media-communication","abstract","communication"
"W7155225138","topic:democracy-institutions","abstract","democratization"
"W7155225138","topic:democracy-institutions","abstract","democratic institutions"
"W7155225138","topic:democracy-institutions","abstract","authoritarian"
"W7155225138","region:sub-saharan-africa","abstract","sub saharan africa"
"W7155225138","region:sub-saharan-africa","abstract","sub saharan african"
"W7155225138","region:sub-saharan-africa","abstract","african"
"W7155225138","country:senegal","title","senegal"
"W7155494825","topic:parties","abstract","parties"
"W7155494825","topic:media-communication","title","rhetoric"
"W7155494825","topic:media-communication","abstract","rhetoric"
"W7155494825","topic:media-communication","abstract","rhetorical"
"W7155494825","topic:migration","title","immigration"
"W7155494825","topic:migration","abstract","anti immigration"
"W7155494825","topic:migration","abstract","immigration"
"W7155494825","method:qta","abstract","topic modeling"
"W7155494825","method:qta","abstract","sentiment analysis"
"W7155550286","topic:parties","title","populist leaders"
"W7155550286","topic:parties","abstract","populist leaders"
"W7155550286","topic:parties","abstract","parties"
"W7155550286","topic:media-communication","title","journalists"
"W7155550286","topic:media-communication","abstract","journalists"
"W7155550286","topic:media-communication","abstract","media"
"W7155550286","topic:media-communication","abstract","journalistic"
"W7155550286","topic:media-communication","abstract","journalism"
"W7155550286","method:qualitative","abstract","interviews"
"W7155550286","method:qualitative","abstract","semi structured"
"W7155630626","country:china","title","china"
"W7155630626","region:asia-pacific","rule","from the country named"
"W7155650641","topic:parties","abstract","parties"
"W7155650641","topic:parties","abstract","party"
"W7155650641","topic:parties","abstract","candidates"
"W7155650641","topic:voters","abstract","voter"
"W7155650641","topic:voters","abstract","voters"
"W7155650641","topic:democracy-institutions","title","illiberal"
"W7155650641","topic:democracy-institutions","abstract","authoritarian"
"W7155650641","country:hungary","title","hungary"
"W7155650641","region:europe","rule","from the country named"
"W7156178935","todo:check-record","rule","the registry gives ""Yu"" as a family name, and OpenAlex names the author ""Yu Wang"": the names in Zotero are to be checked by hand"
"W7156178935","topic:media-communication","abstract","rhetoric"
"W7156178935","country:united-states","abstract","u s"
"W7156178935","region:north-america","rule","from the country named"
"W7156229342","topic:parties","title","radical right"
"W7156229342","topic:parties","abstract","right wing populist"
"W7156229342","topic:parties","abstract","parties"
"W7156229342","topic:parties","abstract","radical right"
"W7156229342","topic:spatial","title","rural urban"
"W7156229342","topic:spatial","abstract","rural"
"W7156229342","topic:spatial","abstract","spatial"
"W7156229342","topic:migration","abstract","immigration"
"W7156229342","topic:migration","abstract","migrants"
"W7156229342","method:survey","abstract","election study"
"W7156229342","country:germany","title","germany"
"W7156229342","country:germany","title","afd"
"W7156229342","country:germany","abstract","germany"
"W7156229342","country:germany","abstract","alternative for germany"
"W7156229342","country:germany","abstract","afd"
"W7156229342","region:europe","rule","from the country named"
"W7156689668","topic:defence-security","abstract","national security"
"W7156689668","topic:defence-security","abstract","militarization"
"W7156689668","topic:defence-security","abstract","military"
"W7156689668","region:europe","abstract","europe"
"W7156689668","region:europe","abstract","european"
"W7159599812","topic:migration","title","migration"
"W7159599812","country:united-states","title","trumpism"
"W7159599812","region:north-america","rule","from the country named"
"W7160275919","country:united-kingdom","abstract","britain"
"W7160275919","country:united-kingdom","abstract","england"
"W7160275919","region:europe","rule","from the country named"
"W7160292019","topic:media-communication","title","rhetoric"
"W7160292019","topic:media-communication","title","misinformation"
"W7160292019","topic:media-communication","title","communication"
"W7160292019","topic:media-communication","abstract","communication"
"W7160292019","topic:media-communication","abstract","rhetorical"
"W7160292019","topic:media-communication","abstract","misinformation"
"W7160292019","topic:media-communication","abstract","rhetoric"
"W7160419267","topic:parties","abstract","party"
"W7160419267","topic:parties","abstract","radical right"
"W7160419267","topic:voters","abstract","populist attitudes"
"W7160419267","topic:voters","abstract","voters"
"W7160419267","topic:voters","abstract","attitudes"
"W7160419267","topic:democracy-institutions","abstract","democratic norms"
"W7160419267","country:austria","abstract","fpo"
"W7160419267","country:austria","abstract","austrian (+ political word)"
"W7160419267","region:europe","rule","from the country named"
"W7160432553","topic:parties","abstract","populist leaders"
"W7160432553","topic:parties","abstract","party"
"W7160432553","topic:religion","title","religious"
"W7160432553","topic:religion","abstract","religious"
"W7160432553","topic:religion","abstract","sacred"
"W7160432553","topic:religion","abstract","secular"
"W7160432553","method:qualitative","abstract","interviews"
"W7160432553","country:turkey","title","turkey"
"W7160432553","country:turkey","abstract","erdogan"
"W7160432553","country:turkey","abstract","justice and development party"
"W7160432553","region:europe","rule","from the country named"
"W7160487620","topic:voters","title","attitudes"
"W7160487620","topic:voters","abstract","attitudes"
"W7160487620","topic:gender","title","gender"
"W7160487620","topic:gender","abstract","gender"
"W7160487620","topic:religion","title","religiosity"
"W7160487620","topic:religion","abstract","religiosity"
"W7160635699","topic:media-communication","abstract","rhetoric"
"W7160635699","topic:gender","abstract","gender"
"W7160635699","topic:religion","abstract","muslim"
"W7160635699","topic:religion","abstract","islam"
"W7160635699","topic:religion","abstract","christian"
"W7160635699","topic:religion","abstract","islamisation"
"W7160635699","topic:migration","abstract","migration"
"W7160635699","topic:migration","abstract","anti immigration"
"W7160635699","topic:migration","abstract","migrant"
"W7160635699","country:hungary","title","hungary"
"W7160635699","country:hungary","abstract","hungary"
"W7160635699","country:hungary","abstract","hungarian (+ political word)"
"W7160635699","region:europe","rule","from the country named"
"W7160651005","topic:voters","abstract","voter"
"W7160651005","topic:voters","abstract","voting behaviour"
"W7160651005","method:qualitative","abstract","interviews"
"W7160655282","topic:parties","abstract","parties"
"W7160655282","topic:parties","abstract","left wing populist"
"W7160655282","method:quantitative","abstract","regression"
"W7160655282","country:italy","abstract","italy"
"W7160655282","country:italy","abstract","five star movement"
"W7160655282","region:europe","rule","from the country named"
"W7160659907","topic:parties","title","radical right"
"W7160659907","topic:parties","abstract","radical right"
"W7160659907","topic:parties","abstract","parties"
"W7160659907","topic:parties","abstract","party"
"W7160659907","topic:voters","abstract","voters"
"W7160659907","topic:gender","abstract","anti gender"
"W7160659907","topic:gender","abstract","feminists"
"W7160659907","topic:migration","abstract","asylum"
"W7160659907","topic:migration","abstract","migrants"
"W7160659907","method:survey","abstract","election study"
"W7160659907","country:switzerland","title","swiss (+ political word)"
"W7160659907","country:switzerland","abstract","swiss people s party"
"W7160659907","country:switzerland","abstract","swiss (+ political word)"
"W7160659907","region:europe","rule","from the country named"
"W7160707550","topic:voters","abstract","citizens"
"W7160712856","topic:foreign-policy","title","foreign policy"
"W7160712856","topic:foreign-policy","abstract","foreign policy"
"W7160712856","method:qualitative","abstract","interviews"
"W7160712856","country:poland","abstract","poland"
"W7160712856","country:poland","abstract","law and justice"
"W7160712856","country:poland","abstract","pis"
"W7160712856","region:europe","rule","from the country named"
"W7160840140","topic:parties","title","populist leadership"
"W7160840140","topic:parties","abstract","populist leadership"
"W7160840140","topic:government","abstract","populist rule"
"W7160840140","topic:government","abstract","populist administrations"
"W7160840140","topic:government","abstract","populist governance"
"W7160840140","topic:economy-welfare","abstract","economic"
"W7160840140","method:quantitative","abstract","difference in differences"
"W7160861158","approach:performative","title","populist performances"
"W7160861158","topic:parties","title","far right"
"W7160861158","topic:parties","abstract","radical right"
"W7160861158","topic:parties","abstract","far right"
"W7160861158","topic:migration","abstract","xenophobic"
"W7160861158","topic:migration","abstract","immigration"
"W7160861158","topic:migration","abstract","migrants"
"W7160861158","region:europe","abstract","european"
"W7160861158","country:france","title","france"
"W7160861158","country:france","abstract","france"
"W7160861158","country:france","abstract","le pen"
"W7160861158","country:france","abstract","zemmour"
"W7160861158","country:germany","title","germany"
"W7160861158","country:germany","abstract","germany"
"W7160861158","country:germany","abstract","alternative for germany"
"W7160861158","country:germany","abstract","afd"
"W7160861565","approach:performative","abstract","performative"
"W7161000308","topic:democracy-institutions","title","authoritarian"
"W7161000308","topic:democracy-institutions","abstract","authoritarian"
"W7161028693","topic:parties","title","radical right"
"W7161028693","topic:parties","abstract","radical right"
"W7161042602","topic:parties","abstract","left wing populism"
"W7161042602","topic:parties","abstract","right wing populism"
"W7161042602","topic:economy-welfare","abstract","economy"
"W7161042602","topic:economy-welfare","abstract","economic"
"W7161042602","topic:democracy-institutions","abstract","rule of law"
"W7161042602","topic:democracy-institutions","abstract","liberal democracy"
"W7161079429","topic:parties","abstract","parties"
"W7161079429","topic:economy-welfare","title","austerity"
"W7161079429","topic:economy-welfare","title","labor market"
"W7161079429","topic:economy-welfare","abstract","labor market"
"W7161079429","topic:economy-welfare","abstract","unemployment"
"W7161079429","topic:economy-welfare","abstract","welfare"
"W7161079429","method:survey","abstract","european social survey"
"W7161079429","region:europe","title","western european"
"W7161079429","region:europe","abstract","europe"
"W7161079429","region:europe","abstract","european"
"W7161235137","topic:international","title","eu"
"W7161235137","topic:international","abstract","supranational"
"W7161235137","topic:international","abstract","supranationally"
"W7161235137","topic:international","abstract","european parliament"
"W7161235137","topic:international","abstract","european union"
"W7161235137","topic:international","abstract","eu"
"W7161235137","topic:parties","abstract","parties"
"W7161235137","topic:parties","abstract","party"
"W7161235137","topic:government","abstract","in office"
"W7161235137","region:europe","title","eu"
"W7161235137","region:europe","abstract","european"
"W7161235137","region:europe","abstract","eu"
"W7161299656","topic:media-communication","abstract","rhetoric"
"W7161299656","topic:democracy-institutions","title","constitutional"
"W7161299656","topic:democracy-institutions","abstract","constitutional"
"W7161299656","topic:democracy-institutions","abstract","constitutionalism"
"W7161536460","topic:parties","title","right wing populists"
"W7161536460","topic:parties","abstract","radical right"
"W7161536460","topic:parties","abstract","right wing populist"
"W7161536460","topic:parties","abstract","candidate"
"W7161536460","topic:economy-welfare","abstract","economic"
"W7161536460","topic:media-communication","title","frames"
"W7161536460","topic:media-communication","abstract","frames"
"W7161536460","region:latin-america","title","latin america"
"W7161536460","country:costa-rica","title","costa rica"
"W7161575730","approach:discursive","abstract","discursive construction"
"W7161575730","topic:parties","title","party"
"W7161575730","topic:parties","abstract","party"
"W7161575730","topic:parties","abstract","radical right"
"W7161575730","topic:media-communication","title","communication"
"W7161575730","topic:media-communication","title","media"
"W7161575730","topic:media-communication","abstract","media"
"W7161575730","topic:media-communication","abstract","framing"
"W7161575730","topic:media-communication","abstract","communication"
"W7161575730","topic:media-communication","abstract","propaganda"
"W7161575730","topic:media-communication","abstract","frames"
"W7161575730","topic:media-communication","abstract","rhetoric"
"W7161575730","method:qualitative","abstract","qualitative"
"W7161575730","country:portugal","title","portugal"
"W7161575730","region:europe","rule","from the country named"
"W7161781224","approach:performative","title","populist style"
"W7161781224","topic:media-communication","abstract","communication"
"W7161781224","topic:media-communication","abstract","rhetorical"
"W7161781224","topic:democracy-institutions","title","judicial"
"W7161781224","topic:democracy-institutions","abstract","judicial"
"W7161781224","topic:democracy-institutions","abstract","court"
"W7161789006","country:south-korea","title","south korea"
"W7161789006","country:south-korea","abstract","south korea"
"W7161789006","country:south-korea","abstract","korean (+ political word)"
"W7161789006","region:asia-pacific","rule","from the country named"
"W7161822444","topic:democracy-institutions","title","constitutional"
"W7161822444","country:hungary","title","hungary"
"W7161822444","region:europe","rule","from the country named"
"W7161935484","topic:parties","abstract","populist leaders"
"W7161935484","method:qualitative","abstract","comparative case study"
"W7161990408","topic:voters","abstract","attitudes"
"W7161990408","topic:voters","abstract","supporters"
"W7161990408","topic:media-communication","abstract","media"
"W7161990408","topic:media-communication","abstract","propaganda"
"W7161990408","country:hungary","title","hungary"
"W7161990408","region:europe","rule","from the country named"
"W7162025863","topic:parties","abstract","populist movements"
"W7162025863","topic:parties","abstract","right wing populist"
"W7162025863","topic:economy-welfare","abstract","economic"
"W7162025863","topic:economy-welfare","abstract","neoliberal"
"W7162025863","country:hungary","abstract","hungary"
"W7162025863","country:hungary","abstract","fidesz"
"W7162025863","country:poland","abstract","poland"
"W7162025863","country:poland","abstract","pis"
"W7162025863","region:europe","rule","from the country named"
"W7162211571","topic:international","abstract","eu"
"W7162211571","topic:parties","title","populist right"
"W7162211571","topic:parties","abstract","populist right"
"W7162211571","topic:parties","abstract","parties"
"W7162211571","topic:voters","title","supporters"
"W7162211571","topic:voters","abstract","supporters"
"W7162211571","topic:voters","abstract","electorates"
"W7162211571","topic:voters","abstract","public opinion"
"W7162211571","topic:economy-welfare","abstract","labour market"
"W7162211571","topic:migration","title","refugee"
"W7162211571","topic:migration","abstract","refugee"
"W7162211571","topic:migration","abstract","refugees"
"W7162211571","topic:migration","abstract","asylum"
"W7162211571","method:experiment","title","survey experiment"
"W7162211571","method:experiment","abstract","survey experiment"
"W7162211571","region:europe","abstract","eu"
"W7162211571","country:russia","abstract","russia"
"W7162213864","topic:voters","abstract","populist attitudes"
"W7162213864","topic:media-communication","abstract","rhetoric"
"W7162213864","topic:democracy-institutions","title","authoritarianism"
"W7162213864","method:quantitative","abstract","structural equation"
"W7162213864","region:europe","title","european"
"W7162213864","country:italy","abstract","italy"
"W7162213864","country:romania","abstract","romania"
"W7162213864","country:romania","abstract","romanian (+ political word)"
"W7162216511","approach:measurement","abstract","populism index"
"W7162216511","topic:parties","title","party system"
"W7162216511","topic:parties","abstract","populist movements"
"W7162216511","topic:parties","abstract","parties"
"W7162216511","topic:parties","abstract","party system"
"W7162216511","topic:parties","abstract","party systems"
"W7162216511","method:quantitative","abstract","panel data"
"W7162297099","topic:international","title","european union"
"W7162297099","topic:international","abstract","european union"
"W7162297099","topic:international","abstract","eu"
"W7162297099","topic:parties","abstract","parties"
"W7162297099","topic:parties","abstract","far right"
"W7162297099","topic:voters","abstract","attitudes"
"W7162297099","topic:economy-welfare","abstract","economic"
"W7162297099","topic:migration","title","immigration"
"W7162297099","topic:migration","abstract","immigration"
"W7162297099","topic:migration","abstract","anti immigrant"
"W7162297099","topic:migration","abstract","immigrant"
"W7162297099","method:survey","abstract","european social survey"
"W7162297099","region:europe","title","european"
"W7162297099","region:europe","abstract","europe"
"W7162297099","region:europe","abstract","european"
"W7162297099","region:europe","abstract","eu"
"W7162317955","topic:economy-welfare","abstract","neoliberal"
"W7162317955","topic:economy-welfare","abstract","neoliberalism"
"W7162317955","topic:democracy-institutions","title","authoritarian"
"W7162317955","topic:democracy-institutions","abstract","authoritarian"
"W7162402507","topic:voters","title","populist attitudes"
"W7162402507","topic:voters","abstract","attitudes"
"W7162402507","topic:voters","abstract","populist attitudes"
"W7162402507","topic:voters","abstract","respondents"
"W7162402507","topic:democracy-institutions","abstract","democratic institutions"
"W7162402507","topic:democracy-institutions","abstract","checks and balances"
"W7162402507","method:survey","abstract","american national election studies"
"W7162402507","country:united-states","title","united states"
"W7162402507","country:united-states","abstract","united states"
"W7162402507","country:united-states","abstract","american (+ political word)"
"W7162402507","region:north-america","rule","from the country named"
"W7162424073","topic:voters","abstract","citizens"
"W7162424073","topic:voters","abstract","respondents"
"W7162424073","topic:voters","abstract","attitudes"
"W7162424073","topic:democracy-institutions","title","liberal democracy"
"W7162424073","topic:democracy-institutions","title","authoritarian"
"W7162424073","topic:democracy-institutions","abstract","authoritarianism"
"W7162424073","topic:democracy-institutions","abstract","democratic institutions"
"W7162424073","topic:democracy-institutions","abstract","authoritarians"
"W7162424073","topic:democracy-institutions","abstract","liberal democracy"
"W7162424073","region:europe","title","western europeans"
"W7162426012","topic:parties","title","right wing populism"
"W7162426012","method:survey","abstract","survey data"
"W7162435911","topic:parties","title","radical right"
"W7162435911","topic:parties","title","party"
"W7162435911","topic:parties","abstract","party"
"W7162435911","topic:parties","abstract","radical right"
"W7162435911","topic:parties","abstract","parties"
"W7162435911","topic:voters","title","demand side"
"W7162435911","topic:voters","title","voter"
"W7162435911","topic:voters","abstract","demand side"
"W7162435911","topic:voters","abstract","voter"
"W7162435911","topic:voters","abstract","attitudes"
"W7162435911","topic:media-communication","abstract","media"
"W7162435911","topic:migration","abstract","nativist"
"W7162435911","method:quantitative","abstract","structural equation"
"W7162435911","method:survey","abstract","representative survey"
"W7162435911","country:germany","title","afd"
"W7162435911","country:germany","abstract","germany"
"W7162435911","country:germany","abstract","alternative fur deutschland"
"W7162435911","country:germany","abstract","afd"
"W7162435911","region:europe","rule","from the country named"
"W7162499843","topic:democracy-institutions","abstract","illiberal"
"W7162499843","topic:democracy-institutions","abstract","liberal democracy"
"W7162499843","country:russia","abstract","russia"
"W7162499843","country:russia","abstract","putin"
"W7162499843","region:europe","rule","from the country named"
"W7162525212","topic:economy-welfare","title","economy"
"W7162525212","topic:democracy-institutions","title","authoritarian"
"W7162561154","topic:voters","abstract","attitudes"
"W7162561154","topic:voters","abstract","populist attitudes"
"W7162561154","region:europe","title","european"
"W7162633276","topic:international","title","euroscepticism"
"W7162633276","topic:international","abstract","eurosceptic"
"W7162633276","topic:international","abstract","transnational"
"W7162633276","topic:international","abstract","european integration"
"W7162633276","topic:international","abstract","euroscepticism"
"W7162633276","topic:international","abstract","european union"
"W7162633276","topic:parties","title","party"
"W7162633276","topic:parties","abstract","parties"
"W7162633276","topic:parties","abstract","party"
"W7162633276","topic:parties","abstract","radical right"
"W7162633276","region:europe","title","european"
"W7162633276","region:europe","abstract","european"
"W7162682009","topic:parties","title","party system"
"W7162682009","topic:parties","abstract","party system"
"W7162682009","topic:parties","abstract","parties"
"W7162682009","topic:parties","abstract","party systems"
"W7162682009","region:europe","title","european"
"W7162682009","region:europe","abstract","european"
"W7162685050","topic:media-communication","title","media"
"W7162685050","topic:media-communication","abstract","media"
"W7162685050","topic:democracy-institutions","title","authoritarian"
"W7162685050","topic:democracy-institutions","abstract","authoritarian"
"W7162685050","topic:democracy-institutions","abstract","democratic institutions"
"W7162685050","topic:democracy-institutions","abstract","authoritarianpopulism"
"W7162685050","country:croatia","abstract","croatia"
"W7162685050","country:hungary","abstract","hungary"
"W7162685050","country:hungary","abstract","orban"
"W7162685050","country:slovenia","abstract","slovenia"
"W7162685050","country:slovenia","abstract","jansa"
"W7162685050","region:europe","rule","from the country named"
"W7162780219","topic:democracy-institutions","title","authoritarianism"
"W7162785365","topic:parties","title","partisan"
"W7162785365","topic:parties","abstract","partisan"
"W7162785365","topic:parties","abstract","partisans"
"W7162785365","topic:parties","abstract","parties"
"W7162785365","topic:parties","abstract","party"
"W7162785365","topic:voters","title","populist attitudes"
"W7162785365","topic:voters","abstract","voter"
"W7162785365","topic:voters","abstract","supporters"
"W7162785365","topic:voters","abstract","populist attitudes"
"W7162785365","topic:democracy-institutions","abstract","constitutional"
"W7162785365","topic:democracy-institutions","abstract","court"
"W7162785365","topic:democracy-institutions","abstract","rule of law"
"W7162785365","method:survey","abstract","panel survey"
"W7162785365","country:south-korea","abstract","south korea"
"W7162785365","country:south-korea","abstract","south (+ political word)"
"W7162785365","country:south-korea","abstract","korean (+ political word)"
"W7162785365","region:asia-pacific","rule","from the country named"
"W7162794298","topic:economy-welfare","title","economy"
"W7162794298","topic:democracy-institutions","title","authoritarian"
"W7162794298","country:india","title","india"
"W7162794298","country:india","title","modi"
"W7162794298","region:asia-pacific","rule","from the country named"
"W7162808328","topic:media-communication","title","rhetoric"
"W7162808328","topic:media-communication","abstract","rhetoric"
"W7162808328","method:mixed","abstract","mixed method"
"W7162808328","country:greece","title","syriza"
"W7162808328","country:greece","abstract","tsipras"
"W7162808328","country:greece","abstract","syriza"
"W7162808328","region:europe","rule","from the country named"
"W7163060341","topic:parties","title","radical right"
"W7163060341","topic:parties","title","parties"
"W7163060341","topic:parties","abstract","radical right"
"W7163060341","topic:parties","abstract","parties"
"W7163060341","topic:parties","abstract","party"
"W7163060341","topic:voters","title","support for populist"
"W7163060341","topic:voters","abstract","support for populist"
"W7163060341","topic:voters","abstract","demand side"
"W7163060341","topic:economy-welfare","abstract","economic"
"W7163060341","country:united-kingdom","title","uk"
"W7163060341","country:united-kingdom","abstract","uk"
"W7163060341","country:united-kingdom","abstract","ukip"
"W7163060341","region:europe","rule","from the country named"
"W7163060733","method:qualitative","abstract","semi structured"
"W7163060733","method:qualitative","abstract","interviews"
"W7163163096","topic:parties","title","radical right"
"W7163163096","topic:economy-welfare","title","inequalities"
"W7163163096","topic:economy-welfare","abstract","inequality"
"W7163163096","topic:economy-welfare","abstract","inequalities"
"W7163163096","topic:economy-welfare","abstract","welfare"
"W7163163096","topic:economy-welfare","abstract","economic"
"W7163163096","region:europe","title","europe"
"W7163336496","topic:democracy-institutions","title","constitutional"
"W7163336496","topic:democracy-institutions","title","constitutionalism"
"W7163420403","topic:parties","abstract","right wing populism"
"W7163420403","topic:parties","abstract","far right"
"W7163420403","topic:parties","abstract","parties"
"W7163420403","topic:parties","abstract","populist actors"
"W7163420403","topic:parties","abstract","party"
"W7163420403","topic:media-communication","title","journalistic"
"W7163420403","topic:media-communication","title","media"
"W7163420403","topic:media-communication","abstract","media"
"W7163420403","topic:media-communication","abstract","journalistic"
"W7163420403","topic:media-communication","abstract","journalists"
"W7163420403","method:qualitative","abstract","semi structured"
"W7163420403","method:qualitative","abstract","interviews"
"W7163420403","method:qualitative","abstract","qualitative"
"W7163420403","country:germany","title","german (+ political word)"
"W7163420403","country:germany","abstract","alternative fur deutschland"
"W7163420403","country:germany","abstract","afd"
"W7163420403","country:germany","abstract","german (+ political word)"
"W7163420403","region:europe","rule","from the country named"
"W7163580724","country:hungary","title","orban"
"W7163580724","country:hungary","abstract","hungary"
"W7163580724","country:hungary","abstract","orban"
"W7163580724","country:hungary","abstract","fidesz"
"W7163580724","country:israel","title","israel"
"W7163580724","region:europe","rule","from the country named"
"W7163580724","region:mena","rule","from the country named"
"W7163684817","approach:performative","abstract","performative"
"W7163684817","country:laos","abstract","laos"
"W7163684817","region:asia-pacific","rule","from the country named"
"W7163763994","topic:voters","title","supporters"
"W7163763994","topic:voters","abstract","voters"
"W7163763994","topic:voters","abstract","supporters"
"W7163763994","method:qualitative","abstract","ethnographic"
"W7163763994","method:qualitative","abstract","fieldwork"
"W7163763994","region:mena","abstract","middle eastern"
"W7163763994","region:mena","abstract","north african"
"W7163763994","country:israel","title","netanyahu"
"W7163763994","country:israel","abstract","israel"
"W7163763994","country:israel","abstract","netanyahu"
"W7163869997","topic:parties","title","far right"
"W7163869997","country:argentina","title","milei"
"W7163869997","country:argentina","abstract","milei"
"W7163869997","region:latin-america","rule","from the country named"
"W7163920840","topic:parties","title","radical right"
"W7163920840","topic:parties","abstract","radical right"
"W7163920840","topic:parties","abstract","parties"
"W7164153425","country:united-states","title","trumpism"
"W7164153425","region:north-america","rule","from the country named"
"W7164167685","topic:democracy-institutions","title","democratic decline"
"W7164167685","country:israel","title","israel"
"W7164167685","country:israel","title","netanyahu"
"W7164167685","region:mena","rule","from the country named"
"W7164381408","topic:government","title","populist governance"
"W7164381408","topic:government","abstract","populist governance"
"W7164381408","topic:government","abstract","populist led governments"
"W7164381408","topic:government","abstract","populist rule"
"W7164381408","region:europe","title","european"
"W7164382831","approach:measurement","abstract","operationalizations populism"
"W7164382831","topic:voters","abstract","demand side"
"W7164382831","topic:voters","abstract","attitudes"
"W7164422242","topic:parties","title","right wing populism"
"W7164422242","topic:parties","abstract","right wing populism"
"W7164422242","topic:parties","abstract","party"
"W7164422242","topic:parties","abstract","parties"
"W7164422242","topic:voters","title","public support"
"W7164422242","topic:voters","abstract","populist attitudes"
"W7164422242","topic:migration","abstract","nativism"
"W7164422242","region:europe","title","europe"
"W7164422242","region:europe","abstract","europe"
"W7164422242","region:europe","abstract","european"
"W7164509138","topic:economy-welfare","title","economy"
"W7164509138","topic:democracy-institutions","title","rule of law"
"W7164509138","country:philippines","title","philippines"
"W7164509138","region:asia-pacific","rule","from the country named"
"W7164539597","topic:parties","title","far right"
"W7164539597","topic:parties","abstract","far right"
"W7164539597","topic:parties","abstract","right wing populists"
"W7164539597","topic:media-communication","title","media"
"W7164539597","topic:media-communication","abstract","rhetoric"
"W7164539597","topic:media-communication","abstract","media"
"W7164539597","topic:media-communication","abstract","frames"
"W7164900886","topic:spatial","title","rural"
"W7164900886","topic:spatial","abstract","rural"
"W7164900886","method:mixed","abstract","qualitative and quantitative"
"W7164904961","topic:voters","abstract","populist attitudes"
"W7164904961","topic:voters","abstract","attitudes"
"W7165033336","country:canada","title","canada"
"W7165033336","region:north-america","rule","from the country named"
"W7165053417","region:latin-america","title","latin america"
"W7165053417","region:latin-america","abstract","latin america"
"W7165053417","country:indonesia","title","indonesia"
"W7165053417","country:indonesia","abstract","indonesia"
"W7165053417","region:asia-pacific","rule","from the country named"
"W7165134205","topic:foreign-policy","title","foreign policy"
"W7165134205","topic:economy-welfare","abstract","economic"
"W7165134205","country:china","abstract","china"
"W7165134205","country:indonesia","title","indonesia"
"W7165134205","country:indonesia","title","prabowo"
"W7165134205","country:indonesia","abstract","indonesia"
"W7165134205","country:indonesia","abstract","prabowo"
"W7165134205","country:taiwan","title","taiwan"
"W7165134205","country:taiwan","abstract","taiwan"
"W7165134205","region:asia-pacific","rule","from the country named"
"W7165186677","approach:discursive","abstract","discourse theory"
"W7165186677","topic:parties","abstract","left wing populists"
"W7165186677","topic:parties","abstract","right wing populists"
"W7165186677","topic:parties","abstract","populist actors"
"W7165189189","topic:parties","title","partisanship"
"W7165189189","topic:parties","abstract","left wing populist"
"W7165189189","topic:parties","abstract","party"
"W7165189189","topic:parties","abstract","far right"
"W7165189189","topic:parties","abstract","parties"
"W7165189189","topic:parties","abstract","partisan"
"W7165189189","country:germany","title","wagenknecht"
"W7165189189","country:germany","title","german (+ political word)"
"W7165189189","country:germany","abstract","wagenknecht"
"W7165189189","country:germany","abstract","german (+ political word)"
"W7165189189","region:europe","rule","from the country named"
"W7165205930","topic:democracy-institutions","title","democratic backsliding"
"W7165205930","topic:democracy-institutions","title","illiberal"
"W7165419350","topic:parties","title","right wing populist"
"W7165419350","topic:parties","abstract","right wing populist"
"W7165419350","topic:parties","abstract","parties"
"W7165419350","topic:parties","abstract","right wing populism"
"W7165419350","topic:media-communication","title","journalism"
"W7165419350","topic:media-communication","abstract","journalism"
"W7165419350","topic:media-communication","abstract","journalistic"
"W7165419350","method:qualitative","abstract","critical discourse analysis"
"W7165419350","country:italy","title","berlusconi"
"W7165419350","country:italy","abstract","berlusconi"
"W7165419350","country:italy","abstract","italian (+ political word)"
"W7165419350","region:europe","rule","from the country named"
"W7165559618","topic:parties","abstract","party"
"W7165559618","topic:religion","title","religion"
"W7165559618","topic:religion","abstract","religion"
"W7165559618","topic:religion","abstract","islamic"
"W7165559618","topic:religion","abstract","religious"
"W7165559618","topic:religion","abstract","islam"
"W7165559618","topic:religion","abstract","secular"
"W7165559618","country:turkey","title","turkey"
"W7165559618","country:turkey","title","akp"
"W7165559618","country:turkey","abstract","turkey"
"W7165559618","country:turkey","abstract","justice and development party"
"W7165559618","country:turkey","abstract","akp"
"W7165559618","region:europe","rule","from the country named"
"W7165633050","topic:international","title","international organizations"
"W7165633050","topic:voters","title","attitudes"
"W7165633050","topic:voters","abstract","attitudes"
"W7165633050","topic:media-communication","abstract","rhetoric"
"W7165633050","method:experiment","title","experimental evidence"
"W7165633050","method:experiment","abstract","survey experiment"
"W7165633050","country:south-korea","title","south korea"
"W7165633050","region:asia-pacific","rule","from the country named"
"W7165642965","topic:parties","title","radical right"
"W7165642965","topic:parties","abstract","radical right"
"W7165642965","topic:parties","abstract","parties"
"W7165642965","topic:voters","title","attitudes"
"W7165642965","topic:voters","abstract","attitudes"
"W7165642965","topic:voters","abstract","support for populist"
"W7165642965","topic:gender","title","lgbtqi"
"W7165642965","topic:gender","abstract","gender"
"W7165642965","topic:gender","abstract","lgbtqi"
"W7165642965","topic:religion","title","religiosity"
"W7165642965","topic:religion","abstract","religiosity"
"W7165642965","topic:religion","abstract","secularization"
"W7165642965","topic:religion","abstract","religion"
"W7165642965","method:survey","abstract","european social survey"
"W7165642965","region:europe","abstract","europe"
"W7165642965","region:europe","abstract","european"
"W7165642965","country:hungary","title","hungary"
"W7165642965","country:hungary","abstract","hungary"
"W7165642965","country:italy","title","italy"
"W7165642965","country:italy","abstract","italy"
"W7165642965","country:netherlands","title","netherlands"
"W7165642965","country:netherlands","abstract","netherlands"
"W7165663311","topic:media-communication","title","media"
"W7165663311","topic:media-communication","abstract","media"
"W7165663311","topic:media-communication","abstract","communication"
"W7165663311","method:qualitative","abstract","discourse analysis"
"W7165758144","topic:parties","title","populist movement"
"W7165758144","topic:parties","abstract","populist movement"
"W7165758144","topic:parties","abstract","partisan"
"W7165758144","topic:parties","abstract","populist leaders"
"W7165758144","topic:media-communication","title","journalism"
"W7165758144","topic:media-communication","abstract","journalism"
"W7165758144","topic:media-communication","abstract","communication"
"W7165758144","topic:media-communication","abstract","rhetoric"
"W7165758169","topic:parties","title","parties"
"W7165758169","topic:parties","abstract","parties"
"W7165758169","topic:parties","abstract","populist movements"
"W7165758169","topic:voters","title","support for populist"
"W7165758169","topic:voters","abstract","public support"
"W7165758169","topic:voters","abstract","support for populist"
"W7165758169","topic:voters","abstract","attitudes"
"W7165758169","topic:economy-welfare","title","economic"
"W7165758169","topic:economy-welfare","abstract","economic"
"W7165758169","topic:economy-welfare","abstract","welfare"
"W7165766240","topic:parties","abstract","parties"
"W7165766240","topic:media-communication","abstract","communication"
"W7165766240","topic:media-communication","abstract","facebook"
"W7165766240","topic:media-communication","abstract","rhetoric"
"W7165775238","topic:parties","title","radical right"
"W7165775238","topic:parties","abstract","radical right"
"W7165775238","topic:parties","abstract","parties"
"W7165775238","topic:voters","abstract","voters"
"W7165775238","method:survey","abstract","survey data"
"W7165782296","topic:voters","abstract","citizens"
"W7165782296","topic:voters","abstract","respondents"
"W7165782296","topic:economy-welfare","abstract","economy"
"W7165782296","topic:economy-welfare","abstract","economic"
"W7165782296","method:survey","abstract","nationally representative"
"W7165782296","method:experiment","abstract","survey experiments"
"W7165782296","country:united-states","title","america first"
"W7165782296","region:north-america","rule","from the country named"
"W7165803595","topic:economy-welfare","abstract","economic"
"W7165803595","topic:media-communication","abstract","press coverage"
"W7165803595","topic:media-communication","abstract","rhetoric"
"W7165803595","topic:religion","title","religious"
"W7165803595","topic:religion","abstract","religious"
"W7165803595","topic:religion","abstract","religion"
"W7165803595","method:qualitative","abstract","discourse analysis"
"W7165803595","method:survey","abstract","survey data"
"W7165803595","country:argentina","title","argentina"
"W7165803595","country:argentina","abstract","argentina"
"W7165803595","country:argentina","abstract","milei"
"W7165803595","country:argentina","abstract","argentine (+ political word)"
"W7165803595","region:latin-america","rule","from the country named"
"W7165851300","topic:democracy-institutions","abstract","judiciary"
"W7165851300","topic:democracy-institutions","abstract","constitutional"
"W7165851300","topic:democracy-institutions","abstract","court"
"W7165851300","topic:democracy-institutions","abstract","courts"
"W7165851300","topic:democracy-institutions","abstract","judicial"
"W7165851300","topic:democracy-institutions","abstract","constitutionally"
"W7165851300","country:poland","abstract","poland"
"W7165851300","country:poland","abstract","andrzej duda"
"W7165851300","region:europe","rule","from the country named"
"W7165948978","topic:democracy-institutions","title","authoritarianism"
"W7165948978","method:mixed","abstract","mixed method"
"W7165948978","country:china","title","china"
"W7165948978","region:asia-pacific","rule","from the country named"
"W7166047153","topic:government","abstract","populist governments"
"W7166047153","topic:migration","abstract","immigration"
"W7166047153","topic:migration","abstract","anti immigration"
"W7166089000","approach:discursive","title","laclau"
"W7166089000","approach:discursive","abstract","laclau"
"W7166332144","topic:parties","abstract","partisan"
"W7166332144","topic:democracy-institutions","abstract","constitutional"
"W7166332144","topic:democracy-institutions","abstract","constitution"
"W7166332144","topic:democracy-institutions","abstract","judicial"
"W7166332144","country:israel","title","israel"
"W7166332144","country:israel","abstract","israel"
"W7166332144","region:mena","rule","from the country named"
"W7166643359","approach:discursive","title","populism as a discursive"
"W7166701219","approach:discursive","abstract","discourse theory"
"W7166701219","approach:discursive","abstract","laclau"
"W7166732766","approach:discursive","abstract","empty signifier"
"W7166732766","topic:international","title","international populism"
"W7166732766","topic:international","abstract","international populism"
"W7166732766","topic:parties","abstract","right wing populist"
"W7166732766","topic:parties","abstract","right wing populists"
"W7166732766","topic:media-communication","abstract","rhetorical"
"W7166732766","topic:media-communication","abstract","rhetoric"
"W7166732766","method:qualitative","abstract","comparative case study"
"W7166732766","region:europe","title","eastern europe"
"W7166732766","region:europe","abstract","eastern europe"
"W7166732766","region:latin-america","title","latin america"
"W7166732766","region:latin-america","abstract","latin america"
"W7166743308","approach:discursive","abstract","laclau"
"W7166821349","topic:parties","abstract","radical right"
"W7166821349","topic:parties","abstract","parties"
"W7166821349","topic:parties","abstract","partisan"
"W7166821349","topic:voters","title","support for populist"
"W7166821349","topic:voters","abstract","citizens"
"W7166821349","topic:voters","abstract","voters"
"W7166821349","topic:voters","abstract","attitudes"
"W7166821349","method:survey","abstract","survey data"
"W7166821349","country:germany","abstract","germany"
"W7166821349","region:europe","rule","from the country named"
"W7166854946","topic:media-communication","title","framing"
"W7166854946","topic:democracy-institutions","abstract","liberal democracy"
"W7166854946","topic:democracy-institutions","abstract","courts"
"W7166854946","country:canada","title","canada"
"W7166854946","region:north-america","rule","from the country named"
"W7166859214","topic:international","title","global governance"
"W7166859214","topic:international","title","international organizations"
"W7167075265","topic:defence-security","title","war"
"W7167075265","topic:parties","abstract","party"
"W7167075265","topic:government","abstract","in power"
"W7167075265","topic:government","abstract","populist governments"
"W7167075265","topic:economy-welfare","abstract","economic crisis"
"W7167075265","topic:economy-welfare","abstract","austerity"
"W7167075265","country:greece","title","greece"
"W7167075265","country:greece","abstract","greece"
"W7167075265","country:greece","abstract","greek (+ political word)"
"W7167075265","region:europe","rule","from the country named"
"W7167094940","topic:parties","abstract","right wing populist"
"W7167094940","topic:parties","abstract","populist actors"
"W7167094940","topic:parties","abstract","right wing populism"
"W7167094940","topic:media-communication","abstract","newspaper"
"W7167094940","topic:media-communication","abstract","media"
"W7167094940","topic:democracy-institutions","title","judicial"
"W7167094940","topic:democracy-institutions","abstract","judicial"
"W7167094940","topic:democracy-institutions","abstract","judiciary"
"W7167094940","method:qualitative","abstract","semi structured"
"W7167094940","method:qualitative","abstract","interviews"
"W7167094940","country:israel","title","israel"
"W7167094940","country:israel","abstract","israel"
"W7167094940","country:israel","abstract","israeli (+ political word)"
"W7167094940","region:mena","rule","from the country named"
"W7167218350","topic:voters","abstract","populist attitudes"
"W7167218350","topic:voters","abstract","support for populism"
"W7167218350","method:survey","abstract","survey data"
"W7167223776","country:united-kingdom","title","uk"
"W7167223776","country:united-states","title","us"
"W7167223776","region:europe","rule","from the country named"
"W7167223776","region:north-america","rule","from the country named"
"W7167458417","topic:foreign-policy","abstract","foreign policy"
"W7167458417","topic:parties","abstract","populist leaders"
"W7167458417","topic:parties","abstract","populist leaderships"
"W7167458417","topic:parties","abstract","populist actors"
"W7167458417","topic:parties","abstract","far right"
"W7167472190","topic:parties","title","radical right"
"W7167472190","topic:gender","title","gender"
"W7167472190","country:sweden","title","sweden"
"W7167472190","region:europe","rule","from the country named"
"W7167473876","topic:defence-security","title","national security"
"W7167473876","topic:defence-security","abstract","national security"
"W7167473876","topic:parties","abstract","right wing populist"
"W7167473876","topic:parties","abstract","populist leaders"
"W7167473876","country:turkey","title","turkey"
"W7167473876","country:turkey","abstract","turkey"
"W7167473876","country:turkey","abstract","erdogan"
"W7167473876","country:israel","title","israel"
"W7167473876","country:israel","abstract","israel"
"W7167473876","country:israel","abstract","netanyahu"
"W7167473876","region:europe","rule","from the country named"
"W7167473876","region:mena","rule","from the country named"
"W7167481413","topic:parties","abstract","populist politicians"
"W7167481413","topic:parties","abstract","populist actors"
"W7167481413","topic:media-communication","title","media"
"W7167481413","topic:media-communication","title","journalistic"
"W7167481413","topic:media-communication","abstract","news coverage"
"W7167481413","topic:media-communication","abstract","journalistic"
"W7167481413","topic:media-communication","abstract","framing"
"W7167481413","topic:media-communication","abstract","frames"
"W7167481413","topic:media-communication","abstract","media"
"W7167481413","country:poland","title","poland"
"W7167481413","country:serbia","title","serbia"
"W7167481413","country:united-states","title","united states"
"W7167481413","country:brazil","title","brazil"
"W7167481413","region:global","rule","three or more regions named: europe, north-america, latin-america"
"W7167672227","approach:ideational","abstract","ideational approach"
"W7167672227","approach:political-strategic","abstract","political strategic"
"W7167672227","topic:government","title","populist incumbents"
"W7167672227","topic:democracy-institutions","title","liberal democracy"
"W7167693890","approach:discursive","title","laclau"
"W7167693890","approach:discursive","abstract","laclau"
"W7167693890","approach:discursive","abstract","discourse theory"
"W7167693890","approach:discursive","abstract","laclauian"
"W7167693890","approach:discursive","abstract","chains of equivalence"
"W7167693890","approach:performative","abstract","populist performances"
"W7167693890","country:ecuador","title","ecuador"
"W7167693890","country:ecuador","abstract","ecuador"
"W7167693890","country:ecuador","abstract","correa"
"W7167693890","region:latin-america","rule","from the country named"
"W7167697552","topic:democracy-institutions","title","liberal democracy"
"W7167697552","topic:democracy-institutions","abstract","liberal democracy"
"W7167715890","method:quantitative","abstract","structural equation"
"W7167827287","topic:economy-welfare","title","economy"
"W7167827287","topic:economy-welfare","abstract","economy"
"W7167827287","topic:economy-welfare","abstract","fiscal"
"W7167827287","topic:economy-welfare","abstract","redistributive"
"W7167827287","method:qualitative","abstract","interviews"
"W7167827287","method:qualitative","abstract","process tracing"
"W7167827287","country:kenya","title","kenya"
"W7167827287","country:kenya","abstract","kenya"
"W7167827287","region:sub-saharan-africa","rule","from the country named"
"W7167894199","approach:other","abstract","conceptualization of populism"
"W7168029749","topic:media-communication","abstract","facebook"
"W7168029749","topic:media-communication","abstract","communication"
"W7168066829","topic:parties","title","parties"
"W7168066829","topic:parties","abstract","parties"
"W7168066829","topic:parties","abstract","manifestos"
"W7168079111","topic:gender","abstract","masculinity"
"W7168079111","topic:gender","abstract","masculinization"
"W7168079111","topic:democracy-institutions","abstract","authoritarian"
"W7168129178","topic:foreign-policy","title","foreign policy"
"W7168129178","topic:government","title","administration"
"W7168129178","topic:religion","title","religion"
"W7168129178","country:united-states","title","america first"
"W7168129178","country:united-states","title","trump"
"W7168129178","region:north-america","rule","from the country named"
"W7168160434","topic:parties","abstract","parties"
"W7168160434","topic:parties","abstract","party"
"W7168160434","topic:parties","abstract","populist left"
"W7168160434","topic:parties","abstract","radical right"
"W7168160434","method:qualitative","abstract","interviewed"
"W7168160434","method:qualitative","abstract","interviews"
"W7168160434","region:europe","abstract","european"
"W7168160434","country:portugal","title","portuguese (+ political word)"
"W7168160434","country:portugal","abstract","portuguese (+ political word)"
"W7168181573","topic:parties","abstract","party"
"W7168181573","topic:parties","abstract","right wing populism"
"W7168181573","topic:economy-welfare","abstract","economic"
"W7168181573","topic:religion","title","religion"
"W7168181573","topic:religion","abstract","islamic"
"W7168181573","topic:religion","abstract","religion"
"W7168181573","topic:religion","abstract","islamist"
"W7168181573","topic:religion","abstract","islamism"
"W7168181573","topic:democracy-institutions","title","autocratization"
"W7168181573","topic:democracy-institutions","abstract","autocratization"
"W7168181573","country:turkey","title","turkey"
"W7168181573","country:turkey","abstract","turkey"
"W7168181573","country:turkey","abstract","justice and development party"
"W7168181573","country:turkey","abstract","akp"
"W7168181573","region:europe","rule","from the country named"
"W7168348554","topic:parties","title","right wing populism"
"W7168348554","topic:democracy-institutions","title","constitutionalism"
"W7168348554","topic:democracy-institutions","abstract","illiberalism"
"W7168348554","topic:democracy-institutions","abstract","constitutionalists"
"W7168348554","topic:democracy-institutions","abstract","constitutional"
"W7168348554","topic:democracy-institutions","abstract","constitutionalism"
"W7168348554","region:europe","title","eastern europe"
"W7168384100","topic:parties","abstract","radical right"
"W7168384100","topic:parties","abstract","party"
"W7168384100","topic:parties","abstract","partisan"
"W7168384100","topic:media-communication","title","media"
"W7168384100","topic:media-communication","abstract","media"
"W7168384100","topic:media-communication","abstract","framing"
"W7168384100","topic:media-communication","abstract","journalistic"
"W7168384100","topic:media-communication","abstract","communication"
"W7168384100","topic:media-communication","abstract","twitter"
"W7168384100","topic:media-communication","abstract","rhetoric"
"W7168384100","topic:media-communication","abstract","journalists"
"W7168384100","method:qualitative","abstract","qualitative"
"W7168384100","method:qualitative","abstract","discourse analysis"
"W7168386086","topic:parties","title","right wing populism"
"W7168386086","topic:media-communication","abstract","rhetorical"
"W7168386086","topic:media-communication","abstract","framing"
"W7168386086","topic:media-communication","abstract","communication"
"W7168386086","topic:media-communication","abstract","rhetoric"
"W7168388513","topic:government","abstract","populism in power"
"W7168388513","topic:democracy-institutions","title","constitutional"
"W7168388513","topic:democracy-institutions","abstract","constitutional"
"W7168388513","topic:democracy-institutions","abstract","democratic erosion"
"W7168388513","topic:democracy-institutions","abstract","referendum"
"W7168388513","topic:democracy-institutions","abstract","judicial"
"W7168388513","country:italy","title","italy"
"W7168388513","country:italy","abstract","meloni"
"W7168388513","country:italy","abstract","italian (+ political word)"
"W7168388513","region:europe","rule","from the country named"
"W7168408944","topic:international","title","european union"
"W7168408944","region:europe","title","european"
"W7168408944","country:united-kingdom","title","united kingdom"
"W7168593219","approach:performative","abstract","performative"
"W7168593219","topic:gender","title","gendered"
"W7168593219","topic:gender","abstract","gendered"
"W7168593219","topic:gender","abstract","women"
"W7168593219","topic:democracy-institutions","title","illiberalism"
"W7168593219","country:hungary","title","hungary"
"W7168593219","country:poland","title","poland"
"W7168593219","region:europe","rule","from the country named"
"W7169527221","topic:economy-welfare","abstract","welfare"
"W7169527221","method:qualitative","abstract","qualitative"
"W7169786012","topic:international","title","transnationalisation"
"W7169786012","topic:international","abstract","international cooperation"
"W7169786012","topic:international","abstract","transnationalisation"
"W7169786012","topic:international","abstract","transnational"
"W7169786012","topic:parties","title","radical right"
"W7169786012","topic:parties","abstract","radical right"
"W7169786012","topic:parties","abstract","parties"
"W7169786012","topic:parties","abstract","party"
"W7169786012","topic:media-communication","abstract","communications"
"W7169786012","topic:media-communication","abstract","social network"
"W7169798159","country:turkey","title","turkey"
"W7169798159","region:europe","rule","from the country named"
"W7169842341","topic:democracy-institutions","title","authoritarianism"
"W7169843743","topic:defence-security","title","terrorism"
"W7170032594","topic:voters","abstract","electorate"
"W7170032594","topic:voters","abstract","voter"
"W7170032594","topic:government","title","in power"
"W7170032594","topic:government","abstract","populist rule"
"W7170032594","topic:government","abstract","populist governments"
"W7170032594","topic:government","abstract","populist governing"
"W7170032594","topic:economy-welfare","abstract","economic"
"W7170032594","topic:democracy-institutions","abstract","liberal democracy"
"W7170032594","topic:democracy-institutions","abstract","rule of law"
"W7170032594","country:poland","abstract","poland"
"W7170032594","country:poland","abstract","polish (+ political word)"
"W7170032594","country:israel","abstract","israel"
"W7170032594","region:europe","rule","from the country named"
"W7170032594","region:mena","rule","from the country named"
"W7170185480","approach:discursive","abstract","populist logic"
"W7170270467","country:united-kingdom","title","united kingdom"
"W7170270467","country:united-kingdom","abstract","uk"
"W7170270467","region:europe","rule","from the country named"
"W7170425629","topic:media-communication","title","media"
"W7170425629","region:europe","title","european"
"W7170425629","country:belgium","title","belgium"
"W7171466732","topic:media-communication","title","communications"
"W7171466732","country:indonesia","title","indonesia"
"W7171466732","region:asia-pacific","rule","from the country named"
"W7171536198","topic:parties","title","radical right"
"W7171537640","topic:defence-security","title","security policy"
"W7171537640","topic:defence-security","abstract","security policy"
"W7171537640","topic:defence-security","abstract","security narratives"
"W7171537640","topic:defence-security","abstract","defence policy"
"W7171537640","topic:government","abstract","populist governments"
"W7171537640","method:qualitative","abstract","interviews"
"W7171537640","country:poland","title","poland"
"W7171537640","country:poland","title","law and justice"
"W7171537640","country:poland","title","pis"
"W7171537640","country:poland","abstract","poland"
"W7171537640","country:poland","abstract","law and justice"
"W7171537640","country:poland","abstract","pis"
"W7171537640","country:poland","abstract","polish (+ political word)"
"W7171537640","region:europe","rule","from the country named"
"W7171653111","approach:performative","abstract","performative"
"W7171653111","topic:parties","title","populist leaders"
"W7171653111","topic:parties","abstract","populist leaders"
"W7171653111","topic:parties","abstract","parties"
"W7171653111","topic:parties","abstract","party"
"W7171653111","topic:parties","abstract","right wing populist"
"W7171653111","topic:parties","abstract","populist leadership"
"W7171653111","topic:gender","title","women"
"W7171653111","topic:gender","abstract","women"
"W7171653111","topic:gender","abstract","gender"
"W7171653111","country:italy","abstract","italy"
"W7171653111","country:italy","abstract","meloni"
"W7171653111","region:europe","rule","from the country named"
"W7171705545","topic:government","title","presidency"
"W7171705545","country:united-states","title","us"
"W7171705545","region:north-america","rule","from the country named"
"W7171771941","topic:parties","title","right wing populism"
"W7171771941","country:united-states","title","maga"
"W7171771941","country:united-states","abstract","united states"
"W7171771941","country:united-states","abstract","trump"
"W7171771941","country:united-states","abstract","maga"
"W7171771941","region:north-america","rule","from the country named"
"W7171872394","approach:performative","title","populist performance"
"W7171872394","approach:performative","abstract","performative"
"W7171872394","topic:parties","abstract","party"
"W7171872394","topic:parties","abstract","parties"
"W7171872394","topic:parties","abstract","radical right"
"W7171872394","topic:parties","abstract","party system"
"W7171872394","topic:voters","abstract","voters"
"W7171872394","country:australia","title","one nation"
"W7171872394","country:australia","abstract","pauline hanson"
"W7171872394","country:australia","abstract","one nation"
"W7171872394","country:australia","abstract","australian (+ political word)"
"W7171872394","region:asia-pacific","rule","from the country named"
"W7172113900","country:united-states","title","american (+ political word)"
"W7172113900","region:north-america","rule","from the country named"
"W7172273426","topic:foreign-policy","title","foreign policy"
"W7172273426","topic:foreign-policy","abstract","foreign policy"
"W7172273426","topic:government","abstract","administration"
"W7172273426","country:united-states","title","us"
"W7172273426","country:united-states","abstract","united states"
"W7172273426","country:united-states","abstract","trumpian"
"W7172273426","country:united-states","abstract","us"
"W7172273426","country:united-states","abstract","america first"
"W7172273426","country:united-states","abstract","trump"
"W7172273426","country:united-states","abstract","trumpism"
"W7172273426","region:north-america","rule","from the country named"
"W7172292560","topic:parties","title","populist right"
"W7172292560","topic:parties","abstract","populist leader"
"W7172292560","topic:parties","abstract","party"
"W7172292560","topic:parties","abstract","right wing populist"
"W7172292560","topic:parties","abstract","candidate"
"W7172292560","topic:voters","abstract","voters"
"W7172292560","topic:voters","abstract","vote choice"
"W7172292560","topic:voters","abstract","respondents"
"W7172292560","topic:religion","title","christian"
"W7172292560","topic:religion","abstract","catholic"
"W7172292560","topic:religion","abstract","christian"
"W7172292560","topic:religion","abstract","christianity"
"W7172292560","country:united-states","abstract","trump"
"W7172292560","country:united-states","abstract","biden"
"W7172292560","region:north-america","rule","from the country named"
"W7172489219","topic:migration","title","migration"
"W7172489219","topic:migration","abstract","migration"
"W7172489219","topic:democracy-institutions","abstract","democratic norms"
"W7172489219","topic:democracy-institutions","abstract","authoritarian"
"W7172489219","country:bulgaria","title","bulgarian (+ political word)"
"W7172489219","region:europe","rule","from the country named"
"W7172495792","topic:foreign-policy","title","foreign policy"
"W7172495792","topic:foreign-policy","abstract","foreign policy"
"W7172495792","topic:parties","title","radical right"
"W7172495792","topic:parties","abstract","radical right"
"W7172495792","topic:parties","abstract","parties"
"W7172495792","method:qualitative","abstract","critical discourse analysis"
"W7172495792","method:qualitative","abstract","interviewsfootnote1"
"W7172495792","country:italy","title","italy"
"W7172495792","country:italy","title","italian (+ political word)"
"W7172495792","country:italy","abstract","italy"
"W7172495792","country:italy","abstract","lega"
"W7172495792","country:italy","abstract","fratelli d italia"
"W7172495792","country:italy","abstract","meloni"
"W7172495792","country:italy","abstract","italian (+ political word)"
"W7172495792","region:europe","rule","from the country named"
"W7172522156","topic:parties","abstract","candidates"
"W7172522156","topic:parties","abstract","political leadership"
"W7172522156","topic:parties","abstract","populist actor"
"W7172522156","topic:media-communication","title","rhetoric"
"W7172522156","topic:media-communication","abstract","rhetoric"
"W7172522156","topic:media-communication","abstract","frames"
"W7172522156","country:united-states","title","u s"
"W7172522156","region:north-america","rule","from the country named"
"W7172526273","approach:performative","title","populist style"
"W7172526273","topic:parties","title","far right"
"W7172526273","method:qualitative","abstract","discourse analysis"
"W7172526273","country:france","title","le pen"
"W7172526273","country:united-states","title","trump"
"W7172526273","region:europe","rule","from the country named"
"W7172526273","region:north-america","rule","from the country named"
"W7172528092","topic:voters","abstract","attitudes"
"W7172528092","topic:spatial","abstract","spatial"
"W7172528092","topic:economy-welfare","abstract","economic"
"W7172528092","topic:economy-welfare","abstract","inequality"
"W7172528092","country:germany","abstract","germany"
"W7172528092","region:europe","rule","from the country named"
"W7172537127","topic:parties","abstract","parties"
"W7172537127","topic:parties","abstract","party"
"W7172537127","topic:media-communication","title","communication"
"W7172537127","topic:media-communication","abstract","communication"
"W7172537127","topic:media-communication","abstract","rhetoric"
"W7172537127","topic:religion","abstract","christian"
"W7172537127","country:germany","title","german (+ political word)"
"W7172537127","country:germany","abstract","germany"
"W7172537127","country:germany","abstract","alternative for germany"
"W7172537127","country:germany","abstract","afd"
"W7172537127","country:germany","abstract","german (+ political word)"
"W7172537127","region:europe","rule","from the country named"
"W7196959246","approach:other","abstract","definitions of populism"
"W7196959246","topic:parties","title","far right"
"W7196959246","topic:parties","title","party"
"W7196959246","topic:parties","abstract","far right"
"W7196959246","topic:parties","abstract","parties"
"W7196959246","topic:parties","abstract","party"
"W7197000834","topic:foreign-policy","title","foreign policy"
"W7197000834","topic:foreign-policy","abstract","foreign policy"
"W7197000834","topic:foreign-policy","abstract","diplomatic"
"W7197000834","topic:international","title","transnationalisation"
"W7197000834","topic:international","abstract","transnationalisation"
"W7197000834","topic:international","abstract","transnational"
"W7197000834","topic:parties","title","far right"
"W7197000834","topic:parties","abstract","far right"
"W7197000834","topic:parties","abstract","parties"
"W7197000834","topic:parties","abstract","party"
"W7197000834","topic:media-communication","abstract","frames"
"W7197000834","topic:media-communication","abstract","social network"
"W7197000834","method:qualitative","abstract","interviews"
"W7197000834","country:italy","title","italy"
"W7197000834","country:italy","abstract","italy"
"W7197000834","country:italy","abstract","meloni"
"W7197000834","region:europe","rule","from the country named"
"W7201854191","topic:parties","abstract","party"
"W7201854191","topic:parties","abstract","right wing populist"
"W7201854191","topic:parties","abstract","left wing populism"
"W7201854191","topic:parties","abstract","partisan"
"W7201854191","topic:parties","abstract","parties"
"W7202029625","topic:media-communication","abstract","media"
"W7202029625","method:qualitative","abstract","qualitative"
"W7202029625","method:qualitative","abstract","critical discourse analysis"
"W7202082790","topic:foreign-policy","title","foreign policymaking"
"W7202082790","topic:foreign-policy","abstract","foreign policymaking"
"W7202082790","topic:foreign-policy","abstract","foreign policy"
"W7202082790","topic:defence-security","title","militarism"
"W7202082790","country:turkey","abstract","turkey"
"W7202082790","country:turkey","abstract","erdogan"
"W7202082790","country:israel","abstract","israel"
"W7202082790","country:israel","abstract","netanyahu"
"W7202082790","region:europe","rule","from the country named"
"W7202082790","region:mena","rule","from the country named"
"W7202132888","approach:performative","abstract","performative"
"W7202132888","topic:government","title","administration"
"W7202132888","topic:government","abstract","administration"
"W7202132888","topic:government","abstract","populism in power"
"W7202132888","topic:government","abstract","presidency"
"W7202132888","topic:democracy-institutions","abstract","constitutional"
"W7202132888","topic:democracy-institutions","abstract","constitutionally"
"W7202132888","country:south-korea","title","south korea"
"W7202132888","country:south-korea","abstract","south korea"
"W7202132888","country:south-korea","abstract","south (+ political word)"
"W7202132888","country:south-korea","abstract","korean (+ political word)"
"W7202132888","region:asia-pacific","rule","from the country named"
"W7202189021","topic:parties","title","candidates"
"W7202189021","topic:parties","abstract","parties"
"W7202189021","topic:parties","abstract","candidate"
"W7202189021","topic:voters","abstract","voters"
"W7202189021","topic:voters","abstract","respondents"
"W7202189021","topic:voters","abstract","voter"
"W7202189021","topic:democracy-institutions","abstract","liberal democracy"
"W7202189021","topic:democracy-institutions","abstract","populism and democracy"
"W7202194132","country:canada","title","canada"
"W7202194132","region:north-america","rule","from the country named"
"W7202253083","topic:parties","title","parties"
"W7202253083","topic:parties","abstract","parties"
"W7202253083","topic:parties","abstract","party"
"W7202253083","topic:voters","abstract","support for populist"
"W7202253083","region:europe","title","europe"
"W7202355365","topic:media-communication","abstract","media"
"W7202355365","topic:media-communication","abstract","journalists"
"W7202355365","topic:media-communication","abstract","frames"
"W7202355365","topic:media-communication","abstract","communication"
"W7202355365","topic:democracy-institutions","abstract","constitutional"
"W7202355365","topic:democracy-institutions","abstract","court"
"W7202355365","method:survey","abstract","nationally representative"
"W7202355365","country:romania","title","romania"
"W7202355365","country:romania","abstract","romania"
"W7202355365","country:romania","abstract","romanian (+ political word)"
"W7202355365","region:europe","rule","from the country named"
"W7202365897","country:united-states","title","american (+ political word)"
"W7202365897","region:north-america","rule","from the country named"
"W7202375785","topic:parties","title","radical right"
"W7202375785","topic:parties","abstract","radical right"
"W7202375785","topic:parties","abstract","parties"
"W7202375785","topic:parties","abstract","party"
"W7202375785","topic:economy-welfare","title","economic"
"W7202375785","topic:economy-welfare","title","welfare"
"W7202375785","topic:economy-welfare","abstract","economic"
"W7202375785","topic:economy-welfare","abstract","welfare"
"W7202375785","topic:economy-welfare","abstract","protectionist"
"W7202375785","topic:media-communication","abstract","frames"
"W7202375785","method:qualitative","abstract","qualitative"
"W7202423243","topic:parties","title","parties"
"W7202423243","topic:parties","abstract","parties"
"W7202423243","topic:government","abstract","in government"
"W7202423243","topic:government","abstract","incumbent"
"W7202423243","topic:economy-welfare","abstract","inequality"
"W7202423243","topic:economy-welfare","abstract","globalization"
"W7202423243","topic:economy-welfare","abstract","unemployment"
"W7202423243","region:europe","abstract","european"
"W7203468165","topic:democracy-institutions","abstract","authoritarianism"
"W7203468165","topic:democracy-institutions","abstract","authoritarian"
"W7203468165","topic:democracy-institutions","abstract","democratic decline"
"W7203468165","method:qualitative","abstract","discourse analysis"
"W7203468165","country:el-salvador","abstract","el salvador"
"W7203468165","country:el-salvador","abstract","bukele"
"W7203468165","region:latin-america","rule","from the country named"
"W7203479140","approach:performative","abstract","performative"
"W7203479140","topic:parties","abstract","radical right"
"W7203479140","topic:parties","abstract","populist leaders"
"W7203479140","topic:parties","abstract","parties"
"W7203479140","topic:media-communication","abstract","media"
"W7203479140","topic:media-communication","abstract","communication"
"W7203479140","method:quantitative","abstract","regression"
"W7203479140","country:argentina","title","milei"
"W7203479140","country:argentina","abstract","milei"
"W7203479140","region:latin-america","rule","from the country named"
"W7203600483","topic:democracy-institutions","title","democratization"
"W7203602439","topic:parties","abstract","far right"
"W7203602439","topic:parties","abstract","parties"
"W7203602439","topic:economy-welfare","title","economy"
"W7203602439","topic:media-communication","title","rhetoric"
"W7203602439","topic:migration","abstract","migration"
"W7203602439","topic:migration","abstract","migrants"
"W7203602439","method:qualitative","abstract","critical discourse analysis"
"W7203602439","region:europe","abstract","european"
"W7203602439","country:france","title","le pen"
"W7203602439","country:france","abstract","france"
"W7203602439","country:france","abstract","le pen"
"W7203602439","country:france","abstract","french (+ political word)"
"W7203602439","country:italy","title","meloni"
"W7203602439","country:italy","abstract","italy"
"W7203602439","country:italy","abstract","meloni"
"W7203610783","approach:other","abstract","understandings of populism"
"W7203610783","topic:media-communication","title","journalists"
"W7203610783","topic:media-communication","abstract","media"
"W7203610783","topic:media-communication","abstract","journalists"
"W7203610783","topic:media-communication","abstract","journalistic"
"W7203610783","topic:media-communication","abstract","television"
"W7203610783","country:czech-republic","abstract","babis"
"W7203610783","country:czech-republic","abstract","okamura"
"W7203610783","region:europe","rule","from the country named"
"W7203624779","topic:parties","title","right wing populist"
"W7203624779","topic:parties","abstract","right wing populist"
"W7203624779","topic:parties","abstract","party"
"W7203624779","topic:voters","title","voters"
"W7203624779","topic:voters","abstract","attitudes"
"W7203624779","topic:voters","abstract","voters"
"W7203624779","topic:government","abstract","in government"
"W7203624779","topic:economy-welfare","title","economic"
"W7203624779","method:survey","abstract","survey data"
"W7203624779","country:croatia","title","croatia"
"W7203624779","country:serbia","title","serbia"
"W7203624779","region:europe","rule","from the country named"
"W7203629191","country:united-kingdom","abstract","england"
"W7203629191","country:united-kingdom","abstract","uk"
"W7203629191","region:europe","rule","from the country named"
"W7203683081","topic:media-communication","title","media"
"W7203683081","topic:media-communication","abstract","media"
"W7203683081","topic:media-communication","abstract","twitter"
"W7203683081","method:qualitative","abstract","ethnographic"
"W7203683081","method:qualitative","abstract","fieldwork"
"W7203692655","topic:voters","title","populist attitudes"
"W7203692655","topic:voters","abstract","attitudes"
"W7203692655","topic:voters","abstract","populist attitudes"
"W7203771534","topic:defence-security","title","securitization"
"W7203771534","topic:defence-security","abstract","securitizing"
"W7203771534","topic:defence-security","abstract","securitization"
"W7203771534","topic:parties","title","party"
"W7203771534","topic:parties","abstract","radical right"
"W7203771534","topic:parties","abstract","party"
"W7203771534","topic:parties","abstract","parties"
"W7203771534","method:qualitative","abstract","qualitative"
"W7203771534","country:france","title","rassemblement national"
"W7203771534","country:france","abstract","france"
"W7203771534","country:france","abstract","rassemblement national"
"W7203771534","region:europe","rule","from the country named"
"W7203790654","topic:parties","title","radical right"
"W7203790654","topic:parties","abstract","radical right"
"W7203790654","topic:parties","abstract","parties"
"W7203790654","topic:parties","abstract","political leadership"
"W7203790654","topic:voters","title","support for populist"
"W7203790654","topic:voters","abstract","attitudes"
"W7203790654","topic:voters","abstract","demand side"
"W7203790654","topic:gender","title","patriarchal"
"W7203790654","topic:gender","abstract","women"
"W7203790654","topic:gender","abstract","feminist"
"W7203790654","topic:gender","abstract","patriarchy"
"W7203790654","topic:gender","abstract","masculinities"
"W7203790654","topic:gender","abstract","patriarchal"
"W7203790654","topic:gender","abstract","gender"
"W7203790654","topic:gender","abstract","genders"
"W7203790654","method:survey","abstract","survey data"
"W7203790654","region:europe","title","europe"
"W7203790654","region:europe","abstract","europe"
"W7203790654","region:europe","abstract","european"
"W7203832981","approach:ideational","title","host ideology"
"W7203832981","approach:ideational","abstract","host ideology"
"W7203832981","approach:discursive","abstract","populist logic"
"W7203832981","approach:discursive","abstract","discursively constructing"
"W7203832981","topic:government","title","populist governance"
"W7203832981","topic:government","abstract","populist governments"
"W7203832981","topic:government","abstract","populist governance"
"W7203832981","country:brazil","title","brazil"
"W7203832981","country:brazil","abstract","brazil"
"W7203832981","country:brazil","abstract","bolsonaro"
"W7203832981","country:mexico","title","mexico"
"W7203832981","country:mexico","abstract","mexico"
"W7203832981","country:mexico","abstract","lopez obrador"
"W7203832981","region:latin-america","rule","from the country named"
"W7203838919","topic:parties","abstract","populist left"
"W7203838919","topic:parties","abstract","far right"
"W7203838919","topic:parties","abstract","populist leaders"
"W7203838919","topic:parties","abstract","parties"
"W7203838919","topic:gender","title","women"
"W7203838919","topic:gender","title","patriarchal"
"W7203838919","topic:gender","title","anti gender"
"W7203838919","topic:gender","abstract","women"
"W7203838919","topic:gender","abstract","feminist"
"W7203838919","topic:gender","abstract","anti gender"
"W7203838919","topic:gender","abstract","patriarchal"
"W7203838919","country:united-states","abstract","maga"
"W7203838919","country:united-states","abstract","us"
"W7203838919","region:north-america","rule","from the country named"
"W7203942110","topic:democracy-institutions","title","constitutionalism"
"W7203942110","country:italy","title","italy"
"W7203942110","country:italy","title","meloni"
"W7203942110","region:europe","rule","from the country named"
"W7204074790","approach:performative","title","populist performance"
"W7204074790","approach:performative","abstract","populist performance"
"W7204074790","method:qualitative","abstract","critical discourse analysis"
"W7204074790","country:hungary","title","orban"
"W7204074790","country:hungary","abstract","orban"
"W7204074790","country:hungary","abstract","hungarian (+ political word)"
"W7204074790","region:europe","rule","from the country named"
"W7204160073","topic:media-communication","abstract","media"
"W7204160073","topic:media-communication","abstract","communication"
"W7204160073","country:romania","title","romania"
"W7204160073","region:europe","rule","from the country named"
"W7204221111","topic:parties","title","radical right"
"W7204221111","topic:parties","abstract","radical right"
"W7204221111","topic:parties","abstract","parties"
"W7204221111","topic:parties","abstract","party"
"W7204221111","topic:gender","abstract","gender"
"W7204221111","topic:gender","abstract","women"
"W7204221111","region:europe","title","nordic"
"W7204221111","region:europe","abstract","nordic"
"W7204221111","country:denmark","abstract","denmark"
"W7204221111","country:sweden","abstract","sweden"
"W7204221111","country:sweden","abstract","swedish (+ political word)"
"W7204223774","topic:parties","title","parties"
"W7204223774","topic:parties","abstract","parties"
"W7204223774","region:europe","title","europe"
"W7204242935","topic:parties","title","far right"
"W7204242935","topic:parties","abstract","far right"
"W7204242935","topic:parties","abstract","political leadership"
"W7204242935","topic:parties","abstract","party"
"W7204242935","topic:gender","title","women"
"W7204242935","topic:gender","abstract","women"
"W7204242935","topic:gender","abstract","gender"
"W7204242935","topic:gender","abstract","masculine"
"W7204242935","country:france","title","le pen"
"W7204242935","country:italy","title","meloni"
"W7204242935","region:europe","rule","from the country named"
"W7204272388","topic:economy-welfare","title","economics"
"W7204272388","country:poland","title","poland"
"W7204272388","region:europe","rule","from the country named"
"W7204463440","method:qualitative","abstract","interviews"
"W7204466008","approach:discursive","abstract","chains of equivalence"
"W7204466008","topic:foreign-policy","abstract","foreign policy"
"W7204466008","topic:foreign-policy","abstract","diplomacy"
"W7204466008","topic:spatial","title","spatial"
"W7204466008","topic:spatial","abstract","spatial"
"W7204466008","region:sub-saharan-africa","title","africa"
"W7204466008","region:sub-saharan-africa","abstract","africa"
"W7204466008","country:turkey","title","turkey"
"W7204466008","country:turkey","abstract","turkey"
"W7204466008","country:turkey","abstract","akp"
"W7204466008","region:europe","rule","from the country named"
"W7204475125","topic:foreign-policy","title","foreign policy"
"W7204475125","topic:foreign-policy","abstract","foreign policy"
"W7204475125","topic:foreign-policy","abstract","diplomatic"
"W7204475125","country:indonesia","title","prabowo"
"W7204475125","country:indonesia","abstract","indonesia"
"W7204475125","country:indonesia","abstract","prabowo"
"W7204475125","region:asia-pacific","rule","from the country named"
"W7204484358","country:united-states","title","trump"
"W7204484358","country:united-states","abstract","trump"
"W7204484358","country:united-states","abstract","u s"
"W7204484358","region:north-america","rule","from the country named"
"W7204508713","approach:ideational","abstract","host ideology"
"W7204508713","method:experiment","abstract","experimental design"
"W7204800771","topic:international","title","global governance"
"W7204800771","topic:international","abstract","supranational"
"W7204800771","topic:international","abstract","transnational"
"W7204800771","topic:international","abstract","global governance"
"W7204800771","topic:economy-welfare","abstract","economic"
"W7204800771","topic:economy-welfare","abstract","inequality"
"W7204800771","topic:media-communication","abstract","rhetoric"
"W7204800771","topic:media-communication","abstract","frames"
"W7204961529","country:israel","abstract","netanyahu"
"W7204961529","country:israel","abstract","israeli (+ political word)"
"W7204961529","region:mena","rule","from the country named"
"W7206149102","topic:parties","title","party"
"W7206149102","topic:parties","abstract","party"
"W7206149102","topic:parties","abstract","political leaders"
"W7206149102","topic:parties","abstract","parties"
"W7206149102","topic:parties","abstract","radical right"
"W7206149102","country:united-kingdom","title","uk"
"W7206149102","country:united-kingdom","abstract","uk"
"W7206149102","country:united-kingdom","abstract","reform uk"
"W7206149102","country:united-kingdom","abstract","british (+ political word)"
"W7206149102","region:europe","rule","from the country named"
"W7206164352","approach:performative","title","populist performance"
"W7206164352","approach:performative","abstract","performative"
"W7206164352","approach:performative","abstract","populist performance"
"W7206164352","topic:parties","abstract","populist leaders"
"W7206164352","topic:parties","abstract","populist politicians"
"W7206164352","topic:parties","abstract","political leaders"
"W7206164352","topic:voters","abstract","voters"
"W7206164352","topic:voters","abstract","supporters"
"W7206164352","topic:voters","abstract","voter"
"W7206164352","country:turkey","title","turkish (+ political word)"
"W7206164352","country:turkey","abstract","turkiye"
"W7206164352","country:turkey","abstract","turkish (+ political word)"
"W7206164352","region:europe","rule","from the country named"
"W7207597370","topic:parties","title","radical right"
"W7207597370","topic:parties","abstract","radical right"
"W7207597370","topic:parties","abstract","parties"
"W7207597370","topic:parties","abstract","party"
"W7207597370","topic:media-communication","title","framing"
"W7207597370","topic:media-communication","abstract","communication"
"W7207597370","topic:media-communication","abstract","framing"
"W7207597370","topic:media-communication","abstract","media"
"W7207597370","topic:gender","title","women"
"W7207597370","topic:gender","title","lgbtqi"
"W7207597370","topic:gender","abstract","women"
"W7207597370","topic:gender","abstract","gender"
"W7207597370","topic:gender","abstract","lgbtqi"
"W7207597370","topic:gender","abstract","anti gender"
"W7207597370","method:qualitative","abstract","interviews"
"W7207597370","country:france","title","le pen"
"W7207597370","country:france","abstract","le pen"
"W7207597370","country:italy","title","meloni"
"W7207597370","country:italy","abstract","meloni"
"W7207597370","region:europe","rule","from the country named"
"W7207735130","topic:parties","title","radical right"
"W7207735130","topic:parties","title","party"
"W7207735130","topic:parties","abstract","radical right"
"W7207735130","topic:parties","abstract","parties"
"W7207735130","topic:parties","abstract","party"
"W7207735130","topic:parties","abstract","manifesto"
"W7207735130","topic:media-communication","abstract","rhetorical"
"W7207735130","topic:media-communication","abstract","framing"
"W7207735130","topic:media-communication","abstract","communication"
"W7207735130","topic:gender","title","women"
"W7207735130","topic:gender","abstract","women"
"W7207735130","topic:gender","abstract","gender"
"W7207735130","topic:gender","abstract","masculine"
"W7207735130","topic:migration","abstract","nativist"
"W7207735130","method:experiment","abstract","experimental evidence"
"W7207735130","method:experiment","abstract","survey experiment"
"W7207770092","country:united-kingdom","abstract","uk"
"W7207770092","region:europe","rule","from the country named"
"W7207849235","approach:discursive","abstract","logic of equivalence"
"W7207849235","country:south-korea","title","south korea"
"W7207849235","region:asia-pacific","rule","from the country named"
"W7207862690","approach:political-strategic","abstract","strategic approach"
"W7208704643","topic:media-communication","abstract","rhetorical"
"W7208704643","topic:media-communication","abstract","media"
"W7208704643","method:qualitative","abstract","comparative case study"
"W7208704643","method:qualitative","abstract","interviews"
"W7208704643","country:hungary","title","orban"
"W7208704643","country:hungary","abstract","orban"
"W7208704643","country:italy","title","berlusconi"
"W7208704643","country:italy","abstract","berlusconi"
"W7208704643","country:united-states","title","trump"
"W7208704643","country:united-states","abstract","trump"
"W7208704643","region:europe","rule","from the country named"
"W7208704643","region:north-america","rule","from the country named"
"W7208727660","topic:parties","abstract","radical right"
"W7208727660","topic:parties","abstract","populist actors"
"W7208727660","topic:media-communication","abstract","media"
"W7208727660","topic:media-communication","abstract","twitter"
"W7208727660","method:qualitative","abstract","critical discourse analysis"
"W7208727660","country:italy","title","meloni"
"W7208727660","country:italy","abstract","meloni"
"W7208727660","region:europe","rule","from the country named"
"W7208793286","topic:media-communication","title","journalism"
"W7208793286","country:philippines","title","philippines"
"W7208793286","region:asia-pacific","rule","from the country named"
"W7208816681","topic:migration","title","nativism"
"W7208816681","topic:migration","abstract","anti immigrant"
"W7208816681","topic:migration","abstract","nativism"
"W7208816681","topic:migration","abstract","nativist"
"W7208816681","method:quantitative","abstract","regression"
"W7211870620","topic:government","abstract","populism in power"
"W7211870620","topic:government","abstract","in power"
"W7211870620","topic:economy-welfare","abstract","neoliberalism"
"W7211870620","topic:economy-welfare","abstract","redistribution"
"W7211870620","topic:democracy-institutions","abstract","authoritarian"
"W7211870620","topic:democracy-institutions","abstract","democratization"
"W7211870620","region:europe","abstract","european"
"W7211870620","country:turkey","title","turkey"
"W7211870620","country:turkey","abstract","turkey"
"W7211870620","country:turkey","abstract","justice and development party"
"W7211870620","country:turkey","abstract","akp"
"W7211870620","country:turkey","abstract","erdogan"
"W7211870620","country:turkey","abstract","turkish (+ political word)"
"W7211889644","topic:parties","title","right wing populist"
"W7211889644","topic:parties","abstract","candidate"
"W7211889644","topic:parties","abstract","partisan"
"W7211889644","topic:media-communication","title","framing"
"W7211889644","topic:media-communication","abstract","frames"
"W7211889644","topic:media-communication","abstract","media"
"W7211889644","topic:media-communication","abstract","facebook"
"W7211889644","topic:media-communication","abstract","framing"
"W7211889644","method:survey","abstract","nationally representative"
"W7211889644","method:experiment","abstract","survey experiment"
"W7211889644","country:argentina","abstract","argentina"
"W7211889644","country:argentina","abstract","milei"
"W7211889644","region:latin-america","rule","from the country named"
"W7211955365","topic:migration","title","immigration"
"W7211955365","topic:migration","abstract","immigration"
"W7211955365","topic:migration","abstract","immigrants"
"W7211955365","topic:migration","abstract","xenophobe"
"W7211955365","topic:migration","abstract","xenophobia"
"W7211955365","topic:democracy-institutions","title","authoritarian"
"W7211955365","topic:democracy-institutions","abstract","liberal democracy"
"W7211955365","topic:democracy-institutions","abstract","authoritarianism"
"W7211955365","country:united-states","title","trump"
"W7211955365","country:united-states","abstract","united states"
"W7211955365","country:united-states","abstract","trump"
"W7211955365","region:north-america","rule","from the country named"
"W7211958663","topic:parties","abstract","populist leaders"
"W7211958663","topic:parties","abstract","parties"
"W7211958663","topic:parties","abstract","right wing populist"
"W7211958663","topic:parties","abstract","right wing populists"
"W7211958663","topic:government","title","populist incumbents"
"W7211958663","method:quantitative","abstract","difference in differences"
"W7212130483","approach:performative","abstract","bad manners"
"W7212144326","topic:media-communication","title","framing"
"W7212144326","topic:media-communication","title","media"
"W7212144326","topic:media-communication","abstract","framing"
"W7212144326","topic:media-communication","abstract","media"
"W7212144326","topic:media-communication","abstract","twitter"
"W7212144326","topic:media-communication","abstract","facebook"
"W7212144326","method:qualitative","abstract","qualitative"
"W7212144326","country:indonesia","title","indonesia"
"W7212144326","country:indonesia","abstract","indonesia"
"W7212144326","region:asia-pacific","rule","from the country named"
"W7212171209","topic:parties","abstract","populist right"
"W7212171209","topic:parties","abstract","candidates"
"W7212171209","topic:voters","abstract","attitudes"
"W7212171209","topic:gender","title","gender"
"W7212171209","topic:gender","abstract","gender"
"W7212171209","topic:gender","abstract","women"
"W7212171209","topic:gender","abstract","feminist"
"W7212171209","topic:democracy-institutions","title","authoritarian"
"W7212171209","country:united-states","title","u s"
"W7212171209","country:united-states","abstract","trumpism"
"W7212171209","country:united-states","abstract","u s"
"W7212171209","region:north-america","rule","from the country named"
"W7212173187","topic:parties","title","radical right"
"W7212173187","topic:parties","abstract","radical right"
"W7212173187","topic:parties","abstract","parties"
"W7212173187","topic:parties","abstract","political leadership"
"W7212173187","topic:parties","abstract","party"
"W7212173187","topic:gender","title","gender"
"W7212173187","topic:gender","abstract","women"
"W7212173187","topic:gender","abstract","gender"
"W7212173187","topic:gender","abstract","gendered"
"W7212173187","method:qualitative","abstract","semi structured"
"W7212173187","method:qualitative","abstract","interviews"
"W7212173187","country:italy","title","meloni"
"W7212173187","country:italy","abstract","meloni"
"W7212173187","country:italy","abstract","fratelli d italia"
"W7212173187","region:europe","rule","from the country named"
"W7212217846","topic:parties","title","far right"
"W7212256618","approach:measurement","abstract","measurement invariance"
"W7212303032","approach:discursive","abstract","post structuralist"
"W7212303032","approach:discursive","abstract","discourse theory"
"W7212303032","topic:media-communication","abstract","media"
"W7212303032","topic:media-communication","abstract","rhetoric"
"W7212303032","method:qualitative","abstract","qualitative"
"W7212365387","method:qualitative","abstract","interviews"
"W7212401100","topic:media-communication","abstract","misinformation"
"W7212401100","topic:media-communication","abstract","communication"
"W7212440079","topic:parties","title","radical right"
"W7212440079","topic:parties","abstract","radical right"
"W7212440079","topic:parties","abstract","parties"
"W7212440079","topic:spatial","abstract","territorial divides"
"W7212440079","topic:spatial","abstract","rural"
"W7212440079","method:survey","abstract","original survey"
"W7212440079","region:europe","title","western europe"
"W7212781266","region:europe","title","europe"
"W7212781266","region:asia-pacific","title","asia"
"W7212841904","topic:international","abstract","global governance"
"W7212841904","topic:international","abstract","international organizations"
"W7213263862","topic:parties","abstract","radical right"
"W7213263862","topic:parties","abstract","party"
"W7213263862","topic:parties","abstract","far right"
"W7213263862","topic:voters","abstract","citizens"
"W7213263862","topic:voters","abstract","populist attitudes"
"W7213263862","method:quantitative","abstract","quantitative analyses"
"W7213338746","topic:gender","abstract","genderized"
"W7213338746","topic:gender","abstract","masculinity"
"W7213365992","approach:discursive","abstract","essex school"
"W7213365992","topic:parties","title","party"
"W7213365992","topic:parties","abstract","party"
"W7213365992","topic:religion","title","religious"
"W7213365992","country:greece","title","greece"
"W7213365992","country:greece","abstract","greece"
"W7213365992","country:greece","abstract","greek (+ political word)"
"W7213365992","region:europe","rule","from the country named"
"W7213441870","topic:economy-welfare","title","neoliberalism"
"W7213441870","topic:economy-welfare","title","welfare"
"W7213441870","topic:economy-welfare","abstract","neoliberalism"
"W7213441870","topic:economy-welfare","abstract","economy"
"W7213441870","topic:economy-welfare","abstract","financial crisis"
"W7213441870","topic:economy-welfare","abstract","economic"
"W7213441870","topic:economy-welfare","abstract","social policy"
"W7213441870","country:thailand","title","thailand"
"W7213441870","country:thailand","abstract","thailand"
"W7213441870","country:thailand","abstract","thaksin"
"W7213441870","country:thailand","abstract","shinawatra"
"W7213441870","region:asia-pacific","rule","from the country named"
"W7213452021","topic:parties","title","parties"
"W7213452021","topic:parties","abstract","parties"
"W7213452021","topic:voters","title","support for populist"
"W7213452021","topic:voters","abstract","supporters"
"W7213452021","topic:voters","abstract","respondents"
"W7213452021","topic:voters","abstract","attitudes"
"W7213452021","topic:migration","title","migration"
"W7213452021","topic:migration","abstract","migration"
"W7213452021","method:survey","abstract","online survey"
"W7213553412","topic:foreign-policy","title","diplomats"
"W7213553412","topic:foreign-policy","title","diplomacy"
"W7213553412","topic:foreign-policy","abstract","diplomatic"
"W7213553412","topic:foreign-policy","abstract","diplomacy"
"W7213553412","topic:media-communication","abstract","communication"
"W7213553412","topic:media-communication","abstract","media"
"W7213553412","topic:media-communication","abstract","rhetorical"
"W7213553412","topic:media-communication","abstract","rhetoric"
"W7213553412","method:qualitative","abstract","critical discourse analysis"
"W7213553412","country:israel","abstract","israel"
"W7213553412","region:mena","rule","from the country named"
"W7213638517","topic:economy-welfare","abstract","redistribution"
"W7213638517","topic:economy-welfare","abstract","economics"
"W7213638517","topic:economy-welfare","abstract","protectionism"
"W7213638517","topic:economy-welfare","abstract","protectionist"
"W7213671508","approach:discursive","abstract","discursive constructions"
"W7213671508","topic:parties","title","radical right"
"W7213671508","topic:parties","abstract","radical right"
"W7213671508","topic:parties","abstract","parties"
"W7213671508","topic:gender","title","feminism"
"W7213671508","topic:gender","abstract","feminism"
"W7213671508","topic:gender","abstract","feminist"
"W7213671508","method:mixed","abstract","mixed methods"
"W7213671508","country:italy","abstract","italy"
"W7213671508","country:italy","abstract","italian (+ political word)"
"W7213671508","country:spain","abstract","spain"
"W7213671508","region:europe","rule","from the country named"
"W7213971970","topic:parties","title","far right"
"W7213971970","topic:parties","abstract","far right"
"W7213971970","topic:parties","abstract","populist leaders"
"W7213971970","topic:parties","abstract","parties"
"W7213971970","topic:media-communication","abstract","disinformation"
"W7213971970","topic:media-communication","abstract","media"
"W7213971970","topic:media-communication","abstract","communication"
"W7213971970","topic:migration","abstract","migration"
"W7213971970","method:mixed","abstract","mixed methods"
"W7213971970","region:europe","title","european"
"W7213971970","region:europe","abstract","europe"
"W7213971970","region:europe","abstract","european"
"W7213971970","country:germany","abstract","germany"
"W7213971970","country:germany","abstract","alternative fur deutschland"
"W7213975739","topic:voters","abstract","public support"
"W7213975739","topic:voters","abstract","public opinion"
"W7213978884","topic:international","title","eu"
"W7213978884","topic:international","abstract","eu"
"W7213978884","region:europe","title","eu"
"W7213978884","region:europe","abstract","eu"
"W7214063077","region:asia-pacific","title","south asia"
"W7214106446","topic:parties","abstract","right wing populist"
"W7214106446","topic:parties","abstract","left wing populist"
"W7214106446","topic:parties","abstract","right wing populism"
"W7214106446","topic:parties","abstract","left wing populism"
"W7214106446","topic:economy-welfare","title","economic"
"W7214106446","topic:economy-welfare","title","inequality"
"W7214106446","topic:economy-welfare","abstract","inequality"
"W7214111198","topic:parties","title","parties"
"W7214111198","topic:parties","abstract","party"
"W7214111198","topic:parties","abstract","parties"
"W7214111198","topic:parties","abstract","partisan"
"W7214111198","topic:parties","abstract","radical right"
"W7214111198","topic:voters","abstract","citizens"
"W7214111198","topic:voters","abstract","attitudes"
"W7214111198","topic:voters","abstract","public opinion"
"W7214111198","method:quantitative","abstract","regressions"
"W7214111198","method:quantitative","abstract","difference in differences"
"W7214111198","method:survey","abstract","latinobarometro"
"W7214111198","country:ecuador","title","ecuador"
"W7214111198","country:ecuador","abstract","ecuador"
"W7214111198","region:latin-america","rule","from the country named"
"W7214365259","approach:political-strategic","abstract","political strategic"
"W7214365259","topic:voters","title","voter"
"W7214365259","topic:voters","abstract","voter"
"W7214365259","topic:voters","abstract","voters"
"W7214365259","topic:economy-welfare","title","fiscal"
"W7214365259","topic:economy-welfare","abstract","fiscal"
"W7214365259","topic:economy-welfare","abstract","redistributive"
"W7214365259","topic:economy-welfare","abstract","welfare"
"W7214365259","topic:democracy-institutions","abstract","court"
"W7214365259","country:india","title","india"
"W7214365259","country:india","abstract","india"
"W7214365259","region:asia-pacific","rule","from the country named"
"W7214546093","topic:parties","title","party leadership"
"W7214546093","topic:parties","abstract","radical right"
"W7214546093","topic:parties","abstract","party leadership"
"W7214546093","topic:parties","abstract","populist actors"
"W7214546093","topic:media-communication","title","communication"
"W7214546093","topic:media-communication","title","media"
"W7214546093","topic:media-communication","abstract","media"
"W7214546093","topic:media-communication","abstract","communication"
"W7214546093","topic:media-communication","abstract","twitter"
"W7214546093","topic:media-communication","abstract","facebook"
"W7214546093","country:finland","title","finns party"
"W7214546093","country:finland","title","finnish (+ political word)"
"W7214546093","country:finland","abstract","finns party"
"W7214546093","country:finland","abstract","finnish (+ political word)"
"W7214546093","region:europe","rule","from the country named"
"W7214725518","approach:ideational","abstract","ideational conception"
"W7214725518","approach:performative","abstract","performative"
"W7214725518","topic:voters","title","populist attitudes"
"W7214725518","topic:voters","abstract","populist attitudes"
"W7214725518","topic:media-communication","abstract","framing"
"W7214725518","topic:media-communication","abstract","media"
"W7214725518","topic:democracy-institutions","title","populism and democracy"
"W7214725518","method:survey","title","survey based"
"W7214725518","country:pakistan","title","pakistan"
"W7214725518","country:pakistan","abstract","pakistan"
"W7214725518","country:pakistan","abstract","pakistani (+ political word)"
"W7214725518","region:asia-pacific","rule","from the country named"
"W7214727319","topic:parties","abstract","right wing populist"
"W7214727319","topic:parties","abstract","parties"
"W7214727319","topic:economy-welfare","title","economic"
"W7214727319","topic:economy-welfare","abstract","economic"
"W7214727319","topic:media-communication","title","rhetoric"
"W7214727319","topic:media-communication","title","frames"
"W7214727319","topic:media-communication","abstract","framing"
"W7214727319","topic:media-communication","abstract","rhetoric"
"W7214727319","topic:media-communication","abstract","frames"
"W7214727319","method:experiment","abstract","survey experiment"
"W7214727319","country:united-kingdom","abstract","uk"
"W7214727319","region:europe","rule","from the country named"
"W7214769067","topic:media-communication","title","media"
"W7214769067","topic:democracy-institutions","title","authoritarian"
"W7214983575","topic:foreign-policy","title","foreign policies"
"W7214984713","topic:parties","title","far right"
"W7214984713","region:europe","title","europe"
"W7214984713","country:romania","title","romania"
"W4410444431","topic:foreign-policy","title","foreign policy"
"W4410444431","topic:foreign-policy","abstract","foreign policy"
"W4408935305","topic:parties","title","far right"
"W4408935305","topic:parties","abstract","far right"
"W4408935305","topic:migration","title","immigration"
"W4408935305","topic:migration","abstract","refugees"
"W4408935305","topic:migration","abstract","migrants"
"W4408935305","topic:migration","abstract","immigrants"
"W4408935305","topic:migration","abstract","immigration"
"W4408935305","country:italy","title","italy"
"W4408935305","country:italy","title","meloni"
"W4408935305","country:italy","abstract","italy"
"W4408935305","country:italy","abstract","meloni"
"W4408935305","region:europe","rule","from the country named"
"W4407605462","topic:democracy-institutions","abstract","checks and balances"
"W4407605462","topic:democracy-institutions","abstract","judicial"
"W4406142865","topic:parties","title","radical right"
"W4406142865","topic:parties","abstract","radical right"
"W4406142865","topic:parties","abstract","parties"
"W4406142865","country:denmark","abstract","denmark"
"W4406142865","country:netherlands","abstract","netherlands"
"W4406142865","region:europe","rule","from the country named"
"W4408520570","topic:parties","abstract","political leadership"
"W4408564391","topic:parties","abstract","partisan"
"W4408564391","topic:parties","abstract","partisanship"
"W4408564391","topic:voters","abstract","populist attitudes"
"W4408564391","topic:voters","abstract","citizens"
"W4408564391","topic:voters","abstract","attitudes"
"W4408564391","country:hungary","abstract","hungary"
"W4408564391","country:hungary","abstract","orban"
"W4408564391","region:europe","rule","from the country named"
"W4410778411","topic:international","abstract","eu"
"W4410778411","method:qualitative","abstract","focus group"
"W4410778411","method:qualitative","abstract","interviews"
"W4410778411","region:europe","title","european"
"W4410778411","region:europe","abstract","european"
"W4410778411","region:europe","abstract","eu"
"W4410778411","country:poland","title","poland"
"W4410778411","country:poland","abstract","poland"
"W4410778411","country:ukraine","abstract","ukraine"
"W4408801929","topic:parties","title","parties"
"W4408801929","topic:parties","abstract","parties"
"W4408801929","topic:parties","abstract","radical right"
"W4408801929","topic:parties","abstract","party"
"W4408801929","topic:voters","abstract","voters"
"W4408801929","topic:voters","abstract","populist attitudes"
"W4408801929","topic:voters","abstract","voter"
"W4408801929","topic:media-communication","title","rhetoric"
"W4408801929","topic:media-communication","abstract","rhetoric"
"W4408801929","method:experiment","abstract","survey experiment"
"W4417244369","topic:parties","abstract","parties"
"W4417244369","topic:parties","abstract","radical right"
"W4417244369","topic:parties","abstract","party systems"
"W4407747321","topic:parties","abstract","radical right"
"W4407747321","topic:parties","abstract","parties"
"W4407747321","topic:parties","abstract","party"
"W4407747321","topic:migration","title","migration"
"W4407747321","topic:migration","abstract","nativism"
"W4407747321","topic:migration","abstract","asylum"
"W4407747321","country:united-kingdom","title","uk"
"W4407747321","country:united-kingdom","abstract","uk"
"W4407747321","country:united-kingdom","abstract","british (+ political word)"
"W4407747321","country:rwanda","abstract","rwanda"
"W4407747321","region:europe","rule","from the country named"
"W4407747321","region:sub-saharan-africa","rule","from the country named"
"W4408287124","topic:democracy-institutions","title","constitutionalism"
"W4408287124","topic:democracy-institutions","abstract","constitutional"
"W4408287124","topic:democracy-institutions","abstract","authoritarian"
"W4408287124","topic:democracy-institutions","abstract","constitutionalism"
"W4408287124","topic:democracy-institutions","abstract","constitution"
"W4408287124","country:tunisia","title","kais saied"
"W4408287124","country:tunisia","title","tunisian (+ political word)"
"W4408287124","country:tunisia","abstract","kais saied"
"W4408287124","region:mena","rule","from the country named"
"W4406379474","approach:ideational","abstract","ideational definition"
"W4406379474","topic:democracy-institutions","title","populism and democracy"
"W4406379474","topic:democracy-institutions","abstract","populism and democracy"
"W4406955927","approach:performative","abstract","performative"
"W4409208736","topic:parties","title","radical right"
"W4409208736","topic:parties","abstract","radical right"
"W4409208736","topic:parties","abstract","party"
"W4409208736","topic:government","title","in power"
"W4409208736","topic:government","abstract","in power"
"W4409208736","topic:government","abstract","in government"
"W4409208736","topic:government","abstract","in office"
"W4409208736","topic:media-communication","abstract","communication"
"W4409208736","topic:media-communication","abstract","media"
"W4409208736","country:italy","abstract","italy"
"W4409208736","country:italy","abstract","brothers of italy"
"W4409208736","country:italy","abstract","meloni"
"W4409208736","country:italy","abstract","salvini"
"W4409208736","region:europe","rule","from the country named"
"W4408423331","topic:parties","title","right wing populism"
"W4408423331","topic:parties","abstract","right wing populism"
"W4408423331","topic:voters","abstract","attitudes"
"W4408423331","topic:migration","title","xenophobia"
"W4408423331","topic:migration","title","immigration"
"W4408423331","topic:migration","abstract","immigration"
"W4408423331","topic:migration","abstract","anti immigrant"
"W4408423331","topic:migration","abstract","immigrants"
"W4408423331","topic:migration","abstract","anti immigration"
"W4408423331","topic:migration","abstract","xenophobia"
"W4408423331","topic:migration","abstract","xenophobic"
"W4408423331","topic:migration","abstract","immigrant"
"W4409702178","topic:parties","abstract","radical right"
"W4409702178","topic:parties","abstract","parties"
"W4409702178","topic:media-communication","title","media"
"W4409702178","topic:media-communication","abstract","communication"
"W4409702178","topic:media-communication","abstract","media"
"W4409702178","method:mixed","abstract","quantitative and qualitative"
"W4409702178","country:portugal","title","chega"
"W4409702178","country:portugal","abstract","portugal"
"W4409702178","country:portugal","abstract","chega"
"W4409702178","country:spain","abstract","spain"
"W4409702178","country:spain","abstract","spanish (+ political word)"
"W4409702178","region:europe","rule","from the country named"
"W4413859632","approach:ideational","abstract","thin centred"
"W4413859632","topic:parties","title","parties"
"W4413859632","topic:parties","abstract","parties"
"W4413859632","topic:parties","abstract","radical right"
"W4413859632","topic:voters","title","populist attitudes"
"W4413859632","topic:voters","abstract","voters"
"W4413859632","topic:voters","abstract","populist attitudes"
"W4413859632","topic:voters","abstract","voting behaviour"
"W4413859632","topic:voters","abstract","attitudes"
"W4413859632","topic:voters","abstract","support for populist"
"W4413859632","topic:migration","abstract","migrantized"
"W4413859632","method:survey","abstract","survey data"
"W4413859632","country:netherlands","title","netherlands"
"W4413859632","region:europe","rule","from the country named"
"W4417023774","topic:foreign-policy","title","diplomacy"
"W4417023774","topic:foreign-policy","abstract","diplomacy"
"W4417023774","topic:foreign-policy","abstract","diplomatic"
"W4417023774","topic:media-communication","abstract","disinformation"
"W4417023774","topic:media-communication","abstract","communication"
"W4406405935","topic:defence-security","title","securitization"
"W4406405935","topic:defence-security","abstract","securitization"
"W4406405935","topic:parties","title","party"
"W4406405935","topic:parties","abstract","party"
"W4406405935","topic:parties","abstract","manifesto"
"W4406405935","topic:parties","abstract","party leader"
"W4406405935","topic:migration","title","migration"
"W4406405935","topic:migration","title","anti immigrant"
"W4406405935","topic:migration","abstract","refugee"
"W4406405935","topic:migration","abstract","migration"
"W4406405935","topic:migration","abstract","anti immigrant"
"W4406405935","method:qualitative","abstract","qualitative"
"W4406405935","region:europe","abstract","european"
"W4406405935","country:turkey","title","turkiye"
"W4406405935","country:turkey","abstract","turkiye"
"W4407772975","topic:foreign-policy","title","diplomacy"
"W4407772975","topic:foreign-policy","abstract","diplomacy"
"W4407772975","topic:foreign-policy","abstract","diplomats"
"W4407772975","topic:foreign-policy","abstract","diplomatic"
"W4407772975","topic:parties","abstract","populist leaders"
"W4408479363","method:experiment","abstract","vignette experiments"
"W4409233013","topic:parties","title","radical right"
"W4409233013","topic:parties","title","parties"
"W4409233013","topic:parties","abstract","radical right"
"W4409233013","topic:parties","abstract","parties"
"W4409233013","topic:parties","abstract","party"
"W4409233013","topic:media-communication","title","media"
"W4409233013","topic:media-communication","abstract","social networking"
"W4409233013","topic:media-communication","abstract","twitter"
"W4409233013","topic:media-communication","abstract","media"
"W4409233013","topic:gender","title","lgbtiq"
"W4409233013","topic:gender","abstract","lgbtiq"
"W4409233013","country:italy","title","italian (+ political word)"
"W4409233013","region:europe","rule","from the country named"
"W4409295651","topic:parties","title","populist leaders"
"W4409295651","topic:economy-welfare","abstract","economic"
"W4409295651","topic:economy-welfare","abstract","financial crisis"
"W4409295651","topic:migration","abstract","nativist"
"W4409295651","topic:migration","abstract","refugee"
"W4409667021","topic:media-communication","title","rhetoric"
"W4409667021","topic:religion","title","christian"
"W4409667021","topic:religion","abstract","christian"
"W4409667021","topic:religion","abstract","religious"
"W4409667021","topic:religion","abstract","secular"
"W4409667021","topic:religion","abstract","religiously"
"W4409667021","country:australia","title","australia"
"W4409667021","country:australia","abstract","australia"
"W4409667021","region:asia-pacific","rule","from the country named"
"W4410374424","approach:ideational","abstract","host ideology"
"W4410374424","topic:parties","title","parties"
"W4410374424","topic:parties","abstract","parties"
"W4410374424","topic:parties","abstract","party"
"W4410374424","topic:economy-welfare","abstract","economic"
"W4413057775","region:europe","title","europe"
"W4413057775","region:europe","abstract","europe"
"W4414975094","approach:ideational","abstract","thin ideology"
"W4414975094","topic:parties","title","populist leadership"
"W4414975094","method:quantitative","abstract","statistical analysis"
"W4414975094","country:mexico","abstract","mexico"
"W4414975094","region:latin-america","rule","from the country named"
"W4406097665","topic:parties","abstract","parties"
"W4406097665","topic:voters","title","voters"
"W4406097665","topic:voters","abstract","attitudes"
"W4406097665","topic:voters","abstract","voters"
"W4406097665","method:quantitative","abstract","panel data"
"W4406097665","method:survey","abstract","european social survey"
"W4406097665","region:europe","title","europe"
"W4406097665","region:europe","abstract","europe"
"W4406097665","region:europe","abstract","european"
"W4406220476","topic:voters","abstract","voters"
"W4406220476","topic:voters","abstract","supporters"
"W4406379594","topic:government","title","populist incumbents"
"W4406379594","topic:government","abstract","populist incumbents"
"W4408202762","approach:political-strategic","abstract","strategic approach"
"W4408202762","topic:international","title","regionalism"
"W4408202762","topic:international","abstract","regional integration"
"W4408202762","topic:international","abstract","regional organizations"
"W4408202762","topic:international","abstract","regionalism"
"W4408202762","topic:government","title","populism in power"
"W4408202762","topic:government","abstract","in power"
"W4408202762","topic:government","abstract","populist governments"
"W4408202762","topic:government","abstract","populists in power"
"W4408202762","region:europe","title","europe"
"W4408202762","region:europe","abstract","europe"
"W4408202762","region:latin-america","title","latin america"
"W4408405119","topic:parties","title","radical right"
"W4408405119","topic:parties","title","parties"
"W4408405119","topic:parties","abstract","radical right"
"W4408405119","topic:parties","abstract","parties"
"W4408405119","topic:voters","abstract","respondents"
"W4408405119","region:europe","abstract","europe"
"W4408405119","country:italy","title","italy"
"W4408405119","country:italy","abstract","italy"
"W4408405119","country:portugal","title","portugal"
"W4408405119","country:portugal","abstract","portugal"
"W4409407078","topic:parties","title","radical right"
"W4409407078","topic:economy-welfare","title","economic"
"W4409407078","topic:economy-welfare","abstract","economic"
"W4409407078","topic:economy-welfare","abstract","redistributive"
"W4409407078","topic:economy-welfare","abstract","inequalities"
"W4409407078","method:survey","abstract","european social survey"
"W4409407078","region:europe","abstract","european"
"W4409407078","region:europe","abstract","western europe"
"W4409962788","topic:parties","abstract","populist leaders"
"W4409962788","topic:parties","abstract","parties"
"W4409962788","topic:voters","abstract","citizens"
"W4409962788","topic:voters","abstract","attitudes"
"W4409962788","topic:voters","abstract","vote choice"
"W4409962788","topic:voters","abstract","voters"
"W4409962788","topic:voters","abstract","supporters"
"W4409962788","topic:government","abstract","populist incumbents"
"W4409962788","topic:government","abstract","incumbents"
"W4409962788","topic:democracy-institutions","title","democratic backsliding"
"W4409962788","topic:democracy-institutions","title","democratic institutions"
"W4409962788","topic:democracy-institutions","abstract","democratic backsliding"
"W4409962788","topic:democracy-institutions","abstract","democratic quality"
"W4409962788","topic:democracy-institutions","abstract","illiberal"
"W4409962788","topic:democracy-institutions","abstract","democratic institutions"
"W4413593081","topic:parties","title","far right"
"W4413593081","topic:parties","abstract","far right"
"W4413593081","country:turkey","abstract","turkey"
"W4413593081","region:europe","rule","from the country named"
"W4413790833","topic:voters","abstract","voters"
"W4416310100","topic:parties","abstract","far right"
"W4416310100","topic:parties","abstract","party system"
"W4416310100","topic:parties","abstract","populist right"
"W4416310100","topic:parties","abstract","party"
"W4416310100","topic:parties","abstract","parties"
"W4416310100","topic:voters","abstract","voters"
"W4416310100","topic:voters","abstract","electorate"
"W4416310100","topic:media-communication","abstract","disinformation"
"W4416310100","topic:media-communication","abstract","media"
"W4416310100","topic:migration","abstract","immigration"
"W4416310100","topic:migration","abstract","migration"
"W4416310100","topic:democracy-institutions","abstract","constitutional"
"W4416310100","topic:democracy-institutions","abstract","democratic institutions"
"W4416310100","country:portugal","abstract","portugal"
"W4416310100","country:portugal","abstract","chega"
"W4416310100","region:europe","rule","from the country named"
"W4417050291","topic:parties","title","parties"
"W4417050291","topic:parties","abstract","parties"
"W4417050291","topic:parties","abstract","populist actors"
"W4417050291","topic:parties","abstract","populist right"
"W4417050291","topic:parties","abstract","radical right"
"W4417050291","region:europe","title","europe"
"W4417331318","topic:parties","title","right wing populism"
"W4417331318","topic:parties","abstract","right wing populism"
"W4417331318","topic:parties","abstract","right wing populist"
"W4417331318","topic:parties","abstract","party"
"W4417331318","topic:spatial","title","left behind places"
"W4417331318","topic:spatial","title","rural"
"W4417331318","topic:spatial","abstract","geography of"
"W4417331318","topic:spatial","abstract","left behind places"
"W4417331318","topic:spatial","abstract","rural"
"W4417331318","method:qualitative","abstract","qualitative"
"W4417331318","country:germany","title","germany"
"W4417331318","country:germany","abstract","alternative fur deutschland"
"W4417331318","country:germany","abstract","afd"
"W4417331318","region:europe","rule","from the country named"
"W4406956079","approach:performative","abstract","performative"
"W4406956079","topic:media-communication","title","rhetoric"
"W4406956079","topic:media-communication","title","communication"
"W4406956079","topic:media-communication","abstract","media"
"W4406956079","topic:media-communication","abstract","communication"
"W4407859430","method:qualitative","abstract","qualitative"
"W4407931691","approach:performative","title","populist performance"
"W4407931691","approach:performative","abstract","populist performance"
"W4407931691","topic:parties","abstract","populist politicians"
"W4407931691","topic:voters","abstract","citizens"
"W4407931691","topic:voters","abstract","respondents"
"W4407931691","topic:voters","abstract","voting behavior"
"W4407931691","method:experiment","abstract","online experiment"
"W4408248498","topic:parties","abstract","right wing populist"
"W4408248498","topic:parties","abstract","parties"
"W4408248498","topic:government","abstract","populist governance"
"W4408248498","country:sweden","abstract","sweden"
"W4408248498","country:sweden","abstract","swedish (+ political word)"
"W4408248498","region:europe","rule","from the country named"
"W4408415188","topic:parties","title","radical right"
"W4408415188","topic:parties","title","party"
"W4408415188","topic:parties","abstract","radical right"
"W4408415188","topic:parties","abstract","party"
"W4408415188","topic:parties","abstract","parties"
"W4408415188","country:netherlands","title","netherlands"
"W4408415188","country:netherlands","title","fortuyn"
"W4408415188","country:netherlands","title","wilders"
"W4408415188","country:netherlands","title","baudet"
"W4408415188","country:netherlands","abstract","netherlands"
"W4408415188","country:netherlands","abstract","fortuyn"
"W4408415188","country:netherlands","abstract","pvv"
"W4408415188","country:netherlands","abstract","forum for democracy"
"W4408415188","country:netherlands","abstract","wilders"
"W4408415188","region:europe","rule","from the country named"
"W4408828434","topic:democracy-institutions","title","judiciaries"
"W4408828434","topic:democracy-institutions","abstract","authoritarian"
"W4408828434","topic:democracy-institutions","abstract","liberal democracy"
"W4408828434","topic:democracy-institutions","abstract","constitutional"
"W4408828434","topic:democracy-institutions","abstract","democratic institutions"
"W4408828434","topic:democracy-institutions","abstract","judiciaries"
"W4408828434","topic:democracy-institutions","abstract","judicial"
"W4408828434","topic:democracy-institutions","abstract","populism and democracy"
"W4409166031","topic:parties","abstract","party"
"W4409166031","topic:parties","abstract","parties"
"W4409166031","topic:voters","abstract","citizens"
"W4409738642","approach:ideational","abstract","ideational approach"
"W4409738642","approach:ideational","abstract","populism as an ideology"
"W4409738642","approach:ideational","abstract","host ideology"
"W4409738642","approach:ideational","abstract","thick ideologies"
"W4409738642","topic:parties","title","right wing populist"
"W4409738642","topic:parties","abstract","right wing populist"
"W4409738642","topic:parties","abstract","left wing populist"
"W4409738642","topic:voters","title","populist attitudes"
"W4409738642","topic:voters","abstract","populist attitudes"
"W4410106232","topic:media-communication","title","media"
"W4410106232","topic:media-communication","abstract","media"
"W4410106232","topic:media-communication","abstract","journalism"
"W4410106232","region:latin-america","title","latin america"
"W4410161988","topic:parties","abstract","right wing populism"
"W4410161988","topic:parties","abstract","parties"
"W4410161988","topic:parties","abstract","left wing populism"
"W4410161988","topic:parties","abstract","right wing populist"
"W4410161988","topic:parties","abstract","left wing populist"
"W4410161988","method:survey","abstract","survey data"
"W4410161988","country:germany","title","germany"
"W4410161988","country:germany","abstract","germany"
"W4410161988","country:germany","abstract","afd"
"W4410161988","country:germany","abstract","die linke"
"W4410161988","region:europe","rule","from the country named"
"W4410255515","approach:discursive","abstract","populism as a discourse"
"W4410255515","topic:international","abstract","european union"
"W4410255515","topic:international","abstract","eu"
"W4410255515","topic:international","abstract","european integration"
"W4410255515","topic:parties","abstract","party"
"W4410255515","topic:parties","abstract","radical right"
"W4410255515","topic:parties","abstract","parties"
"W4410255515","topic:media-communication","abstract","rhetoric"
"W4410255515","method:qualitative","abstract","process tracing"
"W4410255515","region:europe","abstract","european"
"W4410255515","region:europe","abstract","europe"
"W4410255515","region:europe","abstract","eu"
"W4410255515","country:georgia","title","georgia"
"W4410255515","country:georgia","title","georgian dream"
"W4410255515","country:georgia","abstract","georgia"
"W4410255515","country:georgia","abstract","georgian dream"
"W4410255515","country:georgia","abstract","georgian (+ political word)"
"W4411223075","topic:parties","title","populist leadership"
"W4411223075","topic:parties","abstract","populist leadership"
"W4411223075","topic:media-communication","abstract","communication"
"W4411223075","topic:media-communication","abstract","rhetoric"
"W4411223075","topic:media-communication","abstract","tweets"
"W4411223075","topic:media-communication","abstract","twitter"
"W4411223075","method:qualitative","abstract","qualitative"
"W4411312232","approach:ideational","abstract","ideational approach"
"W4411312232","topic:parties","abstract","populist actors"
"W4411312232","topic:parties","abstract","manifestos"
"W4411312232","topic:parties","abstract","right wing populist"
"W4411312232","topic:parties","abstract","parties"
"W4412516386","topic:media-communication","title","disinformation"
"W4412516386","topic:media-communication","abstract","disinformation"
"W4412516386","topic:media-communication","abstract","media"
"W4412516386","topic:media-communication","abstract","journalistic"
"W4412516386","method:qualitative","abstract","qualitative"
"W4412516386","country:united-states","title","u s"
"W4412516386","region:north-america","rule","from the country named"
"W4413247140","topic:government","abstract","incumbent"
"W4413247140","topic:gender","title","gendered"
"W4413247140","topic:gender","title","genderism"
"W4413247140","topic:gender","abstract","genderism"
"W4413247140","topic:gender","abstract","gender"
"W4413247140","topic:gender","abstract","women"
"W4413247140","topic:gender","abstract","masculine"
"W4413247140","topic:gender","abstract","masculinist"
"W4413247140","topic:gender","abstract","gendered"
"W4413247140","topic:democracy-institutions","title","authoritarian"
"W4413247140","topic:democracy-institutions","abstract","authoritarian"
"W4413247140","country:turkey","title","turkey"
"W4413247140","country:turkey","abstract","turkey"
"W4413247140","region:europe","rule","from the country named"
"W4413824278","topic:parties","title","right wing populism"
"W4413824278","topic:parties","abstract","right wing populist"
"W4413824278","topic:parties","abstract","parties"
"W4413824278","topic:economy-welfare","abstract","economic"
"W4413824278","topic:economy-welfare","abstract","energy transition"
"W4413824278","topic:economy-welfare","abstract","energy policies"
"W4413824278","method:survey","abstract","survey data"
"W4413824278","country:germany","title","germany"
"W4413824278","region:europe","rule","from the country named"
"W4414620509","topic:parties","title","far right"
"W4414620509","topic:parties","title","radical right"
"W4414620509","topic:economy-welfare","title","economic"
"W4414620509","country:austria","title","austrian (+ political word)"
"W4414620509","region:europe","rule","from the country named"
"W4406379589","topic:parties","abstract","parties"
"W4406379589","topic:government","abstract","populists in power"
"W4406379589","topic:government","abstract","in office"
"W4406379589","topic:democracy-institutions","title","liberal democracy"
"W4406379589","topic:democracy-institutions","abstract","liberal democracy"
"W4406379589","topic:democracy-institutions","abstract","democratic decline"
"W4406379589","topic:democracy-institutions","abstract","illiberalism"
"W4406379589","region:europe","abstract","western european"
"W4406379589","region:europe","abstract","western europe"
"W4406379589","country:belgium","abstract","belgium"
"W4406379589","country:belgium","abstract","vlaams belang"
"W4406379589","country:france","abstract","france"
"W4406379589","country:france","abstract","rassemblement national"
"W4406379589","country:germany","abstract","germany"
"W4406379589","country:germany","abstract","die linke"
"W4406379589","country:poland","abstract","poland"
"W4406379589","country:poland","abstract","prawo i sprawiedliworc"
"W4406405392","topic:parties","abstract","populist actors"
"W4406405392","topic:parties","abstract","parties"
"W4406405392","topic:democracy-institutions","title","populism and democracy"
"W4406405392","topic:democracy-institutions","abstract","populism and democracy"
"W4406739637","topic:democracy-institutions","title","democratic backsliding"
"W4406739637","method:survey","abstract","world values survey"
"W4406739637","region:europe","abstract","european"
"W4406739637","region:europe","abstract","nordic"
"W4407115772","topic:international","title","european parliament"
"W4407115772","topic:parties","title","parties"
"W4407115772","topic:parties","abstract","parties"
"W4407115772","topic:voters","abstract","voters"
"W4407115772","region:europe","title","european"
"W4407115772","country:germany","title","germany"
"W4407115772","country:italy","title","italy"
"W4407115772","country:netherlands","title","netherlands"
"W4407115772","country:sweden","title","sweden"
"W4407825350","topic:parties","title","right wing populists"
"W4407825350","topic:parties","abstract","right wing populist"
"W4407825350","topic:parties","abstract","parties"
"W4407825350","topic:parties","abstract","party"
"W4407964977","region:europe","title","european"
"W4408256965","topic:parties","abstract","far right"
"W4408256965","topic:parties","abstract","party"
"W4408256965","topic:media-communication","title","rhetoric"
"W4408256965","topic:media-communication","title","facebook"
"W4408256965","topic:media-communication","abstract","media"
"W4408256965","topic:media-communication","abstract","facebook"
"W4408256965","topic:media-communication","abstract","rhetoric"
"W4408256965","method:qualitative","abstract","qualitative"
"W4408256965","country:israel","title","israel"
"W4408256965","region:mena","rule","from the country named"
"W4408383879","topic:economy-welfare","title","neoliberal"
"W4408383879","topic:migration","title","anti immigrant"
"W4408585474","topic:foreign-policy","title","foreign policy"
"W4408585474","topic:foreign-policy","abstract","foreign policy"
"W4408585474","topic:parties","title","party"
"W4408585474","topic:parties","abstract","radical right"
"W4408585474","topic:parties","abstract","party"
"W4408585474","topic:parties","abstract","parties"
"W4408585474","country:hungary","title","hungary"
"W4408585474","country:hungary","abstract","hungary"
"W4408585474","country:poland","title","poland"
"W4408585474","country:poland","abstract","poland"
"W4408585474","region:europe","rule","from the country named"
"W4408610666","topic:international","title","european parliament"
"W4408610666","topic:international","abstract","european parliament"
"W4408610666","topic:international","abstract","eu"
"W4408610666","topic:parties","abstract","parties"
"W4408610666","region:europe","title","european"
"W4408610666","region:europe","abstract","european"
"W4408610666","region:europe","abstract","europe"
"W4408610666","region:europe","abstract","eu"
"W4408854480","topic:media-communication","title","media"
"W4408854480","topic:media-communication","abstract","media"
"W4408854480","topic:media-communication","abstract","journalists"
"W4408854480","topic:media-communication","abstract","journalistic"
"W4408854480","topic:democracy-institutions","title","authoritarian"
"W4408854480","method:qualitative","abstract","semi structured"
"W4408854480","method:qualitative","abstract","interviews"
"W4408854480","region:europe","title","eastern europe"
"W4408908741","topic:parties","abstract","candidates"
"W4408908741","topic:parties","abstract","political leadership"
"W4408908741","topic:economy-welfare","abstract","economic"
"W4408908741","topic:economy-welfare","abstract","welfare"
"W4408908741","method:mixed","abstract","mixed method"
"W4409627552","topic:economy-welfare","title","neoliberal"
"W4409627552","topic:democracy-institutions","title","democratization"
"W4410600316","topic:parties","title","radical right"
"W4410600316","topic:parties","abstract","radical right"
"W4410600316","topic:parties","abstract","parties"
"W4410600316","topic:parties","abstract","party system"
"W4410600316","topic:voters","title","voters"
"W4410600316","topic:voters","abstract","demand side"
"W4410600316","topic:voters","abstract","voters"
"W4410600316","topic:voters","abstract","attitudes"
"W4410600316","method:survey","abstract","european social survey"
"W4410600316","region:europe","abstract","european"
"W4410600316","region:europe","abstract","eu"
"W4410859935","topic:parties","abstract","populist leaders"
"W4410859935","topic:parties","abstract","parties"
"W4410859935","topic:parties","abstract","populist right"
"W4410859935","topic:parties","abstract","political leadership"
"W4410859935","topic:parties","abstract","radical right"
"W4410859935","topic:parties","abstract","candidates"
"W4410859935","topic:media-communication","title","rhetoric"
"W4410859935","topic:media-communication","abstract","rhetoric"
"W4410859935","topic:migration","title","xenophobic"
"W4410859935","topic:migration","abstract","immigrants"
"W4410859935","topic:migration","abstract","nativist"
"W4410859935","topic:migration","abstract","xenophobic"
"W4410859935","method:mixed","abstract","mixed methods"
"W4410859935","region:europe","abstract","europe"
"W4410859935","region:europe","abstract","european"
"W4410859935","country:spain","title","vox"
"W4410859935","country:spain","abstract","spain"
"W4410859935","country:spain","abstract","vox"
"W4411041167","topic:media-communication","abstract","media"
"W4411041167","topic:media-communication","abstract","rhetoric"
"W4411041167","country:united-states","title","united states"
"W4411041167","region:north-america","rule","from the country named"
"W4411421354","topic:parties","title","partisan"
"W4411421354","topic:parties","abstract","partisan"
"W4411421354","topic:parties","abstract","partisanship"
"W4411421354","region:europe","title","european"
"W4412158868","topic:parties","title","radical right"
"W4412158868","topic:parties","abstract","radical right"
"W4412158868","topic:parties","abstract","parties"
"W4412158868","topic:parties","abstract","party"
"W4412158868","topic:parties","abstract","partisan"
"W4412158868","topic:voters","abstract","supporters"
"W4412158868","topic:voters","abstract","voters"
"W4412158868","topic:economy-welfare","abstract","economic"
"W4412158868","topic:economy-welfare","abstract","globalization"
"W4412158868","topic:media-communication","abstract","media"
"W4412158868","country:sweden","title","sweden"
"W4412158868","country:sweden","title","sweden democrats"
"W4412158868","country:sweden","abstract","sweden"
"W4412158868","country:sweden","abstract","sweden democrats"
"W4412158868","region:europe","rule","from the country named"
"W4412499830","topic:parties","title","populist movements"
"W4412499830","method:qualitative","abstract","interviews"
"W4412499830","country:estonia","title","estonia"
"W4412499830","country:poland","title","poland"
"W4412499830","country:ukraine","title","ukraine"
"W4412499830","region:europe","rule","from the country named"
"W4413134876","topic:media-communication","title","journalism"
"W4413134876","topic:media-communication","abstract","journalists"
"W4413134876","topic:media-communication","abstract","journalistic"
"W4413134876","topic:media-communication","abstract","media"
"W4413134876","topic:media-communication","abstract","journalism"
"W4413134876","method:qualitative","abstract","in depth case studies"
"W4413134876","country:philippines","title","philippines"
"W4413134876","region:asia-pacific","rule","from the country named"
"W4413296413","topic:parties","title","far right"
"W4413296413","topic:media-communication","abstract","misinformation"
"W4413296413","topic:media-communication","abstract","disinformation"
"W4414215408","approach:performative","abstract","bad manners"
"W4414215408","approach:socio-cultural","abstract","ostiguy"
"W4414215408","topic:parties","title","right wing populism"
"W4414215408","topic:parties","abstract","right wing populisms"
"W4414215408","topic:parties","abstract","right wing populists"
"W4414215408","topic:parties","abstract","populist leaders"
"W4414215408","topic:parties","abstract","candidate"
"W4414215408","topic:parties","abstract","party"
"W4414215408","topic:parties","abstract","populist right"
"W4414215408","topic:parties","abstract","right wing populist"
"W4414215408","topic:parties","abstract","candidates"
"W4414215408","topic:gender","abstract","masculinist"
"W4414215408","topic:gender","abstract","feminist"
"W4414215408","topic:gender","abstract","women"
"W4414215408","topic:gender","abstract","masculinity"
"W4414215408","topic:gender","abstract","anti gender"
"W4414215408","topic:gender","abstract","gender"
"W4414218009","topic:voters","title","populist attitudes"
"W4414218009","topic:voters","abstract","populist attitudes"
"W4414280500","approach:performative","abstract","populist style"
"W4414280500","topic:international","title","eu"
"W4414280500","topic:international","abstract","eu"
"W4414280500","topic:international","abstract","european parliament"
"W4414280500","topic:media-communication","title","rhetoric"
"W4414280500","topic:media-communication","abstract","communication"
"W4414280500","topic:media-communication","abstract","rhetoric"
"W4414280500","topic:media-communication","abstract","facebook"
"W4414280500","topic:media-communication","abstract","framing"
"W4414280500","topic:media-communication","abstract","rhetorical"
"W4414280500","region:europe","title","europe"
"W4414280500","region:europe","title","visegrad"
"W4414280500","region:europe","title","eu"
"W4414280500","region:europe","abstract","eastern europe"
"W4414280500","region:europe","abstract","visegrad"
"W4414280500","region:europe","abstract","european"
"W4414280500","region:europe","abstract","eu"
"W4414865854","topic:parties","title","radical right"
"W4414865854","topic:parties","title","parties"
"W4414865854","topic:parties","abstract","radical right"
"W4414865854","topic:parties","abstract","parties"
"W4414865854","topic:media-communication","abstract","communication"
"W4414865854","topic:media-communication","abstract","rhetorical"
"W4414865854","method:qualitative","abstract","discourse analysis"
"W4414865854","country:france","abstract","france"
"W4414865854","country:france","abstract","national rally"
"W4414865854","country:sweden","abstract","sweden"
"W4414865854","country:sweden","abstract","sweden democrats"
"W4414865854","region:europe","rule","from the country named"
"W4415022693","topic:parties","title","radical right"
"W4415022693","topic:parties","title","parties"
"W4415022693","topic:parties","abstract","party"
"W4415022693","topic:parties","abstract","radical right"
"W4415022693","topic:parties","abstract","parties"
"W4415022693","topic:voters","title","support for populist"
"W4415022693","topic:voters","abstract","electorate"
"W4415022693","topic:voters","abstract","supporters"
"W4415022693","topic:voters","abstract","electorates"
"W4415022693","topic:democracy-institutions","title","authoritarian"
"W4415022693","topic:democracy-institutions","abstract","authoritarian"
"W4415022693","method:survey","abstract","original survey"
"W4415022693","method:survey","abstract","survey items"
"W4415022693","country:portugal","abstract","portugal"
"W4415022693","country:portugal","abstract","chega"
"W4415022693","country:spain","abstract","spain"
"W4415022693","region:europe","rule","from the country named"
"W4416917182","topic:parties","title","right wing populist"
"W4416917182","topic:parties","title","parties"
"W4416917182","topic:parties","abstract","right wing populist"
"W4416917182","topic:parties","abstract","parties"
"W4416917182","topic:parties","abstract","party systems"
"W4416917182","topic:parties","abstract","right wing populism"
"W4416917182","topic:parties","abstract","manifestos"
"W4416917182","topic:religion","title","religionization"
"W4416917182","topic:religion","title","secularization"
"W4416917182","topic:religion","abstract","religion"
"W4416917182","topic:religion","abstract","christian"
"W4416917182","topic:religion","abstract","religious"
"W4416917182","topic:religion","abstract","secularization"
"W4416917182","country:italy","title","italian (+ political word)"
"W4416917182","country:italy","abstract","italy"
"W4416917182","country:italy","abstract","brothers of italy"
"W4416917182","country:italy","abstract","meloni"
"W4416917182","country:italy","abstract","italian (+ political word)"
"W4416917182","region:europe","rule","from the country named"
"W4406038304","approach:discursive","abstract","laclau"
"W4406038304","approach:discursive","abstract","populist logic"
"W4406038304","topic:media-communication","title","rhetorical"
"W4406038304","country:philippines","title","philippines"
"W4406038304","country:philippines","title","estrada"
"W4406038304","country:philippines","title","duterte"
"W4406038304","country:philippines","abstract","philippines"
"W4406038304","country:philippines","abstract","estrada"
"W4406038304","country:philippines","abstract","duterte"
"W4406038304","region:asia-pacific","rule","from the country named"
"W4406116063","approach:discursive","abstract","discursive approaches"
"W4406116063","topic:media-communication","abstract","communication"
"W4406116063","method:qualitative","title","qualitative"
"W4406116063","method:qualitative","abstract","qualitative"
"W4406242665","method:survey","abstract","original survey"
"W4406334853","region:asia-pacific","title","east asian"
"W4406334853","region:asia-pacific","abstract","east asian"
"W4406334853","country:japan","title","japan"
"W4406334853","country:japan","abstract","japan"
"W4406334853","country:south-korea","title","south korea"
"W4406334853","country:south-korea","abstract","south korea"
"W4406334853","country:taiwan","title","taiwan"
"W4406334853","country:taiwan","abstract","taiwan"
"W4406704375","topic:international","abstract","transnational"
"W4406704375","topic:international","abstract","eu"
"W4406704375","topic:parties","title","right wing populist"
"W4406704375","topic:parties","abstract","party"
"W4406704375","topic:parties","abstract","right wing populist"
"W4406704375","topic:parties","abstract","parties"
"W4406704375","topic:voters","abstract","voter"
"W4406704375","topic:voters","abstract","attitudes"
"W4406704375","topic:voters","abstract","voters"
"W4406704375","method:quantitative","abstract","regression"
"W4406704375","region:europe","abstract","northern european"
"W4406704375","region:europe","abstract","western europe"
"W4406704375","region:europe","abstract","eu"
"W4406881842","topic:parties","title","radical right"
"W4406881842","topic:parties","title","parties"
"W4406881842","topic:parties","abstract","radical right"
"W4406881842","topic:parties","abstract","parties"
"W4407069555","topic:parties","abstract","populist politician"
"W4407069555","topic:media-communication","title","communication"
"W4407069555","topic:media-communication","abstract","communication"
"W4407069555","topic:media-communication","abstract","media"
"W4407069555","topic:religion","title","religious"
"W4407069555","topic:religion","abstract","religion"
"W4407069555","topic:religion","abstract","religious"
"W4407069555","method:qualitative","title","qualitative"
"W4407069555","method:qualitative","abstract","qualitative"
"W4407069555","country:croatia","title","croatian (+ political word)"
"W4407069555","country:croatia","abstract","croatia"
"W4407069555","country:croatia","abstract","croatian (+ political word)"
"W4407069555","region:europe","rule","from the country named"
"W4407073335","topic:voters","title","populist attitudes"
"W4407073335","topic:voters","abstract","populist attitudes"
"W4407073335","topic:voters","abstract","respondents"
"W4407073335","topic:religion","abstract","religious"
"W4407073335","topic:religion","abstract","christian"
"W4407073335","method:quantitative","abstract","regression"
"W4407073335","method:survey","abstract","original survey"
"W4407073335","method:survey","abstract","nationally representative"
"W4407073335","country:united-states","abstract","united states"
"W4407073335","country:united-states","abstract","u s"
"W4407073335","region:north-america","rule","from the country named"
"W4407338061","topic:parties","abstract","radical right"
"W4407338061","topic:parties","abstract","parties"
"W4407338061","topic:religion","title","religion"
"W4407338061","topic:religion","abstract","religion"
"W4407338061","topic:religion","abstract","secularized"
"W4407338061","topic:religion","abstract","christianity"
"W4407338061","topic:religion","abstract","christian"
"W4407338061","topic:religion","abstract","secularity"
"W4407338061","topic:religion","abstract","islam"
"W4407338061","method:qualitative","abstract","qualitative"
"W4407338061","method:qualitative","abstract","interviews"
"W4407338061","region:europe","abstract","europe"
"W4407338061","region:europe","abstract","european"
"W4407338061","country:italy","title","fratelli d italia"
"W4407338061","country:spain","title","vox"
"W4407845338","topic:parties","title","right wing populist"
"W4407845338","topic:parties","abstract","right wing populism"
"W4407845338","topic:parties","abstract","far right"
"W4407845338","topic:parties","abstract","parties"
"W4407845338","topic:media-communication","abstract","communication"
"W4407845338","topic:media-communication","abstract","facebook"
"W4407845338","topic:media-communication","abstract","communications"
"W4407845338","topic:migration","abstract","migration"
"W4407845338","topic:migration","abstract","migrants"
"W4407845338","method:mixed","abstract","quantitative and qualitative"
"W4407845338","country:italy","title","italian (+ political word)"
"W4407845338","country:italy","abstract","italy"
"W4407845338","country:italy","abstract","fratelli d italia"
"W4407845338","country:italy","abstract","brothers of italy"
"W4407845338","country:italy","abstract","lega"
"W4407845338","country:italy","abstract","salvini"
"W4407845338","region:europe","rule","from the country named"
"W4408406308","topic:media-communication","title","media"
"W4408406308","topic:media-communication","abstract","disinformation"
"W4408406308","topic:media-communication","abstract","communication"
"W4408406308","topic:media-communication","abstract","media"
"W4408456716","topic:voters","abstract","attitudes"
"W4408456716","topic:voters","abstract","populist attitudes"
"W4408456716","topic:democracy-institutions","abstract","direct democracy"
"W4408456716","country:united-kingdom","abstract","united kingdom"
"W4408456716","country:united-states","abstract","united states"
"W4408456716","region:europe","rule","from the country named"
"W4408456716","region:north-america","rule","from the country named"
"W4408457483","topic:voters","title","populist attitudes"
"W4408457483","topic:voters","abstract","populist attitudes"
"W4408457483","method:quantitative","abstract","panel data"
"W4408457483","country:italy","title","italy"
"W4408457483","region:europe","rule","from the country named"
"W4408575986","country:united-states","title","bernie sanders"
"W4408575986","region:north-america","rule","from the country named"
"W4408949001","topic:parties","title","parties"
"W4408949001","topic:parties","abstract","party"
"W4408949001","topic:parties","abstract","party competition"
"W4408949001","topic:parties","abstract","manifestos"
"W4408949001","topic:parties","abstract","parties"
"W4408949001","topic:migration","abstract","asylum"
"W4408949001","topic:migration","abstract","immigration"
"W4408949001","method:qta","abstract","computational text analysis"
"W4408949001","method:survey","abstract","election study"
"W4408949001","country:germany","title","afd"
"W4408949001","country:germany","abstract","germany"
"W4408949001","country:germany","abstract","alternative for germany"
"W4408949001","country:germany","abstract","afd"
"W4408949001","country:germany","abstract","german (+ political word)"
"W4408949001","region:europe","rule","from the country named"
"W4409441319","approach:political-strategic","abstract","politico strategic"
"W4409441319","topic:foreign-policy","title","foreign policy"
"W4409441319","topic:foreign-policy","abstract","foreign policy"
"W4409441319","topic:foreign-policy","abstract","diplomatic"
"W4409441319","topic:government","title","populist government"
"W4409441319","topic:government","abstract","populist governments"
"W4409441319","topic:government","abstract","in power"
"W4409441319","method:qualitative","abstract","comparative case study"
"W4409441319","country:hungary","abstract","hungary"
"W4409441319","country:hungary","abstract","orban"
"W4409441319","region:europe","rule","from the country named"
"W4409481074","topic:parties","abstract","parties"
"W4409481074","topic:economy-welfare","title","welfare"
"W4409481074","topic:economy-welfare","abstract","economic"
"W4409481074","topic:economy-welfare","abstract","inequality"
"W4409481074","topic:economy-welfare","abstract","welfare"
"W4409481074","region:europe","abstract","europe"
"W4409481074","region:europe","abstract","european"
"W4409601643","topic:voters","title","populist attitudes"
"W4409601643","topic:voters","abstract","citizens"
"W4409601643","topic:voters","abstract","populist attitudes"
"W4409601643","method:survey","abstract","original survey"
"W4409647800","approach:measurement","abstract","measure of populist"
"W4409647800","topic:voters","title","populist attitudes"
"W4409647800","topic:voters","abstract","populist attitudes"
"W4409647800","method:survey","abstract","cross national survey"
"W4409983452","approach:performative","abstract","populist performances"
"W4409983452","country:united-states","abstract","united states"
"W4409983452","country:united-states","abstract","us"
"W4409983452","country:united-states","abstract","trump"
"W4409983452","country:united-states","abstract","america first"
"W4409983452","country:brazil","abstract","brazil"
"W4409983452","country:brazil","abstract","bolsonaro"
"W4409983452","country:philippines","abstract","philippines"
"W4409983452","country:philippines","abstract","duterte"
"W4409983452","region:global","rule","three or more regions named: north-america, latin-america, asia-pacific"
"W4410009594","topic:media-communication","title","rhetoric"
"W4410009594","country:hungary","title","orban"
"W4410009594","region:europe","rule","from the country named"
"W4410056690","topic:parties","abstract","right wing populist"
"W4410056690","topic:parties","abstract","parties"
"W4410056690","topic:parties","abstract","party"
"W4410056690","topic:parties","abstract","right wing populism"
"W4410056690","topic:parties","abstract","candidates"
"W4410056690","topic:voters","abstract","support for populist"
"W4410056690","topic:economy-welfare","abstract","economic"
"W4410056690","method:quantitative","abstract","panel data"
"W4410056690","country:united-kingdom","abstract","england"
"W4410056690","country:united-kingdom","abstract","wales"
"W4410056690","country:united-kingdom","abstract","uk"
"W4410056690","country:united-kingdom","abstract","ukip"
"W4410056690","region:europe","rule","from the country named"
"W4410463493","topic:religion","title","hindu"
"W4410463493","topic:religion","abstract","hindutva"
"W4410463493","topic:democracy-institutions","title","authoritarian"
"W4410463493","topic:democracy-institutions","abstract","authoritarian"
"W4410463493","country:india","title","india"
"W4410463493","country:india","abstract","india"
"W4410463493","country:india","abstract","modi"
"W4410463493","country:india","abstract","hindutva"
"W4410463493","country:india","abstract","indian (+ political word)"
"W4410463493","region:asia-pacific","rule","from the country named"
"W4410556801","topic:media-communication","title","media"
"W4410556801","topic:media-communication","abstract","media"
"W4410556801","topic:media-communication","abstract","rhetoric"
"W4410556801","method:qualitative","abstract","semi structured"
"W4410556801","method:qualitative","abstract","interviews"
"W4410618395","topic:parties","abstract","left wing populist"
"W4410618395","topic:parties","abstract","right wing populist"
"W4410618395","country:brazil","title","brazil"
"W4410618395","country:brazil","title","bolsonaro"
"W4410618395","country:brazil","abstract","brazil"
"W4410618395","country:brazil","abstract","bolsonaro"
"W4410618395","country:mexico","title","mexico"
"W4410618395","country:mexico","title","lopez obrador"
"W4410618395","country:mexico","abstract","mexico"
"W4410618395","country:mexico","abstract","lopez obrador"
"W4410618395","region:latin-america","rule","from the country named"
"W4410736419","topic:parties","abstract","partisanship"
"W4410736419","topic:parties","abstract","party"
"W4410736419","topic:parties","abstract","populist leaders"
"W4410736419","topic:economy-welfare","abstract","austerity"
"W4410736419","topic:economy-welfare","abstract","trade policy"
"W4411010016","approach:performative","abstract","populist style"
"W4411010016","topic:voters","abstract","populist attitudes"
"W4411010016","topic:voters","abstract","attitudes"
"W4411049182","approach:performative","abstract","populist style"
"W4411049182","topic:voters","abstract","attitudes"
"W4411049182","topic:media-communication","abstract","communications"
"W4411049182","topic:media-communication","abstract","misinformation"
"W4411049182","method:qualitative","title","qualitative"
"W4411390887","topic:media-communication","abstract","media"
"W4411412023","topic:parties","title","populist leadership"
"W4411412023","topic:parties","abstract","populist leadership"
"W4411412023","topic:parties","abstract","populist leaders"
"W4411412023","topic:government","title","presidency"
"W4411412023","topic:government","abstract","presidency"
"W4411412023","topic:government","abstract","populist rule"
"W4411412023","topic:government","abstract","administration"
"W4411412023","topic:democracy-institutions","title","authoritarianism"
"W4411412023","country:united-states","title","trump"
"W4411412023","country:united-states","abstract","trump"
"W4411412023","region:north-america","rule","from the country named"
"W4411573426","topic:parties","title","far right"
"W4411573426","topic:parties","abstract","far right"
"W4411573426","topic:economy-welfare","title","neoliberal"
"W4411573426","topic:economy-welfare","abstract","neoliberalism"
"W4411573426","topic:economy-welfare","abstract","neoliberal"
"W4411573426","method:qualitative","abstract","critical discourse analysis"
"W4411614502","approach:performative","abstract","performative"
"W4411614502","topic:parties","abstract","populist leaders"
"W4411614502","topic:parties","abstract","populist leadership"
"W4412028203","topic:parties","title","populist leaders"
"W4412028203","topic:parties","abstract","populist leaders"
"W4412028203","topic:economy-welfare","abstract","economy"
"W4412028203","topic:economy-welfare","abstract","economic"
"W4412028203","method:quantitative","abstract","statistical analysis"
"W4412193267","approach:discursive","abstract","populist logic"
"W4412193267","approach:discursive","abstract","discursive approach"
"W4412193267","approach:performative","abstract","performative"
"W4412193267","topic:foreign-policy","abstract","foreign policy"
"W4412193267","topic:foreign-policy","abstract","diplomacy"
"W4412193267","topic:defence-security","title","peacemaking"
"W4412193267","topic:international","title","world order"
"W4412193267","topic:parties","abstract","populist leadership"
"W4412193267","topic:parties","abstract","party"
"W4412193267","topic:parties","abstract","populist leaders"
"W4412193267","topic:government","abstract","populist governance"
"W4412193267","topic:government","abstract","populism in power"
"W4412193267","country:turkey","title","turkey"
"W4412193267","country:turkey","abstract","turkey"
"W4412193267","country:turkey","abstract","erdogan"
"W4412193267","country:turkey","abstract","justice and development party"
"W4412193267","country:turkey","abstract","akp"
"W4412193267","country:somalia","abstract","somalia"
"W4412193267","region:europe","rule","from the country named"
"W4412193267","region:sub-saharan-africa","rule","from the country named"
"W4412731817","topic:foreign-policy","title","foreign policy"
"W4412731817","topic:foreign-policy","abstract","foreign policy"
"W4412731817","topic:foreign-policy","abstract","foreign relations"
"W4412731817","topic:parties","abstract","populist leaders"
"W4412731817","topic:democracy-institutions","title","illiberal"
"W4412731817","topic:democracy-institutions","abstract","illiberal"
"W4412731817","method:qualitative","abstract","fieldwork"
"W4412731817","country:china","title","china"
"W4412731817","country:china","abstract","china"
"W4412731817","country:philippines","title","duterte"
"W4412731817","country:philippines","title","philippine (+ political word)"
"W4412731817","country:philippines","abstract","philippines"
"W4412731817","country:philippines","abstract","duterte"
"W4412731817","region:asia-pacific","rule","from the country named"
"W4412777020","topic:parties","abstract","party"
"W4412777020","topic:parties","abstract","candidate"
"W4412777020","topic:voters","abstract","citizens"
"W4412777020","topic:voters","abstract","voters"
"W4412777020","method:quantitative","abstract","panel data"
"W4412812900","approach:measurement","abstract","measurement invariance"
"W4412812900","topic:parties","title","parties"
"W4412812900","topic:parties","abstract","party"
"W4412812900","topic:parties","abstract","parties"
"W4412812900","topic:parties","abstract","radical right"
"W4412812900","topic:parties","abstract","radical left"
"W4412812900","topic:migration","abstract","nativism"
"W4412812900","topic:migration","abstract","nativist"
"W4412812900","method:quantitative","title","expert survey"
"W4412812900","method:quantitative","abstract","expert survey"
"W4412932288","approach:ideational","abstract","ideational approach"
"W4412932288","topic:parties","abstract","populist leaders"
"W4412932288","topic:voters","abstract","demand side"
"W4412932288","topic:voters","abstract","populist attitudes"
"W4412932288","topic:voters","abstract","support for populist"
"W4412932288","topic:democracy-institutions","title","authoritarian"
"W4412932288","topic:democracy-institutions","abstract","authoritarian"
"W4412932288","method:survey","abstract","survey data"
"W4413616739","topic:international","abstract","european parliament"
"W4413616739","topic:international","abstract","eu"
"W4413616739","topic:parties","abstract","parties"
"W4413616739","topic:media-communication","title","facebook"
"W4413616739","topic:media-communication","abstract","communication"
"W4413616739","topic:media-communication","abstract","rhetoric"
"W4413616739","topic:media-communication","abstract","media"
"W4413616739","topic:media-communication","abstract","facebook"
"W4413616739","topic:media-communication","abstract","rhetorical"
"W4413616739","topic:democracy-institutions","title","illiberalism"
"W4413616739","topic:democracy-institutions","abstract","illiberal"
"W4413616739","topic:democracy-institutions","abstract","illiberalism"
"W4413616739","region:europe","title","european"
"W4413616739","region:europe","abstract","european"
"W4413616739","region:europe","abstract","eu"
"W4413708759","topic:parties","abstract","party"
"W4413708759","topic:government","title","administration"
"W4413708759","topic:government","abstract","administration"
"W4413708759","topic:government","abstract","in power"
"W4413708759","topic:government","abstract","populist governments"
"W4413708759","topic:democracy-institutions","title","democratic backsliding"
"W4413708759","topic:democracy-institutions","abstract","democratic backsliding"
"W4413708759","topic:democracy-institutions","abstract","constitutional"
"W4413708759","topic:democracy-institutions","abstract","authoritarian"
"W4413708759","topic:democracy-institutions","abstract","authoritarianism"
"W4413708759","country:india","title","indian (+ political word)"
"W4413708759","country:india","abstract","india"
"W4413708759","country:india","abstract","indian (+ political word)"
"W4413708759","region:asia-pacific","rule","from the country named"
"W4413920967","topic:parties","title","radical right"
"W4413920967","topic:parties","abstract","radical right"
"W4413920967","topic:voters","title","attitudes"
"W4413920967","method:quantitative","abstract","structural equation"
"W4413920967","method:survey","abstract","original survey"
"W4414026315","approach:socio-cultural","abstract","ostiguy"
"W4414026315","topic:parties","title","party"
"W4414026315","topic:media-communication","abstract","rhetoric"
"W4414026315","topic:media-communication","abstract","communication"
"W4414026315","topic:religion","title","religious"
"W4414026315","topic:religion","abstract","secular"
"W4414026315","topic:religion","abstract","christianity"
"W4414026315","topic:religion","abstract","religious"
"W4414026315","country:greece","title","greece"
"W4414026315","country:greece","abstract","greece"
"W4414026315","country:greece","abstract","greek (+ political word)"
"W4414026315","region:europe","rule","from the country named"
"W4414098803","topic:parties","abstract","far right"
"W4414098803","topic:parties","abstract","political leaders"
"W4414098803","topic:voters","abstract","voters"
"W4414098803","topic:voters","abstract","public opinion"
"W4414098803","topic:media-communication","title","communication"
"W4414098803","topic:media-communication","abstract","media"
"W4414098803","topic:media-communication","abstract","twitter"
"W4414098803","topic:media-communication","abstract","communication"
"W4414098803","region:europe","title","european"
"W4414098803","region:europe","abstract","european"
"W4414098803","region:europe","abstract","europe"
"W4414098803","country:france","abstract","rassemblement national"
"W4414098803","country:france","abstract","le pen"
"W4414098803","country:italy","abstract","fratelli d italia"
"W4414098803","country:italy","abstract","meloni"
"W4414098803","country:italy","abstract","italian (+ political word)"
"W4414289302","topic:parties","title","far right"
"W4414289302","topic:parties","abstract","radical right"
"W4414289302","topic:parties","abstract","parties"
"W4414289302","topic:parties","abstract","party"
"W4414289302","topic:parties","abstract","manifestos"
"W4414289302","topic:parties","abstract","far right"
"W4414289302","topic:media-communication","title","frames"
"W4414289302","topic:media-communication","abstract","media"
"W4414289302","topic:media-communication","abstract","rhetorical"
"W4414289302","topic:religion","title","religion"
"W4414289302","topic:religion","title","religious"
"W4414289302","topic:religion","abstract","christianity"
"W4414289302","topic:religion","abstract","religion"
"W4414289302","topic:religion","abstract","islam"
"W4414289302","topic:religion","abstract","religiously"
"W4414289302","topic:religion","abstract","christian"
"W4414289302","topic:religion","abstract","religious"
"W4414289302","topic:religion","abstract","secular"
"W4414289302","topic:migration","title","migration"
"W4414289302","topic:migration","abstract","anti immigration"
"W4414289302","topic:migration","abstract","migration"
"W4414289302","topic:migration","abstract","migrants"
"W4414289302","topic:migration","abstract","anti immigrant"
"W4414289302","method:qualitative","abstract","qualitative"
"W4414289302","region:europe","title","european"
"W4414289302","region:europe","abstract","european"
"W4414289302","region:europe","abstract","europe"
"W4414508691","topic:foreign-policy","title","foreign policy"
"W4414508691","topic:foreign-policy","abstract","foreign policy"
"W4414508691","topic:democracy-institutions","title","authoritarianism"
"W4414508691","topic:democracy-institutions","abstract","authoritarian"
"W4414508691","country:turkey","title","turkey"
"W4414508691","country:turkey","abstract","turkey"
"W4414508691","country:turkey","abstract","erdogan"
"W4414508691","country:turkey","abstract","akp"
"W4414508691","country:turkey","abstract","turkish (+ political word)"
"W4414508691","region:europe","rule","from the country named"
"W4415547846","topic:parties","title","radical right"
"W4415547846","topic:parties","abstract","radical right"
"W4415547846","topic:parties","abstract","candidates"
"W4415547846","topic:parties","abstract","parties"
"W4415547846","topic:voters","abstract","attitudes"
"W4415547846","topic:voters","abstract","citizens"
"W4415547846","method:qualitative","abstract","semi structured"
"W4415547846","method:qualitative","abstract","interviews"
"W4416459027","topic:parties","title","radical right"
"W4416459027","topic:parties","title","parties"
"W4416459027","topic:parties","abstract","radical right"
"W4416459027","topic:parties","abstract","parties"
"W4416459027","topic:voters","abstract","support for populist"
"W4416459027","topic:voters","abstract","attitudes"
"W4416459027","topic:religion","title","religious"
"W4416459027","topic:religion","abstract","religious"
"W4416459027","topic:religion","abstract","muslims"
"W4416459027","topic:religion","abstract","muslim"
"W4416459027","topic:migration","abstract","anti immigration"
"W4416459027","topic:migration","abstract","anti immigrant"
"W4416459027","method:survey","abstract","european social survey"
"W4416459027","region:europe","title","europe"
"W4416525257","topic:parties","title","radical right"
"W4416525257","topic:parties","abstract","radical right"
"W4416525257","topic:parties","abstract","party"
"W4416525257","topic:media-communication","title","frames"
"W4416525257","topic:media-communication","abstract","frames"
"W4416525257","topic:gender","title","gender"
"W4416525257","topic:gender","title","sexuality"
"W4416525257","topic:gender","title","feminists"
"W4416525257","topic:gender","abstract","anti gender"
"W4416525257","topic:gender","abstract","gender"
"W4416525257","topic:gender","abstract","sexuality"
"W4416525257","topic:gender","abstract","gendered"
"W4416525257","topic:gender","abstract","feminists"
"W4416525257","topic:gender","abstract","lgbtqi"
"W4416525257","topic:gender","abstract","feminist"
"W4416525257","country:france","title","france"
"W4416525257","country:france","abstract","france"
"W4416525257","country:italy","title","italy"
"W4416525257","country:italy","abstract","italy"
"W4416525257","country:italy","abstract","lega"
"W4416525257","region:europe","rule","from the country named"
"W4417443815","topic:international","title","supranationalism"
"W4417443815","topic:international","abstract","european union"
"W4417443815","topic:international","abstract","eu"
"W4417443815","topic:parties","title","right wing populism"
"W4417443815","topic:parties","abstract","right wing populist"
"W4417443815","topic:government","abstract","populist governments"
"W4417443815","topic:government","abstract","populist rule"
"W4417443815","topic:economy-welfare","abstract","financial crisis"
"W4417443815","topic:economy-welfare","abstract","economic"
"W4417443815","region:europe","title","central european"
"W4417443815","region:europe","abstract","european"
"W4417443815","region:europe","abstract","central europe"
"W4417443815","region:europe","abstract","western european"
"W4417443815","region:europe","abstract","eu"
"W7117458260","topic:government","title","populist governance"
"W7117458260","topic:migration","abstract","migration"
"W7117458260","country:poland","abstract","poland"
"W7117458260","country:poland","abstract","law and justice"
"W7117458260","country:poland","abstract","pis"
"W7117458260","region:europe","rule","from the country named"
"W4406066732","topic:parties","title","radical right"
"W4406066732","topic:parties","title","parties"
"W4406066732","topic:parties","abstract","radical right"
"W4406066732","topic:parties","abstract","parties"
"W4406066732","topic:parties","abstract","radical left"
"W4406066732","topic:parties","abstract","party"
"W4406066732","topic:voters","title","supporters"
"W4406066732","topic:voters","abstract","supporters"
"W4406066732","topic:voters","abstract","citizens"
"W4406066732","topic:democracy-institutions","title","authoritarianism"
"W4406066732","topic:democracy-institutions","abstract","authoritarianism"
"W4406066732","method:survey","abstract","survey data"
"W4406066732","region:europe","abstract","europe"
"W4406066732","region:europe","abstract","western european"
"W4406086316","topic:foreign-policy","abstract","foreign policy"
"W4406086316","topic:democracy-institutions","abstract","rule of law"
"W4406086316","topic:democracy-institutions","abstract","authoritarianism"
"W4406086316","country:poland","abstract","poland"
"W4406086316","country:turkey","title","turkey"
"W4406086316","country:turkey","abstract","turkey"
"W4406086316","country:turkey","abstract","erdogan"
"W4406086316","country:mexico","title","mexico"
"W4406086316","country:mexico","abstract","mexico"
"W4406086316","country:mexico","abstract","lopez obrador"
"W4406086316","region:europe","rule","from the country named"
"W4406086316","region:latin-america","rule","from the country named"
"W4406248174","topic:spatial","title","spatial"
"W4406248174","topic:spatial","abstract","spatial"
"W4406248174","method:quantitative","abstract","regression"
"W4406248174","country:czech-republic","title","czech (+ political word)"
"W4406248174","country:czech-republic","abstract","babis"
"W4406248174","region:europe","rule","from the country named"
"W4406379496","topic:parties","abstract","populist leaders"
"W4406379496","topic:parties","abstract","parties"
"W4406379576","topic:government","title","populism in power"
"W4406404916","approach:discursive","abstract","laclau"
"W4406692689","topic:parties","title","parties"
"W4406692689","topic:parties","abstract","parties"
"W4406692689","topic:economy-welfare","title","economic"
"W4406692689","topic:economy-welfare","title","inequality"
"W4406692689","topic:economy-welfare","abstract","economic"
"W4406692689","topic:economy-welfare","abstract","inequality"
"W4406692689","topic:migration","title","migration"
"W4406692689","country:poland","title","poland"
"W4406692689","country:poland","abstract","poland"
"W4406692689","country:poland","abstract","law and justice"
"W4406692689","region:europe","rule","from the country named"
"W4406846852","topic:parties","title","far right"
"W4406846852","topic:parties","abstract","far right"
"W4406846852","topic:parties","abstract","parties"
"W4406846852","topic:parties","abstract","party"
"W4406846852","topic:migration","title","immigrants"
"W4406846852","topic:migration","abstract","anti immigrant"
"W4406846852","topic:migration","abstract","immigrants"
"W4406846852","method:quantitative","abstract","panel data"
"W4406925068","topic:parties","title","radical right"
"W4406925068","method:qta","abstract","supervised machine learning"
"W4406992690","topic:foreign-policy","title","diplomats"
"W4406992690","topic:foreign-policy","abstract","diplomacy"
"W4406992690","topic:foreign-policy","abstract","diplomatic"
"W4406992690","topic:foreign-policy","abstract","foreign policy"
"W4406992690","topic:foreign-policy","abstract","diplomats"
"W4406992690","country:turkey","title","turkish (+ political word)"
"W4406992690","country:turkey","abstract","turkey"
"W4406992690","country:turkey","abstract","turkish (+ political word)"
"W4406992690","region:europe","rule","from the country named"
"W4407272066","topic:international","title","regional integration"
"W4407272066","topic:international","abstract","regional integration"
"W4407272066","topic:international","abstract","regionalism"
"W4407272066","region:latin-america","title","latin america"
"W4407272066","region:latin-america","abstract","latin america"
"W4407913670","topic:voters","title","citizens"
"W4407913670","topic:voters","abstract","citizens"
"W4407913670","topic:voters","abstract","attitudes"
"W4407913670","topic:voters","abstract","populist attitudes"
"W4407913670","topic:voters","abstract","support for populist"
"W4407913670","country:united-states","abstract","usa"
"W4407913670","region:north-america","rule","from the country named"
"W4407921811","approach:measurement","abstract","measure of populism"
"W4407921811","topic:voters","abstract","populist attitudes"
"W4407921811","topic:spatial","title","rural"
"W4407921811","topic:spatial","abstract","rural"
"W4407921811","topic:economy-welfare","abstract","economic"
"W4407921811","method:quantitative","abstract","structural equation"
"W4407921811","country:united-states","abstract","united states"
"W4407921811","region:north-america","rule","from the country named"
"W4407934333","topic:parties","title","radical right"
"W4407934333","topic:parties","abstract","parties"
"W4407934333","topic:parties","abstract","radical right"
"W4407934333","topic:parties","abstract","party"
"W4407934333","topic:media-communication","title","communication"
"W4407934333","topic:media-communication","abstract","communication"
"W4407934333","country:austria","abstract","austria"
"W4407934333","country:austria","abstract","freedom party of austria"
"W4407934333","country:austria","abstract","fpo"
"W4407934333","country:switzerland","abstract","swiss people s party"
"W4407934333","country:switzerland","abstract","svp"
"W4407934333","country:switzerland","abstract","swiss (+ political word)"
"W4407934333","region:europe","rule","from the country named"
"W4407973385","approach:discursive","abstract","discourse theory"
"W4407973385","topic:media-communication","abstract","media"
"W4407973385","topic:media-communication","abstract","rhetorical"
"W4407973385","topic:media-communication","abstract","communication"
"W4407973385","topic:media-communication","abstract","rhetoric"
"W4407973385","topic:religion","title","religious"
"W4407973385","topic:religion","abstract","religious"
"W4407973385","topic:religion","abstract","sacred"
"W4407973385","topic:religion","abstract","secular"
"W4407973385","topic:religion","abstract","religion"
"W4407973385","country:india","title","india"
"W4407973385","country:india","title","modi"
"W4407973385","country:india","abstract","india"
"W4407973385","country:india","abstract","modi"
"W4407973385","region:asia-pacific","rule","from the country named"
"W4408277401","topic:voters","abstract","attitudes"
"W4408277401","topic:media-communication","abstract","media"
"W4408277401","topic:media-communication","abstract","communication"
"W4408277401","method:survey","abstract","online survey"
"W4408277401","country:china","title","china"
"W4408277401","region:asia-pacific","rule","from the country named"
"W4408308624","topic:voters","abstract","citizens"
"W4408308624","topic:voters","abstract","supporters"
"W4408308624","country:greece","title","greek (+ political word)"
"W4408308624","region:europe","rule","from the country named"
"W4408367133","topic:parties","title","parties"
"W4408367133","topic:parties","abstract","parties"
"W4408367133","topic:parties","abstract","manifesto"
"W4408367133","topic:parties","abstract","party systems"
"W4408367133","topic:parties","abstract","party competition"
"W4408367133","topic:voters","abstract","citizens"
"W4408367133","topic:voters","abstract","voters"
"W4408367133","method:quantitative","abstract","expert survey"
"W4408367133","region:europe","title","europe"
"W4408395353","topic:parties","title","populist right"
"W4408395353","topic:parties","abstract","right wing populism"
"W4408395353","topic:parties","abstract","populist right"
"W4408395353","topic:economy-welfare","abstract","neoliberalism"
"W4408395353","topic:economy-welfare","abstract","inequality"
"W4408395353","topic:economy-welfare","abstract","economic"
"W4408395353","topic:media-communication","title","rhetoric"
"W4408568906","topic:parties","title","populist leaders"
"W4408568906","topic:parties","abstract","populist movements"
"W4408568906","topic:parties","abstract","populist leaders"
"W4408568906","method:quantitative","abstract","panel data"
"W4408619243","topic:international","abstract","european union"
"W4408619243","topic:international","abstract","eu"
"W4408619243","topic:international","abstract","european parliament"
"W4408619243","topic:parties","title","radical right"
"W4408619243","topic:parties","title","parties"
"W4408619243","topic:parties","abstract","radical right"
"W4408619243","topic:parties","abstract","parties"
"W4408619243","topic:migration","abstract","migration"
"W4408619243","region:europe","title","europe"
"W4408619243","region:europe","abstract","european"
"W4408619243","region:europe","abstract","europe"
"W4408619243","region:europe","abstract","eu"
"W4408839060","topic:parties","title","right wing populism"
"W4408839060","topic:parties","abstract","right wing populism"
"W4408839060","topic:economy-welfare","abstract","economy"
"W4408839060","topic:economy-welfare","abstract","economic"
"W4408839060","topic:economy-welfare","abstract","economics"
"W4408839060","method:quantitative","abstract","difference in differences"
"W4408839060","method:quantitative","abstract","event study"
"W4408839060","country:united-states","abstract","u s"
"W4408839060","country:united-states","abstract","trump"
"W4408839060","region:north-america","rule","from the country named"
"W4409049780","topic:parties","title","right wing populism"
"W4409049780","topic:parties","abstract","right wing populism"
"W4409049780","topic:parties","abstract","right wing populist"
"W4409049780","topic:media-communication","abstract","framing"
"W4409049780","topic:media-communication","abstract","media"
"W4409049780","topic:gender","title","masculinities"
"W4409049780","topic:gender","abstract","masculinity"
"W4409049780","topic:gender","abstract","women"
"W4409049780","topic:gender","abstract","feminism"
"W4409049780","topic:gender","abstract","gender"
"W4409049780","country:australia","title","australia"
"W4409049780","region:asia-pacific","rule","from the country named"
"W4409092718","topic:parties","title","radical right"
"W4409092718","topic:parties","title","party"
"W4409092718","topic:parties","abstract","radical right"
"W4409092718","topic:parties","abstract","parties"
"W4409092718","topic:parties","abstract","party"
"W4409092718","topic:voters","abstract","citizens"
"W4409092718","topic:media-communication","abstract","rhetoric"
"W4409092718","method:experiment","abstract","experimental evidence"
"W4409163706","topic:parties","title","radical right"
"W4409163706","topic:parties","title","party"
"W4409163706","topic:parties","abstract","radical right"
"W4409163706","topic:parties","abstract","parties"
"W4409163706","topic:parties","abstract","party"
"W4409163706","topic:gender","title","gendered"
"W4409163706","topic:gender","title","women"
"W4409163706","topic:gender","abstract","gender"
"W4409163706","topic:gender","abstract","feminist"
"W4409163706","topic:gender","abstract","women"
"W4409163706","topic:gender","abstract","feminism"
"W4409163706","method:qualitative","abstract","interviews"
"W4409163706","region:europe","abstract","europe"
"W4409163706","country:portugal","title","chega"
"W4409163706","country:portugal","title","portuguese (+ political word)"
"W4409163706","country:portugal","abstract","chega"
"W4409163706","country:portugal","abstract","portuguese (+ political word)"
"W4409179951","topic:parties","abstract","radical right"
"W4409179951","topic:parties","abstract","parties"
"W4409179951","topic:government","title","populist governments"
"W4409179951","topic:democracy-institutions","abstract","illiberal"
"W4409179951","topic:democracy-institutions","abstract","democratic backsliding"
"W4409179951","region:europe","title","eastern europe"
"W4409557292","topic:government","title","populist rule"
"W4409557292","topic:government","abstract","populist governance"
"W4409557292","topic:economy-welfare","title","fiscal"
"W4409557292","topic:economy-welfare","abstract","economic"
"W4409557292","topic:economy-welfare","abstract","fiscal"
"W4409557292","topic:economy-welfare","abstract","financial crisis"
"W4409557292","region:europe","title","europe"
"W4409557292","region:europe","abstract","europe"
"W4409652900","topic:parties","title","candidate"
"W4409652900","topic:parties","abstract","parties"
"W4409652900","topic:parties","abstract","candidates"
"W4409652900","topic:parties","abstract","candidate"
"W4409652900","topic:voters","abstract","voters"
"W4409652900","topic:voters","abstract","populist attitudes"
"W4409652900","topic:voters","abstract","supporters"
"W4409652900","topic:voters","abstract","electoral support"
"W4409652900","topic:media-communication","abstract","rhetoric"
"W4409652900","topic:media-communication","abstract","frames"
"W4409652900","method:experiment","abstract","survey experiment"
"W4409758766","topic:parties","abstract","populist actors"
"W4409758766","topic:parties","abstract","parties"
"W4409758766","topic:parties","abstract","party"
"W4409758766","country:germany","title","die linke"
"W4409758766","country:germany","title","afd"
"W4409758766","country:germany","abstract","germany"
"W4409758766","country:germany","abstract","alternative for germany"
"W4409758766","country:germany","abstract","german (+ political word)"
"W4409758766","region:europe","rule","from the country named"
"W4409821125","topic:international","abstract","supranational"
"W4409821125","topic:international","abstract","european union"
"W4409821125","topic:voters","abstract","citizens"
"W4409821125","topic:government","title","populists in power"
"W4409821125","topic:government","abstract","populists in power"
"W4409821125","topic:government","abstract","populist rule"
"W4409821125","topic:economy-welfare","title","economy"
"W4409821125","topic:economy-welfare","abstract","economic"
"W4409821125","method:survey","abstract","european social survey"
"W4409821125","region:europe","abstract","eastern europe"
"W4409821125","region:europe","abstract","european"
"W4410326620","topic:parties","title","far right"
"W4410326620","topic:parties","abstract","far right"
"W4410326620","country:brazil","title","brazil"
"W4410326620","country:brazil","abstract","brazil"
"W4410326620","country:brazil","abstract","bolsonaro"
"W4410326620","region:latin-america","rule","from the country named"
"W4410455378","topic:government","title","populist rule"
"W4410473914","topic:parties","abstract","party"
"W4410473914","topic:parties","abstract","partisan"
"W4410473914","topic:voters","abstract","attitudes"
"W4410473914","country:united-states","title","american (+ political word)"
"W4410473914","region:north-america","rule","from the country named"
"W4410520774","topic:parties","abstract","parties"
"W4410520774","topic:parties","abstract","party"
"W4410520774","topic:government","abstract","in government"
"W4410520774","topic:government","abstract","populist governments"
"W4410520774","region:europe","title","europe"
"W4410768597","topic:spatial","title","geographies of"
"W4410768597","country:netherlands","title","netherlands"
"W4410768597","region:europe","rule","from the country named"
"W4410806939","approach:performative","title","performative"
"W4410806939","approach:performative","abstract","performative"
"W4410806939","topic:defence-security","title","militarization"
"W4410806939","topic:defence-security","abstract","armed forces"
"W4410806939","topic:defence-security","abstract","militarization"
"W4410806939","topic:defence-security","abstract","military"
"W4410806939","topic:media-communication","abstract","media"
"W4410806939","topic:media-communication","abstract","propaganda"
"W4410806939","method:qualitative","abstract","ethnographic"
"W4410806939","country:mexico","title","mexico"
"W4410806939","country:mexico","abstract","mexico"
"W4410806939","country:mexico","abstract","lopez obrador"
"W4410806939","country:mexico","abstract","amlo"
"W4410806939","country:mexico","abstract","mexican (+ political word)"
"W4410806939","region:latin-america","rule","from the country named"
"W4410915969","topic:media-communication","title","disinformation"
"W4410915969","topic:media-communication","abstract","disinformation"
"W4410915969","topic:media-communication","abstract","rhetoric"
"W4410915969","topic:media-communication","abstract","media"
"W4410915969","topic:media-communication","abstract","communication"
"W4411069745","topic:parties","abstract","parties"
"W4411069745","topic:parties","abstract","party"
"W4411069745","topic:media-communication","abstract","rhetoric"
"W4411069745","country:south-korea","title","south korea"
"W4411069745","country:south-korea","abstract","south korea"
"W4411069745","country:south-korea","abstract","korea"
"W4411069745","region:asia-pacific","rule","from the country named"
"W4411383420","topic:parties","abstract","left wing populism"
"W4411383420","country:france","title","melenchon"
"W4411383420","country:france","abstract","france"
"W4411383420","country:france","abstract","melenchon"
"W4411383420","country:france","abstract","la france insoumise"
"W4411383420","region:europe","rule","from the country named"
"W4412008415","topic:parties","title","parties"
"W4412008415","topic:parties","abstract","parties"
"W4412008415","topic:parties","abstract","party"
"W4412008415","topic:voters","abstract","citizens"
"W4412008415","topic:voters","abstract","supporters"
"W4412008415","method:quantitative","abstract","panel data"
"W4412036447","topic:voters","title","populist attitudes"
"W4412036447","topic:voters","abstract","citizens"
"W4412036447","topic:voters","abstract","populist attitudes"
"W4412036447","method:quantitative","abstract","panel data"
"W4412388815","topic:government","abstract","administration"
"W4412388815","topic:government","abstract","in government"
"W4412388815","topic:government","abstract","populist led governments"
"W4412388815","topic:democracy-institutions","title","democratic backsliding"
"W4412388815","topic:democracy-institutions","abstract","democratic erosion"
"W4412388815","topic:democracy-institutions","abstract","democratic norms"
"W4412388815","country:italy","title","italy"
"W4412388815","country:italy","title","meloni"
"W4412388815","region:europe","rule","from the country named"
"W4412578310","topic:parties","title","radical right"
"W4412578310","topic:parties","abstract","radical right"
"W4412578310","topic:parties","abstract","populist leaders"
"W4412578310","topic:gender","title","gender"
"W4412578310","topic:gender","abstract","gender"
"W4412578310","topic:gender","abstract","lgbtq"
"W4412578310","region:latin-america","title","latin america"
"W4412752495","topic:defence-security","title","terrorism"
"W4412752495","topic:defence-security","abstract","terrorism"
"W4412752495","topic:parties","title","right wing populism"
"W4412752495","topic:parties","abstract","right wing populist"
"W4412752495","topic:parties","abstract","party"
"W4412752495","topic:parties","abstract","parties"
"W4412752495","topic:parties","abstract","manifestos"
"W4412752495","topic:parties","abstract","right wing populism"
"W4412752495","country:germany","title","germany"
"W4412752495","country:germany","abstract","germany"
"W4412752495","country:germany","abstract","afd"
"W4412752495","country:germany","abstract","alternative fur deutschland"
"W4412752495","region:europe","rule","from the country named"
"W4412756056","topic:parties","title","right wing populism"
"W4412756056","topic:parties","abstract","right wing populist"
"W4412756056","topic:parties","abstract","right wing populism"
"W4412756056","topic:economy-welfare","title","economic"
"W4412756056","topic:economy-welfare","abstract","economic"
"W4412756056","topic:media-communication","abstract","media"
"W4412777006","topic:parties","title","radical right"
"W4412777006","topic:parties","abstract","radical right"
"W4412777006","topic:parties","abstract","parties"
"W4412777006","topic:parties","abstract","party"
"W4412777006","topic:government","abstract","in power"
"W4412777006","topic:government","abstract","administration"
"W4412777006","topic:economy-welfare","title","welfare"
"W4412777006","topic:democracy-institutions","title","illiberal"
"W4412777006","topic:democracy-institutions","abstract","illiberalism"
"W4412777006","topic:democracy-institutions","abstract","illiberal"
"W4412777006","method:qualitative","abstract","ethnographic"
"W4412933439","topic:economy-welfare","title","globalization"
"W4412933439","topic:economy-welfare","abstract","neoliberal"
"W4412933439","topic:economy-welfare","abstract","globalization"
"W4413304059","topic:parties","title","radical right"
"W4413304059","topic:parties","title","party"
"W4413304059","topic:parties","abstract","radical right"
"W4413304059","topic:parties","abstract","party"
"W4413304059","topic:parties","abstract","parties"
"W4413304059","method:qualitative","abstract","interviews"
"W4413684010","topic:democracy-institutions","title","illiberal"
"W4413684010","method:qualitative","abstract","semi structured"
"W4413684010","method:qualitative","abstract","interviews"
"W4413684010","country:hungary","title","hungary"
"W4413684010","region:europe","rule","from the country named"
"W4413902091","approach:other","abstract","definitions of populism"
"W4413941011","topic:parties","title","right wing populism"
"W4413941011","topic:parties","abstract","right wing populism"
"W4413941011","method:qualitative","title","interview"
"W4413941011","method:qualitative","abstract","interview"
"W4413941011","country:germany","title","germany"
"W4413941011","country:poland","title","poland"
"W4413941011","country:united-kingdom","title","uk"
"W4413941011","region:europe","rule","from the country named"
"W4414253634","topic:parties","abstract","party system"
"W4414253634","topic:parties","abstract","parties"
"W4414253634","topic:parties","abstract","right wing populism"
"W4414253634","topic:parties","abstract","party"
"W4414253634","topic:parties","abstract","party competition"
"W4414253634","topic:parties","abstract","right wing populist"
"W4414253634","topic:parties","abstract","party systems"
"W4414253634","method:mixed","abstract","mixed methods"
"W4414253634","country:germany","title","germany"
"W4414253634","country:germany","abstract","germany"
"W4414253634","country:germany","abstract","alternative fur deutschland"
"W4414253634","country:germany","abstract","afd"
"W4414253634","country:germany","abstract","wagenknecht"
"W4414253634","country:germany","abstract","german (+ political word)"
"W4414253634","region:europe","rule","from the country named"
"W4414398289","topic:foreign-policy","title","foreign policy"
"W4414398289","topic:foreign-policy","abstract","foreign policy"
"W4414398289","topic:international","title","eu"
"W4414398289","topic:government","abstract","populist governments"
"W4414398289","topic:government","abstract","presidency"
"W4414398289","region:europe","title","eu"
"W4414398289","country:italy","title","italy"
"W4414398289","country:italy","title","berlusconi"
"W4414398289","country:italy","abstract","italy"
"W4414398289","country:italy","abstract","berlusconi"
"W4414398289","country:italy","abstract","italian (+ political word)"
"W4414863816","country:kosovo","title","kosovo"
"W4414863816","country:kosovo","abstract","kosovo"
"W4414863816","country:serbia","title","serbia"
"W4414863816","country:serbia","abstract","serbia"
"W4414863816","country:serbia","abstract","vucic"
"W4414863816","region:europe","rule","from the country named"
"W4416224082","approach:ideational","abstract","thin centred"
"W4416224082","topic:foreign-policy","title","foreign policy"
"W4416224082","topic:foreign-policy","abstract","foreign policy"
"W4416224082","topic:foreign-policy","abstract","foreign policies"
"W4416224082","topic:government","abstract","populist governments"
"W4416378563","approach:ideational","abstract","ideational approach"
"W4416378563","approach:discursive","title","discursive approaches"
"W4416378563","topic:parties","abstract","populist movements"
"W4416378563","topic:parties","abstract","populist right"
"W4416563641","approach:other","abstract","theories of populism"
"W4416563641","topic:parties","title","right wing populist"
"W4416563641","topic:parties","title","party"
"W4416563641","topic:parties","abstract","party"
"W4416563641","topic:media-communication","abstract","media"
"W4416563641","topic:media-communication","abstract","communication"
"W4416563641","topic:media-communication","abstract","rhetoric"
"W4416563641","method:qualitative","abstract","qualitative"
"W4416563641","country:canada","title","canada"
"W4416563641","country:canada","abstract","canada"
"W4416563641","country:canada","abstract","canadian (+ political word)"
"W4416563641","region:north-america","rule","from the country named"
"W4416597390","topic:international","title","transnational"
"W4416597390","topic:international","abstract","transnational"
"W4416597390","topic:international","abstract","transnationally"
"W4416597390","topic:international","abstract","transnationalised"
"W4416597390","topic:democracy-institutions","title","authoritarian"
"W4416597390","topic:democracy-institutions","abstract","authoritarian"
"W4416597390","topic:democracy-institutions","abstract","illiberal"
"W4416597390","country:india","title","india"
"W4416597390","region:asia-pacific","rule","from the country named"
"W4416973449","approach:performative","title","populist performance"
"W4416973449","approach:performative","abstract","populist performance"
"W4416973449","approach:performative","abstract","performative"
"W4416973449","topic:foreign-policy","abstract","foreign policy"
"W4416973449","topic:government","abstract","presidency"
"W4416973449","country:india","title","modi"
"W4416973449","country:india","abstract","india"
"W4416973449","country:india","abstract","modi"
"W4416973449","country:india","abstract","indian (+ political word)"
"W4416973449","region:asia-pacific","rule","from the country named"
"W4417283723","topic:parties","title","right wing populism"
"W4417283723","country:germany","title","germany"
"W4417283723","region:europe","rule","from the country named"
"W4406177312","topic:parties","abstract","right wing populist"
"W4406177312","topic:parties","abstract","right wing populism"
"W4406177312","topic:gender","title","sexuality"
"W4406177312","topic:gender","abstract","patriarchal"
"W4406177312","topic:gender","abstract","gender"
"W4406177312","topic:gender","abstract","sexuality"
"W4406182026","topic:voters","abstract","attitudes"
"W4406182026","topic:voters","abstract","populist attitudes"
"W4406182026","topic:media-communication","title","rhetoric"
"W4406182026","topic:media-communication","abstract","rhetoric"
"W4406182026","topic:migration","title","nativist"
"W4406182026","topic:migration","abstract","nativist"
"W4406182026","topic:migration","abstract","anti immigrant"
"W4406182026","topic:migration","abstract","immigration"
"W4406182026","topic:migration","abstract","anti immigration"
"W4406182026","method:experiment","abstract","randomized"
"W4406298624","topic:parties","title","right wing populisms"
"W4406298624","topic:economy-welfare","abstract","neoliberal"
"W4406298624","topic:economy-welfare","abstract","globalization"
"W4406298624","topic:economy-welfare","abstract","economic"
"W4406298624","country:italy","title","berlusconi"
"W4406298624","country:italy","abstract","italy"
"W4406298624","country:italy","abstract","berlusconi"
"W4406298624","region:europe","rule","from the country named"
"W4406390045","topic:economy-welfare","abstract","economy"
"W4406390045","topic:economy-welfare","abstract","economic"
"W4406390045","topic:religion","title","religious"
"W4406390045","topic:religion","abstract","islamic"
"W4406390045","topic:religion","abstract","religious"
"W4406390045","topic:democracy-institutions","title","authoritarian"
"W4406390045","country:indonesia","title","indonesia"
"W4406390045","region:asia-pacific","rule","from the country named"
"W4406658228","topic:parties","title","right wing populism"
"W4406759862","topic:parties","abstract","right wing populism"
"W4406759862","topic:parties","abstract","right wing populists"
"W4406759862","topic:voters","abstract","attitudes"
"W4406759862","topic:voters","abstract","citizens"
"W4406759862","topic:democracy-institutions","abstract","liberal democracy"
"W4407112094","topic:parties","title","party"
"W4407112094","topic:parties","abstract","party"
"W4407112094","topic:parties","abstract","parties"
"W4407112094","topic:voters","abstract","voters"
"W4407112094","topic:voters","abstract","support for populist"
"W4407112094","topic:government","abstract","incumbents"
"W4407112094","topic:government","abstract","populist incumbents"
"W4407112094","method:survey","abstract","survey data"
"W4407162663","approach:discursive","abstract","discursive approaches"
"W4407162663","approach:discursive","abstract","discursively constructs"
"W4407162663","topic:parties","title","radical right"
"W4407162663","topic:parties","abstract","far right"
"W4407162663","topic:parties","abstract","party"
"W4407162663","topic:voters","abstract","voters"
"W4407162663","topic:voters","abstract","electorate"
"W4407162663","topic:media-communication","abstract","rhetoric"
"W4407162663","topic:gender","title","masculinity"
"W4407162663","topic:gender","title","gender"
"W4407162663","topic:gender","abstract","gender"
"W4407162663","topic:gender","abstract","masculinity"
"W4407162663","topic:gender","abstract","masculine"
"W4407162663","method:qualitative","abstract","critical discourse analysis"
"W4407162663","country:spain","title","spain"
"W4407162663","country:spain","abstract","spain"
"W4407162663","country:spain","abstract","spanish (+ political word)"
"W4407162663","region:europe","rule","from the country named"
"W4407302540","topic:religion","title","secularism"
"W4407302540","topic:religion","title","religious"
"W4407302540","topic:religion","abstract","secularism"
"W4407302540","topic:religion","abstract","religious"
"W4407302540","topic:religion","abstract","religion"
"W4407302540","topic:religion","abstract","religiously"
"W4407374525","topic:media-communication","title","media"
"W4407374525","topic:media-communication","abstract","media"
"W4407374525","topic:religion","abstract","religion"
"W4407374525","topic:religion","abstract","islamic"
"W4407374525","topic:religion","abstract","islamist"
"W4407374525","topic:religion","abstract","religious"
"W4407374525","method:qualitative","abstract","semi structured"
"W4407374525","method:qualitative","abstract","interviews"
"W4407374525","country:turkey","title","turkey"
"W4407374525","country:indonesia","title","indonesia"
"W4407374525","country:pakistan","title","pakistan"
"W4407374525","region:europe","rule","from the country named"
"W4407374525","region:asia-pacific","rule","from the country named"
"W4407399886","topic:parties","title","right wing populist"
"W4407399886","topic:parties","abstract","parties"
"W4407399886","topic:parties","abstract","right wing populist"
"W4407399886","topic:government","title","populist government"
"W4407399886","topic:government","abstract","populist government"
"W4407399886","topic:government","abstract","populist governments"
"W4407399886","method:quantitative","abstract","event study"
"W4407399886","country:poland","title","poland"
"W4407399886","country:poland","abstract","poland"
"W4407399886","region:europe","rule","from the country named"
"W4407750105","approach:ideational","abstract","host ideology"
"W4407750105","topic:voters","title","demand side"
"W4407750105","topic:democracy-institutions","abstract","liberal democracy"
"W4407750105","topic:democracy-institutions","abstract","democratic backsliding"
"W4407750105","topic:democracy-institutions","abstract","democratization"
"W4407782664","topic:parties","title","political leaders"
"W4407782664","topic:parties","abstract","political leaders"
"W4407782664","topic:parties","abstract","right wing populism"
"W4407782664","topic:parties","abstract","right wing populist"
"W4407782664","topic:voters","title","voters"
"W4407782664","topic:voters","abstract","voters"
"W4407782664","topic:voters","abstract","voter"
"W4407782664","topic:voters","abstract","populist attitudes"
"W4407782664","topic:gender","title","gender"
"W4407782664","topic:gender","abstract","gender"
"W4408249863","method:qualitative","abstract","interviews"
"W4408249863","method:qualitative","abstract","participant observation"
"W4408287636","topic:parties","title","far right"
"W4408287636","topic:parties","abstract","far right"
"W4408287636","topic:democracy-institutions","abstract","illiberal"
"W4408287636","topic:democracy-institutions","abstract","liberal democracy"
"W4408287636","country:united-states","title","us"
"W4408287636","region:north-america","rule","from the country named"
"W4408479166","topic:international","title","regionalism"
"W4408479166","topic:international","abstract","regionalism"
"W4408479166","method:qualitative","abstract","comparative case studies"
"W4408479166","region:latin-america","abstract","latin america"
"W4408479166","country:argentina","title","peron"
"W4408479166","country:argentina","abstract","argentina"
"W4408479166","country:argentina","abstract","peron"
"W4408621825","country:india","title","india"
"W4408621825","country:india","abstract","india"
"W4408621825","region:asia-pacific","rule","from the country named"
"W4408651141","topic:media-communication","abstract","rhetoric"
"W4408651141","topic:media-communication","abstract","social networks"
"W4408651141","method:quantitative","abstract","structural equation"
"W4408651141","method:survey","abstract","survey data"
"W4408830680","topic:media-communication","title","disinformation"
"W4408830680","topic:media-communication","abstract","rhetoric"
"W4408830680","topic:media-communication","abstract","framing"
"W4408830680","topic:media-communication","abstract","disinformation"
"W4408830680","topic:media-communication","abstract","media"
"W4408830680","topic:democracy-institutions","title","authoritarian"
"W4408830680","topic:democracy-institutions","abstract","authoritarian"
"W4408830680","topic:democracy-institutions","abstract","democratic institutions"
"W4408830680","country:egypt","title","egypt"
"W4408830680","country:tunisia","title","tunisia"
"W4408830680","country:tunisia","abstract","tunisia"
"W4408830680","country:tunisia","abstract","kais saied"
"W4408830680","region:mena","rule","from the country named"
"W4408863474","approach:discursive","abstract","laclau"
"W4408863474","topic:parties","abstract","social movements"
"W4408863474","topic:parties","abstract","left wing populist"
"W4408863474","topic:parties","abstract","parties"
"W4408863474","topic:parties","abstract","right wing populism"
"W4408863474","topic:economy-welfare","title","economy"
"W4408863474","topic:economy-welfare","abstract","neoliberal"
"W4408863474","topic:economy-welfare","abstract","economic"
"W4408863474","topic:economy-welfare","abstract","economy"
"W4408863474","topic:democracy-institutions","abstract","authoritarian"
"W4408863474","topic:democracy-institutions","abstract","illiberal"
"W4408875189","topic:parties","title","populist actors"
"W4408875189","topic:parties","abstract","populist politicians"
"W4408875189","topic:parties","abstract","populist actors"
"W4408875189","topic:parties","abstract","right wing populist"
"W4408875189","topic:parties","abstract","left wing populists"
"W4408875189","method:mixed","abstract","qualitative and quantitative"
"W4408875189","country:germany","abstract","german (+ political word)"
"W4408875189","region:europe","rule","from the country named"
"W4409042290","topic:democracy-institutions","title","liberal democracies"
"W4409042290","region:europe","title","european"
"W4409042290","country:hungary","title","hungary"
"W4409042290","country:hungary","abstract","hungary"
"W4409042290","country:portugal","title","portugal"
"W4409042290","country:portugal","abstract","portugal"
"W4409167467","topic:defence-security","title","war"
"W4409167467","topic:economy-welfare","title","economy"
"W4409167467","topic:economy-welfare","abstract","economic"
"W4409167467","topic:economy-welfare","abstract","neoliberal"
"W4409167467","country:russia","title","russia"
"W4409167467","country:ukraine","title","ukraine"
"W4409167467","region:europe","rule","from the country named"
"W4409180413","topic:parties","title","partisanship"
"W4409180413","topic:parties","title","right wing populist"
"W4409180413","topic:parties","title","parties"
"W4409180413","topic:parties","abstract","parties"
"W4409180413","topic:parties","abstract","right wing populist"
"W4409180413","topic:parties","abstract","party"
"W4409180413","topic:parties","abstract","radical right"
"W4409180413","topic:voters","abstract","support for populist"
"W4409180413","topic:voters","abstract","supporters"
"W4409180413","topic:voters","abstract","voters"
"W4409180413","topic:migration","abstract","anti immigrant"
"W4409180413","country:germany","abstract","germany"
"W4409180413","country:germany","abstract","alternative for germany"
"W4409180413","country:germany","abstract","afd"
"W4409180413","region:europe","rule","from the country named"
"W4409326834","topic:voters","abstract","populist attitudes"
"W4409326834","topic:voters","abstract","attitudes"
"W4409326834","topic:voters","abstract","citizens"
"W4409326834","method:survey","abstract","nationally representative"
"W4409326834","country:italy","title","italian (+ political word)"
"W4409326834","region:europe","rule","from the country named"
"W4409415247","topic:foreign-policy","title","foreign policy"
"W4409415247","topic:foreign-policy","abstract","foreign policy"
"W4409415247","topic:foreign-policy","abstract","external relations"
"W4409415247","topic:government","abstract","administration"
"W4409415247","country:united-states","abstract","united states"
"W4409415247","country:china","abstract","china"
"W4409415247","country:philippines","title","duterte"
"W4409415247","country:philippines","title","philippine (+ political word)"
"W4409415247","country:philippines","abstract","philippines"
"W4409415247","country:philippines","abstract","duterte"
"W4409415247","country:philippines","abstract","philippine (+ political word)"
"W4409415247","region:north-america","rule","from the country named"
"W4409415247","region:asia-pacific","rule","from the country named"
"W4409605523","topic:parties","title","right wing populist"
"W4409605523","topic:parties","abstract","right wing populist"
"W4409605523","topic:parties","abstract","party"
"W4409605523","topic:government","title","populist governments"
"W4409605523","topic:government","abstract","populist governance"
"W4409605523","topic:gender","abstract","family policy"
"W4409605523","topic:gender","abstract","gender"
"W4409605523","topic:gender","abstract","anti gender"
"W4409605523","topic:religion","abstract","religious"
"W4409605523","topic:religion","abstract","catholic"
"W4409605523","topic:religion","abstract","church"
"W4409605523","country:poland","title","poland"
"W4409605523","country:poland","abstract","poland"
"W4409605523","country:poland","abstract","law and justice"
"W4409605523","country:poland","abstract","pis"
"W4409605523","country:turkey","title","turkiye"
"W4409605523","country:turkey","abstract","turkiye"
"W4409605523","country:turkey","abstract","justice and development party"
"W4409605523","country:turkey","abstract","akp"
"W4409605523","region:europe","rule","from the country named"
"W4409889266","topic:parties","title","far right"
"W4410149337","topic:media-communication","title","propaganda"
"W4410149337","topic:media-communication","title","fake news"
"W4410184055","topic:media-communication","title","rhetoric"
"W4410184055","topic:media-communication","abstract","rhetoric"
"W4410332576","topic:international","abstract","transnational"
"W4410332576","topic:parties","title","parties"
"W4410332576","topic:parties","abstract","populist actors"
"W4410332576","topic:parties","abstract","parties"
"W4410332576","topic:government","title","governing populist"
"W4410332576","topic:government","abstract","in power"
"W4410332576","topic:government","abstract","incumbent"
"W4410332576","topic:media-communication","abstract","communication"
"W4410332576","topic:media-communication","abstract","facebook"
"W4410332576","method:qta","abstract","semantic text analysis"
"W4410332576","country:greece","title","greece"
"W4410332576","country:greece","abstract","greece"
"W4410332576","country:greece","abstract","syriza"
"W4410332576","country:poland","title","poland"
"W4410332576","country:poland","abstract","poland"
"W4410332576","country:poland","abstract","law and justice"
"W4410332576","country:poland","abstract","pis"
"W4410332576","country:ukraine","title","ukraine"
"W4410332576","region:europe","rule","from the country named"
"W4410444053","approach:ideational","abstract","thin centred"
"W4410444053","topic:voters","title","populist attitudes"
"W4410444053","topic:voters","abstract","populist attitudes"
"W4410444053","method:survey","abstract","survey data"
"W4410749071","topic:parties","title","right wing populist"
"W4410749071","topic:parties","abstract","right wing populist"
"W4410749071","topic:parties","abstract","party"
"W4410749071","topic:parties","abstract","right wing populists"
"W4410749071","topic:media-communication","abstract","rhetoric"
"W4410749071","topic:media-communication","abstract","media"
"W4410749071","method:qualitative","abstract","qualitative"
"W4410749071","country:poland","title","polish (+ political word)"
"W4410749071","country:poland","abstract","prawo i sprawiedliworc"
"W4410749071","country:poland","abstract","polish (+ political word)"
"W4410749071","region:europe","rule","from the country named"
"W4411186447","topic:international","title","european union"
"W4411186447","topic:international","abstract","european union"
"W4411186447","topic:international","abstract","eu"
"W4411186447","topic:parties","abstract","right wing populist"
"W4411186447","topic:parties","abstract","parties"
"W4411186447","topic:parties","abstract","left wing populist"
"W4411186447","topic:economy-welfare","title","unemployment"
"W4411186447","topic:economy-welfare","title","welfare"
"W4411186447","topic:economy-welfare","abstract","economic"
"W4411186447","topic:economy-welfare","abstract","unemployment"
"W4411186447","topic:economy-welfare","abstract","welfare"
"W4411186447","region:europe","title","european"
"W4411186447","region:europe","abstract","european"
"W4411186447","region:europe","abstract","eu"
"W4411292291","topic:media-communication","abstract","rhetoric"
"W4411292291","topic:democracy-institutions","abstract","authoritarian"
"W4411353337","approach:measurement","abstract","operationalizing populism"
"W4411353337","topic:parties","abstract","party leaders"
"W4411353337","topic:parties","abstract","party"
"W4411353337","topic:media-communication","title","communication"
"W4411353337","topic:media-communication","title","twitter"
"W4411353337","topic:media-communication","abstract","tweets"
"W4411353337","topic:media-communication","abstract","communication"
"W4411353337","country:canada","title","canada"
"W4411353337","country:canada","abstract","canada"
"W4411353337","region:north-america","rule","from the country named"
"W4411371225","topic:parties","title","parties"
"W4411371225","topic:parties","title","party"
"W4411371225","topic:parties","title","radical right"
"W4411371225","topic:parties","abstract","radical right"
"W4411371225","topic:parties","abstract","party"
"W4411371225","topic:parties","abstract","parties"
"W4411371225","topic:gender","title","women"
"W4411371225","topic:gender","title","gender"
"W4411371225","topic:gender","abstract","gender"
"W4411371225","topic:gender","abstract","women"
"W4411371225","method:survey","abstract","original survey"
"W4411371225","country:sweden","abstract","sweden"
"W4411371225","country:sweden","abstract","sweden democrats"
"W4411371225","region:europe","rule","from the country named"
"W4411402826","country:poland","abstract","poland"
"W4411402826","country:poland","abstract","law and justice"
"W4411402826","country:poland","abstract","pis"
"W4411402826","region:europe","rule","from the country named"
"W4411592948","topic:parties","title","party"
"W4411648098","topic:parties","abstract","right wing populist"
"W4411648098","topic:parties","abstract","party leader"
"W4411648098","topic:media-communication","abstract","communication"
"W4411648098","topic:media-communication","abstract","media"
"W4411648098","method:mixed","abstract","qualitative and quantitative"
"W4411648098","country:sweden","title","sweden"
"W4411648098","country:sweden","title","sweden democrats"
"W4411648098","country:sweden","abstract","sweden"
"W4411648098","country:sweden","abstract","sweden democrats"
"W4411648098","country:sweden","abstract","swedish (+ political word)"
"W4411648098","region:europe","rule","from the country named"
"W4412011354","topic:parties","title","far right"
"W4412011354","topic:parties","abstract","far right"
"W4412011354","topic:gender","abstract","gender"
"W4412011354","topic:gender","abstract","gendered"
"W4412011354","topic:democracy-institutions","title","authoritarian"
"W4412011354","topic:democracy-institutions","abstract","authoritarian"
"W4412109331","topic:parties","title","far right"
"W4412109331","topic:parties","abstract","far right"
"W4412109331","topic:voters","title","voters"
"W4412109331","topic:voters","abstract","voters"
"W4412347619","topic:parties","title","populist leadership"
"W4412347619","region:europe","title","eastern europe"
"W4412589150","topic:parties","title","radical right"
"W4412589150","topic:parties","abstract","radical right"
"W4412589150","topic:parties","abstract","parties"
"W4412589150","topic:media-communication","title","journalism"
"W4412589150","topic:media-communication","abstract","media"
"W4412589150","topic:media-communication","abstract","journalistic"
"W4412589150","topic:media-communication","abstract","frames"
"W4412589150","topic:media-communication","abstract","newspapers"
"W4412589150","topic:media-communication","abstract","journalists"
"W4412589150","method:mixed","abstract","mixed methods"
"W4412589150","country:italy","title","italian (+ political word)"
"W4412589150","region:europe","rule","from the country named"
"W4413286541","topic:parties","title","radical right"
"W4413286541","topic:parties","abstract","radical right"
"W4413286541","topic:parties","abstract","parties"
"W4413286541","topic:voters","abstract","attitudes"
"W4413286541","topic:gender","title","gender"
"W4413286541","topic:gender","title","masculinity"
"W4413286541","topic:gender","abstract","gender"
"W4413286541","topic:gender","abstract","masculinity"
"W4413286541","topic:gender","abstract","women"
"W4413286541","method:qualitative","abstract","qualitative"
"W4413286541","region:europe","title","european"
"W4413383084","approach:ideational","abstract","ideational approach"
"W4413383084","approach:political-strategic","title","strategic approach"
"W4413383084","approach:political-strategic","abstract","strategic approach"
"W4413383084","topic:parties","abstract","party"
"W4413383084","topic:parties","abstract","political leadership"
"W4413383084","topic:parties","abstract","populist movements"
"W4413383084","topic:media-communication","abstract","media"
"W4413383084","topic:media-communication","abstract","rhetorical"
"W4413383084","country:israel","title","israel"
"W4413383084","country:israel","title","netanyahu"
"W4413383084","country:israel","abstract","israel"
"W4413383084","country:israel","abstract","netanyahu"
"W4413383084","country:israel","abstract","likud"
"W4413383084","country:israel","abstract","israeli (+ political word)"
"W4413383084","region:mena","rule","from the country named"
"W4413616413","topic:foreign-policy","abstract","foreign policy"
"W4413616413","topic:international","title","international cooperation"
"W4413616413","topic:international","abstract","international institutions"
"W4413616413","topic:international","abstract","multilateral"
"W4413616413","topic:international","abstract","eu"
"W4413616413","topic:international","abstract","brexit"
"W4413616413","country:greece","abstract","greece"
"W4413616413","country:greece","abstract","tsipras"
"W4413616413","country:united-kingdom","abstract","britain"
"W4413616413","country:united-kingdom","abstract","brexit"
"W4413616413","country:united-kingdom","abstract","boris johnson"
"W4413616413","region:europe","rule","from the country named"
"W4413744069","country:pakistan","title","pakistani (+ political word)"
"W4413744069","region:asia-pacific","rule","from the country named"
"W4413868308","topic:voters","title","supporters"
"W4413868308","topic:voters","abstract","supporters"
"W4413868308","method:qualitative","abstract","interviews"
"W4413909304","topic:international","abstract","eu"
"W4413909304","topic:international","abstract","eurosceptic"
"W4413909304","topic:international","abstract","european parliament"
"W4413909304","topic:parties","abstract","parties"
"W4413909304","topic:parties","abstract","party"
"W4413909304","topic:media-communication","title","rhetoric"
"W4413909304","topic:media-communication","abstract","tweets"
"W4413909304","topic:media-communication","abstract","social network"
"W4413909304","topic:media-communication","abstract","rhetoric"
"W4413909304","topic:media-communication","abstract","communication"
"W4413909304","topic:media-communication","abstract","media"
"W4413909304","method:mixed","abstract","mixed methods"
"W4413909304","region:europe","title","european"
"W4413909304","region:europe","abstract","european"
"W4413909304","region:europe","abstract","eu"
"W4413909304","country:spain","title","spain"
"W4413909304","country:spain","abstract","podemos"
"W4413909304","country:spain","abstract","spanish (+ political word)"
"W4414202634","topic:international","abstract","transnational"
"W4414202634","topic:parties","title","far right"
"W4414202634","topic:religion","title","christian"
"W4414202634","topic:religion","abstract","christianity"
"W4414202634","topic:religion","abstract","islam"
"W4414202634","topic:migration","abstract","migrants"
"W4414202634","topic:migration","abstract","immigrants"
"W4414202634","method:qualitative","abstract","ethnographic"
"W4414202634","method:qualitative","abstract","fieldwork"
"W4414202634","method:qualitative","abstract","interviews"
"W4414202634","region:europe","title","europe"
"W4414202634","country:united-kingdom","title","british (+ political word)"
"W4414202634","country:united-kingdom","abstract","britain"
"W4414202634","country:united-kingdom","abstract","british (+ political word)"
"W4414215216","topic:parties","title","right wing populism"
"W4414215216","topic:parties","title","party"
"W4414215216","topic:parties","abstract","political leaders"
"W4414215216","topic:parties","abstract","right wing populist"
"W4414215216","topic:parties","abstract","party"
"W4414215216","topic:democracy-institutions","abstract","constitution"
"W4414215216","country:united-states","title","trump"
"W4414215216","country:united-states","abstract","trump"
"W4414215216","country:united-states","abstract","us"
"W4414215216","region:north-america","rule","from the country named"
"W4414242816","approach:performative","abstract","performative"
"W4414242816","topic:media-communication","title","framing"
"W4414242816","topic:media-communication","abstract","framing"
"W4414242816","topic:media-communication","abstract","communication"
"W4414242816","topic:media-communication","abstract","rhetoric"
"W4414242816","country:united-states","abstract","trump"
"W4414242816","country:united-states","abstract","obama"
"W4414242816","country:united-states","abstract","u s"
"W4414242816","region:north-america","rule","from the country named"
"W4414847371","topic:defence-security","abstract","war"
"W4414847371","topic:parties","title","radical right"
"W4414847371","topic:parties","abstract","radical right"
"W4414847371","topic:parties","abstract","parties"
"W4414847371","topic:media-communication","abstract","media"
"W4414847371","topic:media-communication","abstract","rhetoric"
"W4414847371","topic:migration","title","refugees"
"W4414847371","topic:migration","abstract","refugee"
"W4414847371","topic:migration","abstract","anti immigrant"
"W4414847371","topic:migration","abstract","refugees"
"W4414847371","topic:migration","abstract","nativist"
"W4414847371","topic:migration","abstract","immigration"
"W4414847371","region:europe","title","eastern europe"
"W4415098523","approach:ideational","abstract","ideational approach"
"W4415098523","topic:voters","abstract","citizens"
"W4415098523","topic:voters","abstract","respondents"
"W4415098523","topic:media-communication","abstract","rhetoric"
"W4415098523","topic:media-communication","abstract","frames"
"W4415098523","topic:media-communication","abstract","framing"
"W4415232844","topic:international","title","transnational"
"W4415232844","topic:international","abstract","transnational"
"W4415232844","topic:international","abstract","transnationalisation"
"W4415232844","topic:parties","title","radical right"
"W4415232844","topic:parties","abstract","radical right"
"W4415232844","topic:parties","abstract","parties"
"W4415232844","topic:parties","abstract","party"
"W4415232844","method:qta","abstract","quantitative text analysis"
"W4415232844","region:europe","title","europe"
"W4415232844","country:italy","abstract","italy"
"W4415232844","country:italy","abstract","brothers of italy"
"W4415232844","country:spain","abstract","spain"
"W4415232844","country:spain","abstract","vox"
"W4415232844","country:united-states","title","united states"
"W4415232844","region:north-america","rule","from the country named"
"W4415237866","topic:parties","title","radical right"
"W4415237866","topic:parties","abstract","radical right"
"W4415237866","topic:parties","abstract","parties"
"W4415237866","topic:spatial","abstract","rural"
"W4415237866","topic:economy-welfare","title","economic"
"W4415237866","topic:economy-welfare","abstract","economic"
"W4415237866","topic:economy-welfare","abstract","unemployment"
"W4415237866","country:spain","title","spain"
"W4415237866","country:spain","abstract","spain"
"W4415237866","country:spain","abstract","vox"
"W4415237866","region:europe","rule","from the country named"
"W4415776310","topic:parties","title","party systems"
"W4415776310","topic:parties","abstract","party systems"
"W4415776310","topic:parties","abstract","parties"
"W4415776310","topic:parties","abstract","party"
"W4415776310","topic:media-communication","title","rhetoric"
"W4415776310","topic:media-communication","abstract","rhetorical"
"W4415776310","topic:media-communication","abstract","rhetoric"
"W4415816184","approach:other","abstract","ideational approach"
"W4415816184","approach:other","abstract","strategic approach"
"W4415816184","approach:other","title","performative"
"W4415816184","approach:other","abstract","performative"
"W4415816184","topic:parties","title","populist leaders"
"W4415816184","topic:parties","abstract","political leadership"
"W4415816184","topic:parties","abstract","populist leaders"
"W4415816184","topic:parties","abstract","populist leadership"
"W4415816184","topic:voters","abstract","attitudes"
"W4415816184","topic:voters","abstract","citizens"
"W4415909092","topic:foreign-policy","title","foreign policy"
"W4415909092","topic:foreign-policy","abstract","foreign policy"
"W4415909092","topic:foreign-policy","abstract","foreign policies"
"W4415909092","topic:international","abstract","international order"
"W4415909092","topic:government","abstract","populist governments"
"W4416127264","topic:parties","title","right wing populist"
"W4416127264","topic:parties","abstract","right wing populism"
"W4416127264","topic:parties","abstract","right wing populist"
"W4416127264","topic:parties","abstract","party"
"W4416127264","topic:voters","title","attitudes"
"W4416127264","topic:voters","abstract","attitudes"
"W4416127264","topic:voters","abstract","citizens"
"W4416127264","country:germany","abstract","germany"
"W4416127264","country:germany","abstract","german (+ political word)"
"W4416127264","region:europe","rule","from the country named"
"W4416228419","topic:parties","abstract","populist leaders"
"W4416228419","topic:parties","abstract","radical right"
"W4416228419","topic:media-communication","abstract","rhetoric"
"W4416228419","topic:media-communication","abstract","misinformation"
"W4416301028","topic:foreign-policy","abstract","foreign policy"
"W4416301028","topic:defence-security","title","war"
"W4416301028","topic:parties","abstract","populist leaderships"
"W4416301028","topic:parties","abstract","populist leaders"
"W4416301028","topic:government","abstract","in power"
"W4416301028","topic:government","abstract","presidency"
"W4416301028","topic:government","abstract","populists in power"
"W4416301028","country:turkey","abstract","turkey"
"W4416301028","country:turkey","abstract","erdogan"
"W4416301028","country:india","abstract","india"
"W4416301028","country:india","abstract","modi"
"W4416301028","country:israel","abstract","israel"
"W4416301028","country:israel","abstract","netanyahu"
"W4416301028","region:global","rule","three or more regions named: europe, asia-pacific, mena"
"W4417247550","method:survey","abstract","election study"
"W4417334110","method:mixed","abstract","mixed methods"
"W4417334110","country:israel","title","israel"
"W4417334110","region:mena","rule","from the country named"
"W4417400317","topic:parties","title","far right"
"W4417400317","topic:parties","abstract","far right"
"W4417400317","topic:media-communication","abstract","rhetoric"
"W4417400317","topic:media-communication","abstract","rhetorical"
"W4417400317","topic:media-communication","abstract","framing"
"W4417400317","topic:religion","abstract","religion"
"W4417400317","topic:religion","abstract","christian"
"W4417400317","topic:democracy-institutions","abstract","democratic norms"
"W4417400317","topic:democracy-institutions","abstract","illiberal"
"W4417400317","method:qualitative","abstract","discourse analysis"
"W4417400317","region:europe","title","european"
"W4417400317","region:europe","abstract","european"
"W4417400317","country:austria","title","austria"
"W4417400317","country:austria","abstract","austria"
"W4417400317","country:austria","abstract","fpo"
"W4417400317","country:hungary","title","hungary"
"W4417400317","country:hungary","abstract","hungary"
"W4417400317","country:hungary","abstract","orban"
"W4417400317","country:hungary","abstract","fidesz"
"W7113900818","topic:government","abstract","administration"
"W7113900818","topic:government","abstract","populist governments"
"W7113900818","country:israel","title","israel"
"W7113900818","country:israel","abstract","israeli (+ political word)"
"W7113900818","region:mena","rule","from the country named"
"W7117362245","topic:parties","title","right wing populism"
"W7117362245","topic:parties","abstract","right wing populist"
"W7117362245","topic:media-communication","abstract","communication"
"W7117362245","topic:media-communication","abstract","media"
"W7117362245","method:qualitative","abstract","ethnographic"
"W7117362245","method:qualitative","abstract","fieldwork"
"W7117362245","method:qualitative","abstract","ethnography"
"W7117362245","country:argentina","abstract","argentina"
"W7117362245","country:argentina","abstract","milei"
"W7117362245","country:brazil","abstract","brazil"
"W7117362245","country:brazil","abstract","bolsonaro"
"W7117362245","country:el-salvador","abstract","el salvador"
"W7117362245","country:el-salvador","abstract","bukele"
"W7117362245","region:latin-america","rule","from the country named"
"W4406040300","approach:performative","abstract","populist performance"
"W4406040300","method:qualitative","abstract","qualitative"
"W4406040300","country:taiwan","title","taiwan"
"W4406040300","country:taiwan","abstract","taiwan"
"W4406040300","country:taiwan","abstract","taiwanese (+ political word)"
"W4406040300","region:asia-pacific","rule","from the country named"
"W4406117040","approach:measurement","abstract","populist attitudes scale"
"W4406117040","topic:international","title","brexit"
"W4406117040","topic:international","abstract","brexit"
"W4406117040","topic:international","abstract","european union"
"W4406117040","topic:voters","title","populist attitudes"
"W4406117040","topic:voters","abstract","demand side"
"W4406117040","topic:voters","abstract","attitudes"
"W4406117040","topic:voters","abstract","populist attitudes"
"W4406117040","country:united-kingdom","title","britain"
"W4406117040","country:united-kingdom","title","brexit"
"W4406117040","country:united-kingdom","abstract","britain"
"W4406117040","country:united-kingdom","abstract","brexit"
"W4406117040","region:europe","rule","from the country named"
"W4406131346","topic:parties","title","partisan"
"W4406131346","topic:parties","abstract","partisan"
"W4406131346","topic:parties","abstract","populist politicians"
"W4406131346","topic:parties","abstract","partisanship"
"W4406131346","topic:voters","abstract","voters"
"W4406131346","topic:voters","abstract","respondents"
"W4406131346","topic:media-communication","title","framing"
"W4406131346","topic:media-communication","title","frames"
"W4406131346","topic:media-communication","abstract","framing"
"W4406131346","topic:media-communication","abstract","rhetoric"
"W4406131346","topic:democracy-institutions","title","judiciary"
"W4406131346","topic:democracy-institutions","title","court"
"W4406131346","topic:democracy-institutions","abstract","judicial"
"W4406131346","topic:democracy-institutions","abstract","checks and balances"
"W4406131346","topic:democracy-institutions","abstract","constitutionalism"
"W4406131346","topic:democracy-institutions","abstract","judiciaries"
"W4406131346","topic:democracy-institutions","abstract","courts"
"W4406131346","topic:democracy-institutions","abstract","authoritarians"
"W4406131346","topic:democracy-institutions","abstract","democratic norms"
"W4406131346","topic:democracy-institutions","abstract","constitutional"
"W4406131346","topic:democracy-institutions","abstract","court"
"W4406131346","method:experiment","abstract","survey experiment"
"W4406131346","country:czech-republic","title","czechia"
"W4406131346","region:europe","rule","from the country named"
"W4406198230","topic:parties","title","party"
"W4406198230","topic:parties","abstract","parties"
"W4406198230","topic:parties","abstract","party systems"
"W4406198230","topic:parties","abstract","party"
"W4406198230","topic:parties","abstract","radical right"
"W4406198230","topic:voters","abstract","citizens"
"W4406198230","topic:voters","abstract","support for populist"
"W4406198230","region:europe","title","europe"
"W4406235431","topic:parties","title","radical right"
"W4406235431","topic:parties","title","party"
"W4406235431","topic:parties","abstract","radical right"
"W4406235431","topic:parties","abstract","parties"
"W4406235431","topic:parties","abstract","party"
"W4406235431","region:europe","abstract","european"
"W4406235431","country:denmark","abstract","danish people s party"
"W4406235431","country:denmark","abstract","danish (+ political word)"
"W4406277326","topic:parties","abstract","candidates"
"W4406277326","topic:parties","abstract","right wing populists"
"W4406340114","topic:voters","title","populist attitudes"
"W4406340114","topic:voters","abstract","populist attitudes"
"W4406340114","topic:voters","abstract","attitudes"
"W4406340114","region:europe","abstract","central european"
"W4406340114","country:slovakia","title","slovakia"
"W4406363167","approach:discursive","abstract","laclau"
"W4406363167","topic:economy-welfare","abstract","economics"
"W4406363167","topic:economy-welfare","abstract","economy"
"W4406363167","topic:migration","abstract","nativism"
"W4406363167","topic:migration","abstract","migration"
"W4406363167","topic:democracy-institutions","abstract","illiberalism"
"W4406363167","topic:democracy-institutions","abstract","liberal democracy"
"W4406363167","topic:democracy-institutions","abstract","democratic backsliding"
"W4406379555","approach:ideational","abstract","ideational definition"
"W4406379555","topic:democracy-institutions","title","populism and democracy"
"W4406443849","country:brazil","title","brazil"
"W4406443849","region:latin-america","rule","from the country named"
"W4406606275","country:united-states","title","united states"
"W4406606275","country:united-states","abstract","u s"
"W4406606275","country:united-states","abstract","trump"
"W4406606275","region:north-america","rule","from the country named"
"W4406949266","topic:parties","abstract","right wing populist"
"W4406949266","topic:parties","abstract","left wing populist"
"W4406949266","topic:government","title","populist presidents"
"W4406949266","topic:government","abstract","populist governance"
"W4406949266","topic:government","abstract","populist presidents"
"W4406949266","method:quantitative","abstract","time series"
"W4406949266","region:latin-america","abstract","latin america"
"W4407029134","topic:international","title","european union"
"W4407029134","topic:international","abstract","eu"
"W4407029134","topic:media-communication","abstract","rhetoric"
"W4407029134","topic:democracy-institutions","abstract","constitutional"
"W4407029134","region:europe","title","european"
"W4407029134","region:europe","abstract","eu"
"W4407029134","country:hungary","abstract","hungary"
"W4407029134","country:hungary","abstract","orban"
"W4407029134","country:poland","abstract","poland"
"W4407029134","country:poland","abstract","kaczynski"
"W4407251348","topic:parties","abstract","populist right"
"W4407251348","topic:parties","abstract","populist left"
"W4407251348","topic:parties","abstract","parties"
"W4407251348","topic:voters","title","citizens"
"W4407251348","topic:voters","abstract","citizens"
"W4407251348","topic:voters","abstract","attitudes"
"W4407251348","topic:voters","abstract","support for populism"
"W4407251348","topic:voters","abstract","supporters"
"W4407251348","method:quantitative","abstract","regression"
"W4407251348","region:europe","title","western europe"
"W4407265349","topic:parties","abstract","populist politicians"
"W4407265349","topic:parties","abstract","parties"
"W4407265349","method:qualitative","abstract","critical discourse analysis"
"W4407265349","region:sub-saharan-africa","title","africa"
"W4407265349","country:south-africa","abstract","economic freedom fighters"
"W4407265349","country:south-africa","abstract","malema"
"W4407275849","topic:government","abstract","populist governments"
"W4407275849","topic:economy-welfare","title","economic"
"W4407275849","topic:economy-welfare","abstract","economic"
"W4407275849","method:qualitative","abstract","qualitative"
"W4407370705","country:united-states","title","american (+ political word)"
"W4407370705","country:united-states","abstract","u s"
"W4407370705","country:united-states","abstract","trump"
"W4407370705","country:united-states","abstract","maga"
"W4407370705","country:united-states","abstract","american (+ political word)"
"W4407370705","country:china","title","china"
"W4407370705","country:china","title","chinese (+ political word)"
"W4407370705","country:china","abstract","china"
"W4407370705","country:china","abstract","chinese (+ political word)"
"W4407370705","region:north-america","rule","from the country named"
"W4407370705","region:asia-pacific","rule","from the country named"
"W4407371376","topic:parties","abstract","party"
"W4407371376","topic:parties","abstract","parties"
"W4407371376","topic:voters","abstract","attitudes"
"W4407371376","topic:voters","abstract","voters"
"W4407371376","region:europe","abstract","european"
"W4407371376","country:france","abstract","france"
"W4407371376","country:poland","abstract","poland"
"W4407373301","topic:voters","title","populist attitudes"
"W4407373301","topic:voters","title","attitudes"
"W4407373301","topic:voters","abstract","populist attitudes"
"W4407373301","topic:voters","abstract","attitudes"
"W4407718313","topic:media-communication","title","media"
"W4407718313","topic:media-communication","abstract","media"
"W4407718313","method:qualitative","abstract","discourse analysis"
"W4407777688","topic:democracy-institutions","abstract","liberal democracies"
"W4407785152","topic:parties","title","far right"
"W4407785152","topic:parties","abstract","radical right"
"W4407785152","topic:parties","abstract","populist leaders"
"W4407785152","country:argentina","title","milei"
"W4407785152","country:argentina","abstract","milei"
"W4407785152","country:brazil","title","bolsonaro"
"W4407785152","country:brazil","abstract","bolsonaro"
"W4407785152","region:latin-america","rule","from the country named"
"W4407972409","topic:media-communication","title","media"
"W4407972409","topic:media-communication","abstract","media"
"W4407972409","topic:media-communication","abstract","communication"
"W4407972409","topic:religion","title","religious"
"W4407972409","topic:religion","abstract","religious"
"W4408308911","topic:parties","abstract","parties"
"W4408308911","topic:parties","abstract","far right"
"W4408308911","topic:parties","abstract","candidates"
"W4408308911","topic:voters","abstract","voters"
"W4408308911","topic:voters","abstract","voting behavior"
"W4408308911","topic:economy-welfare","title","economic"
"W4408308911","topic:economy-welfare","abstract","economic"
"W4408308911","topic:economy-welfare","abstract","unemployment"
"W4408308911","method:survey","abstract","survey data"
"W4408308911","country:france","title","france"
"W4408308911","country:france","abstract","france"
"W4408308911","country:france","abstract","front national"
"W4408308911","region:europe","rule","from the country named"
"W4408360527","topic:international","title","transnational"
"W4408360527","country:canada","title","canada"
"W4408360527","region:north-america","rule","from the country named"
"W4408474214","topic:parties","abstract","candidates"
"W4408474214","topic:parties","abstract","party"
"W4408474214","topic:voters","title","populist attitudes"
"W4408474214","country:taiwan","abstract","taiwan"
"W4408474214","region:asia-pacific","rule","from the country named"
"W4408557210","topic:parties","abstract","radical right"
"W4408557210","topic:parties","abstract","party"
"W4408557210","topic:parties","abstract","left wing populism"
"W4408557210","country:spain","title","podemos"
"W4408557210","country:spain","abstract","podemos"
"W4408557210","region:europe","rule","from the country named"
"W4409402648","topic:parties","abstract","radical right"
"W4409402648","topic:parties","abstract","right wing populist"
"W4409402648","topic:voters","abstract","public support"
"W4409402648","topic:voters","abstract","voters"
"W4409402648","topic:government","abstract","populist incumbents"
"W4409402648","topic:government","abstract","incumbent"
"W4409402648","topic:government","abstract","in power"
"W4409402648","topic:media-communication","title","rhetoric"
"W4409402648","topic:media-communication","abstract","rhetoric"
"W4409402648","topic:media-communication","abstract","communication"
"W4409402648","topic:media-communication","abstract","rhetorical"
"W4409402648","topic:migration","abstract","anti immigration"
"W4409402648","topic:migration","abstract","nativist"
"W4409402648","method:qta","abstract","topic modeling"
"W4409402648","country:hungary","abstract","orban"
"W4409402648","country:hungary","abstract","hungarian (+ political word)"
"W4409402648","region:europe","rule","from the country named"
"W4409402916","approach:performative","abstract","performative"
"W4409402916","topic:religion","title","muslim"
"W4409402916","topic:religion","abstract","muslim"
"W4409402916","topic:religion","abstract","islamic"
"W4409402916","topic:religion","abstract","religious"
"W4409402916","topic:religion","abstract","muslims"
"W4409402916","country:indonesia","title","indonesia"
"W4409402916","country:indonesia","abstract","indonesia"
"W4409402916","country:indonesia","abstract","indonesian (+ political word)"
"W4409402916","region:asia-pacific","rule","from the country named"
"W4409458903","topic:economy-welfare","title","economy"
"W4409458903","topic:economy-welfare","abstract","economy"
"W4409458903","topic:economy-welfare","abstract","economics"
"W4409458903","topic:migration","title","immigration"
"W4409458903","topic:migration","abstract","immigration"
"W4409458903","region:europe","abstract","europe"
"W4409458903","country:united-states","abstract","united states"
"W4409458903","region:north-america","rule","from the country named"
"W4409473676","topic:parties","abstract","right wing populism"
"W4409473676","topic:parties","abstract","left wing populist"
"W4409473676","topic:spatial","abstract","geographical"
"W4409473676","topic:spatial","abstract","subnational"
"W4409473676","topic:economy-welfare","abstract","international trade"
"W4409473676","topic:economy-welfare","abstract","economic"
"W4409478840","topic:parties","title","radical right"
"W4409478840","topic:parties","abstract","radical right"
"W4409478840","topic:parties","abstract","party"
"W4409478840","topic:voters","title","attitudes"
"W4409478840","topic:voters","abstract","attitudes"
"W4409478840","topic:voters","abstract","voting behaviour"
"W4409478840","topic:migration","abstract","nativist"
"W4409478840","topic:migration","abstract","immigrants"
"W4409478840","method:quantitative","abstract","regression"
"W4409478840","method:survey","abstract","election studies"
"W4409478840","country:italy","title","italy"
"W4409478840","country:italy","abstract","italy"
"W4409478840","country:italy","abstract","fratelli d italia"
"W4409478840","country:italy","abstract","italian (+ political word)"
"W4409478840","region:europe","rule","from the country named"
"W4409686153","approach:ideational","abstract","host ideology"
"W4409686153","topic:parties","abstract","right wing populist"
"W4409686153","topic:parties","abstract","parties"
"W4409686153","topic:voters","abstract","populist attitudes"
"W4409686153","topic:voters","abstract","voters"
"W4409686153","topic:voters","abstract","attitudes"
"W4409686153","method:experiment","abstract","conjoint"
"W4409686153","country:germany","title","alternative fur deutschland"
"W4409686153","country:germany","title","die linke"
"W4409686153","country:germany","abstract","germany"
"W4409686153","country:germany","abstract","alternative fur deutschland"
"W4409686153","country:germany","abstract","die linke"
"W4409686153","region:europe","rule","from the country named"
"W4409693957","topic:parties","abstract","parties"
"W4409693957","topic:parties","abstract","populist movements"
"W4409693957","topic:voters","abstract","electoral support"
"W4409693957","topic:media-communication","title","rhetoric"
"W4409693957","method:quantitative","abstract","quantitative analysis"
"W4409700840","approach:performative","abstract","political style"
"W4409700840","topic:parties","title","populist leaders"
"W4409700840","topic:parties","abstract","populist leaders"
"W4409700840","topic:parties","abstract","parties"
"W4409700840","topic:parties","abstract","populist politicians"
"W4409700840","topic:voters","title","support for populist"
"W4409700840","topic:voters","abstract","populist attitudes"
"W4409700840","topic:voters","abstract","support for populist"
"W4409700840","country:united-states","abstract","us"
"W4409700840","country:united-states","abstract","trump"
"W4409700840","country:united-states","abstract","biden"
"W4409700840","country:united-states","abstract","sanders"
"W4409700840","region:north-america","rule","from the country named"
"W4409727753","topic:international","title","international law"
"W4409727753","topic:international","abstract","international law"
"W4409727753","topic:international","abstract","multilateral"
"W4409727753","topic:international","abstract","international institutions"
"W4409727753","topic:international","abstract","multilateralism"
"W4409727753","topic:international","abstract","international order"
"W4409727753","country:united-states","abstract","trump"
"W4409727753","country:united-states","abstract","us"
"W4409727753","country:australia","title","australia"
"W4409727753","region:north-america","rule","from the country named"
"W4409727753","region:asia-pacific","rule","from the country named"
"W4409750990","topic:democracy-institutions","abstract","rule of law"
"W4409750990","topic:democracy-institutions","abstract","constitutional"
"W4409750990","topic:democracy-institutions","abstract","constitutions"
"W4409750990","topic:democracy-institutions","abstract","constitution"
"W4409912071","topic:defence-security","title","war"
"W4409912071","country:philippines","title","philippines"
"W4409912071","country:philippines","title","duterte"
"W4409912071","region:asia-pacific","rule","from the country named"
"W4410000496","approach:other","abstract","conceptualization of populism"
"W4410000496","topic:media-communication","abstract","communication"
"W4410000496","topic:media-communication","abstract","rhetorical"
"W4410000496","topic:media-communication","abstract","frames"
"W4410000496","topic:media-communication","abstract","media"
"W4410000496","topic:media-communication","abstract","rhetoric"
"W4410000496","method:qta","abstract","natural language processing"
"W4410000496","method:mixed","abstract","mixed methods"
"W4410000496","country:israel","title","netanyahu"
"W4410000496","country:israel","abstract","netanyahu"
"W4410000496","country:israel","abstract","israeli (+ political word)"
"W4410000496","region:mena","rule","from the country named"
"W4410089577","topic:parties","abstract","parties"
"W4410089577","topic:parties","abstract","party leaders"
"W4410089577","country:turkey","title","turkish (+ political word)"
"W4410089577","country:turkey","abstract","turkey"
"W4410089577","country:turkey","abstract","akp"
"W4410089577","region:europe","rule","from the country named"
"W4410089620","topic:parties","abstract","parties"
"W4410089620","topic:parties","abstract","manifestos"
"W4410089620","country:germany","title","german (+ political word)"
"W4410089620","country:germany","abstract","germany"
"W4410089620","country:germany","abstract","alternative for germany"
"W4410089620","region:europe","rule","from the country named"
"W4410106116","approach:performative","abstract","political style"
"W4410106116","topic:media-communication","abstract","framing"
"W4410106116","topic:media-communication","abstract","rhetoric"
"W4410346083","topic:defence-security","title","securitisation"
"W4410346083","topic:economy-welfare","title","neoliberal"
"W4410346083","method:qualitative","title","process tracing"
"W4410346083","method:qualitative","abstract","process tracing"
"W4410346083","country:poland","title","poland"
"W4410346083","region:europe","rule","from the country named"
"W4410417229","topic:parties","title","radical right"
"W4410417229","topic:parties","title","parties"
"W4410417229","topic:parties","abstract","radical right"
"W4410417229","topic:parties","abstract","parties"
"W4410417229","topic:parties","abstract","party"
"W4410417229","region:europe","abstract","europe"
"W4410417229","region:europe","abstract","european"
"W4410546543","topic:religion","abstract","hindu"
"W4410546543","topic:religion","abstract","muslims"
"W4410546543","topic:religion","abstract","hindutva"
"W4410546543","country:india","title","indian (+ political word)"
"W4410546543","country:india","abstract","india"
"W4410546543","country:india","abstract","hindutva"
"W4410546543","region:asia-pacific","rule","from the country named"
"W4410555405","topic:voters","title","populist attitudes"
"W4410555405","topic:voters","abstract","populist attitudes"
"W4410555405","topic:media-communication","abstract","media"
"W4410555405","country:portugal","title","portugal"
"W4410555405","country:portugal","abstract","portugal"
"W4410555405","region:europe","rule","from the country named"
"W4410796430","topic:international","abstract","international order"
"W4410796430","topic:parties","title","party"
"W4410796430","topic:government","title","administration"
"W4410796430","topic:government","abstract","administration"
"W4410796430","topic:media-communication","abstract","rhetorical"
"W4410796430","topic:media-communication","abstract","rhetoric"
"W4410796430","topic:democracy-institutions","abstract","democratization"
"W4410796430","topic:democracy-institutions","abstract","authoritarian"
"W4410796430","country:china","title","china"
"W4410796430","country:china","abstract","china"
"W4410796430","country:taiwan","title","taiwan"
"W4410796430","country:taiwan","abstract","taiwan"
"W4410796430","region:asia-pacific","rule","from the country named"
"W4410872753","topic:parties","abstract","parties"
"W4411000609","topic:parties","title","party"
"W4411000609","topic:parties","abstract","party"
"W4411000609","topic:voters","title","voters"
"W4411000609","country:germany","title","germany"
"W4411000609","country:germany","title","alternative for germany"
"W4411000609","country:germany","abstract","germany"
"W4411000609","country:germany","abstract","afd"
"W4411000609","country:germany","abstract","alternative for germany"
"W4411000609","region:europe","rule","from the country named"
"W4411078650","topic:parties","title","far right"
"W4411078650","topic:parties","title","parties"
"W4411078650","topic:parties","abstract","far right"
"W4411078650","topic:parties","abstract","parties"
"W4411078650","topic:voters","abstract","attitudes"
"W4411078650","topic:voters","abstract","citizens"
"W4411078650","topic:economy-welfare","title","welfare"
"W4411078650","topic:economy-welfare","abstract","welfare"
"W4411078650","topic:economy-welfare","abstract","economic"
"W4411078650","topic:migration","title","migration"
"W4411078650","topic:migration","abstract","immigration"
"W4411078650","topic:migration","abstract","migration"
"W4411078650","method:quantitative","abstract","regression"
"W4411078650","method:survey","abstract","european social survey"
"W4411192739","topic:foreign-policy","title","foreign policy"
"W4411192739","topic:foreign-policy","abstract","foreign policy"
"W4411192739","topic:economy-welfare","title","trade war"
"W4411192739","topic:economy-welfare","abstract","trade war"
"W4411192739","topic:economy-welfare","abstract","economic"
"W4411192739","topic:media-communication","abstract","media"
"W4411192739","topic:media-communication","abstract","rhetoric"
"W4411192739","country:united-states","title","trump"
"W4411192739","country:united-states","title","us"
"W4411192739","country:united-states","abstract","trump"
"W4411192739","country:united-states","abstract","america first"
"W4411192739","country:china","title","china"
"W4411192739","country:china","abstract","china"
"W4411192739","region:north-america","rule","from the country named"
"W4411192739","region:asia-pacific","rule","from the country named"
"W4411193405","approach:discursive","title","laclau"
"W4411193405","approach:discursive","abstract","laclau"
"W4411206037","topic:democracy-institutions","title","democratic backsliding"
"W4411206037","topic:democracy-institutions","title","illiberal"
"W4411206037","country:switzerland","title","switzerland"
"W4411206037","region:europe","rule","from the country named"
"W4411251332","topic:government","title","populist governments"
"W4411251332","topic:government","abstract","populist governments"
"W4411251332","topic:economy-welfare","abstract","economic"
"W4411251332","country:hungary","abstract","hungary"
"W4411251332","country:hungary","abstract","orban"
"W4411251332","country:italy","abstract","italy"
"W4411251332","country:italy","abstract","five star movement"
"W4411251332","country:italy","abstract","lega"
"W4411251332","region:europe","rule","from the country named"
"W4411326510","topic:parties","abstract","party"
"W4411326510","topic:parties","abstract","parties"
"W4411326510","topic:voters","title","voting behavior"
"W4411326510","topic:voters","abstract","voting behavior"
"W4411326510","topic:voters","abstract","electoral support"
"W4411326510","topic:spatial","title","geography of"
"W4411326510","topic:spatial","abstract","spatial"
"W4411326510","topic:economy-welfare","abstract","economic"
"W4411326510","topic:economy-welfare","abstract","unemployment"
"W4411326510","country:turkey","title","turkiye"
"W4411326510","country:turkey","abstract","turkiye"
"W4411326510","country:turkey","abstract","justice and development party"
"W4411326510","country:turkey","abstract","akp"
"W4411326510","region:europe","rule","from the country named"
"W4411425049","topic:government","abstract","presidency"
"W4411425049","topic:government","abstract","populist governance"
"W4411425049","topic:government","abstract","in government"
"W4411425049","topic:economy-welfare","abstract","economic"
"W4411425049","topic:economy-welfare","abstract","economics"
"W4411425049","topic:economy-welfare","abstract","fiscal"
"W4411425049","topic:economy-welfare","abstract","economy"
"W4411425049","country:argentina","title","argentina"
"W4411425049","country:argentina","title","milei"
"W4411425049","country:argentina","abstract","argentina"
"W4411425049","country:argentina","abstract","milei"
"W4411425049","region:latin-america","rule","from the country named"
"W4411555921","country:united-states","title","trump"
"W4411555921","region:north-america","rule","from the country named"
"W4411616944","approach:ideational","abstract","ideational approaches"
"W4411616944","approach:discursive","abstract","laclau"
"W4411659731","topic:voters","title","populist attitudes"
"W4411659731","topic:voters","abstract","populist attitudes"
"W4411659731","topic:voters","abstract","attitudes"
"W4411659731","topic:media-communication","title","media"
"W4411659731","topic:media-communication","abstract","media"
"W4411659731","country:italy","title","italy"
"W4411659731","region:europe","rule","from the country named"
"W4411778231","topic:media-communication","abstract","media"
"W4411784677","topic:media-communication","title","media"
"W4411784677","topic:media-communication","abstract","misinformation"
"W4411784677","topic:media-communication","abstract","media"
"W4411784677","method:survey","abstract","representative survey"
"W4411801554","topic:parties","abstract","party"
"W4411801554","topic:parties","abstract","social movements"
"W4411801554","topic:parties","abstract","parties"
"W4411801554","topic:media-communication","abstract","rhetoric"
"W4411801554","topic:media-communication","abstract","propaganda"
"W4411801554","topic:migration","abstract","nativism"
"W4411801554","topic:migration","abstract","xenophobia"
"W4411916867","topic:international","abstract","transnational"
"W4411916867","topic:international","abstract","eu"
"W4411916867","topic:international","abstract","euroscepticism"
"W4411916867","topic:parties","title","far right"
"W4411916867","topic:parties","abstract","far right"
"W4411916867","topic:parties","abstract","party"
"W4411916867","topic:parties","abstract","parties"
"W4411916867","topic:parties","abstract","right wing populist"
"W4411916867","topic:democracy-institutions","title","direct democracy"
"W4412165519","topic:parties","abstract","right wing populism"
"W4412165519","topic:parties","abstract","right wing populist"
"W4412165519","topic:parties","abstract","party"
"W4412165519","method:qualitative","abstract","focus groups"
"W4412165519","country:denmark","title","denmark"
"W4412165519","region:europe","rule","from the country named"
"W4412387919","country:canada","title","canada"
"W4412387919","region:north-america","rule","from the country named"
"W4412398422","topic:parties","title","party"
"W4412398422","topic:parties","title","radical right"
"W4412398422","topic:parties","abstract","radical right"
"W4412398422","topic:parties","abstract","party"
"W4412398422","topic:parties","abstract","far right"
"W4412398422","topic:parties","abstract","parties"
"W4412398422","topic:voters","abstract","citizens"
"W4412398422","topic:voters","abstract","supporters"
"W4412398422","topic:voters","abstract","voters"
"W4412398422","country:germany","title","germany"
"W4412398422","country:germany","abstract","germany"
"W4412398422","country:germany","abstract","alternative for germany"
"W4412398422","country:germany","abstract","german (+ political word)"
"W4412398422","region:europe","rule","from the country named"
"W4412470723","topic:media-communication","title","rhetorical"
"W4412470723","topic:media-communication","title","framing"
"W4412470723","topic:media-communication","abstract","communication"
"W4412470723","topic:media-communication","abstract","rhetoric"
"W4412470723","topic:democracy-institutions","title","authoritarian"
"W4412470723","topic:democracy-institutions","abstract","authoritarian"
"W4412470723","topic:democracy-institutions","abstract","authoritarians"
"W4412470723","country:hungary","abstract","hungary"
"W4412470723","country:hungary","abstract","orban"
"W4412470723","country:south-africa","abstract","south africa"
"W4412470723","country:south-africa","abstract","zuma"
"W4412470723","region:europe","rule","from the country named"
"W4412470723","region:sub-saharan-africa","rule","from the country named"
"W4412480615","approach:other","abstract","approaches to populism"
"W4412480615","topic:government","abstract","in office"
"W4412480615","topic:government","abstract","coming to power"
"W4412480615","topic:democracy-institutions","abstract","constitutional"
"W4412480615","topic:democracy-institutions","abstract","judiciary"
"W4412480615","topic:democracy-institutions","abstract","quality of democracy"
"W4412480615","country:turkey","title","turkey"
"W4412480615","country:turkey","title","erdogan"
"W4412480615","country:turkey","abstract","turkey"
"W4412480615","country:turkey","abstract","erdogan"
"W4412480615","country:turkey","abstract","justice and development party"
"W4412480615","country:turkey","abstract","turkish (+ political word)"
"W4412480615","region:europe","rule","from the country named"
"W4412508455","topic:parties","title","radical right"
"W4412508455","topic:parties","title","parties"
"W4412508455","topic:parties","abstract","radical right"
"W4412508455","topic:parties","abstract","parties"
"W4412508455","topic:parties","abstract","party"
"W4412508455","topic:parties","abstract","manifestos"
"W4412508455","topic:migration","title","migration"
"W4412508455","topic:migration","abstract","migration"
"W4412508455","topic:migration","abstract","immigration"
"W4412508455","region:europe","title","southern europe"
"W4412508455","region:europe","abstract","europe"
"W4412508455","region:europe","abstract","southern europe"
"W4412508455","country:italy","abstract","italy"
"W4412508455","country:italy","abstract","fratelli d italia"
"W4412508455","country:portugal","abstract","portugal"
"W4412508455","country:portugal","abstract","chega"
"W4412508455","country:spain","abstract","spain"
"W4412508455","country:spain","abstract","vox"
"W4412575741","approach:performative","abstract","populist performance"
"W4412575741","approach:performative","abstract","performative"
"W4412575741","topic:media-communication","abstract","communication"
"W4412575741","topic:media-communication","abstract","rhetorical"
"W4412575741","country:united-states","title","trump"
"W4412575741","country:united-states","abstract","trump"
"W4412575741","region:north-america","rule","from the country named"
"W4412578518","country:mexico","title","amlo"
"W4412578518","country:mexico","abstract","mexico"
"W4412578518","country:mexico","abstract","amlo"
"W4412578518","region:latin-america","rule","from the country named"
"W4412752190","topic:parties","abstract","populist leaders"
"W4412752190","topic:parties","abstract","social movements"
"W4412752190","topic:parties","abstract","far right"
"W4412752190","topic:parties","abstract","party"
"W4412752190","topic:parties","abstract","parties"
"W4412752190","country:poland","abstract","poland"
"W4412752190","country:poland","abstract","law and justice"
"W4412752190","region:europe","rule","from the country named"
"W4412762244","topic:international","title","european parliament"
"W4412762244","topic:parties","title","radical right"
"W4412762244","topic:economy-welfare","abstract","neoliberal"
"W4412762244","topic:economy-welfare","abstract","globalization"
"W4412762244","topic:democracy-institutions","title","illiberal"
"W4412762244","topic:democracy-institutions","abstract","liberal democracies"
"W4412762244","topic:democracy-institutions","abstract","democratic institutions"
"W4412762244","region:europe","title","european"
"W4412847714","topic:media-communication","title","media"
"W4412847714","topic:media-communication","abstract","media"
"W4412847714","topic:media-communication","abstract","rhetoric"
"W4412847714","topic:media-communication","abstract","disinformation"
"W4412847714","topic:religion","abstract","religious"
"W4412847714","topic:religion","abstract","orthodox church"
"W4412847714","topic:religion","abstract","religion"
"W4412847714","topic:democracy-institutions","abstract","democratic institutions"
"W4412847714","topic:democracy-institutions","abstract","authoritarian"
"W4412847714","topic:democracy-institutions","abstract","authoritarianism"
"W4412847714","topic:democracy-institutions","abstract","democratic backsliding"
"W4412847714","region:europe","title","eastern europe"
"W4412847714","region:europe","abstract","eastern europe"
"W4412867155","topic:parties","title","parties"
"W4412867155","topic:parties","abstract","parties"
"W4412867155","topic:parties","abstract","populist actors"
"W4412867155","topic:voters","abstract","voters"
"W4412867155","topic:voters","abstract","public opinion"
"W4412867155","topic:media-communication","title","communication"
"W4412867155","topic:media-communication","title","media"
"W4412867155","topic:media-communication","abstract","media"
"W4412867155","topic:media-communication","abstract","rhetorical"
"W4412867155","topic:media-communication","abstract","facebook"
"W4412867155","topic:media-communication","abstract","communication"
"W4412867155","topic:media-communication","abstract","frames"
"W4412867155","topic:media-communication","abstract","rhetoric"
"W4412867155","method:qta","abstract","natural language processing"
"W4412867155","country:netherlands","abstract","dutch (+ political word)"
"W4412867155","region:europe","rule","from the country named"
"W4412898249","topic:parties","abstract","party leaders"
"W4412898249","topic:parties","abstract","right wing populists"
"W4412898249","topic:parties","abstract","populist leaders"
"W4412898249","topic:voters","abstract","populist attitudes"
"W4412898249","topic:voters","abstract","citizens"
"W4412898249","topic:voters","abstract","public opinion"
"W4412898249","country:canada","title","canada"
"W4412898249","country:canada","abstract","canada"
"W4412898249","region:north-america","rule","from the country named"
"W4413025515","approach:economic","title","macroeconomic populism"
"W4413025515","approach:economic","abstract","macroeconomic populism"
"W4413025515","topic:economy-welfare","abstract","economic"
"W4413025515","topic:economy-welfare","abstract","financial crisis"
"W4413025515","country:chile","title","chile"
"W4413025515","region:latin-america","rule","from the country named"
"W4413058124","approach:measurement","title","measuring populism"
"W4413058124","approach:measurement","abstract","measurement of populist"
"W4413058124","approach:measurement","abstract","measurement invariance"
"W4413058124","topic:voters","abstract","populist attitudes"
"W4413058124","method:quantitative","abstract","regression"
"W4413058124","method:survey","title","european social survey"
"W4413058124","method:survey","abstract","european social survey"
"W4413058124","region:europe","title","europe"
"W4413058124","region:europe","title","european"
"W4413058124","region:europe","abstract","european"
"W4413058124","region:europe","abstract","europe"
"W4413093059","country:russia","title","putin"
"W4413093059","country:united-states","title","trump"
"W4413093059","region:europe","rule","from the country named"
"W4413093059","region:north-america","rule","from the country named"
"W4413129560","topic:parties","title","parties"
"W4413129560","topic:parties","abstract","parties"
"W4413129560","topic:media-communication","abstract","frames"
"W4413129560","topic:democracy-institutions","title","illiberalism"
"W4413129560","topic:democracy-institutions","abstract","liberal democracy"
"W4413129560","topic:democracy-institutions","abstract","illiberalism"
"W4413129560","region:europe","title","europe"
"W4413160695","topic:parties","title","right wing populist"
"W4413160695","topic:parties","abstract","right wing populists"
"W4413160695","topic:parties","abstract","right wing populist"
"W4413160695","topic:economy-welfare","title","neoliberal"
"W4413160695","topic:economy-welfare","abstract","neoliberal"
"W4413160695","topic:economy-welfare","abstract","economic"
"W4413160695","topic:economy-welfare","abstract","neoliberalism"
"W4413160695","topic:economy-welfare","abstract","economy"
"W4413160695","country:hungary","abstract","hungary"
"W4413160695","country:hungary","abstract","orban"
"W4413160695","country:israel","abstract","israel"
"W4413160695","country:israel","abstract","netanyahu"
"W4413160695","region:europe","rule","from the country named"
"W4413160695","region:mena","rule","from the country named"
"W4413208447","topic:foreign-policy","title","foreign policy"
"W4413208447","topic:foreign-policy","abstract","foreign policies"
"W4413208447","topic:foreign-policy","abstract","foreign relations"
"W4413208447","topic:foreign-policy","abstract","foreign policy"
"W4413208447","topic:international","abstract","global governance"
"W4413208447","country:turkey","title","turkiye"
"W4413208447","country:turkey","abstract","turkiye"
"W4413208447","country:turkey","abstract","erdogan"
"W4413208447","country:argentina","title","argentina"
"W4413208447","country:argentina","abstract","argentina"
"W4413208447","country:argentina","abstract","kirchner"
"W4413208447","country:colombia","title","colombia"
"W4413208447","country:colombia","abstract","colombia"
"W4413208447","country:colombia","abstract","uribe"
"W4413208447","country:venezuela","title","venezuela"
"W4413208447","country:venezuela","abstract","venezuela"
"W4413208447","country:venezuela","abstract","maduro"
"W4413208447","region:europe","rule","from the country named"
"W4413208447","region:latin-america","rule","from the country named"
"W4413246630","topic:parties","title","right wing populism"
"W4413246630","topic:parties","abstract","right wing populists"
"W4413246630","topic:parties","abstract","right wing populism"
"W4413246630","topic:parties","abstract","party"
"W4413246630","topic:parties","abstract","right wing populist"
"W4413246630","topic:parties","abstract","partisan"
"W4413246630","topic:government","abstract","populists in power"
"W4413246630","topic:government","abstract","administration"
"W4413246630","topic:economy-welfare","abstract","social policy"
"W4413246630","topic:economy-welfare","abstract","neoliberal"
"W4413246630","topic:religion","abstract","religious"
"W4413246630","topic:religion","abstract","evangelical"
"W4413246630","country:turkey","title","turkiye"
"W4413246630","country:turkey","abstract","turkiye"
"W4413246630","country:turkey","abstract","erdogan"
"W4413246630","country:brazil","title","brazil"
"W4413246630","country:brazil","abstract","brazil"
"W4413246630","country:brazil","abstract","bolsonaro"
"W4413246630","region:europe","rule","from the country named"
"W4413246630","region:latin-america","rule","from the country named"
"W4413295590","topic:economy-welfare","title","social policies"
"W4413295590","topic:economy-welfare","abstract","social policy"
"W4413295590","method:qualitative","abstract","interviews"
"W4413295590","country:czech-republic","title","czechia"
"W4413295590","country:czech-republic","abstract","czechia"
"W4413295590","country:slovakia","title","slovakia"
"W4413295590","country:slovakia","abstract","slovakia"
"W4413295590","region:europe","rule","from the country named"
"W4413345447","topic:foreign-policy","title","diplomacy"
"W4413345447","topic:foreign-policy","abstract","diplomatic"
"W4413345447","topic:foreign-policy","abstract","diplomacy"
"W4413345447","topic:international","title","multilateral"
"W4413345447","topic:international","title","brexit"
"W4413345447","topic:international","title","eu"
"W4413345447","topic:international","abstract","brexit"
"W4413345447","topic:international","abstract","eu"
"W4413345447","topic:parties","abstract","populist movements"
"W4413345447","topic:parties","abstract","partisan"
"W4413345447","method:qualitative","abstract","interviews"
"W4413345447","region:europe","title","eu"
"W4413345447","country:united-kingdom","title","brexit"
"W4413345447","country:united-kingdom","title","uk"
"W4413345447","country:united-kingdom","abstract","brexit"
"W4413345447","country:united-kingdom","abstract","uk"
"W4413345447","country:united-kingdom","abstract","boris johnson"
"W4413359589","topic:voters","title","citizens"
"W4413359589","topic:voters","abstract","citizens"
"W4413359589","topic:democracy-institutions","abstract","direct democracy"
"W4413359589","topic:democracy-institutions","abstract","liberal democracy"
"W4413359589","topic:democracy-institutions","abstract","authoritarian"
"W4413359589","method:survey","abstract","cross national survey"
"W4413380447","topic:democracy-institutions","title","authoritarianism"
"W4413380447","topic:democracy-institutions","abstract","authoritarian"
"W4413380447","topic:democracy-institutions","abstract","judicial"
"W4413380447","topic:democracy-institutions","abstract","autocratization"
"W4413380447","method:qualitative","abstract","interpretive analysis"
"W4413409555","topic:parties","title","party"
"W4413409555","topic:parties","abstract","parties"
"W4413409555","topic:parties","abstract","party"
"W4413409555","topic:parties","abstract","party leaders"
"W4413409555","topic:parties","abstract","radical right"
"W4413409555","topic:parties","abstract","right wing populist"
"W4413409555","topic:religion","abstract","religion"
"W4413409555","topic:religion","abstract","religiousness"
"W4413409555","topic:religion","abstract","religious"
"W4413409555","country:turkey","title","turkiye"
"W4413409555","country:turkey","abstract","turkiye"
"W4413409555","country:turkey","abstract","turkish (+ political word)"
"W4413409555","region:europe","rule","from the country named"
"W4413436698","topic:parties","title","party"
"W4413436698","country:zambia","title","zambia"
"W4413436698","country:zambia","title","sata"
"W4413436698","region:sub-saharan-africa","rule","from the country named"
"W4413614399","topic:parties","abstract","right wing populism"
"W4413614399","topic:parties","abstract","social movements"
"W4413614399","topic:parties","abstract","right wing populists"
"W4413614399","method:qualitative","abstract","process tracing"
"W4413614399","region:europe","title","eastern europe"
"W4413614399","region:europe","abstract","eastern europe"
"W4413614399","region:europe","abstract","visegrad"
"W4413619329","topic:economy-welfare","abstract","inequality"
"W4413619329","topic:economy-welfare","abstract","economic"
"W4413619329","country:tunisia","title","tunisia"
"W4413619329","country:tunisia","abstract","tunisia"
"W4413619329","country:tunisia","abstract","kais saied"
"W4413619329","region:mena","rule","from the country named"
"W4413926965","topic:parties","abstract","right wing populist"
"W4413926965","topic:parties","abstract","far right"
"W4413926965","topic:parties","abstract","parties"
"W4413926965","topic:parties","abstract","party"
"W4413926965","topic:voters","abstract","voters"
"W4413926965","topic:voters","abstract","public support"
"W4413926965","topic:government","abstract","in government"
"W4413926965","method:quantitative","abstract","econometric"
"W4413926965","method:survey","abstract","representative surveys"
"W4414007029","topic:foreign-policy","title","foreign policy"
"W4414007029","topic:foreign-policy","abstract","foreign policies"
"W4414007029","topic:foreign-policy","abstract","foreign policy"
"W4414007029","topic:defence-security","title","war"
"W4414007029","topic:parties","abstract","populist politicians"
"W4414007029","topic:parties","abstract","populist leaders"
"W4414007029","topic:parties","abstract","parties"
"W4414007029","country:italy","title","italy"
"W4414007029","country:italy","abstract","italy"
"W4414007029","country:italy","abstract","meloni"
"W4414007029","country:russia","title","russia"
"W4414007029","country:russia","abstract","russia"
"W4414007029","country:russia","abstract","putin"
"W4414007029","country:ukraine","title","ukraine"
"W4414007029","country:ukraine","abstract","ukraine"
"W4414007029","region:europe","rule","from the country named"
"W4414041144","topic:parties","title","populist right"
"W4414041144","topic:economy-welfare","title","neoliberal"
"W4414357899","topic:media-communication","title","propaganda"
"W4414357899","topic:media-communication","abstract","propaganda"
"W4414357899","topic:media-communication","abstract","communications"
"W4414427821","topic:democracy-institutions","title","judicial"
"W4414427821","topic:democracy-institutions","title","constitutional"
"W4414427821","topic:democracy-institutions","title","constitutionalism"
"W4414427821","topic:democracy-institutions","abstract","constitutionalism"
"W4414427821","topic:democracy-institutions","abstract","judicial"
"W4414427821","topic:democracy-institutions","abstract","illiberal"
"W4414427821","topic:democracy-institutions","abstract","liberal democracy"
"W4414672484","topic:international","title","international organisations"
"W4414672484","topic:voters","title","attitudes"
"W4414672484","topic:voters","abstract","citizens"
"W4414672484","topic:voters","abstract","populist attitudes"
"W4414672484","topic:voters","abstract","attitudes"
"W4414673014","topic:parties","abstract","radical right"
"W4414673014","topic:parties","abstract","radical left"
"W4414673014","topic:parties","abstract","parties"
"W4414673014","topic:economy-welfare","title","economic"
"W4414673014","topic:economy-welfare","abstract","economic"
"W4414673014","country:united-states","abstract","united states"
"W4414673014","country:united-states","abstract","u s"
"W4414673014","country:brazil","abstract","brazil"
"W4414673014","region:north-america","rule","from the country named"
"W4414673014","region:latin-america","rule","from the country named"
"W4414708454","topic:parties","abstract","parties"
"W4414708454","topic:voters","abstract","populist attitudes"
"W4414708454","topic:voters","abstract","support for populist"
"W4414708454","topic:economy-welfare","title","inequality"
"W4414708454","topic:economy-welfare","abstract","inequalities"
"W4414708454","topic:economy-welfare","abstract","inequality"
"W4414708454","method:experiment","abstract","survey experiment"
"W4414739039","topic:defence-security","abstract","terrorism"
"W4414739039","topic:defence-security","abstract","terrorist"
"W4414739039","topic:voters","abstract","attitudes"
"W4414739039","topic:voters","abstract","citizens"
"W4414739039","topic:voters","abstract","populist attitudes"
"W4414747251","topic:media-communication","abstract","media"
"W4414747251","topic:media-communication","abstract","communication"
"W4414747251","topic:media-communication","abstract","disinformation"
"W4414747251","region:europe","title","european"
"W4414781912","topic:parties","title","right wing populism"
"W4414781912","topic:parties","abstract","right wing populist"
"W4414781912","topic:parties","abstract","manifesto"
"W4414781912","topic:parties","abstract","parties"
"W4414781912","topic:media-communication","abstract","rhetoric"
"W4414781912","topic:media-communication","abstract","rhetorical"
"W4414781912","topic:media-communication","abstract","communication"
"W4414781912","topic:religion","title","religion"
"W4414781912","topic:religion","abstract","christian"
"W4414781912","topic:religion","abstract","religious"
"W4414781912","topic:religion","abstract","religiousness"
"W4414781912","topic:religion","abstract","religiously"
"W4414781912","topic:religion","abstract","christianity"
"W4414781912","topic:religion","abstract","islam"
"W4414781912","topic:religion","abstract","religion"
"W4414781912","method:qualitative","abstract","interviews"
"W4414781912","country:germany","abstract","germany"
"W4414781912","country:germany","abstract","alternative fur deutschland"
"W4414781912","country:germany","abstract","alternative for germany"
"W4414781912","country:italy","abstract","italy"
"W4414781912","country:italy","abstract","fratelli d italia"
"W4414781912","country:italy","abstract","brothers of italy"
"W4414781912","region:europe","rule","from the country named"
"W4414800806","topic:parties","abstract","party"
"W4414800806","topic:parties","abstract","parties"
"W4414800806","topic:parties","abstract","right wing populism"
"W4414800806","topic:parties","abstract","right wing populist"
"W4414800806","topic:voters","abstract","voters"
"W4414800806","topic:voters","abstract","voter"
"W4414800806","topic:economy-welfare","abstract","protectionism"
"W4414800806","topic:media-communication","abstract","communication"
"W4414800806","topic:media-communication","abstract","rhetoric"
"W4414800806","method:qta","abstract","topic modeling"
"W4414800806","region:europe","title","european"
"W4414800806","country:germany","title","afd"
"W4414800806","country:germany","abstract","germany"
"W4414800806","country:germany","abstract","alternative for germany"
"W4414800806","country:germany","abstract","afd"
"W4414800806","country:germany","abstract","german (+ political word)"
"W4414849683","topic:economy-welfare","abstract","economic"
"W4414849683","topic:migration","abstract","immigration"
"W4414849683","topic:migration","abstract","immigrants"
"W4414849683","topic:democracy-institutions","abstract","constitutional"
"W4414849683","topic:democracy-institutions","abstract","illiberal"
"W4414849683","country:israel","title","israel"
"W4414849683","country:israel","abstract","israel"
"W4414849683","country:israel","abstract","netanyahu"
"W4414849683","region:mena","rule","from the country named"
"W4414998834","topic:international","abstract","eurosceptic"
"W4414998834","topic:international","abstract","european union"
"W4414998834","topic:parties","title","radical right"
"W4414998834","topic:parties","title","parties"
"W4414998834","topic:parties","abstract","radical right"
"W4414998834","topic:parties","abstract","parties"
"W4414998834","topic:voters","title","support for populist"
"W4414998834","topic:voters","abstract","electoral support"
"W4414998834","topic:voters","abstract","support for populist"
"W4414998834","topic:spatial","title","spatial"
"W4414998834","topic:spatial","abstract","spatial"
"W4414998834","topic:economy-welfare","abstract","economic"
"W4414998834","topic:economy-welfare","abstract","inequalities"
"W4414998834","method:quantitative","abstract","econometric"
"W4414998834","method:quantitative","abstract","panel data"
"W4414998834","country:slovakia","title","slovakia"
"W4414998834","country:slovakia","abstract","slovakia"
"W4414998834","region:europe","rule","from the country named"
"W4415046146","topic:voters","title","populist attitudes"
"W4415046146","topic:voters","abstract","populist attitudes"
"W4415046146","topic:voters","abstract","vote choice"
"W4415046146","topic:voters","abstract","voters"
"W4415046146","region:asia-pacific","title","east asia"
"W4415046146","region:asia-pacific","abstract","asia"
"W4415046146","country:taiwan","abstract","taiwan"
"W4415118431","method:experiment","abstract","pre registered experiment"
"W4415137147","topic:international","title","european parliament"
"W4415137147","topic:international","abstract","european parliament"
"W4415137147","topic:parties","abstract","far right"
"W4415137147","topic:parties","abstract","populist actors"
"W4415137147","topic:media-communication","abstract","rhetorically"
"W4415137147","topic:media-communication","abstract","rhetorical"
"W4415137147","topic:media-communication","abstract","rhetoric"
"W4415137147","region:europe","title","european"
"W4415137147","region:europe","abstract","european"
"W4415155550","todo:check-record","rule","the registry gives ""Yi"" as a family name, and OpenAlex names the author ""Yi Zhu"": the names in Zotero are to be checked by hand"
"W4415155550","topic:parties","abstract","populist movements"
"W4415155550","topic:parties","abstract","right wing populists"
"W4415155550","topic:media-communication","abstract","twitter"
"W4415155550","topic:media-communication","abstract","tweets"
"W4415155550","topic:media-communication","abstract","media"
"W4415155550","topic:media-communication","abstract","communication"
"W4415155550","topic:media-communication","abstract","misinformation"
"W4415155550","method:mixed","abstract","quantitative and qualitative"
"W4415278280","region:europe","title","european"
"W4415371672","topic:parties","title","populist leadership"
"W4415371672","topic:parties","abstract","populist leadership"
"W4415371672","topic:parties","abstract","populist politicians"
"W4415371672","topic:parties","abstract","populist leaders"
"W4415528860","topic:parties","title","right wing populism"
"W4415528860","topic:parties","abstract","right wing populist"
"W4415528860","topic:parties","abstract","parties"
"W4415528860","topic:parties","abstract","populist right"
"W4415528860","topic:parties","abstract","right wing populism"
"W4415596409","approach:performative","abstract","political style"
"W4415656435","approach:discursive","abstract","discourse theory"
"W4415656435","approach:discursive","abstract","laclau"
"W4415656435","topic:parties","abstract","party"
"W4415656435","topic:parties","abstract","populist leaders"
"W4415656435","topic:religion","abstract","islamic"
"W4415656435","topic:religion","abstract","religious"
"W4415656435","method:qualitative","title","discourse analysis"
"W4415656435","method:qualitative","abstract","critical discourse analysis"
"W4415656435","country:pakistan","title","imran khan"
"W4415656435","country:pakistan","abstract","pakistan"
"W4415656435","country:pakistan","abstract","imran khan"
"W4415656435","country:pakistan","abstract","pakistani (+ political word)"
"W4415656435","region:asia-pacific","rule","from the country named"
"W4415686139","topic:parties","abstract","parties"
"W4415686139","topic:parties","abstract","right wing populist"
"W4415686139","topic:parties","abstract","party"
"W4415686139","method:mixed","abstract","quantitative and qualitative"
"W4415686139","region:europe","title","european"
"W4415723441","topic:parties","title","candidates"
"W4415723441","topic:parties","abstract","candidates"
"W4415723441","topic:parties","abstract","parties"
"W4415723441","topic:democracy-institutions","abstract","direct democracy"
"W4415723441","topic:democracy-institutions","abstract","referendums"
"W4415963463","topic:parties","title","right wing populism"
"W4415963463","country:united-kingdom","abstract","uk"
"W4415963463","country:united-kingdom","abstract","reform uk"
"W4415963463","country:united-states","abstract","us"
"W4415963463","country:united-states","abstract","trump"
"W4415963463","region:europe","rule","from the country named"
"W4415963463","region:north-america","rule","from the country named"
"W4416024544","topic:parties","title","right wing populist"
"W4416024544","topic:parties","abstract","right wing populist"
"W4416024544","topic:migration","title","immigrants"
"W4416024544","topic:migration","abstract","immigrants"
"W4416024544","topic:migration","abstract","immigration"
"W4416024544","country:italy","title","italy"
"W4416024544","country:italy","abstract","italy"
"W4416024544","country:italy","abstract","italian (+ political word)"
"W4416024544","region:europe","rule","from the country named"
"W4416031674","topic:media-communication","abstract","television"
"W4416031674","topic:media-communication","abstract","communication"
"W4416031674","country:ukraine","title","zelenskyy"
"W4416031674","country:ukraine","abstract","ukraine"
"W4416031674","country:ukraine","abstract","zelenskyy"
"W4416031674","region:europe","rule","from the country named"
"W4416065699","topic:voters","title","support for populists"
"W4416065699","topic:voters","abstract","supporters"
"W4416065699","topic:voters","abstract","voters"
"W4416065699","topic:voters","abstract","citizens"
"W4416065699","topic:voters","abstract","respondents"
"W4416065699","method:survey","abstract","european social survey"
"W4416065699","region:europe","title","europe"
"W4416388298","topic:parties","title","parties"
"W4416388298","topic:parties","abstract","partisan"
"W4416388298","topic:parties","abstract","parties"
"W4416388298","topic:parties","abstract","party"
"W4416590760","topic:parties","title","radical right"
"W4416590760","topic:parties","abstract","radical right"
"W4416590760","topic:parties","abstract","party"
"W4416590760","country:sweden","title","sweden"
"W4416590760","country:sweden","abstract","sweden"
"W4416590760","country:sweden","abstract","sweden democrats"
"W4416590760","country:sweden","abstract","swedish (+ political word)"
"W4416590760","region:europe","rule","from the country named"
"W4416852810","topic:defence-security","title","war"
"W4416852810","topic:defence-security","abstract","war"
"W4416852810","topic:parties","title","party"
"W4416852810","topic:parties","abstract","party"
"W4416852810","country:georgia","title","georgia"
"W4416852810","country:georgia","abstract","georgia"
"W4416852810","country:georgia","abstract","georgian dream"
"W4416852810","country:georgia","abstract","georgian (+ political word)"
"W4416852810","region:europe","rule","from the country named"
"W4416879896","topic:parties","title","right wing populist"
"W4416879896","topic:parties","abstract","right wing populist"
"W4416879896","topic:parties","abstract","right wing populism"
"W4416879896","topic:gender","title","feminism"
"W4416879896","topic:gender","abstract","genderism"
"W4416879896","topic:gender","abstract","feminism"
"W4416879896","topic:gender","abstract","feminists"
"W4416879896","topic:gender","abstract","women"
"W4416879896","topic:gender","abstract","gender"
"W4416879896","topic:gender","abstract","feminist"
"W4416879896","method:qualitative","abstract","critical discourse analysis"
"W4416879896","country:brazil","title","brazil"
"W4416879896","region:latin-america","rule","from the country named"
"W4416994311","topic:parties","abstract","populist actors"
"W4416994311","topic:parties","abstract","parties"
"W4416994311","topic:voters","abstract","public opinion"
"W4416994311","topic:voters","abstract","voters"
"W4416994311","topic:media-communication","abstract","media"
"W4416994311","topic:media-communication","abstract","newspapers"
"W4416994311","topic:democracy-institutions","title","judiciary"
"W4416994311","topic:democracy-institutions","abstract","judiciary"
"W4416994311","topic:democracy-institutions","abstract","judicial"
"W4416994311","method:survey","abstract","public opinion surveys"
"W4416994311","country:italy","abstract","italy"
"W4416994311","region:europe","rule","from the country named"
"W4417152633","topic:voters","title","public support"
"W4417152633","topic:voters","abstract","voters"
"W4417152633","topic:government","abstract","populist presidents"
"W4417152633","topic:government","abstract","incumbent"
"W4417152633","topic:government","abstract","in office"
"W4417152633","topic:government","abstract","populist president"
"W4417152633","topic:democracy-institutions","abstract","autocratization"
"W4417152633","topic:democracy-institutions","abstract","rule of law"
"W4417152633","method:survey","abstract","survey data"
"W4417152633","country:mexico","title","mexico"
"W4417152633","country:mexico","abstract","mexico"
"W4417152633","country:mexico","abstract","lopez obrador"
"W4417152633","region:latin-america","rule","from the country named"
"W4417243512","topic:media-communication","title","media"
"W4417243512","country:canada","abstract","canada"
"W4417243512","country:united-states","abstract","united states"
"W4417243512","country:united-states","abstract","american (+ political word)"
"W4417243512","region:north-america","rule","from the country named"
"W4417345836","approach:discursive","abstract","discourse theoretical"
"W4417345836","topic:parties","title","far right"
"W4417345836","topic:parties","abstract","far right"
"W4417345836","topic:media-communication","abstract","rhetorical"
"W4417345836","topic:democracy-institutions","abstract","authoritarianism"
"W4417345836","topic:democracy-institutions","abstract","authoritarian"
"W4417353668","topic:defence-security","abstract","securitisation"
"W4417353668","topic:parties","abstract","right wing populist"
"W4417353668","topic:parties","abstract","populist leaders"
"W4417353668","topic:voters","abstract","electoral support"
"W4417353668","topic:voters","abstract","voter"
"W4417353668","topic:democracy-institutions","abstract","authoritarian"
"W4417353668","topic:democracy-institutions","abstract","hybrid regimes"
"W4417353668","topic:democracy-institutions","abstract","referenda"
"W4417353668","method:qualitative","abstract","discourse analysis"
"W4417353668","country:turkey","title","turkey"
"W4417353668","country:turkey","abstract","turkey"
"W4417353668","country:turkey","abstract","erdogan"
"W4417353668","region:europe","rule","from the country named"
"W4417420217","topic:international","abstract","european union"
"W4417420217","topic:international","abstract","eu"
"W4417420217","topic:voters","abstract","voters"
"W4417420217","topic:voters","abstract","electoral support"
"W4417420217","topic:migration","title","immigration"
"W4417420217","topic:migration","abstract","migration"
"W4417420217","topic:migration","abstract","anti immigration"
"W4417420217","topic:migration","abstract","refugee"
"W4417420217","topic:democracy-institutions","abstract","referendum"
"W4417420217","topic:democracy-institutions","abstract","democratic backsliding"
"W4417420217","method:qualitative","abstract","qualitative"
"W4417420217","region:europe","abstract","european"
"W4417420217","region:europe","abstract","eastern europe"
"W4417420217","region:europe","abstract","eu"
"W4417420217","country:hungary","abstract","hungary"
"W4417420217","country:hungary","abstract","orban"
"W4417420217","country:poland","abstract","poland"
"W4417420217","country:poland","abstract","law and justice"
"W4417420217","country:poland","abstract","pis"
"W7104176564","topic:parties","abstract","populist leadership"
"W7104176564","topic:media-communication","title","journalists"
"W7104176564","topic:media-communication","abstract","journalists"
"W7104176564","region:latin-america","abstract","latin america"
"W7106098258","topic:parties","title","right wing populism"
"W7106098258","topic:economy-welfare","title","neoliberalism"
"W7106098258","topic:economy-welfare","abstract","neoliberalism"
"W7106098258","topic:economy-welfare","abstract","welfare"
"W7106098258","topic:economy-welfare","abstract","neoliberal"
"W7114895999","approach:discursive","abstract","laclau"
"W7114895999","topic:parties","abstract","right wing populism"
"W7114895999","topic:parties","abstract","populist movements"
"W7114895999","topic:economy-welfare","title","neoliberal"
"W7114895999","topic:economy-welfare","abstract","neoliberalism"
"W7114895999","topic:economy-welfare","abstract","neoliberal"
"W7115174584","topic:media-communication","abstract","rhetoric"
"W7115174584","topic:media-communication","abstract","communication"
"W7115174584","topic:democracy-institutions","abstract","democratic institutions"
"W7116657239","approach:ideational","abstract","host ideology"
"W7116657239","topic:parties","abstract","left wing populism"
"W7116657239","topic:parties","abstract","party"
"W7116657239","topic:parties","abstract","manifestos"
"W7116657239","topic:government","title","in office"
"W7116657239","topic:government","abstract","in office"
"W7116657239","topic:government","abstract","in government"
"W7116657239","topic:economy-welfare","abstract","economic"
"W7116657239","topic:economy-welfare","abstract","labour market"
"W7116657239","country:spain","title","spain"
"W7116657239","country:spain","title","podemos"
"W7116657239","country:spain","abstract","podemos"
"W7116657239","region:europe","rule","from the country named"
"W7117115148","approach:ideational","abstract","thick ideologies"
"W7117115148","topic:foreign-policy","title","foreign policy"
"W7117115148","topic:foreign-policy","abstract","foreign policy"
"W7117115148","topic:parties","title","radical right"
"W7117115148","topic:parties","abstract","radical right"
"W7117115148","topic:parties","abstract","parties"
"W7117115148","topic:parties","abstract","populist leaders"
"W7117115148","topic:parties","abstract","partisan"
"W7117115148","region:europe","title","european"
"W7117115148","country:italy","abstract","italy"
"W7117115148","country:italy","abstract","brothers of italy"
"W7117115148","country:china","title","china"
"W7117115148","country:china","abstract","china"
"W7117115148","region:asia-pacific","rule","from the country named"
"W7117303478","approach:economic","abstract","economic populism"
"W7117303478","approach:measurement","abstract","populism index"
"W7117303478","topic:economy-welfare","title","economic"
"W7117303478","topic:economy-welfare","abstract","economic"
"W7117303478","topic:economy-welfare","abstract","redistribution"
"W7117303478","topic:economy-welfare","abstract","economics"
"W7117303478","topic:economy-welfare","abstract","unemployment"
"W7117303478","topic:economy-welfare","abstract","redistributive"
"W7117303478","country:mexico","title","mexico"
"W7117303478","region:latin-america","rule","from the country named"
"W7124546170","topic:foreign-policy","title","foreign policy"
"W7124546170","topic:foreign-policy","abstract","foreign policy"
"W7124546170","topic:parties","title","radical right"
"W7124546170","topic:parties","abstract","radical right"
"W7124546170","topic:parties","abstract","parties"
"W7124546170","topic:parties","abstract","party"
"W7124546170","country:germany","title","germany"
"W7124546170","country:germany","abstract","alternative fur deutschland"
"W7124546170","country:germany","abstract","afd"
"W7124546170","country:germany","abstract","german (+ political word)"
"W7124546170","region:europe","rule","from the country named"
"W7128042461","topic:media-communication","title","rhetorics"
"W7128042461","region:europe","title","visegrad"
"W7130855450","topic:democracy-institutions","title","autocratization"
"W7130855450","topic:democracy-institutions","abstract","autocratization"
"W7130855450","topic:democracy-institutions","abstract","constitutional"
"W7130855450","topic:democracy-institutions","abstract","judicial"
"W7130855450","topic:democracy-institutions","abstract","judiciaries"
"W7133716899","topic:parties","abstract","far right"
"W7133716899","topic:media-communication","title","media"
"W7133716899","topic:media-communication","abstract","communication"
"W7133716899","topic:media-communication","abstract","media"
"W7140298118","topic:international","abstract","transnational"
"W7140298118","topic:international","abstract","eu"
"W7140298118","topic:parties","abstract","parties"
"W7140298118","topic:parties","abstract","populist actors"
"W7140298118","topic:parties","abstract","political leadership"
"W7140298118","topic:parties","abstract","partisan"
"W7140298118","topic:parties","abstract","populist politicians"
"W7140298118","topic:economy-welfare","abstract","fiscal"
"W7140298118","topic:economy-welfare","abstract","economic"
"W7140298118","topic:media-communication","abstract","rhetoric"
"W7140298118","topic:media-communication","abstract","media"
"W7140298118","topic:media-communication","abstract","frames"
"W7140298118","topic:media-communication","abstract","framing"
"W7140298118","topic:media-communication","abstract","communication"
"W7140298118","topic:media-communication","abstract","misinformation"
"W7140298118","topic:gender","title","women"
"W7140298118","topic:gender","abstract","women"
"W7140298118","topic:gender","abstract","gender"
"W7140298118","region:europe","title","europe"
"W7140298118","region:europe","abstract","europe"
"W7140298118","region:europe","abstract","european"
"W7140298118","region:europe","abstract","eu"
"W7140298118","country:united-states","abstract","united states"
"W7140298118","country:united-states","abstract","trump"
"W7140298118","country:united-states","abstract","us"
"W7140298118","country:united-states","abstract","u s"
"W7140298118","country:united-states","abstract","american (+ political word)"
"W7140298118","region:north-america","rule","from the country named"
"W4405986807","topic:parties","abstract","party"
"W4405986807","topic:media-communication","abstract","rhetoric"
"W4405986807","topic:media-communication","abstract","media"
"W4405986807","country:india","abstract","india"
"W4405986807","region:asia-pacific","rule","from the country named"
"W4406019960","topic:parties","abstract","populist leader"
"W4406019960","topic:parties","abstract","populist movement"
"W4406019960","topic:economy-welfare","abstract","economic"
"W4406019960","topic:economy-welfare","abstract","inequalities"
"W4406019960","topic:religion","title","catholic"
"W4406019960","topic:religion","title","church"
"W4406019960","topic:religion","abstract","catholic"
"W4406019960","topic:religion","abstract","church"
"W4406019960","topic:democracy-institutions","abstract","liberal democracies"
"W4406019960","topic:democracy-institutions","abstract","liberal democracy"
"W4406019960","country:philippines","abstract","philippines"
"W4406019960","country:philippines","abstract","duterte"
"W4406019960","region:asia-pacific","rule","from the country named"
"W4406093998","topic:international","title","european parliament"
"W4406093998","topic:parties","title","right wing populist"
"W4406093998","topic:parties","title","parties"
"W4406093998","topic:parties","abstract","party"
"W4406093998","topic:parties","abstract","right wing populist"
"W4406093998","topic:parties","abstract","parties"
"W4406093998","region:europe","title","european"
"W4406093998","region:europe","abstract","european"
"W4406118717","topic:defence-security","title","security narratives"
"W4406185159","topic:voters","title","voting behaviour"
"W4406243874","country:ecuador","abstract","ecuador"
"W4406243874","country:ecuador","abstract","ecuadorian (+ political word)"
"W4406243874","region:latin-america","rule","from the country named"
"W4406260500","todo:check-record","rule","DOI accepted by reading, not by the automatic rule"
"W4406260500","region:europe","title","eastern europe"
"W4406290289","topic:parties","title","populist right"
"W4406290289","topic:parties","abstract","populist right"
"W4406290289","topic:parties","abstract","right wing populist"
"W4406290289","topic:parties","abstract","social movements"
"W4406290289","topic:parties","abstract","right wing populism"
"W4406290289","topic:spatial","abstract","subnational"
"W4406290289","topic:spatial","abstract","spatial"
"W4406290289","method:qualitative","abstract","qualitative"
"W4406290289","method:qualitative","abstract","interview"
"W4406290289","method:qualitative","abstract","archival"
"W4406290289","country:brazil","title","brazil"
"W4406290289","country:brazil","abstract","brazil"
"W4406290289","country:brazil","abstract","bolsonaro"
"W4406290289","region:latin-america","rule","from the country named"
"W4406755209","topic:voters","title","citizens"
"W4406869240","country:nicaragua","title","ortega"
"W4406869240","region:latin-america","rule","from the country named"
"W4406873783","topic:parties","abstract","social movement"
"W4406873783","topic:parties","abstract","right wing populists"
"W4406873783","topic:parties","abstract","social movements"
"W4406873783","method:qualitative","abstract","qualitative"
"W4406873783","method:quantitative","title","regression"
"W4406873783","method:quantitative","abstract","regression"
"W4407004833","topic:international","title","regionalism"
"W4407004833","topic:international","abstract","regional integration"
"W4407004833","topic:democracy-institutions","title","constitutional"
"W4407004833","topic:democracy-institutions","title","court"
"W4407004833","topic:democracy-institutions","abstract","constitutional"
"W4407004833","topic:democracy-institutions","abstract","court"
"W4407004833","topic:democracy-institutions","abstract","authoritarian"
"W4407004833","topic:democracy-institutions","abstract","courts"
"W4407004833","topic:democracy-institutions","abstract","judicial"
"W4407004833","region:latin-america","abstract","latin america"
"W4407004833","country:colombia","title","colombia"
"W4407004833","country:colombia","abstract","colombia"
"W4407004833","country:colombia","abstract","uribe"
"W4407004833","country:colombia","abstract","petro"
"W4407004833","country:colombia","abstract","colombian (+ political word)"
"W4407013397","topic:international","title","global order"
"W4407013397","topic:international","abstract","regional integration"
"W4407013397","region:latin-america","abstract","caribbean"
"W4407013397","region:latin-america","abstract","latin america"
"W4407069386","approach:discursive","abstract","laclaudian"
"W4407069386","approach:discursive","abstract","populist logic"
"W4407069386","topic:religion","title","religious"
"W4407069386","topic:religion","abstract","religious"
"W4407069386","topic:religion","abstract","christian"
"W4407110156","topic:parties","title","radical right"
"W4407110156","topic:parties","abstract","radical right"
"W4407110156","topic:parties","abstract","party"
"W4407110156","topic:parties","abstract","parties"
"W4407110156","topic:economy-welfare","title","economic"
"W4407110156","topic:economy-welfare","abstract","economic"
"W4407110156","topic:economy-welfare","abstract","welfare"
"W4407110156","topic:economy-welfare","abstract","inequality"
"W4407223039","country:united-states","title","us"
"W4407223039","region:north-america","rule","from the country named"
"W4407255004","topic:parties","title","right wing populism"
"W4407255004","topic:parties","abstract","right wing populism"
"W4407255004","topic:parties","abstract","right wing populist"
"W4407343681","topic:media-communication","title","frames"
"W4407343681","topic:media-communication","title","communication"
"W4407343681","country:austria","title","austria"
"W4407343681","country:germany","title","germany"
"W4407343681","country:spain","title","spain"
"W4407343681","country:united-kingdom","title","uk"
"W4407343681","region:europe","rule","from the country named"
"W4407750832","topic:parties","abstract","social movements"
"W4407750832","topic:parties","abstract","social movement"
"W4407750832","method:qualitative","abstract","discourse analysis"
"W4407863057","topic:media-communication","abstract","media"
"W4407863057","topic:media-communication","abstract","frames"
"W4407884212","topic:international","title","regionalism"
"W4407884212","country:italy","title","lega"
"W4407884212","region:europe","rule","from the country named"
"W4407972060","topic:media-communication","title","media"
"W4407972060","topic:media-communication","abstract","media"
"W4407972060","topic:religion","title","religious"
"W4407972060","topic:religion","abstract","religious"
"W4407972060","topic:religion","abstract","religion"
"W4408005060","topic:parties","abstract","party systems"
"W4408005060","topic:parties","abstract","populist leaders"
"W4408005060","topic:parties","abstract","party competition"
"W4408005060","region:sub-saharan-africa","title","africa"
"W4408005060","region:sub-saharan-africa","abstract","african"
"W4408005060","region:sub-saharan-africa","abstract","africa"
"W4408005060","country:zimbabwe","abstract","zimbabwe"
"W4408005060","country:zimbabwe","abstract","mugabe"
"W4408074713","topic:parties","title","party"
"W4408074713","topic:voters","title","voters"
"W4408201721","topic:parties","title","parties"
"W4408241446","topic:parties","title","party"
"W4408241446","topic:parties","title","right wing populists"
"W4408241446","topic:parties","abstract","right wing populist"
"W4408241446","topic:parties","abstract","parties"
"W4408241446","topic:parties","abstract","party"
"W4408241446","topic:voters","title","electoral support"
"W4408241446","topic:voters","abstract","electoral support"
"W4408241446","topic:voters","abstract","voting behaviour"
"W4408241446","topic:economy-welfare","abstract","economic"
"W4408241446","topic:economy-welfare","abstract","social policies"
"W4408241446","method:quantitative","abstract","expert survey"
"W4408241446","method:quantitative","abstract","regression"
"W4408241446","method:survey","abstract","european social survey"
"W4408264805","country:poland","title","poland"
"W4408264805","region:europe","rule","from the country named"
"W4408403397","country:india","title","indian (+ political word)"
"W4408403397","region:asia-pacific","rule","from the country named"
"W4408415803","topic:international","title","brexit"
"W4408415803","topic:international","title","transnational"
"W4408415803","topic:parties","title","right wing populism"
"W4408415803","topic:media-communication","title","facebook"
"W4408415803","country:united-kingdom","title","brexit"
"W4408415803","region:europe","rule","from the country named"
"W4408660438","region:latin-america","title","latin america"
"W4408670797","country:india","title","india"
"W4408670797","country:india","title","modi"
"W4408670797","region:asia-pacific","rule","from the country named"
"W4408829746","topic:democracy-institutions","title","democratic institutions"
"W4408860272","topic:economy-welfare","title","economy"
"W4408860272","topic:democracy-institutions","title","authoritarian"
"W4408860272","country:india","title","india"
"W4408860272","country:india","title","modi"
"W4408860272","region:asia-pacific","rule","from the country named"
"W4408866346","topic:government","title","populist government"
"W4408866346","country:czech-republic","abstract","babis"
"W4408866346","region:europe","rule","from the country named"
"W4408963548","approach:performative","title","performative"
"W4408963548","approach:performative","abstract","performative"
"W4408963548","topic:media-communication","abstract","rhetorical"
"W4408963548","country:peru","title","fujimori"
"W4408963548","country:peru","abstract","peru"
"W4408963548","country:peru","abstract","fujimori"
"W4408963548","region:latin-america","rule","from the country named"
"W4409171219","country:china","title","chinese (+ political word)"
"W4409171219","country:china","abstract","china"
"W4409171219","country:china","abstract","chinese (+ political word)"
"W4409171219","region:asia-pacific","rule","from the country named"
"W4409199534","country:italy","title","italian (+ political word)"
"W4409199534","region:europe","rule","from the country named"
"W4409275707","topic:parties","title","right wing populism"
"W4409275707","topic:economy-welfare","abstract","neoliberalism"
"W4409275707","topic:economy-welfare","abstract","globalization"
"W4409275707","topic:democracy-institutions","abstract","authoritarian"
"W4409275707","topic:democracy-institutions","abstract","democratic institutions"
"W4409275767","topic:parties","title","right wing populism"
"W4409275767","topic:migration","title","migration"
"W4409275767","topic:migration","abstract","immigration"
"W4409275767","topic:migration","abstract","migration"
"W4409275767","country:united-states","title","us"
"W4409275767","country:united-states","abstract","us"
"W4409275767","country:united-states","abstract","trumpism"
"W4409275767","region:north-america","rule","from the country named"
"W4409309863","topic:parties","title","populist politician"
"W4409309863","topic:parties","abstract","far right"
"W4409309863","topic:parties","abstract","populist leaders"
"W4409309863","topic:media-communication","abstract","rhetoric"
"W4409376971","topic:international","title","eu"
"W4409376971","topic:international","abstract","european union"
"W4409376971","topic:international","abstract","eu"
"W4409376971","topic:international","abstract","supranational"
"W4409376971","topic:international","abstract","euroscepticism"
"W4409376971","topic:international","abstract","european integration"
"W4409376971","topic:parties","abstract","parties"
"W4409376971","method:qualitative","abstract","qualitative"
"W4409376971","method:qualitative","abstract","discourse analysis"
"W4409376971","region:europe","title","eu"
"W4409376971","region:europe","abstract","european"
"W4409376971","region:europe","abstract","eu"
"W4409376971","country:france","title","french (+ political word)"
"W4409376971","country:france","abstract","france"
"W4409376971","country:france","abstract","french (+ political word)"
"W4409391042","topic:religion","title","christianity"
"W4409391042","topic:religion","abstract","christianity"
"W4409391042","topic:religion","abstract","religious"
"W4409391042","topic:religion","abstract","catholicism"
"W4409391042","topic:religion","abstract","christian"
"W4409391153","topic:parties","title","radical right"
"W4409391153","topic:parties","title","parties"
"W4409391153","topic:parties","abstract","radical right"
"W4409391153","topic:parties","abstract","parties"
"W4409391153","topic:voters","title","public opinion"
"W4409391153","topic:voters","abstract","public opinion"
"W4409391153","topic:voters","abstract","attitudes"
"W4409391153","topic:migration","abstract","xenophobic"
"W4409391153","topic:migration","abstract","anti immigration"
"W4409391153","topic:migration","abstract","immigration"
"W4409391153","method:survey","abstract","european social survey"
"W4409391153","region:europe","abstract","europe"
"W4409391153","region:europe","abstract","european"
"W4409391242","region:latin-america","title","latin america"
"W4409438922","country:nicaragua","title","ortega"
"W4409438922","region:latin-america","rule","from the country named"
"W4409651098","approach:discursive","abstract","laclau"
"W4409655789","approach:discursive","title","populist logic"
"W4409655789","approach:discursive","abstract","laclau"
"W4409705743","method:survey","abstract","online survey"
"W4409705743","country:germany","title","germany"
"W4409705743","region:europe","rule","from the country named"
"W4409707023","topic:media-communication","abstract","media"
"W4409707023","topic:media-communication","abstract","rhetoric"
"W4409707023","country:philippines","title","philippines"
"W4409707023","country:philippines","abstract","duterte"
"W4409707023","country:philippines","abstract","estrada"
"W4409707023","country:philippines","abstract","philippine (+ political word)"
"W4409707023","region:asia-pacific","rule","from the country named"
"W4409712026","approach:measurement","abstract","measures of populist"
"W4409712026","topic:spatial","abstract","subnational"
"W4409712026","topic:media-communication","abstract","rhetoric"
"W4409712026","country:united-states","title","us"
"W4409712026","country:united-states","title","trump"
"W4409712026","country:united-states","abstract","united states"
"W4409712026","country:united-states","abstract","trump"
"W4409712026","country:united-states","abstract","us"
"W4409712026","region:north-america","rule","from the country named"
"W4409722364","topic:democracy-institutions","title","authoritarian"
"W4409722364","country:united-states","abstract","united states"
"W4409722364","country:united-states","abstract","trump"
"W4409722364","country:india","abstract","india"
"W4409722364","region:north-america","rule","from the country named"
"W4409722364","region:asia-pacific","rule","from the country named"
"W4409893913","approach:discursive","abstract","discursively constructing"
"W4409893913","topic:media-communication","abstract","communication"
"W4409893913","topic:media-communication","abstract","media"
"W4409893913","topic:media-communication","abstract","newspaper"
"W4409893913","topic:media-communication","abstract","newspapers"
"W4409893913","country:italy","title","italian (+ political word)"
"W4409893913","region:europe","rule","from the country named"
"W4409897367","country:india","title","indian (+ political word)"
"W4409897367","region:asia-pacific","rule","from the country named"
"W4409993998","region:asia-pacific","title","south asia"
"W4409993998","region:asia-pacific","abstract","south asian"
"W4409993998","region:asia-pacific","abstract","south asia"
"W4409993998","region:asia-pacific","abstract","asia"
"W4410159496","topic:parties","title","radical right"
"W4410159496","topic:gender","title","women"
"W4410159496","topic:gender","title","gender"
"W4410186937","topic:democracy-institutions","abstract","autocratization"
"W4410186937","topic:democracy-institutions","abstract","illiberalism"
"W4410186937","region:europe","title","eastern europe"
"W4410186937","region:europe","abstract","eastern europe"
"W4410186937","region:europe","abstract","eu"
"W4410186952","approach:performative","abstract","populist style"
"W4410186952","topic:defence-security","title","war"
"W4410186952","country:russia","title","russia"
"W4410186952","country:russia","abstract","russia"
"W4410186952","country:ukraine","title","ukraine"
"W4410186952","country:ukraine","title","zelensky"
"W4410186952","country:ukraine","abstract","ukraine"
"W4410186952","country:ukraine","abstract","zelensky"
"W4410186952","country:ukraine","abstract","ukrainian (+ political word)"
"W4410186952","region:europe","rule","from the country named"
"W4410282607","approach:ideational","abstract","host ideologies"
"W4410282607","topic:parties","title","right wing populist"
"W4410282607","topic:parties","abstract","right wing populist"
"W4410282607","topic:parties","abstract","right wing populism"
"W4410282607","topic:parties","abstract","parties"
"W4410282607","topic:parties","abstract","party"
"W4410282607","topic:voters","title","citizens"
"W4410282607","topic:voters","abstract","citizens"
"W4410282607","topic:voters","abstract","attitudes"
"W4410339915","topic:democracy-institutions","title","liberal democracy"
"W4410339915","topic:democracy-institutions","abstract","hybrid regime"
"W4410339915","topic:democracy-institutions","abstract","illiberal"
"W4410339915","topic:democracy-institutions","abstract","authoritarianism"
"W4410339915","topic:democracy-institutions","abstract","liberal democracy"
"W4410571189","topic:parties","title","populist leadership"
"W4410571189","country:mexico","title","lopez obrador"
"W4410571189","region:latin-america","rule","from the country named"
"W4410611103","topic:defence-security","title","war"
"W4410611103","topic:democracy-institutions","abstract","authoritarian"
"W4410611103","country:russia","title","russia"
"W4410611103","region:europe","rule","from the country named"
"W4410716844","topic:parties","abstract","party"
"W4410716844","topic:government","title","populism in power"
"W4410716844","method:qualitative","abstract","discourse analysis"
"W4410716844","method:qualitative","abstract","interviews"
"W4410716844","method:qualitative","abstract","archival"
"W4410716844","method:qualitative","abstract","qualitative"
"W4410716844","country:turkey","title","turkey"
"W4410716844","country:turkey","title","akp"
"W4410716844","country:turkey","abstract","turkey"
"W4410716844","country:turkey","abstract","justice and development party"
"W4410716844","country:turkey","abstract","akp"
"W4410716844","region:europe","rule","from the country named"
"W4410716860","topic:government","abstract","populist governance"
"W4410716860","topic:government","abstract","populist governments"
"W4410716860","topic:government","abstract","populist led governments"
"W4410838557","topic:democracy-institutions","abstract","liberal democracy"
"W4410838557","topic:democracy-institutions","abstract","illiberal"
"W4410838557","region:europe","abstract","europe"
"W4410838557","country:netherlands","abstract","netherlands"
"W4410841731","topic:media-communication","title","twitter"
"W4410841731","topic:media-communication","title","rhetorical"
"W4410841731","topic:media-communication","abstract","media"
"W4410841731","topic:media-communication","abstract","rhetorical"
"W4410841731","topic:media-communication","abstract","twitter"
"W4410921157","country:france","title","france"
"W4410921157","country:france","title","rassemblement national"
"W4410921157","region:europe","rule","from the country named"
"W4410978066","topic:gender","title","gender"
"W4410978066","topic:democracy-institutions","title","constitutional"
"W4410978362","topic:gender","title","gender"
"W4410978362","topic:democracy-institutions","title","constitutional"
"W4410978384","topic:parties","abstract","radical right"
"W4410978384","topic:parties","abstract","parties"
"W4410978384","topic:gender","title","women"
"W4410978384","topic:gender","abstract","gender"
"W4410978384","topic:gender","abstract","women"
"W4410978384","topic:migration","title","migration"
"W4410978384","topic:migration","abstract","anti immigrant"
"W4410978384","topic:migration","abstract","immigration"
"W4410978384","topic:migration","abstract","migration"
"W4410978384","region:europe","title","european"
"W4410978384","region:europe","abstract","europe"
"W4411000730","topic:parties","abstract","populist movements"
"W4411000730","topic:parties","abstract","parties"
"W4411000730","region:europe","abstract","europe"
"W4411000730","region:europe","abstract","european"
"W4411000730","country:united-states","abstract","united states"
"W4411000730","country:united-states","abstract","american (+ political word)"
"W4411000730","region:north-america","rule","from the country named"
"W4411090590","topic:economy-welfare","title","economic"
"W4411090590","topic:economy-welfare","abstract","economic"
"W4411090590","topic:media-communication","abstract","rhetoric"
"W4411090590","method:mixed","abstract","qualitative and quantitative"
"W4411090590","country:ukraine","title","ukraine"
"W4411090590","country:ukraine","title","zelensky"
"W4411090590","country:ukraine","abstract","ukraine"
"W4411090590","country:ukraine","abstract","zelensky"
"W4411090590","region:europe","rule","from the country named"
"W4411094329","topic:democracy-institutions","title","constitutional"
"W4411136792","topic:voters","title","citizens"
"W4411223453","topic:international","title","liberal order"
"W4411223453","topic:media-communication","title","disinformation"
"W4411223453","region:europe","title","european"
"W4411223453","country:russia","title","russia"
"W4411291780","topic:government","abstract","administration"
"W4411291780","topic:government","abstract","in power"
"W4411291780","topic:religion","title","islam"
"W4411291780","topic:religion","abstract","islam"
"W4411291780","country:turkey","abstract","turkey"
"W4411291780","country:turkey","abstract","turkish (+ political word)"
"W4411291780","region:europe","rule","from the country named"
"W4411398345","topic:economy-welfare","title","redistribution"
"W4411398345","topic:economy-welfare","abstract","redistributive"
"W4411398345","topic:economy-welfare","abstract","redistribution"
"W4411398345","topic:economy-welfare","abstract","redistributors"
"W4411398345","topic:economy-welfare","abstract","economic"
"W4411398345","method:survey","abstract","world values survey"
"W4411398373","topic:defence-security","abstract","military"
"W4411398373","method:qualitative","abstract","critical discourse analysis"
"W4411398388","approach:ideational","abstract","ideational approach"
"W4411398388","topic:parties","title","party"
"W4411398388","topic:parties","abstract","party"
"W4411398388","topic:religion","title","islamism"
"W4411398388","method:mixed","abstract","mixed methods"
"W4411398388","country:turkey","title","justice and development party"
"W4411398388","region:europe","rule","from the country named"
"W4411398389","approach:performative","abstract","performative"
"W4411398389","topic:democracy-institutions","title","authoritarianism"
"W4411398389","topic:democracy-institutions","abstract","authoritarian"
"W4411398389","region:mena","title","arab"
"W4411398389","region:mena","abstract","arab"
"W4411398416","topic:parties","abstract","populist movements"
"W4411398416","topic:parties","abstract","party"
"W4411398416","topic:parties","abstract","party system"
"W4411398416","region:mena","abstract","middle east"
"W4411398416","region:mena","abstract","arab"
"W4411398416","country:jordan","abstract","jordan"
"W4411398439","topic:parties","title","right wing populist"
"W4411398439","topic:parties","abstract","right wing populist"
"W4411398439","topic:parties","abstract","partisan"
"W4411398439","method:qualitative","abstract","ethnography"
"W4411398439","method:qualitative","abstract","critical discourse analysis"
"W4411398439","country:morocco","title","morocco"
"W4411398439","region:mena","rule","from the country named"
"W4411468149","topic:parties","abstract","parties"
"W4411468149","topic:parties","abstract","party"
"W4411468149","topic:voters","abstract","attitudes"
"W4411468149","topic:gender","title","gender"
"W4411468149","topic:gender","abstract","women"
"W4411468149","method:survey","abstract","european social survey"
"W4411468149","country:bulgaria","abstract","bulgaria"
"W4411468149","country:hungary","abstract","hungary"
"W4411468149","region:europe","rule","from the country named"
"W4411616545","topic:international","title","international law"
"W4411616545","topic:international","abstract","international law"
"W4411616545","topic:international","abstract","multilateral"
"W4411616545","topic:international","abstract","international institutions"
"W4411659193","topic:parties","title","parties"
"W4411659193","topic:parties","abstract","populist movements"
"W4411659193","topic:parties","abstract","parties"
"W4411659193","topic:parties","abstract","party systems"
"W4411659193","topic:voters","title","support for populist"
"W4411659193","topic:voters","abstract","citizens"
"W4411659193","topic:voters","abstract","support for populist"
"W4411659193","topic:economy-welfare","title","globalization"
"W4411659193","topic:economy-welfare","abstract","economic"
"W4411659193","topic:economy-welfare","abstract","globalization"
"W4411659193","region:europe","title","european"
"W4411661601","topic:parties","title","right wing populist"
"W4411661601","topic:parties","abstract","right wing populist"
"W4411661601","country:germany","title","pegida"
"W4411661601","country:germany","abstract","pegida"
"W4411661601","country:germany","abstract","german (+ political word)"
"W4411661601","region:europe","rule","from the country named"
"W4411704744","topic:voters","title","citizens"
"W4411704744","topic:voters","title","populist attitudes"
"W4411704744","topic:voters","abstract","populist attitudes"
"W4411704744","topic:voters","abstract","citizens"
"W4411704744","topic:economy-welfare","abstract","economic"
"W4411704744","topic:economy-welfare","abstract","unemployment"
"W4411704744","region:mena","title","arab"
"W4411704744","region:mena","abstract","arab"
"W4411730534","topic:government","abstract","populism in power"
"W4411730534","topic:government","abstract","in power"
"W4411730534","topic:democracy-institutions","title","populism and democracy"
"W4411740191","topic:media-communication","title","media"
"W4411740191","country:belgium","title","belgium"
"W4411740191","country:france","title","france"
"W4411740191","country:spain","title","spain"
"W4411740191","region:europe","rule","from the country named"
"W4411740658","topic:parties","abstract","candidates"
"W4411740658","topic:parties","abstract","parties"
"W4411813968","topic:parties","title","populist right"
"W4411813968","region:europe","title","europe"
"W4411829254","topic:democracy-institutions","title","constitutional"
"W4411829254","topic:democracy-institutions","title","judicial"
"W4411829254","topic:democracy-institutions","abstract","judicial"
"W4411829254","topic:democracy-institutions","abstract","judiciary"
"W4411829254","topic:democracy-institutions","abstract","constitutional"
"W4411829254","topic:democracy-institutions","abstract","constitutionalism"
"W4411829254","topic:democracy-institutions","abstract","courts"
"W4411829254","topic:democracy-institutions","abstract","court"
"W4411829254","topic:democracy-institutions","abstract","constitution"
"W4411829254","country:india","title","india"
"W4411829254","country:india","abstract","india"
"W4411829254","region:asia-pacific","rule","from the country named"
"W4411902796","approach:performative","abstract","political style"
"W4411936041","country:argentina","title","peronist"
"W4411936041","region:latin-america","rule","from the country named"
"W4411970758","topic:gender","title","anti gender"
"W4412022735","topic:parties","title","parties"
"W4412022735","topic:parties","abstract","parties"
"W4412022735","topic:parties","abstract","party"
"W4412022735","topic:parties","abstract","social movements"
"W4412022735","topic:media-communication","title","media"
"W4412022735","topic:media-communication","abstract","media"
"W4412022735","topic:media-communication","abstract","facebook"
"W4412022735","method:quantitative","title","quantitative analysis"
"W4412022735","method:quantitative","abstract","quantitative analysis"
"W4412022735","region:europe","title","european"
"W4412025684","country:india","title","india"
"W4412025684","country:india","abstract","india"
"W4412025684","country:india","abstract","indian (+ political word)"
"W4412025684","region:asia-pacific","rule","from the country named"
"W4412037874","topic:spatial","title","spatial"
"W4412037874","topic:spatial","abstract","spatial"
"W4412037874","topic:spatial","abstract","geography of"
"W4412037874","topic:economy-welfare","title","inequalities"
"W4412037874","country:france","title","french (+ political word)"
"W4412037874","country:france","abstract","macron"
"W4412037874","country:france","abstract","le pen"
"W4412037874","country:france","abstract","french (+ political word)"
"W4412037874","region:europe","rule","from the country named"
"W4412071667","approach:other","abstract","theories of populism"
"W4412071667","topic:parties","abstract","party"
"W4412071667","topic:parties","abstract","populist leader"
"W4412099744","topic:voters","title","citizens"
"W4412154375","approach:discursive","title","populist logic"
"W4412154375","approach:discursive","abstract","laclau"
"W4412345212","country:united-states","title","trump"
"W4412345212","region:north-america","rule","from the country named"
"W4412378391","approach:performative","abstract","performative"
"W4412407133","topic:media-communication","title","twitter"
"W4412407133","topic:media-communication","abstract","tweets"
"W4412407133","country:iran","title","iranian (+ political word)"
"W4412407133","country:iran","abstract","iran"
"W4412407133","country:iran","abstract","iranian (+ political word)"
"W4412407133","region:mena","rule","from the country named"
"W4412410751","topic:economy-welfare","title","neoliberalism"
"W4412410751","topic:economy-welfare","abstract","neoliberal"
"W4412507024","topic:democracy-institutions","title","authoritarian"
"W4412507510","country:bosnia-and-herzegovina","title","bosnia and herzegovina"
"W4412507510","region:europe","rule","from the country named"
"W4412510543","topic:parties","abstract","right wing populist"
"W4412510543","topic:parties","abstract","party"
"W4412510543","topic:government","title","populism in power"
"W4412510543","topic:government","abstract","populism in power"
"W4412510543","topic:government","abstract","populists in power"
"W4412510543","topic:government","abstract","populist government"
"W4412510543","country:poland","title","poland"
"W4412510543","country:poland","abstract","poland"
"W4412510543","country:poland","abstract","law and justice"
"W4412510543","region:europe","rule","from the country named"
"W4412578312","topic:international","abstract","european union"
"W4412578312","topic:international","abstract","eu"
"W4412578312","region:europe","abstract","european"
"W4412578312","region:europe","abstract","eastern europe"
"W4412578312","region:europe","abstract","eu"
"W4412578312","country:hungary","title","orban"
"W4412578312","country:hungary","abstract","hungary"
"W4412578312","country:hungary","abstract","orban"
"W4412578312","country:hungary","abstract","hungarian (+ political word)"
"W4412640480","topic:economy-welfare","title","economic"
"W4412640480","topic:economy-welfare","abstract","economic"
"W4412640480","country:india","title","india"
"W4412640480","country:india","title","modi"
"W4412640480","country:india","abstract","india"
"W4412640480","country:india","abstract","modi"
"W4412640480","region:asia-pacific","rule","from the country named"
"W4412684475","approach:performative","title","political style"
"W4412684475","approach:performative","abstract","political style"
"W4412684475","topic:democracy-institutions","title","constitutional"
"W4412684475","topic:democracy-institutions","abstract","constitutional"
"W4412724417","topic:parties","title","radical right"
"W4412724417","topic:parties","abstract","radical right"
"W4412724417","topic:parties","abstract","party"
"W4412724417","topic:parties","abstract","parties"
"W4412724417","method:qualitative","abstract","qualitative"
"W4412724417","method:qualitative","abstract","semi structured"
"W4412724417","method:qualitative","abstract","interviews"
"W4412724417","country:bulgaria","title","bulgaria"
"W4412724417","country:romania","title","romania"
"W4412724417","region:europe","rule","from the country named"
"W4412734503","topic:parties","title","radical right"
"W4412734503","topic:parties","title","parties"
"W4412734503","topic:parties","title","party"
"W4412735357","topic:international","title","international law"
"W4412735357","topic:international","abstract","international law"
"W4412735357","topic:international","abstract","multilateralism"
"W4412735357","topic:international","abstract","multilateral"
"W4412735357","topic:international","abstract","united nations"
"W4412735357","topic:international","abstract","world trade organization"
"W4412735357","topic:international","abstract","wto"
"W4412735357","topic:government","title","administration"
"W4412735357","topic:government","abstract","presidency"
"W4412735357","topic:government","abstract","populist administrations"
"W4412735357","topic:media-communication","abstract","rhetoric"
"W4412735357","country:philippines","title","duterte"
"W4412735357","country:philippines","abstract","philippines"
"W4412735357","country:philippines","abstract","duterte"
"W4412735357","region:asia-pacific","rule","from the country named"
"W4412740693","method:quantitative","title","regression"
"W4412740693","method:quantitative","abstract","regression"
"W4412740693","country:united-states","abstract","american (+ political word)"
"W4412740693","region:north-america","rule","from the country named"
"W4412755296","topic:voters","title","citizens"
"W4412767805","approach:discursive","title","populist logic"
"W4412767805","approach:discursive","abstract","populist logic"
"W4412767805","approach:discursive","abstract","laclau"
"W4412767805","approach:performative","abstract","performative"
"W4412767805","topic:parties","abstract","radical right"
"W4412767805","topic:parties","abstract","parties"
"W4412767805","topic:parties","abstract","populist leaders"
"W4412767805","topic:media-communication","abstract","framing"
"W4412767805","topic:media-communication","abstract","rhetorical"
"W4412767805","topic:democracy-institutions","title","liberal democracy"
"W4412767805","topic:democracy-institutions","abstract","liberal democracy"
"W4412767805","topic:democracy-institutions","abstract","illiberal"
"W4412767805","topic:democracy-institutions","abstract","illiberalism"
"W4412767805","topic:democracy-institutions","abstract","authoritarian"
"W4412767805","topic:democracy-institutions","abstract","democratic norms"
"W4412767805","country:hungary","title","hungary"
"W4412767805","country:hungary","abstract","hungary"
"W4412767805","country:hungary","abstract","orban"
"W4412767805","country:hungary","abstract","hungarian (+ political word)"
"W4412767805","region:europe","rule","from the country named"
"W4412777822","topic:media-communication","title","propaganda"
"W4412777822","topic:democracy-institutions","title","authoritarian"
"W4412780389","country:india","title","india"
"W4412780389","country:india","title","modi"
"W4412780389","region:asia-pacific","rule","from the country named"
"W4412789333","topic:parties","title","radical left"
"W4412789333","topic:parties","abstract","radical left"
"W4412789333","topic:parties","abstract","right wing populist"
"W4412789333","topic:parties","abstract","radical right"
"W4412789333","topic:voters","abstract","voters"
"W4412789333","topic:media-communication","title","rhetoric"
"W4412789333","topic:media-communication","abstract","rhetoric"
"W4412789333","topic:media-communication","abstract","media"
"W4412789333","topic:media-communication","abstract","framing"
"W4412870716","topic:media-communication","abstract","framing"
"W4412870716","topic:media-communication","abstract","rhetoric"
"W4412870716","topic:migration","abstract","migration"
"W4412870716","topic:migration","abstract","xenophobia"
"W4412870716","country:italy","title","italy"
"W4412870716","country:italy","abstract","italy"
"W4412870716","country:italy","abstract","meloni"
"W4412870716","country:italy","abstract","italian (+ political word)"
"W4412870716","country:united-states","title","trump"
"W4412870716","country:united-states","abstract","trump"
"W4412870716","country:united-states","abstract","us"
"W4412870716","region:europe","rule","from the country named"
"W4412870716","region:north-america","rule","from the country named"
"W4413001928","country:india","title","indian (+ political word)"
"W4413001928","region:asia-pacific","rule","from the country named"
"W4413056322","region:europe","title","eastern european"
"W4413141561","topic:media-communication","title","journalism"
"W4413141561","topic:democracy-institutions","title","court"
"W4413141561","country:philippines","title","philippines"
"W4413141561","region:asia-pacific","rule","from the country named"
"W4413183743","topic:parties","title","right wing populism"
"W4413183743","topic:media-communication","title","media"
"W4413183743","country:bulgaria","title","bulgaria"
"W4413183743","region:europe","rule","from the country named"
"W4413290836","topic:economy-welfare","title","energy transition"
"W4413290836","country:australia","title","australia"
"W4413290836","region:asia-pacific","rule","from the country named"
"W4413306253","region:latin-america","abstract","latin america"
"W4413306253","country:france","abstract","france"
"W4413306253","country:mexico","abstract","mexico"
"W4413306253","region:europe","rule","from the country named"
"W4413351823","topic:parties","abstract","manifestos"
"W4413351823","topic:parties","abstract","parties"
"W4413351823","topic:voters","title","attitudes"
"W4413351823","topic:voters","abstract","attitudes"
"W4413351823","topic:voters","abstract","public opinion"
"W4413351823","topic:media-communication","title","journalism"
"W4413351823","topic:media-communication","title","rhetoric"
"W4413351823","topic:media-communication","abstract","media"
"W4413351823","topic:media-communication","abstract","newspapers"
"W4413351823","method:qualitative","abstract","semi structured"
"W4413351823","method:qualitative","abstract","interviews"
"W4413351823","country:lithuania","abstract","lithuania"
"W4413351823","country:lithuania","abstract","lithuanian (+ political word)"
"W4413351823","region:europe","rule","from the country named"
"W4413365640","topic:parties","title","right wing populists"
"W4413365640","topic:parties","abstract","right wing populism"
"W4413365640","topic:parties","abstract","right wing populists"
"W4413365640","topic:parties","abstract","parties"
"W4413365640","topic:parties","abstract","right wing populist"
"W4413365640","topic:voters","title","supporters"
"W4413365640","topic:voters","abstract","citizens"
"W4413365640","topic:voters","abstract","supporters"
"W4413365640","topic:media-communication","abstract","communication"
"W4413365640","topic:media-communication","abstract","rhetoric"
"W4413695024","topic:media-communication","abstract","media"
"W4413695024","topic:migration","title","migration"
"W4413695024","topic:migration","abstract","migration"
"W4413695024","country:india","title","india"
"W4413695024","country:india","abstract","india"
"W4413695024","country:india","abstract","modi"
"W4413695024","country:india","abstract","hindutva"
"W4413695024","region:asia-pacific","rule","from the country named"
"W4413743932","topic:media-communication","title","rhetoric"
"W4413743932","topic:gender","title","gender"
"W4413743932","topic:gender","title","women"
"W4413743932","topic:gender","abstract","gender"
"W4413743932","topic:gender","abstract","women"
"W4413743932","method:qualitative","abstract","discourse analysis"
"W4413744624","topic:economy-welfare","title","neoliberal"
"W4413744624","topic:economy-welfare","abstract","neoliberalism"
"W4413744624","topic:economy-welfare","abstract","neoliberal"
"W4413744624","country:indonesia","title","indonesia"
"W4413744624","country:indonesia","abstract","indonesia"
"W4413744624","region:asia-pacific","rule","from the country named"
"W4413781800","country:india","title","india"
"W4413781800","country:india","title","modi"
"W4413781800","region:asia-pacific","rule","from the country named"
"W4413957503","topic:economy-welfare","title","economic"
"W4413957503","topic:economy-welfare","abstract","economic"
"W4413957503","topic:economy-welfare","abstract","economy"
"W4413959814","topic:voters","abstract","voters"
"W4413959814","topic:voters","abstract","citizens"
"W4413991118","topic:parties","title","radical right"
"W4413991118","topic:gender","title","women"
"W4413991118","topic:gender","title","gender"
"W4414035336","topic:parties","title","populist right"
"W4414035336","topic:economy-welfare","title","neoliberal"
"W4414073342","topic:parties","abstract","partisans"
"W4414073342","topic:parties","abstract","candidate"
"W4414073342","topic:voters","title","populist attitudes"
"W4414073342","topic:voters","abstract","populist attitudes"
"W4414124247","topic:media-communication","title","rhetoric"
"W4414124247","topic:gender","title","women"
"W4414131741","approach:ideational","title","host ideology"
"W4414131741","approach:ideational","abstract","thin ideology"
"W4414131741","approach:ideational","abstract","thick ideology"
"W4414131741","approach:ideational","abstract","host ideology"
"W4414131741","approach:measurement","abstract","operationalize populist"
"W4414131741","topic:migration","abstract","nativism"
"W4414131741","topic:migration","abstract","anti immigrant"
"W4414131741","method:experiment","title","conjoint"
"W4414137558","approach:ideational","abstract","thin ideologies"
"W4414137558","topic:parties","abstract","political leaders"
"W4414137558","topic:parties","abstract","party"
"W4414137558","topic:parties","abstract","populist leaders"
"W4414137558","topic:voters","title","attitudes"
"W4414137558","topic:voters","abstract","public support"
"W4414137558","topic:voters","abstract","populist attitudes"
"W4414137558","topic:voters","abstract","attitudes"
"W4414137558","topic:media-communication","abstract","rhetoric"
"W4414137558","method:survey","abstract","original survey"
"W4414137558","country:bosnia-and-herzegovina","title","bosnia and herzegovina"
"W4414137558","region:europe","rule","from the country named"
"W4414145226","topic:media-communication","title","frames"
"W4414145226","topic:democracy-institutions","title","authoritarianism"
"W4414145226","topic:democracy-institutions","title","democratic backsliding"
"W4414145226","topic:democracy-institutions","abstract","liberal democracy"
"W4414145226","topic:democracy-institutions","abstract","illiberalism"
"W4414145226","topic:democracy-institutions","abstract","authoritarianism"
"W4414145226","topic:democracy-institutions","abstract","democratic backsliding"
"W4414145226","region:europe","title","europe"
"W4414145226","region:europe","abstract","european"
"W4414145226","region:europe","abstract","europe"
"W4414179598","country:singapore","title","singapore"
"W4414179598","region:asia-pacific","rule","from the country named"
"W4414262448","topic:voters","title","voters"
"W4414262448","topic:government","abstract","incumbent"
"W4414262448","topic:economy-welfare","abstract","economic"
"W4414262448","topic:economy-welfare","abstract","inequality"
"W4414262448","topic:economy-welfare","abstract","economy"
"W4414262448","country:brazil","title","brazil"
"W4414262448","region:latin-america","rule","from the country named"
"W4414269855","approach:discursive","abstract","discursive perspective"
"W4414269855","approach:discursive","abstract","chains of equivalence"
"W4414269855","region:global","abstract","global populism"
"W4414300558","method:experiment","abstract","experimental data"
"W4414300558","country:kenya","title","kenya"
"W4414300558","country:kenya","abstract","kenya"
"W4414300558","country:kenya","abstract","kenyan (+ political word)"
"W4414300558","region:sub-saharan-africa","rule","from the country named"
"W4414321959","topic:media-communication","title","misinformation"
"W4414321959","topic:media-communication","abstract","misinformation"
"W4414321959","country:united-kingdom","abstract","uk"
"W4414321959","country:united-kingdom","abstract","brexit"
"W4414321959","country:united-states","abstract","us"
"W4414321959","country:united-states","abstract","trump"
"W4414321959","region:europe","rule","from the country named"
"W4414321959","region:north-america","rule","from the country named"
"W4414351762","topic:international","title","regionalism"
"W4414351762","country:italy","title","lega"
"W4414351762","region:europe","rule","from the country named"
"W4414357495","topic:parties","title","parties"
"W4414357495","topic:parties","abstract","parties"
"W4414357495","topic:parties","abstract","party"
"W4414357495","method:quantitative","title","quantitative analysis"
"W4414357495","method:quantitative","abstract","expert survey"
"W4414357495","region:europe","title","western europe"
"W4414357495","region:europe","abstract","western europe"
"W4414363898","country:india","title","indian (+ political word)"
"W4414363898","region:asia-pacific","rule","from the country named"
"W4414374999","topic:parties","abstract","populist leaders"
"W4414374999","topic:parties","abstract","populist movements"
"W4414374999","topic:economy-welfare","abstract","economic"
"W4414374999","topic:media-communication","abstract","rhetoric"
"W4414374999","topic:media-communication","abstract","misinformation"
"W4414374999","topic:migration","title","immigration"
"W4414374999","topic:migration","abstract","immigration"
"W4414374999","topic:migration","abstract","immigrants"
"W4414374999","topic:migration","abstract","migration"
"W4414374999","topic:migration","abstract","xenophobia"
"W4414374999","region:europe","abstract","europe"
"W4414374999","country:united-states","abstract","united states"
"W4414374999","country:united-states","abstract","u s"
"W4414374999","region:north-america","rule","from the country named"
"W4414383479","topic:international","title","international law"
"W4414383479","method:qualitative","title","interview"
"W4414383479","country:palestine","title","palestine"
"W4414383479","region:mena","rule","from the country named"
"W4414384012","topic:democracy-institutions","title","constitutional"
"W4414384012","topic:democracy-institutions","abstract","constitutionalism"
"W4414384012","topic:democracy-institutions","abstract","judicial"
"W4414430366","approach:discursive","abstract","post foundational"
"W4414430366","topic:media-communication","abstract","media"
"W4414430366","topic:media-communication","abstract","framing"
"W4414430366","topic:migration","abstract","refugees"
"W4414430366","topic:migration","abstract","asylum"
"W4414430366","topic:migration","abstract","refugee"
"W4414430366","method:qualitative","abstract","qualitative"
"W4414430366","country:turkey","title","turkey"
"W4414430366","country:turkey","abstract","turkey"
"W4414430366","country:turkey","abstract","erdogan"
"W4414430366","country:turkey","abstract","akp"
"W4414430366","country:turkey","abstract","turkish (+ political word)"
"W4414430366","country:syria","title","syria"
"W4414430366","region:europe","rule","from the country named"
"W4414430366","region:mena","rule","from the country named"
"W4414436704","approach:other","abstract","definitions of populism"
"W4414436704","topic:defence-security","abstract","military"
"W4414436704","topic:international","title","international law"
"W4414436704","topic:international","abstract","international law"
"W4414436704","topic:international","abstract","international order"
"W4414436704","topic:international","abstract","transnational"
"W4414436704","topic:international","abstract","international organisations"
"W4414436704","topic:international","abstract","international organization"
"W4414436704","topic:international","abstract","international institutions"
"W4414436704","topic:international","abstract","brexit"
"W4414436704","topic:international","abstract","international institutional"
"W4414436704","topic:international","abstract","international court"
"W4414436704","topic:parties","abstract","populist actors"
"W4414436704","topic:parties","abstract","far right"
"W4414436704","topic:parties","abstract","parties"
"W4414436704","topic:parties","abstract","right wing populist"
"W4414436704","topic:parties","abstract","party"
"W4414436704","topic:parties","abstract","right wing populism"
"W4414436704","topic:parties","abstract","social movements"
"W4414436704","topic:parties","abstract","right wing populists"
"W4414436704","topic:parties","abstract","left wing populist"
"W4414436704","topic:parties","abstract","populist leaders"
"W4414436704","topic:parties","abstract","populist right"
"W4414436704","topic:voters","abstract","voter"
"W4414436704","topic:voters","abstract","electoral support"
"W4414436704","topic:voters","abstract","supporters"
"W4414436704","topic:government","abstract","administration"
"W4414436704","topic:government","abstract","presidency"
"W4414436704","topic:government","abstract","in power"
"W4414436704","topic:government","abstract","populist governments"
"W4414436704","topic:economy-welfare","abstract","tariffs"
"W4414436704","topic:economy-welfare","abstract","economic"
"W4414436704","topic:economy-welfare","abstract","tariff"
"W4414436704","topic:economy-welfare","abstract","economy"
"W4414436704","topic:economy-welfare","abstract","redistribution"
"W4414436704","topic:economy-welfare","abstract","neoliberal"
"W4414436704","topic:media-communication","abstract","rhetorical"
"W4414436704","topic:media-communication","abstract","framing"
"W4414436704","topic:media-communication","abstract","rhetoric"
"W4414436704","topic:media-communication","abstract","media"
"W4414436704","topic:religion","abstract","religion"
"W4414436704","topic:religion","abstract","religious"
"W4414436704","topic:religion","abstract","evangelical"
"W4414436704","topic:democracy-institutions","abstract","authoritarian"
"W4414436704","topic:democracy-institutions","abstract","authoritarianism"
"W4414436704","topic:democracy-institutions","abstract","court"
"W4414436704","method:qualitative","abstract","interview"
"W4414436704","region:global","abstract","around the world"
"W4414436704","region:global","abstract","global south"
"W4414436704","region:global","abstract","across the world"
"W4414436704","region:global","rule","three or more regions named: europe, north-america, mena"
"W4414484629","topic:parties","title","partisanship"
"W4414484629","topic:parties","abstract","party"
"W4414484629","topic:voters","title","attitudes"
"W4414484629","topic:voters","abstract","attitudes"
"W4414484629","topic:voters","abstract","respondents"
"W4414484629","topic:economy-welfare","title","redistribution"
"W4414484629","topic:economy-welfare","title","fiscal"
"W4414484629","topic:economy-welfare","abstract","economic"
"W4414484629","topic:economy-welfare","abstract","redistributive"
"W4414484629","topic:economy-welfare","abstract","fiscal"
"W4414484629","method:qualitative","abstract","interviews"
"W4414484629","method:experiment","abstract","conjoint"
"W4414486619","topic:parties","abstract","candidates"
"W4414486619","topic:media-communication","title","framing"
"W4414486619","topic:media-communication","abstract","media"
"W4414486619","topic:media-communication","abstract","journalistic"
"W4414486619","topic:media-communication","abstract","facebook"
"W4414486619","topic:media-communication","abstract","journalism"
"W4414486619","country:kenya","title","kenyan (+ political word)"
"W4414486619","region:sub-saharan-africa","rule","from the country named"
"W4414674933","region:asia-pacific","title","asia"
"W4414696745","country:china","title","china"
"W4414696745","region:asia-pacific","rule","from the country named"
"W4414770967","topic:government","abstract","populism in government"
"W4414770967","topic:government","abstract","populist governments"
"W4414770967","topic:democracy-institutions","abstract","constitutional"
"W4414770967","topic:democracy-institutions","abstract","rule of law"
"W4414770967","topic:democracy-institutions","abstract","judicial"
"W4414770967","topic:democracy-institutions","abstract","illiberal"
"W4414770967","topic:democracy-institutions","abstract","constitutionalism"
"W4414770967","country:italy","title","fratelli d italia"
"W4414770967","country:italy","abstract","meloni"
"W4414770967","country:italy","abstract","fratelli d italia"
"W4414770967","region:europe","rule","from the country named"
"W4414813562","approach:performative","title","populist style"
"W4414813562","topic:parties","title","far right"
"W4414813562","topic:media-communication","title","media"
"W4414813562","country:france","title","le pen"
"W4414813562","country:united-states","title","trump"
"W4414813562","region:europe","rule","from the country named"
"W4414813562","region:north-america","rule","from the country named"
"W4414984745","topic:parties","abstract","populist leaders"
"W4414984745","topic:parties","abstract","parties"
"W4414984745","topic:government","abstract","populist rule"
"W4414984745","topic:democracy-institutions","abstract","democratic institutions"
"W4414984745","topic:democracy-institutions","abstract","rule of law"
"W4414984745","topic:democracy-institutions","abstract","democratization"
"W4414984745","topic:democracy-institutions","abstract","authoritarianism"
"W4414992720","topic:foreign-policy","title","foreign policymaking"
"W4414992720","topic:international","title","eu"
"W4414992720","topic:international","abstract","eu"
"W4414992720","topic:parties","abstract","populist actors"
"W4414992720","region:europe","title","eu"
"W4414992720","region:europe","abstract","european"
"W4414992720","region:europe","abstract","eu"
"W4414992720","country:china","title","china"
"W4414992720","region:asia-pacific","rule","from the country named"
"W4415011872","approach:discursive","abstract","empty signifiers"
"W4415011872","method:qualitative","abstract","qualitative"
"W4415026418","topic:parties","title","party"
"W4415026418","topic:parties","abstract","party"
"W4415026418","topic:parties","abstract","populist right"
"W4415026418","method:quantitative","abstract","regression"
"W4415026418","country:germany","title","afd"
"W4415026418","country:germany","abstract","germany"
"W4415026418","country:germany","abstract","alternative for germany"
"W4415026418","country:germany","abstract","alternative fur deutschland"
"W4415026418","country:germany","abstract","afd"
"W4415026418","region:europe","rule","from the country named"
"W4415105192","topic:voters","title","citizens"
"W4415105192","topic:voters","abstract","citizens"
"W4415105192","topic:voters","abstract","populist attitudes"
"W4415105192","method:experiment","abstract","conjoint"
"W4415126816","topic:parties","title","party"
"W4415126816","country:zambia","title","zambia"
"W4415126816","country:zambia","title","sata"
"W4415126816","region:sub-saharan-africa","rule","from the country named"
"W4415238073","topic:parties","title","party"
"W4415238073","topic:parties","abstract","party"
"W4415238073","topic:media-communication","abstract","rhetorical"
"W4415238073","topic:media-communication","abstract","rhetoric"
"W4415238073","country:poland","title","law and justice"
"W4415238073","country:poland","abstract","law and justice"
"W4415238073","country:poland","abstract","pis"
"W4415238073","country:poland","abstract","polish (+ political word)"
"W4415238073","region:europe","rule","from the country named"
"W4415415455","topic:media-communication","title","framing"
"W4415415455","topic:media-communication","abstract","newspapers"
"W4415415455","topic:media-communication","abstract","framing"
"W4415415455","topic:media-communication","abstract","journalists"
"W4415415455","topic:media-communication","abstract","media"
"W4415415455","country:kenya","title","kenya"
"W4415415455","country:kenya","abstract","kenyan (+ political word)"
"W4415415455","region:sub-saharan-africa","rule","from the country named"
"W4415571326","approach:performative","abstract","performativity"
"W4415571326","topic:parties","abstract","populist leaders"
"W4415571326","topic:parties","abstract","parties"
"W4415571326","topic:media-communication","abstract","media"
"W4415571326","country:united-states","title","us"
"W4415571326","region:north-america","rule","from the country named"
"W4415604547","topic:economy-welfare","title","neoliberalism"
"W4415604547","topic:democracy-institutions","title","authoritarian"
"W4415622671","topic:voters","abstract","attitudes"
"W4415622671","topic:voters","abstract","electorate"
"W4415634719","topic:defence-security","title","nato"
"W4415634719","topic:defence-security","abstract","nato"
"W4415634719","topic:parties","title","partisanship"
"W4415634719","topic:voters","title","public opinion"
"W4415634719","topic:voters","abstract","public opinion"
"W4415634719","topic:voters","abstract","populist attitudes"
"W4415634719","topic:voters","abstract","respondents"
"W4415634719","topic:media-communication","title","rhetoric"
"W4415634719","topic:media-communication","abstract","frames"
"W4415634719","topic:media-communication","abstract","rhetoric"
"W4415634719","method:quantitative","abstract","time series"
"W4415634719","method:survey","abstract","american national election studies"
"W4415634719","method:experiment","abstract","survey experiment"
"W4415634719","country:united-states","title","u s"
"W4415634719","country:united-states","abstract","united states"
"W4415634719","country:united-states","abstract","trump"
"W4415634719","country:united-states","abstract","u s"
"W4415634719","country:united-states","abstract","american (+ political word)"
"W4415634719","region:north-america","rule","from the country named"
"W4415668256","topic:parties","abstract","party"
"W4415668256","topic:parties","abstract","far right"
"W4415668256","method:quantitative","abstract","regression"
"W4415668256","method:survey","abstract","online survey"
"W4415668256","country:germany","abstract","germany"
"W4415668256","country:germany","abstract","alternative for germany"
"W4415668256","country:germany","abstract","afd"
"W4415668256","region:europe","rule","from the country named"
"W4415724806","topic:democracy-institutions","title","authoritarian"
"W4415724806","topic:democracy-institutions","abstract","constitutional"
"W4415724806","topic:democracy-institutions","abstract","referendums"
"W4415724806","topic:democracy-institutions","abstract","authoritarian"
"W4415724806","topic:democracy-institutions","abstract","hybrid regimes"
"W4415724806","topic:democracy-institutions","abstract","direct democracy"
"W4415724806","region:latin-america","title","latin america"
"W4415724966","topic:voters","abstract","citizens"
"W4415724966","topic:voters","abstract","attitudes"
"W4415724966","country:poland","title","poland"
"W4415724966","region:europe","rule","from the country named"
"W4415726678","topic:voters","title","populist attitudes"
"W4415726678","topic:voters","abstract","populist attitudes"
"W4415733323","approach:discursive","abstract","laclau"
"W4415733323","approach:political-strategic","abstract","populism as a political strategy"
"W4415733323","topic:parties","abstract","populist actors"
"W4415733323","topic:media-communication","title","communication"
"W4415733323","topic:media-communication","abstract","communication"
"W4415775770","topic:media-communication","title","media"
"W4415775770","topic:media-communication","abstract","media"
"W4415775770","country:spain","title","spain"
"W4415775770","country:spain","abstract","spain"
"W4415775770","country:spain","abstract","pablo iglesias"
"W4415775770","country:united-states","title","u s"
"W4415775770","region:europe","rule","from the country named"
"W4415775770","region:north-america","rule","from the country named"
"W4415903317","topic:religion","title","religion"
"W4415903317","topic:religion","title","christian"
"W4415949268","topic:parties","title","party"
"W4415949268","country:zambia","title","zambia"
"W4415949268","country:zambia","title","sata"
"W4415949268","region:sub-saharan-africa","rule","from the country named"
"W4415965421","topic:parties","title","right wing populists"
"W4415965421","topic:parties","abstract","right wing populists"
"W4415965421","topic:parties","abstract","party"
"W4415965421","topic:economy-welfare","abstract","economy"
"W4415965421","topic:economy-welfare","abstract","energy policy"
"W4415965421","country:israel","abstract","israel"
"W4415965421","country:israel","abstract","likud"
"W4415965421","region:mena","rule","from the country named"
"W4415972239","topic:parties","title","radical right"
"W4415972239","topic:parties","abstract","radical right"
"W4415972239","topic:parties","abstract","parties"
"W4415972239","topic:parties","abstract","party"
"W4415972239","topic:parties","abstract","manifestos"
"W4415972239","topic:media-communication","title","media"
"W4415972239","topic:migration","title","immigration"
"W4415972239","topic:migration","abstract","immigration"
"W4415972239","method:mixed","abstract","quantitative and qualitative"
"W4415972239","country:france","title","france"
"W4415972239","country:italy","title","italy"
"W4415972239","country:italy","abstract","italy"
"W4415972239","country:italy","abstract","brothers of italy"
"W4415972239","country:spain","title","spain"
"W4415972239","region:europe","rule","from the country named"
"W4416009431","topic:government","title","populist rule"
"W4416009431","topic:government","abstract","in government"
"W4416009431","topic:government","abstract","populist governments"
"W4416009431","topic:government","abstract","populist rule"
"W4416023234","topic:parties","title","party system"
"W4416023234","country:argentina","title","argentina"
"W4416023234","country:argentina","abstract","argentina"
"W4416023234","country:argentina","abstract","macri"
"W4416023234","country:argentina","abstract","peronism"
"W4416023234","country:argentina","abstract","peronist"
"W4416023234","region:latin-america","rule","from the country named"
"W4416126184","approach:performative","abstract","political style"
"W4416126184","topic:international","title","transnational"
"W4416126184","country:kenya","abstract","kenya"
"W4416126184","country:kenya","abstract","kenyan (+ political word)"
"W4416126184","region:sub-saharan-africa","rule","from the country named"
"W4416232343","topic:government","title","populist governance"
"W4416232343","topic:economy-welfare","title","social policies"
"W4416232343","region:europe","rule","from the country named"
"W4416232343","region:latin-america","rule","from the country named"
"W4416247718","topic:international","title","brexit"
"W4416247718","topic:international","abstract","eu"
"W4416247718","topic:international","abstract","brexit"
"W4416247718","topic:parties","abstract","populist leaders"
"W4416247718","topic:parties","abstract","parties"
"W4416247718","method:qualitative","abstract","interviews"
"W4416247718","country:united-kingdom","title","brexit"
"W4416247718","country:united-kingdom","abstract","boris johnson"
"W4416247718","country:united-kingdom","abstract","uk"
"W4416247718","country:united-kingdom","abstract","brexit"
"W4416247718","region:europe","rule","from the country named"
"W4416272671","approach:other","abstract","theories of populism"
"W4416272671","topic:parties","title","populist right"
"W4416272671","topic:voters","abstract","attitudes"
"W4416272671","topic:voters","abstract","supporters"
"W4416272671","topic:economy-welfare","abstract","inequality"
"W4416272671","topic:economy-welfare","abstract","inequalities"
"W4416272671","topic:economy-welfare","abstract","economic"
"W4416272671","country:brazil","title","brazil"
"W4416272671","country:brazil","abstract","brazil"
"W4416272671","country:brazil","abstract","bolsonaro"
"W4416272671","region:latin-america","rule","from the country named"
"W4416294568","topic:parties","title","radical right"
"W4416294568","topic:parties","abstract","radical right"
"W4416294568","topic:parties","abstract","party"
"W4416294568","topic:parties","abstract","party systems"
"W4416294568","topic:media-communication","abstract","rhetoric"
"W4416294568","topic:media-communication","abstract","rhetorical"
"W4416294568","method:qualitative","abstract","qualitative"
"W4416294568","method:qualitative","abstract","interviews"
"W4416294568","country:peru","title","peru"
"W4416294568","region:latin-america","rule","from the country named"
"W4416340224","approach:other","abstract","conceptual approaches"
"W4416340224","topic:democracy-institutions","title","constitutional"
"W4416340224","topic:democracy-institutions","abstract","constitutional"
"W4416340224","topic:democracy-institutions","abstract","court"
"W4416406891","topic:economy-welfare","title","economy"
"W4416591014","topic:parties","title","populist leadership"
"W4416591014","region:europe","title","eastern europe"
"W4416613252","topic:media-communication","abstract","framing"
"W4416613252","topic:media-communication","abstract","rhetorical"
"W4416613252","country:kosovo","title","kosovo"
"W4416613252","country:kosovo","abstract","kosovo"
"W4416613252","region:europe","rule","from the country named"
"W4416655745","approach:ideational","abstract","thin ideology"
"W4416655745","topic:democracy-institutions","title","authoritarian"
"W4416655745","topic:democracy-institutions","abstract","authoritarianism"
"W4416655745","topic:democracy-institutions","abstract","authoritarian"
"W4416655745","method:qualitative","abstract","critical discourse analysis"
"W4416655745","country:turkey","title","turkey"
"W4416655745","country:turkey","abstract","erdogan"
"W4416655745","country:turkey","abstract","turkish (+ political word)"
"W4416655745","region:europe","rule","from the country named"
"W4416746843","topic:parties","abstract","political leaders"
"W4416746843","topic:parties","abstract","candidates"
"W4416746843","topic:parties","abstract","parties"
"W4416746843","topic:voters","title","populist attitudes"
"W4416746843","topic:voters","abstract","citizens"
"W4416746843","topic:voters","abstract","support for populist"
"W4416746843","topic:voters","abstract","populist attitudes"
"W4416746843","topic:media-communication","title","misinformation"
"W4416746843","topic:media-communication","abstract","media"
"W4416746843","topic:media-communication","abstract","misinformation"
"W4416746843","country:france","abstract","france"
"W4416746843","country:germany","abstract","germany"
"W4416746843","country:canada","abstract","canada"
"W4416746843","region:europe","rule","from the country named"
"W4416746843","region:north-america","rule","from the country named"
"W4416772308","topic:parties","abstract","social movement"
"W4416772308","country:mexico","abstract","mexico"
"W4416772308","country:mexico","abstract","lopez obrador"
"W4416772308","country:mexico","abstract","amlo"
"W4416772308","region:latin-america","rule","from the country named"
"W4416775235","country:united-kingdom","title","uk"
"W4416775235","region:europe","rule","from the country named"
"W4416821769","approach:performative","abstract","performative"
"W4416821769","topic:parties","abstract","far right"
"W4416821769","topic:parties","abstract","radical right"
"W4416821769","topic:parties","abstract","party"
"W4416821769","topic:media-communication","title","communication"
"W4416821769","topic:media-communication","title","facebook"
"W4416821769","topic:media-communication","abstract","communication"
"W4416821769","topic:media-communication","abstract","facebook"
"W4416821769","topic:media-communication","abstract","rhetoric"
"W4416821769","topic:media-communication","abstract","disinformation"
"W4416821769","method:qta","abstract","sentiment analysis"
"W4416821769","country:portugal","abstract","portugal"
"W4416821769","country:portugal","abstract","chega"
"W4416821769","country:portugal","abstract","portuguese (+ political word)"
"W4416821769","region:europe","rule","from the country named"
"W4416840359","region:latin-america","title","latin america"
"W4416840359","country:united-states","title","us"
"W4416840359","region:north-america","rule","from the country named"
"W4416867862","approach:other","abstract","conceptualizations of populism"
"W4416867862","method:qualitative","abstract","qualitative"
"W4416867862","method:qualitative","abstract","interviews"
"W4416867862","country:czech-republic","abstract","czech republic"
"W4416867862","country:czech-republic","abstract","czech (+ political word)"
"W4416867862","region:europe","rule","from the country named"
"W4417049773","topic:media-communication","title","communication"
"W4417049773","topic:media-communication","title","media"
"W4417049773","topic:media-communication","abstract","communication"
"W4417049773","topic:media-communication","abstract","media"
"W4417049773","topic:media-communication","abstract","facebook"
"W4417049773","topic:gender","title","gendered"
"W4417049773","topic:gender","title","feminist"
"W4417049773","topic:gender","abstract","feminist"
"W4417049773","topic:gender","abstract","women"
"W4417049773","topic:gender","abstract","gendered"
"W4417049773","country:greece","title","greece"
"W4417049773","region:europe","rule","from the country named"
"W4417103094","topic:foreign-policy","title","foreign policy"
"W4417103094","topic:foreign-policy","abstract","foreign policy"
"W4417103094","topic:parties","title","right wing populist"
"W4417103094","topic:parties","abstract","right wing populist"
"W4417103094","topic:parties","abstract","parties"
"W4417103094","topic:parties","abstract","party"
"W4417103094","topic:parties","abstract","far right"
"W4417103094","topic:parties","abstract","populist actors"
"W4417103094","topic:parties","abstract","right wing populism"
"W4417103094","topic:voters","abstract","supporters"
"W4417103094","topic:voters","abstract","voters"
"W4417103094","topic:media-communication","abstract","media"
"W4417103094","topic:media-communication","abstract","social networks"
"W4417103094","method:qta","abstract","topic model"
"W4417103094","country:japan","title","japan"
"W4417103094","country:japan","abstract","japan"
"W4417103094","region:asia-pacific","rule","from the country named"
"W4417106989","topic:foreign-policy","abstract","foreign policy"
"W4417106989","topic:international","title","liberal order"
"W4417106989","country:russia","title","russia"
"W4417106989","country:turkey","title","turkiye"
"W4417106989","region:europe","rule","from the country named"
"W4417130392","topic:parties","title","parties"
"W4417130392","topic:parties","abstract","populist movements"
"W4417130392","topic:parties","abstract","parties"
"W4417130392","topic:parties","abstract","radical right"
"W4417130392","topic:parties","abstract","right wing populist"
"W4417130392","topic:voters","title","voters"
"W4417130392","topic:voters","title","support for populist"
"W4417130392","topic:voters","abstract","support for populist"
"W4417130392","topic:voters","abstract","respondents"
"W4417130392","topic:voters","abstract","voter"
"W4417130392","topic:media-communication","title","media"
"W4417130392","topic:media-communication","abstract","media"
"W4417130392","method:survey","abstract","panel survey"
"W4417130392","country:romania","title","romanian (+ political word)"
"W4417130392","country:romania","abstract","romania"
"W4417130392","region:europe","rule","from the country named"
"W4417130839","approach:discursive","abstract","discursive constructions"
"W4417130839","topic:parties","abstract","far right"
"W4417130839","topic:parties","abstract","parties"
"W4417130839","topic:media-communication","abstract","facebook"
"W4417130839","topic:media-communication","abstract","media"
"W4417130839","method:qualitative","abstract","critical discourse analysis"
"W4417130839","country:portugal","title","chega"
"W4417130839","country:portugal","abstract","portugal"
"W4417130839","country:portugal","abstract","chega"
"W4417130839","country:spain","title","vox"
"W4417130839","country:spain","abstract","spain"
"W4417130839","country:spain","abstract","vox"
"W4417130839","region:europe","rule","from the country named"
"W4417262558","topic:international","title","transnational"
"W4417262558","topic:international","abstract","transnational"
"W4417262558","topic:international","abstract","eu"
"W4417262558","topic:media-communication","abstract","framing"
"W4417262558","topic:media-communication","abstract","frames"
"W4417262558","topic:media-communication","abstract","rhetoric"
"W4417262558","topic:migration","title","anti immigration"
"W4417262558","topic:migration","abstract","anti immigration"
"W4417262558","topic:migration","abstract","migrants"
"W4417262558","topic:migration","abstract","immigration"
"W4417262558","topic:democracy-institutions","abstract","authoritarian"
"W4417262558","topic:democracy-institutions","abstract","authoritarianism"
"W4417262558","region:europe","abstract","europe"
"W4417262558","region:europe","abstract","eu"
"W4417262558","country:ireland","title","ireland"
"W4417262558","country:ireland","abstract","ireland"
"W4417262878","topic:religion","title","religion"
"W4417262878","topic:democracy-institutions","title","authoritarian"
"W4417262878","country:brazil","title","brazil"
"W4417262878","country:ghana","title","ghana"
"W4417262878","region:latin-america","rule","from the country named"
"W4417262878","region:sub-saharan-africa","rule","from the country named"
"W4417270804","topic:parties","title","radical right"
"W4417270804","topic:gender","title","women"
"W4417270804","topic:gender","title","gender"
"W4417308208","topic:government","title","in office"
"W4417308208","topic:government","title","populist governments"
"W4417308208","topic:government","abstract","populist governments"
"W4417308208","topic:government","abstract","in office"
"W4417308208","topic:economy-welfare","abstract","inequality"
"W4417308208","topic:economy-welfare","abstract","neoliberal"
"W4417308208","topic:economy-welfare","abstract","neoliberalism"
"W4417315962","approach:ideational","title","thin centered"
"W4417315962","topic:media-communication","title","frames"
"W4417315962","topic:media-communication","title","media"
"W4417315962","topic:media-communication","abstract","rhetoric"
"W4417315962","topic:media-communication","abstract","communication"
"W4417315962","topic:media-communication","abstract","frames"
"W4417315962","topic:media-communication","abstract","tweets"
"W4417315962","method:qta","abstract","supervised machine learning"
"W4417352048","topic:voters","abstract","attitudes"
"W4417352048","method:quantitative","abstract","regression"
"W4417365504","topic:parties","abstract","party"
"W4417365504","topic:parties","abstract","parties"
"W4417365504","topic:voters","abstract","voters"
"W4417365504","topic:voters","abstract","voter"
"W4417365504","country:united-kingdom","abstract","britain"
"W4417365504","country:united-kingdom","abstract","great britain"
"W4417365504","country:united-states","title","trump"
"W4417365504","country:united-states","abstract","trump"
"W4417365504","country:united-states","abstract","america first"
"W4417365504","country:united-states","abstract","american (+ political word)"
"W4417365504","region:europe","rule","from the country named"
"W4417365504","region:north-america","rule","from the country named"
"W4417427642","topic:international","title","european union"
"W4417427642","topic:voters","abstract","attitudes"
"W4417427642","topic:voters","abstract","citizens"
"W4417427642","method:survey","abstract","eurobarometer"
"W4417427642","method:survey","abstract","survey data"
"W4417427642","region:europe","title","european"
"W4417430057","topic:defence-security","title","war"
"W4417430057","country:ukraine","title","ukraine"
"W4417430057","country:united-states","title","us"
"W4417430057","region:europe","rule","from the country named"
"W4417430057","region:north-america","rule","from the country named"
"W4417453586","topic:parties","title","party"
"W4417453586","topic:parties","abstract","parties"
"W4417453586","topic:parties","abstract","candidates"
"W4417453586","topic:parties","abstract","party"
"W4417453586","topic:parties","abstract","party system"
"W4417453586","country:turkey","abstract","turkey"
"W4417453586","country:turkey","abstract","erdogan"
"W4417453586","country:turkey","abstract","turkish (+ political word)"
"W4417453586","country:brazil","abstract","brazil"
"W4417453586","country:brazil","abstract","bolsonaro"
"W4417453586","region:europe","rule","from the country named"
"W4417453586","region:latin-america","rule","from the country named"
"W4417466594","topic:economy-welfare","title","globalization"
"W4417466594","topic:economy-welfare","abstract","globalization"
"W4417466594","topic:economy-welfare","abstract","economic"
"W4417466594","topic:media-communication","title","rhetoric"
"W4417466594","topic:media-communication","abstract","rhetoric"
"W4417466594","topic:media-communication","abstract","rhetorically"
"W4417466594","topic:media-communication","abstract","rhetorical"
"W4417466594","topic:media-communication","abstract","communication"
"W4417466594","country:hungary","abstract","hungary"
"W4417466594","country:hungary","abstract","orban"
"W4417466594","country:united-states","abstract","trump"
"W4417466594","country:united-states","abstract","us"
"W4417466594","region:europe","rule","from the country named"
"W4417466594","region:north-america","rule","from the country named"
"W4417490393","approach:ideational","abstract","populism as a thin"
"W4417490393","topic:international","title","european parliament"
"W4417490393","topic:parties","abstract","populist politicians"
"W4417490393","topic:parties","abstract","parties"
"W4417490393","topic:parties","abstract","far right"
"W4417490393","topic:parties","abstract","party"
"W4417490393","method:mixed","abstract","mixed methods"
"W4417490393","region:europe","title","central europeans"
"W4417490393","region:europe","title","european"
"W4417490393","region:europe","title","europe"
"W4417490393","region:europe","abstract","central european"
"W4417490393","region:europe","abstract","european"
"W4417490393","region:europe","abstract","europe"
"W7103885878","topic:economy-welfare","abstract","economic"
"W7103885878","country:poland","title","poland"
"W7103885878","country:poland","abstract","poland"
"W7103885878","country:poland","abstract","law and justice"
"W7103885878","region:europe","rule","from the country named"
"W7104669029","topic:parties","abstract","right wing populist"
"W7104669029","topic:parties","abstract","party"
"W7104669029","topic:voters","abstract","voters"
"W7104669029","method:qualitative","abstract","focus groups"
"W7104669029","country:denmark","title","danish (+ political word)"
"W7104669029","country:denmark","abstract","denmark"
"W7104669029","country:denmark","abstract","danish (+ political word)"
"W7104669029","region:europe","rule","from the country named"
"W7105592741","topic:media-communication","abstract","media"
"W7105592741","topic:media-communication","abstract","newspaper"
"W7105592741","topic:media-communication","abstract","framing"
"W7105592741","country:canada","abstract","canada"
"W7105592741","region:north-america","rule","from the country named"
"W7109999829","topic:economy-welfare","abstract","economic"
"W7109999829","topic:economy-welfare","abstract","inequalities"
"W7110085520","approach:performative","abstract","performative"
"W7110085520","topic:international","title","european parliament"
"W7110085520","topic:international","title","eu"
"W7110085520","topic:international","abstract","european parliament"
"W7110085520","topic:international","abstract","eu"
"W7110085520","topic:parties","title","radical right"
"W7110085520","topic:gender","title","gender"
"W7110085520","topic:gender","title","women"
"W7110085520","topic:gender","abstract","women"
"W7110085520","topic:gender","abstract","gender"
"W7110085520","topic:migration","abstract","migration"
"W7110085520","topic:migration","abstract","immigration"
"W7110085520","region:europe","title","european"
"W7110085520","region:europe","title","eu"
"W7110085520","region:europe","abstract","european"
"W7110085520","region:europe","abstract","eu"
"W7114795277","method:qualitative","title","ethnographers"
"W7115562644","topic:parties","abstract","parties"
"W7115562644","topic:parties","abstract","radical right"
"W7115562644","topic:parties","abstract","far right"
"W7115562644","country:germany","abstract","alternative fur deutschland"
"W7115562644","country:germany","abstract","afd"
"W7115562644","country:italy","title","fratelli d italia"
"W7115562644","region:europe","rule","from the country named"
"W7115597679","topic:parties","abstract","radical left"
"W7115597679","topic:parties","abstract","parties"
"W7115597679","topic:parties","abstract","left wing populism"
"W7115597679","topic:parties","abstract","populist left"
"W7115597679","topic:parties","abstract","party"
"W7115597679","country:france","title","france"
"W7115597679","country:france","abstract","france"
"W7115597679","country:spain","title","podemos"
"W7115597679","country:spain","abstract","spain"
"W7115597679","country:spain","abstract","podemos"
"W7115597679","region:europe","rule","from the country named"
"W7115703645","approach:performative","abstract","populist style"
"W7115703645","topic:media-communication","title","media"
"W7115703645","topic:media-communication","abstract","rhetoric"
"W7115703645","topic:media-communication","abstract","media"
"W7115703645","topic:media-communication","abstract","framing"
"W7115703645","topic:media-communication","abstract","rhetorical"
"W7115703645","country:united-states","title","trumpian"
"W7115703645","country:united-states","abstract","trump"
"W7115703645","country:united-states","abstract","trumpian"
"W7115703645","country:australia","title","australian (+ political word)"
"W7115703645","country:australia","abstract","australia"
"W7115703645","country:australia","abstract","australian (+ political word)"
"W7115703645","region:north-america","rule","from the country named"
"W7115703645","region:asia-pacific","rule","from the country named"
"W7115707370","todo:check-outlet","journal","Journal of Democracy"
"W7115707370","topic:parties","abstract","partisan"
"W7115917226","approach:discursive","title","laclau"
"W7115917226","approach:discursive","abstract","laclau"
"W7115949517","topic:economy-welfare","title","neoliberalism"
"W7115949517","topic:democracy-institutions","title","authoritarian"
"W7116667145","topic:parties","title","radical right"
"W7116667145","topic:parties","title","party"
"W7116667145","topic:parties","abstract","radical right"
"W7116667145","topic:parties","abstract","parties"
"W7116667145","topic:voters","abstract","citizens"
"W7116667145","topic:voters","abstract","voters"
"W7116667145","method:quantitative","abstract","panel data"
"W7116667145","method:survey","abstract","european social survey"
"W7116667145","region:europe","title","europe"
"W7116667145","region:europe","abstract","europe"
"W7116667145","region:europe","abstract","european"
"W7116839228","method:survey","abstract","original survey"
"W7116972874","topic:economy-welfare","title","economic"
"W7116972874","topic:democracy-institutions","title","democratic backsliding"
"W7116972874","topic:democracy-institutions","title","illiberal"
"W7116972874","country:switzerland","title","switzerland"
"W7116972874","country:united-states","title","us"
"W7116972874","country:brazil","title","brazil"
"W7116972874","region:global","rule","three or more regions named: europe, north-america, latin-america"
"W7117157169","topic:parties","title","right wing populism"
"W7117157169","topic:media-communication","title","media"
"W7117157169","country:bulgaria","title","bulgaria"
"W7117157169","region:europe","rule","from the country named"
"W7117292246","topic:religion","title","islamic"
"W7117292246","topic:religion","abstract","islam"
"W7117292246","topic:religion","abstract","islamic"
"W7117292246","topic:religion","abstract","religious"
"W7117292246","method:qualitative","abstract","qualitative"
"W7117302411","topic:parties","title","party"
"W7117302411","topic:parties","abstract","parties"
"W7117302411","topic:parties","abstract","party"
"W7117302411","topic:parties","abstract","party competition"
"W7117302411","method:quantitative","abstract","expert survey"
"W7117302411","region:latin-america","title","latin america"
"W7117302411","region:latin-america","abstract","latin america"
"W7117316541","approach:performative","abstract","performative"
"W7117316541","topic:media-communication","title","rhetoric"
"W7117316541","topic:media-communication","abstract","rhetoric"
"W7117316541","topic:media-communication","abstract","communicational"
"W7117543992","topic:parties","title","party"
"W7117543992","topic:parties","title","radical right"
"W7117543992","topic:parties","abstract","radical right"
"W7117543992","topic:parties","abstract","parties"
"W7117543992","topic:parties","abstract","partisans"
"W7117543992","topic:parties","abstract","party competition"
"W7117543992","method:survey","abstract","original survey"
"W7117543992","country:portugal","abstract","portugal"
"W7117543992","country:portugal","abstract","chega"
"W7117543992","region:europe","rule","from the country named"
"W7118172647","country:russia","title","russia"
"W7118172647","country:russia","title","russian (+ political word)"
"W7118172647","region:europe","rule","from the country named"
"W7118209373","topic:voters","abstract","citizens"
"W7118209373","topic:voters","abstract","populist attitudes"
"W7118209373","region:europe","title","european"
"W7120186351","topic:religion","title","religious"
"W7120186351","topic:religion","abstract","religious"
"W7120186351","topic:religion","abstract","religion"
"W7120186351","region:sub-saharan-africa","title","africa"
"W7120186351","region:sub-saharan-africa","abstract","africa"
"W7120186351","region:sub-saharan-africa","abstract","african"
"W7123897144","topic:defence-security","title","war"
"W7123897144","topic:defence-security","abstract","war"
"W7123897144","topic:media-communication","title","rhetoric"
"W7123897144","topic:media-communication","abstract","rhetoric"
"W7123897144","topic:media-communication","abstract","media"
"W7123897144","method:qualitative","abstract","qualitative"
"W7123897144","country:israel","title","israel"
"W7123897144","country:israel","abstract","israel"
"W7123897144","country:israel","abstract","likud"
"W7123897144","country:israel","abstract","israeli (+ political word)"
"W7123897144","region:mena","rule","from the country named"
"W7124283580","topic:parties","abstract","party"
"W7124283580","topic:voters","abstract","attitudes"
"W7124283580","topic:voters","abstract","supporters"
"W7124283580","topic:voters","abstract","public opinion"
"W7124283580","topic:democracy-institutions","title","authoritarianism"
"W7124283580","topic:democracy-institutions","abstract","authoritarian"
"W7124283580","topic:democracy-institutions","abstract","authoritarianism"
"W7124283580","method:survey","abstract","public opinion survey"
"W7124283580","country:serbia","title","serbia"
"W7124283580","region:europe","rule","from the country named"
"W7127652576","approach:performative","abstract","political style"
"W7128015187","approach:performative","title","populist style"
"W7128015187","approach:performative","abstract","populist style"
"W7128015187","approach:measurement","title","measuring populist"
"W7128015187","topic:media-communication","title","communication"
"W7128015187","topic:media-communication","abstract","facebook"
"W7128015187","topic:media-communication","abstract","communication"
"W7128015187","country:hungary","title","orban"
"W7128015187","country:hungary","abstract","orban"
"W7128015187","region:europe","rule","from the country named"
"W7128236439","topic:defence-security","title","nuclear weapons"
"W7128236439","topic:defence-security","abstract","nuclear weapons"
"W7128236439","topic:voters","abstract","citizens"
"W7128236439","method:survey","abstract","nationally representative"
"W7128236439","method:experiment","abstract","survey experiment"
"W7128236439","region:europe","title","european"
"W7128236439","region:europe","abstract","europe"
"W7128236439","region:europe","abstract","european"
"W7128236439","country:russia","abstract","russia"
"W7128236439","country:russia","abstract","putin"
"W7128240906","approach:measurement","abstract","measurement invariance"
"W7128240906","topic:voters","abstract","citizens"
"W7128240906","topic:voters","abstract","attitudes"
"W7128240906","topic:voters","abstract","support for populist"
"W7128240906","method:survey","abstract","european social survey"
"W7128240906","region:europe","title","europe"
"W7130522599","topic:foreign-policy","title","foreign policy"
"W7130522599","topic:foreign-policy","abstract","foreign policy"
"W7130522599","country:india","title","india"
"W7130522599","country:india","abstract","india"
"W7130522599","country:maldives","title","maldives"
"W7130522599","region:asia-pacific","rule","from the country named"
"W7130825639","topic:democracy-institutions","title","authoritarian"
"W7130825639","topic:democracy-institutions","abstract","authoritarian"
"W7130825639","topic:democracy-institutions","abstract","democratic institutions"
"W7130825639","topic:democracy-institutions","abstract","constitutional"
"W7130825639","country:israel","abstract","israel"
"W7130825639","country:israel","abstract","israeli (+ political word)"
"W7130825639","region:mena","rule","from the country named"
"W7131220845","region:europe","abstract","european"
"W7133849568","approach:other","title","approaches to populism"
"W7133849568","approach:other","abstract","approaches to populism"
"W7133849568","topic:parties","abstract","left wing populism"
"W7133849568","topic:parties","abstract","right wing populism"
"W7133849568","method:qualitative","abstract","discourse analysis"
"W7136471628","topic:international","title","european union"
"W7136471628","topic:international","abstract","eu"
"W7136471628","topic:parties","title","right wing populism"
"W7136471628","topic:parties","abstract","right wing populism"
"W7136471628","topic:parties","abstract","right wing populists"
"W7136471628","topic:parties","abstract","parties"
"W7136471628","topic:economy-welfare","abstract","economic"
"W7136471628","topic:economy-welfare","abstract","financial crisis"
"W7136471628","topic:migration","abstract","refugee"
"W7136471628","topic:migration","abstract","immigration"
"W7136471628","region:europe","title","european"
"W7136471628","region:europe","abstract","european"
"W7136471628","region:europe","abstract","eu"
"W7144340852","topic:democracy-institutions","title","constitutional"
"W7144340852","topic:democracy-institutions","abstract","constitutionalist"
"W7144340852","topic:democracy-institutions","abstract","constitutional"
"W7144340852","topic:democracy-institutions","abstract","constitution"
"W7163551495","topic:democracy-institutions","title","court"
"W7163551495","topic:democracy-institutions","title","authoritarian"
"W7163551495","topic:democracy-institutions","abstract","court"
"W7163551495","topic:democracy-institutions","abstract","authoritarian"
"W7163551495","region:europe","title","european"
"W7164525062","approach:performative","title","populist performances"
"W7164525062","approach:performative","abstract","performative"
"W7164525062","topic:parties","abstract","political leaders"
"W7164525062","topic:parties","abstract","party"
"W7164525062","topic:voters","abstract","public opinion"
"W7164525062","topic:voters","abstract","voters"
"W7164525062","method:qualitative","abstract","qualitative"
"W7164525062","method:qualitative","abstract","ethnography"
"W7164525062","region:sub-saharan-africa","abstract","africa"
"W7164525062","region:sub-saharan-africa","abstract","african"
"W7164936023","region:asia-pacific","title","south asia"
"W7164936023","country:united-states","title","us"
"W7164936023","region:north-america","rule","from the country named"
"W7167892606","topic:parties","abstract","populist leadership"
"W7167892606","topic:parties","abstract","populist leaders"
"W7167892606","topic:parties","abstract","populist movements"
"W7167892606","topic:parties","abstract","populist actors"
"W7167892606","topic:migration","abstract","xenophobic"
"W7167892606","topic:migration","abstract","anti immigration"
"W7167892606","topic:migration","abstract","migration"
"W7167892606","topic:democracy-institutions","title","liberal democracy"
"W7167892606","topic:democracy-institutions","abstract","judicial"
"W7167892606","topic:democracy-institutions","abstract","authoritarian"
"W7167892606","topic:democracy-institutions","abstract","constitutional"
"W7211869340","topic:media-communication","abstract","rhetorical"
"W7211869340","topic:media-communication","abstract","media"
"W7211869340","topic:democracy-institutions","abstract","democratic institutions"
"W7211869340","topic:democracy-institutions","abstract","democratic backsliding"
"W7211869340","country:united-states","abstract","trump"
"W7211869340","country:united-states","abstract","biden"
"W7211869340","country:united-states","abstract","bernie sanders"
"W7211869340","country:united-states","abstract","u s"
"W7211869340","region:north-america","rule","from the country named"
