"ref","tag","found_in","phrase"
"W2887419610","approach:other","abstract","conceptual approaches"
"W2887419610","topic:parties","abstract","parties"
"W2887419610","topic:parties","abstract","social movements"
"W4294863360","topic:parties","title","radical right"
"W4294863360","region:europe","title","western europe"
"W2126632676","approach:measurement","title","measuring populist"
"W2126632676","approach:measurement","abstract","measuring populist"
"W2126632676","topic:parties","abstract","parties"
"W2126632676","topic:parties","abstract","party"
"W2126632676","topic:voters","title","populist attitudes"
"W2126632676","topic:voters","title","voters"
"W2126632676","topic:voters","abstract","populist attitudes"
"W2126632676","topic:voters","abstract","voters"
"W2126632676","topic:voters","abstract","attitudes"
"W2128665302","approach:economic","title","macroeconomics of populism"
"W2128665302","topic:economy-welfare","abstract","economic"
"W2128665302","topic:economy-welfare","abstract","redistribution"
"W2128665302","topic:economy-welfare","abstract","economics"
"W2128665302","topic:economy-welfare","abstract","fiscal"
"W2128665302","region:latin-america","title","latin america"
"W2151024509","topic:parties","title","right wing populists"
"W2151024509","topic:parties","abstract","party"
"W2151024509","topic:parties","abstract","populist right"
"W2151024509","topic:parties","abstract","parties"
"W2151024509","topic:economy-welfare","abstract","economic"
"W2151024509","topic:migration","abstract","immigration"
"W2151024509","method:quantitative","abstract","probit"
"W2151024509","method:survey","abstract","survey data"
"W2151024509","region:europe","title","western europe"
"W2157932147","topic:parties","title","right wing populist"
"W2157932147","topic:parties","title","parties"
"W2157932147","topic:parties","abstract","right wing populist"
"W2157932147","topic:parties","abstract","parties"
"W2157932147","topic:parties","abstract","party"
"W2157932147","topic:economy-welfare","abstract","economic"
"W2157932147","topic:economy-welfare","abstract","welfare"
"W2157932147","topic:economy-welfare","abstract","protectionism"
"W2157932147","method:survey","abstract","european social survey"
"W2157932147","region:europe","title","western europe"
"W2157932147","region:europe","abstract","western europe"
"W2157932147","region:europe","abstract","european"
"W2157932147","country:austria","title","austria"
"W2157932147","country:austria","abstract","austria"
"W2157932147","country:belgium","title","belgium"
"W2157932147","country:belgium","abstract","belgium"
"W2157932147","country:france","title","france"
"W2157932147","country:france","abstract","france"
"W2157932147","country:norway","title","norway"
"W2157932147","country:norway","abstract","norway"
"W2157932147","country:switzerland","title","switzerland"
"W2157932147","country:switzerland","abstract","switzerland"
"W2780573154","topic:media-communication","title","communication"
"W2780573154","topic:media-communication","abstract","media"
"W2780573154","topic:media-communication","abstract","communication"
"W2780573154","region:europe","title","europe"
"W2780573154","region:europe","abstract","european"
"W2161004757","topic:economy-welfare","title","neoliberalism"
"W2161004757","topic:economy-welfare","abstract","neoliberal"
"W2161004757","topic:economy-welfare","abstract","fiscal"
"W2161004757","topic:economy-welfare","abstract","austerity"
"W2161004757","topic:economy-welfare","abstract","economic crisis"
"W2161004757","topic:economy-welfare","abstract","economic"
"W2161004757","region:latin-america","title","latin america"
"W2161004757","country:peru","title","peruvian (+ political word)"
"W2161004757","country:peru","abstract","peru"
"W2161004757","country:peru","abstract","fujimori"
"W2161004757","country:peru","abstract","peruvian (+ political word)"
"W1987963854","topic:parties","title","right wing populism"
"W1987963854","topic:parties","title","party"
"W1987963854","topic:parties","abstract","party"
"W1987963854","topic:parties","abstract","right wing populist"
"W1987963854","topic:parties","abstract","parties"
"W2152373879","topic:parties","title","radical right"
"W2152373879","topic:parties","abstract","radical right"
"W2152373879","topic:parties","abstract","parties"
"W2152373879","topic:parties","abstract","party"
"W2152373879","topic:voters","abstract","demand side"
"W2152373879","topic:voters","abstract","attitudes"
"W2161880986","topic:parties","title","radical right"
"W2161880986","topic:parties","title","parties"
"W2161880986","topic:parties","abstract","radical right"
"W2161880986","topic:parties","abstract","party"
"W2161880986","topic:parties","abstract","parties"
"W2161880986","topic:migration","abstract","immigration"
"W2161880986","region:europe","title","western europe"
"W2161880986","region:europe","abstract","western europe"
"W2161880986","region:europe","abstract","european"
"W3165367686","region:europe","title","europe"
"W3165367686","region:europe","abstract","europe"
"W2149971088","approach:ideational","abstract","thin centered"
"W2149971088","topic:democracy-institutions","abstract","constitutional"
"W2121920773","topic:parties","title","right wing populism"
"W2121920773","topic:parties","abstract","far right"
"W2121920773","topic:parties","abstract","parties"
"W2121920773","topic:parties","abstract","radical right"
"W2121920773","topic:parties","abstract","right wing populism"
"W2121920773","topic:economy-welfare","title","globalization"
"W2121920773","topic:economy-welfare","title","welfare"
"W2121920773","topic:economy-welfare","abstract","globalization"
"W2121920773","topic:economy-welfare","abstract","economic"
"W2121920773","topic:economy-welfare","abstract","welfare"
"W2121920773","region:europe","title","western europe"
"W2121920773","region:europe","abstract","western europe"
"W2121920773","region:europe","abstract","european"
"W2039810455","topic:parties","abstract","party systems"
"W2039810455","topic:parties","abstract","parties"
"W2039810455","region:europe","abstract","europe"
"W2039810455","region:europe","abstract","european"
"W2039810455","region:europe","abstract","western europe"
"W2039810455","region:europe","abstract","eastern europe"
"W2146652587","topic:parties","title","radical right"
"W2146652587","topic:parties","abstract","parties"
"W2146652587","topic:parties","abstract","radical right"
"W2146652587","topic:parties","abstract","party system"
"W2146652587","topic:parties","abstract","far right"
"W2146652587","region:europe","title","western europe"
"W2782483882","topic:parties","abstract","parties"
"W2782483882","topic:voters","abstract","attitudes"
"W2782483882","topic:economy-welfare","abstract","unemployment"
"W2782483882","topic:economy-welfare","abstract","economy"
"W2782483882","topic:economy-welfare","abstract","economic"
"W2782483882","region:europe","title","european"
"W2782483882","region:europe","abstract","europe"
"W2782483882","region:europe","abstract","european"
"W2801662618","topic:international","abstract","transnational"
"W2801662618","topic:economy-welfare","abstract","economic crisis"
"W2801662618","topic:economy-welfare","abstract","neoliberalism"
"W2801662618","topic:economy-welfare","abstract","globalization"
"W2801662618","topic:gender","title","gender"
"W2801662618","topic:gender","abstract","gender"
"W2801662618","topic:gender","abstract","lgbt"
"W2801662618","topic:gender","abstract","genderism"
"W2801662618","topic:gender","abstract","feminist"
"W2801662618","topic:democracy-institutions","title","illiberal"
"W2801662618","topic:democracy-institutions","abstract","liberal democracy"
"W2801662618","topic:democracy-institutions","abstract","illiberal"
"W2077833427","topic:democracy-institutions","title","authoritarianism"
"W2077833427","topic:democracy-institutions","abstract","authoritarianism"
"W2077833427","topic:democracy-institutions","abstract","democratic institutions"
"W2077833427","region:latin-america","title","andes"
"W2077833427","region:latin-america","abstract","latin america"
"W2077833427","region:latin-america","abstract","andes"
"W2077833427","country:bolivia","abstract","bolivia"
"W2077833427","country:ecuador","abstract","ecuador"
"W2077833427","country:peru","abstract","peru"
"W2077833427","country:venezuela","abstract","venezuela"
"W2016862978","approach:measurement","title","measuring populism"
"W2016862978","approach:measurement","abstract","measurement of populism"
"W2016862978","approach:measurement","abstract","measure populism"
"W2488723362","topic:parties","title","radical right"
"W2488723362","topic:parties","title","parties"
"W2488723362","topic:parties","abstract","party"
"W2488723362","topic:parties","abstract","parties"
"W2488723362","topic:parties","abstract","candidates"
"W2488723362","topic:voters","abstract","electorate"
"W2488723362","topic:voters","abstract","voters"
"W2488723362","topic:religion","abstract","christian"
"W2488723362","topic:migration","abstract","immigration"
"W2488723362","topic:migration","abstract","xenophobia"
"W2488723362","topic:democracy-institutions","abstract","authoritarian"
"W2488723362","topic:democracy-institutions","abstract","constitutional"
"W2488723362","topic:democracy-institutions","abstract","court"
"W2488723362","region:europe","title","western europe"
"W2488723362","country:belgium","abstract","belgium"
"W2488723362","country:belgium","abstract","flanders"
"W2488723362","country:belgium","abstract","vlaams belang"
"W2488723362","country:belgium","abstract","vlaams blok"
"W2488723362","country:belgium","abstract","flemish (+ political word)"
"W2610717110","topic:parties","title","party"
"W2610717110","topic:parties","abstract","parties"
"W2610717110","topic:parties","abstract","party"
"W2610717110","topic:parties","abstract","right wing populist"
"W2610717110","topic:parties","abstract","left wing populist"
"W2610717110","topic:voters","title","populist attitudes"
"W2610717110","topic:voters","abstract","demand side"
"W2610717110","topic:voters","abstract","electorate"
"W2610717110","topic:voters","abstract","support for populist"
"W2610717110","topic:voters","abstract","populist attitudes"
"W2610717110","topic:voters","abstract","citizens"
"W2610717110","topic:voters","abstract","supporters"
"W2610717110","topic:voters","abstract","attitudes"
"W2610717110","topic:voters","abstract","voters"
"W2610717110","method:survey","abstract","survey data"
"W2638401045","topic:parties","title","parties"
"W2638401045","topic:parties","abstract","parties"
"W2638401045","topic:voters","title","voter"
"W2638401045","topic:voters","title","electorates"
"W2638401045","topic:voters","abstract","voters"
"W2638401045","topic:voters","abstract","voter"
"W2638401045","topic:voters","abstract","electorates"
"W2638401045","topic:voters","abstract","attitudes"
"W2638401045","region:europe","abstract","western european"
"W4230236762","topic:media-communication","abstract","media"
"W2248592500","topic:parties","title","radical right"
"W2248592500","topic:parties","title","parties"
"W2248592500","topic:parties","abstract","populist right"
"W2248592500","topic:parties","abstract","radical right"
"W2248592500","topic:parties","abstract","parties"
"W2248592500","topic:economy-welfare","abstract","neoliberal"
"W2248592500","topic:economy-welfare","abstract","economic"
"W2248592500","topic:migration","abstract","xenophobia"
"W2248592500","topic:migration","abstract","immigration"
"W2248592500","region:europe","title","western europe"
"W2980989172","topic:parties","abstract","parties"
"W2980989172","topic:parties","abstract","radical right"
"W2980989172","topic:economy-welfare","abstract","economic"
"W2980989172","method:survey","abstract","survey data"
"W3122961667","topic:economy-welfare","title","economy"
"W3122961667","topic:economy-welfare","abstract","economic"
"W3122961667","topic:economy-welfare","abstract","financial crisis"
"W3122961667","topic:economy-welfare","abstract","austerity"
"W3122961667","topic:migration","abstract","immigration"
"W3122961667","topic:migration","abstract","refugee"
"W2747417025","topic:voters","title","populist attitudes"
"W2747417025","topic:voters","abstract","voters"
"W2747417025","topic:voters","abstract","populist attitudes"
"W2747417025","topic:voters","abstract","citizens"
"W2747417025","topic:voters","abstract","support for populism"
"W2747417025","method:survey","abstract","panel survey"
"W2055820806","topic:economy-welfare","title","neoliberalism"
"W2055820806","region:latin-america","title","latin america"
"W1977500843","topic:parties","title","right wing populist"
"W1977500843","topic:parties","title","parties"
"W1977500843","topic:parties","abstract","right wing populist"
"W1977500843","topic:parties","abstract","parties"
"W1977500843","topic:parties","abstract","right wing populism"
"W1977500843","topic:parties","abstract","party"
"W1977500843","topic:government","title","in government"
"W1977500843","topic:government","abstract","in government"
"W2012376608","topic:parties","title","populist right"
"W2012376608","topic:parties","abstract","radical right"
"W2012376608","topic:parties","abstract","parties"
"W2012376608","topic:parties","abstract","party systems"
"W2012376608","topic:parties","abstract","populist right"
"W2165396007","topic:parties","title","populist right"
"W2165396007","topic:parties","title","parties"
"W2165396007","topic:parties","abstract","populist right"
"W2165396007","topic:parties","abstract","parties"
"W2165396007","topic:voters","abstract","voters"
"W2165396007","topic:economy-welfare","title","economic"
"W2165396007","topic:economy-welfare","abstract","economic"
"W2165396007","topic:economy-welfare","abstract","economy"
"W2165396007","region:europe","abstract","western europe"
"W3123561300","topic:parties","title","right wing populism"
"W3123561300","topic:parties","abstract","right wing populist"
"W3123561300","topic:parties","abstract","parties"
"W3123561300","topic:parties","abstract","populist right"
"W3123561300","method:qualitative","abstract","in depth case studies"
"W3123561300","region:europe","title","europe"
"W3123561300","region:europe","abstract","europe"
"W3123561300","region:europe","abstract","eu"
"W3123561300","country:hungary","abstract","hungary"
"W3123561300","country:hungary","abstract","jobbik"
"W2784662992","topic:media-communication","title","communication"
"W2784662992","topic:media-communication","abstract","communication"
"W2784662992","topic:media-communication","abstract","media"
"W2051935979","topic:parties","title","parties"
"W2051935979","topic:parties","abstract","parties"
"W2051935979","topic:parties","abstract","party"
"W2051935979","topic:parties","abstract","manifestos"
"W2051935979","topic:economy-welfare","title","welfare"
"W2051935979","topic:economy-welfare","abstract","welfare"
"W2051935979","method:quantitative","abstract","quantitative analyses"
"W2588946225","approach:measurement","title","measuring populist"
"W2588946225","approach:measurement","abstract","measure of populist"
"W2588946225","topic:voters","title","populist attitudes"
"W2588946225","topic:voters","abstract","attitudes"
"W2588946225","topic:voters","abstract","populist attitudes"
"W2762513593","topic:parties","abstract","populist right"
"W2762513593","topic:parties","abstract","radical right"
"W2762513593","topic:economy-welfare","abstract","globalization"
"W2762513593","topic:economy-welfare","abstract","economic"
"W2762513593","topic:economy-welfare","abstract","unemployment"
"W2762513593","topic:economy-welfare","abstract","welfare"
"W2762513593","topic:migration","abstract","migration"
"W2762513593","topic:migration","abstract","refugees"
"W2762513593","topic:migration","abstract","immigrants"
"W3128539138","topic:international","abstract","international order"
"W3128539138","topic:spatial","title","geography of"
"W3128539138","topic:economy-welfare","title","economic"
"W3128539138","topic:economy-welfare","title","globalization"
"W3128539138","topic:economy-welfare","abstract","globalization"
"W3128539138","topic:economy-welfare","abstract","economic"
"W3128539138","topic:economy-welfare","abstract","inequalities"
"W3128539138","topic:economy-welfare","abstract","financial crisis"
"W3128539138","topic:economy-welfare","abstract","labor markets"
"W1497591354","topic:voters","abstract","citizens"
"W2982520193","topic:voters","abstract","voters"
"W2982520193","topic:voters","abstract","support for populism"
"W2982520193","topic:economy-welfare","title","economic"
"W2982520193","topic:economy-welfare","abstract","economic"
"W2982520193","topic:economy-welfare","abstract","economics"
"W2057148939","todo:check-outlet","journal","Journal of Democracy"
"W2057148939","topic:parties","title","populist left"
"W2057148939","topic:economy-welfare","abstract","neoliberal"
"W2057148939","topic:economy-welfare","abstract","economic"
"W2057148939","topic:democracy-institutions","title","authoritarian"
"W2057148939","topic:democracy-institutions","abstract","authoritarianism"
"W2057148939","topic:democracy-institutions","abstract","checks and balances"
"W2057148939","region:latin-america","title","latin america"
"W2096835755","topic:parties","abstract","parties"
"W2096835755","topic:economy-welfare","title","welfare"
"W2096835755","topic:economy-welfare","abstract","welfare"
"W2096835755","method:survey","abstract","survey data"
"W2096835755","country:netherlands","title","netherlands"
"W2096835755","region:europe","rule","from the country named"
"W2094211068","topic:parties","abstract","parties"
"W2094211068","topic:parties","abstract","party"
"W2094211068","topic:economy-welfare","abstract","economic"
"W2094211068","country:argentina","title","argentina"
"W2094211068","country:argentina","abstract","argentina"
"W2094211068","country:argentina","abstract","peronist"
"W2094211068","country:argentina","abstract","peronism"
"W2094211068","country:mexico","title","mexico"
"W2094211068","region:latin-america","rule","from the country named"
"W2132116471","topic:parties","title","parties"
"W2132116471","topic:parties","abstract","far right"
"W2132116471","topic:parties","abstract","parties"
"W2132116471","topic:parties","abstract","party systems"
"W2132116471","topic:parties","abstract","party"
"W2132116471","region:europe","title","western europe"
"W2132116471","region:europe","abstract","european"
"W1548818552","topic:media-communication","title","media"
"W1548818552","topic:media-communication","abstract","media"
"W1548818552","topic:media-communication","abstract","rhetoric"
"W4245625695","topic:parties","abstract","party"
"W4245625695","topic:voters","abstract","public opinion"
"W4245625695","topic:voters","abstract","public support"
"W4245625695","topic:democracy-institutions","title","authoritarianism"
"W4245625695","topic:democracy-institutions","abstract","authoritarian"
"W4245625695","topic:democracy-institutions","abstract","authoritarianism"
"W4245625695","topic:democracy-institutions","abstract","rule of law"
"W4245625695","method:survey","abstract","public opinion surveys"
"W4245625695","country:china","title","chinese (+ political word)"
"W4245625695","region:asia-pacific","rule","from the country named"
"W2921238468","approach:measurement","abstract","measure populist"
"W2921238468","topic:voters","title","populist attitudes"
"W2921238468","topic:voters","abstract","populist attitudes"
"W2921238468","method:survey","abstract","original survey"
"W2496140161","topic:parties","title","parties"
"W2496140161","region:europe","title","europe"
"W2783768721","region:europe","title","european"
"W2915714879","topic:parties","abstract","parties"
"W2915714879","region:europe","title","western europe"
"W2915714879","region:europe","abstract","western europe"
"W2915714879","region:europe","abstract","european"
"W2915714879","region:europe","abstract","western european"
"W2022505181","topic:media-communication","title","journalistic"
"W2022505181","topic:media-communication","abstract","journalistic"
"W2022505181","topic:media-communication","abstract","journalists"
"W2022505181","topic:media-communication","abstract","journalism"
"W2161137245","approach:ideational","title","populism as a thin"
"W2161137245","topic:voters","abstract","voters"
"W2161137245","topic:voters","abstract","support for populism"
"W4230915874","topic:parties","abstract","populist politicians"
"W4230915874","topic:parties","abstract","populist movements"
"W3005260318","approach:ideational","title","ideational approach"
"W3005260318","approach:ideational","abstract","ideational approach"
"W3005260318","approach:measurement","abstract","measure populist"
"W3005260318","topic:voters","abstract","attitudes"
"W3005260318","topic:voters","abstract","citizens"
"W3005260318","method:survey","abstract","survey data"
"W3005260318","country:united-states","abstract","us"
"W3005260318","region:global","rule","three or more regions named: europe, latin-america, north-america"
"W2419616447","topic:voters","abstract","attitudes"
"W2419616447","topic:voters","abstract","populist attitudes"
"W2419616447","topic:voters","abstract","citizens"
"W2419616447","topic:media-communication","title","communication"
"W3016121489","topic:parties","title","populist right"
"W3016121489","topic:parties","abstract","right wing populism"
"W3016121489","topic:parties","abstract","right wing populist"
"W3016121489","topic:parties","abstract","parties"
"W3016121489","topic:economy-welfare","abstract","economic"
"W3016121489","topic:economy-welfare","abstract","welfare"
"W3016121489","method:quantitative","abstract","panel data"
"W3016121489","method:survey","abstract","original survey"
"W3088905589","topic:media-communication","title","journalists"
"W3088905589","topic:media-communication","abstract","journalists"
"W3088905589","topic:media-communication","abstract","journalism"
"W3088905589","topic:media-communication","abstract","communication"
"W3088905589","country:united-states","title","us"
"W3088905589","region:north-america","rule","from the country named"
"W3004654961","approach:measurement","title","measurement of populist"
"W3004654961","approach:measurement","abstract","populism scales"
"W3004654961","topic:voters","title","populist attitudes"
"W3004654961","topic:voters","abstract","populist attitudes"
"W3004654961","topic:voters","abstract","public opinion"
"W2008156616","topic:parties","title","radical right"
"W2008156616","topic:parties","title","parties"
"W2008156616","topic:parties","abstract","party"
"W2008156616","topic:parties","abstract","radical right"
"W2008156616","topic:parties","abstract","far right"
"W2008156616","topic:migration","abstract","immigration"
"W2008156616","topic:migration","abstract","xenophobia"
"W2008156616","country:denmark","title","denmark"
"W2008156616","country:denmark","abstract","danish people s party"
"W2008156616","country:denmark","abstract","danish (+ political word)"
"W2008156616","region:europe","rule","from the country named"
"W2605839926","approach:discursive","abstract","discourse theoretical"
"W2605839926","topic:parties","title","right wing populism"
"W2605839926","topic:parties","abstract","parties"
"W2605839926","region:europe","title","europe"
"W2903664754","topic:international","abstract","brexit"
"W2903664754","topic:international","abstract","euroscepticism"
"W2999491642","topic:government","title","administration"
"W2999491642","topic:government","abstract","administration"
"W2999491642","topic:government","abstract","populists in government"
"W2999491642","topic:democracy-institutions","title","democratic backsliding"
"W2999491642","country:hungary","abstract","hungary"
"W2999491642","country:hungary","abstract","orban"
"W2999491642","country:switzerland","abstract","switzerland"
"W2999491642","country:switzerland","abstract","blocher"
"W2999491642","country:united-states","abstract","united states"
"W2999491642","country:united-states","abstract","trump"
"W2999491642","country:peru","abstract","peru"
"W2999491642","country:peru","abstract","fujimori"
"W2999491642","region:global","rule","three or more regions named: europe, north-america, latin-america"
"W3033536677","topic:parties","title","right wing populism"
"W3033536677","topic:parties","abstract","right wing populist"
"W3033536677","topic:migration","title","immigration"
"W3033536677","topic:migration","abstract","immigration"
"W3033536677","topic:migration","abstract","immigrants"
"W3033536677","topic:migration","abstract","refugees"
"W3033536677","topic:migration","abstract","anti immigration"
"W3033536677","topic:migration","abstract","refugee"
"W3033536677","country:poland","abstract","poland"
"W3033536677","region:europe","rule","from the country named"
"W2113291150","approach:ideational","abstract","host ideology"
"W2113291150","topic:parties","abstract","parties"
"W2113291150","topic:parties","abstract","party"
"W2113291150","topic:voters","abstract","support for populist"
"W2113291150","topic:voters","abstract","voter"
"W2113291150","country:germany","title","germany"
"W2113291150","country:germany","abstract","germany"
"W2113291150","country:netherlands","title","netherlands"
"W2113291150","country:netherlands","abstract","netherlands"
"W2113291150","country:netherlands","abstract","dutch (+ political word)"
"W2113291150","country:united-states","title","united states"
"W2113291150","country:united-states","abstract","united states"
"W2113291150","country:united-states","abstract","tea party"
"W2113291150","region:europe","rule","from the country named"
"W2113291150","region:north-america","rule","from the country named"
"W2891556220","region:asia-pacific","abstract","asia"
"W2942048673","topic:parties","abstract","parties"
"W2942048673","topic:voters","title","populist attitudes"
"W2942048673","topic:voters","abstract","voters"
"W2942048673","topic:voters","abstract","populist attitudes"
"W2942048673","topic:voters","abstract","attitudes"
"W2782427774","todo:check-record","rule","DOI accepted by reading, not by the automatic rule"
"W2782427774","topic:parties","title","radical right"
"W2782427774","topic:parties","abstract","radical right"
"W2782427774","topic:parties","abstract","parties"
"W2782427774","topic:parties","abstract","far right"
"W2782427774","topic:parties","abstract","party"
"W2782427774","topic:voters","abstract","voters"
"W2782427774","topic:migration","abstract","immigration"
"W2782427774","topic:migration","abstract","asylum"
"W2760970363","topic:religion","title","religion"
"W2766673364","approach:ideational","abstract","populism as a thin"
"W2766673364","topic:parties","abstract","parties"
"W2766673364","method:qualitative","abstract","qualitative"
"W2766673364","region:europe","abstract","european"
"W2766673364","country:france","title","front national"
"W2766673364","country:italy","title","northern league"
"W2766673364","country:italy","title","five star movement"
"W2766673364","country:spain","title","podemos"
"W2802542261","todo:check-outlet","journal","Journal of Democracy"
"W2802542261","topic:democracy-institutions","title","liberal democracy"
"W2802542261","topic:democracy-institutions","abstract","liberal democracy"
"W2802542261","topic:democracy-institutions","abstract","constitutionalism"
"W2076977277","topic:international","abstract","transnational"
"W2076977277","topic:parties","title","radical right"
"W2076977277","topic:parties","title","parties"
"W2076977277","topic:parties","title","party"
"W2076977277","topic:parties","abstract","party system"
"W2076977277","topic:parties","abstract","parties"
"W2076977277","topic:parties","abstract","radical right"
"W2076977277","topic:parties","abstract","party"
"W2076977277","topic:parties","abstract","manifestos"
"W2076977277","topic:parties","abstract","party systems"
"W2076977277","method:qualitative","abstract","interviews"
"W2076977277","method:quantitative","abstract","expert surveys"
"W2076977277","region:europe","title","nordic"
"W564659711","topic:gender","abstract","women"
"W564659711","method:qualitative","abstract","archival"
"W2626714086","topic:parties","title","candidates"
"W2626714086","topic:parties","abstract","candidates"
"W2626714086","topic:voters","title","support for populist"
"W2626714086","topic:government","title","populist presidential"
"W2626714086","topic:media-communication","title","media"
"W2626714086","topic:media-communication","abstract","media"
"W2626714086","topic:media-communication","abstract","communication"
"W2626714086","topic:media-communication","abstract","facebook"
"W2626714086","topic:media-communication","abstract","twitter"
"W2626714086","topic:media-communication","abstract","television"
"W2626714086","country:united-states","title","us"
"W2626714086","country:united-states","abstract","trump"
"W2626714086","country:united-states","abstract","bernie sanders"
"W2626714086","country:united-states","abstract","us"
"W2626714086","country:united-states","abstract","obama"
"W2626714086","country:united-states","abstract","sanders"
"W2626714086","region:north-america","rule","from the country named"
"W4388110941","topic:voters","title","public opinion"
"W4388110941","topic:voters","abstract","public opinion"
"W4388110941","topic:voters","abstract","attitudes"
"W2343692275","topic:parties","abstract","populist leaders"
"W2343692275","topic:parties","abstract","candidate"
"W2343692275","topic:voters","abstract","citizens"
"W2343692275","topic:voters","abstract","supporters"
"W2343692275","topic:voters","abstract","public support"
"W2343692275","method:qualitative","abstract","ethnographic"
"W2343692275","method:qualitative","abstract","fieldwork"
"W2343692275","country:philippines","title","duterte"
"W2343692275","country:philippines","abstract","duterte"
"W2343692275","country:philippines","abstract","philippine (+ political word)"
"W2343692275","region:asia-pacific","rule","from the country named"
"W3008922595","topic:parties","abstract","parties"
"W3008922595","topic:voters","abstract","voter"
"W3008922595","topic:voters","abstract","attitudes"
"W3008922595","topic:voters","abstract","voters"
"W3008922595","topic:economy-welfare","abstract","economic"
"W3008922595","topic:economy-welfare","abstract","austerity"
"W3008922595","region:europe","title","europe"
"W3008922595","region:europe","abstract","europe"
"W3008922595","region:europe","abstract","european"
"W3137748114","topic:parties","abstract","parties"
"W3137748114","topic:parties","abstract","party"
"W3137748114","topic:voters","abstract","attitudes"
"W3137748114","method:survey","abstract","european social survey"
"W3137748114","region:europe","title","europe"
"W3137748114","region:europe","abstract","european"
"W3137748114","region:europe","abstract","western european"
"W1949219807","topic:parties","abstract","parties"
"W1949219807","topic:parties","abstract","party"
"W1949219807","topic:media-communication","title","media"
"W1949219807","topic:media-communication","abstract","media"
"W1949219807","topic:media-communication","abstract","newspapers"
"W1949219807","region:europe","title","western european"
"W1949219807","region:europe","abstract","western european"
"W2120945826","topic:parties","title","right wing populist"
"W2120945826","topic:parties","title","parties"
"W2120945826","topic:parties","abstract","right wing populist"
"W2120945826","topic:parties","abstract","parties"
"W2120945826","topic:parties","abstract","populist leaders"
"W2120945826","topic:parties","abstract","party"
"W2034297910","approach:measurement","title","measuring populism"
"W2034297910","approach:measurement","abstract","measure populism"
"W2034297910","topic:parties","title","party"
"W2034297910","topic:parties","abstract","party"
"W2034297910","topic:parties","abstract","parties"
"W2034297910","topic:parties","abstract","radical right"
"W2034297910","method:qta","title","quantitative text analysis"
"W2034297910","method:qta","abstract","quantitative text analysis"
"W2034297910","country:belgium","title","belgium"
"W2034297910","country:belgium","abstract","vlaams belang"
"W2034297910","country:belgium","abstract","belgian (+ political word)"
"W2034297910","region:europe","rule","from the country named"
"W2029340269","topic:parties","title","radical right"
"W2029340269","topic:parties","abstract","radical right"
"W2029340269","topic:parties","abstract","parties"
"W2029340269","country:spain","title","spain"
"W2029340269","country:spain","abstract","spain"
"W2029340269","region:europe","rule","from the country named"
"W2785669466","topic:international","title","brexit"
"W2785669466","topic:economy-welfare","abstract","neoliberalism"
"W2785669466","country:united-kingdom","title","brexit"
"W2785669466","country:united-states","title","trump"
"W2785669466","country:united-states","abstract","united states"
"W2785669466","country:united-states","abstract","trump"
"W2785669466","region:europe","rule","from the country named"
"W2785669466","region:north-america","rule","from the country named"
"W2783915894","topic:parties","abstract","right wing populism"
"W2783915894","topic:parties","abstract","right wing populists"
"W2762523793","topic:voters","title","support for populism"
"W2762523793","topic:voters","abstract","support for populism"
"W2762523793","country:poland","abstract","law and justice"
"W2762523793","country:poland","abstract","polish (+ political word)"
"W2762523793","country:united-kingdom","abstract","brexit"
"W2762523793","country:united-kingdom","abstract","british (+ political word)"
"W2762523793","country:united-states","abstract","trump"
"W2762523793","country:united-states","abstract","american (+ political word)"
"W2762523793","region:europe","rule","from the country named"
"W2762523793","region:north-america","rule","from the country named"
"W2075685664","approach:discursive","abstract","laclau"
"W2075685664","topic:parties","abstract","party"
"W2075685664","topic:parties","abstract","parties"
"W2888131728","topic:voters","title","citizens"
"W2888131728","topic:voters","abstract","citizens"
"W2888131728","topic:voters","abstract","populist attitudes"
"W2888131728","topic:voters","abstract","public opinion"
"W2888131728","topic:media-communication","title","fake news"
"W2888131728","topic:media-communication","title","media"
"W2888131728","topic:media-communication","abstract","media"
"W2888131728","method:quantitative","abstract","regression"
"W2120192219","topic:parties","abstract","party"
"W2120192219","topic:parties","abstract","party systems"
"W2120192219","topic:democracy-institutions","title","authoritarian"
"W2120192219","topic:democracy-institutions","abstract","illiberalism"
"W2120192219","topic:democracy-institutions","abstract","authoritarian"
"W2120192219","country:greece","title","greece"
"W2120192219","country:hungary","title","hungary"
"W2120192219","region:europe","rule","from the country named"
"W2736640248","topic:parties","title","right wing populism"
"W2736640248","topic:parties","abstract","right wing populist"
"W2736640248","topic:parties","abstract","parties"
"W2736640248","topic:parties","abstract","right wing populism"
"W2736640248","region:europe","title","europe"
"W2736640248","region:europe","abstract","europe"
"W2736640248","country:united-states","title","usa"
"W2736640248","country:united-states","title","trumpism"
"W2736640248","country:united-states","abstract","usa"
"W2736640248","country:united-states","abstract","trump"
"W2736640248","region:north-america","rule","from the country named"
"W3104995281","topic:parties","title","populist leaders"
"W3104995281","topic:government","abstract","populist presidents"
"W3104995281","topic:government","abstract","populist rule"
"W3104995281","topic:economy-welfare","title","economy"
"W3104995281","topic:economy-welfare","abstract","economic"
"W2534143925","approach:performative","abstract","populist style"
"W2534143925","approach:performative","abstract","political style"
"W2534143925","topic:democracy-institutions","title","authoritarian"
"W2534143925","country:philippines","title","duterte"
"W2534143925","country:philippines","title","philippine (+ political word)"
"W2534143925","country:philippines","abstract","philippines"
"W2534143925","country:philippines","abstract","duterte"
"W2534143925","region:asia-pacific","rule","from the country named"
"W1917244245","topic:voters","abstract","citizens"
"W1917244245","topic:voters","abstract","attitudes"
"W1917244245","topic:democracy-institutions","abstract","direct democracy"
"W1917244245","topic:democracy-institutions","abstract","referendum"
"W1917244245","country:united-kingdom","title","united kingdom"
"W1917244245","region:europe","rule","from the country named"
"W2738635950","topic:parties","title","radical right"
"W2738635950","topic:parties","title","parties"
"W2738635950","topic:parties","abstract","radical right"
"W2738635950","topic:parties","abstract","parties"
"W2738635950","topic:voters","abstract","demand side"
"W2738635950","topic:voters","abstract","citizens"
"W2738635950","region:europe","title","europe"
"W4252516714","topic:parties","title","radical right"
"W4252516714","topic:parties","abstract","far right"
"W4252516714","topic:parties","abstract","radical right"
"W4252516714","topic:parties","abstract","parties"
"W4252516714","topic:parties","abstract","party"
"W4252516714","topic:parties","abstract","party leaders"
"W4252516714","method:qualitative","abstract","interviews"
"W4252516714","method:quantitative","abstract","expert surveys"
"W4252516714","region:europe","title","eastern europe"
"W4252516714","region:europe","abstract","europe"
"W4252516714","region:europe","abstract","eastern europe"
"W4252516714","region:europe","abstract","european"
"W4252516714","country:hungary","abstract","hungary"
"W4252516714","country:hungary","abstract","jobbik"
"W2000985107","approach:measurement","abstract","operationalization populist"
"W2000985107","topic:parties","title","radical right"
"W2000985107","topic:parties","title","parties"
"W2000985107","topic:parties","title","party system"
"W2000985107","topic:parties","abstract","radical right"
"W2000985107","topic:parties","abstract","parties"
"W2000985107","topic:parties","abstract","party systems"
"W2000985107","topic:parties","abstract","party"
"W2000985107","topic:parties","abstract","party competition"
"W2000985107","topic:parties","abstract","party system"
"W2000985107","region:europe","abstract","western europe"
"W2000985107","region:europe","abstract","western european"
"W2335774726","approach:discursive","abstract","laclau"
"W2335774726","topic:parties","title","left wing populism"
"W2335774726","topic:parties","abstract","left wing populism"
"W2335774726","topic:parties","abstract","party"
"W2335774726","topic:parties","abstract","party leadership"
"W2335774726","country:spain","title","spain"
"W2335774726","country:spain","title","podemos"
"W2335774726","country:spain","abstract","podemos"
"W2335774726","region:europe","rule","from the country named"
"W4380052622","todo:check-outlet","journal","Journal of Democracy"
"W4380052622","topic:international","abstract","eu"
"W4380052622","topic:democracy-institutions","abstract","checks and balances"
"W4380052622","topic:democracy-institutions","abstract","authoritarianism"
"W4380052622","topic:democracy-institutions","abstract","authoritarian"
"W4380052622","region:europe","title","central europe"
"W4380052622","region:europe","abstract","eastern europe"
"W4380052622","region:europe","abstract","eu"
"W2123320848","topic:parties","title","right wing populist"
"W2123320848","topic:parties","abstract","right wing populist"
"W2123320848","topic:parties","abstract","party leaders"
"W2123320848","topic:parties","abstract","parties"
"W2123320848","topic:parties","abstract","political leaders"
"W2123320848","topic:media-communication","title","media"
"W2123320848","topic:media-communication","abstract","media"
"W2123320848","method:survey","abstract","panel survey"
"W2590003097","topic:parties","title","radical right"
"W2590003097","topic:parties","title","radical left"
"W2590003097","topic:parties","title","parties"
"W2590003097","topic:parties","abstract","parties"
"W2590003097","topic:parties","abstract","radical right"
"W2590003097","topic:parties","abstract","radical left"
"W2590003097","topic:voters","title","populist attitudes"
"W2590003097","topic:voters","abstract","populist attitudes"
"W2590003097","topic:voters","abstract","voters"
"W2590003097","topic:gender","title","gender"
"W2590003097","topic:gender","abstract","women"
"W2590003097","topic:gender","abstract","gender"
"W2945950988","topic:parties","abstract","parties"
"W2945950988","topic:parties","abstract","party"
"W2945950988","topic:parties","abstract","far right"
"W2945950988","topic:migration","abstract","anti immigrant"
"W2945950988","topic:migration","abstract","immigration"
"W2945950988","country:italy","title","five star movement"
"W2945950988","country:italy","abstract","five star movement"
"W2945950988","country:italy","abstract","grillo"
"W2945950988","region:europe","rule","from the country named"
"W2034101617","topic:economy-welfare","title","globalization"
"W2034101617","topic:economy-welfare","abstract","neoliberalism"
"W2034101617","topic:economy-welfare","abstract","globalization"
"W2034101617","country:poland","title","polish (+ political word)"
"W2034101617","region:europe","rule","from the country named"
"W2616734984","topic:voters","abstract","citizens"
"W2616734984","topic:government","abstract","populist presidents"
"W2616734984","topic:government","abstract","populist presidential"
"W2616734984","topic:media-communication","title","communication"
"W2616734984","topic:media-communication","title","twitter"
"W2616734984","topic:media-communication","abstract","twitter"
"W2616734984","topic:media-communication","abstract","communication"
"W2616734984","topic:media-communication","abstract","rhetoric"
"W2616734984","topic:media-communication","abstract","media"
"W2616734984","topic:media-communication","abstract","journalists"
"W2616734984","region:latin-america","title","latin america"
"W2119892444","topic:parties","title","radical right"
"W2119892444","topic:parties","title","party"
"W2119892444","topic:parties","abstract","party"
"W2119892444","topic:parties","abstract","parties"
"W2119892444","topic:parties","abstract","right wing populism"
"W2119892444","topic:parties","abstract","radical right"
"W2119892444","region:europe","title","european"
"W2119892444","region:europe","abstract","european"
"W2119892444","country:denmark","abstract","danish people s party"
"W2119892444","country:denmark","abstract","danish (+ political word)"
"W2119892444","country:finland","title","true finns"
"W2610074945","topic:economy-welfare","abstract","economic"
"W2610074945","topic:economy-welfare","abstract","welfare"
"W2610074945","topic:economy-welfare","abstract","redistribution"
"W2610074945","topic:economy-welfare","abstract","fiscal"
"W1715550616","topic:parties","title","populist right"
"W1715550616","topic:parties","title","parties"
"W1715550616","topic:parties","abstract","populist right"
"W1715550616","topic:parties","abstract","parties"
"W1715550616","topic:economy-welfare","title","economic"
"W1715550616","topic:economy-welfare","abstract","economy"
"W1715550616","topic:economy-welfare","abstract","economic"
"W1715550616","topic:migration","abstract","anti immigration"
"W1715550616","topic:migration","abstract","anti immigrant"
"W1715550616","topic:migration","abstract","refugees"
"W1715550616","topic:migration","abstract","immigrants"
"W1715550616","method:experiment","abstract","conducted an experiment"
"W2996397755","topic:voters","abstract","populist attitudes"
"W2996397755","topic:voters","abstract","vote choice"
"W2996397755","topic:voters","abstract","citizens"
"W2996397755","method:survey","abstract","survey data"
"W2996397755","region:europe","title","europe"
"W2996397755","region:europe","abstract","european"
"W2996397755","region:europe","abstract","europe"
"W2996397755","region:latin-america","title","latin america"
"W1557748257","topic:parties","title","party"
"W1557748257","topic:parties","abstract","parties"
"W1557748257","topic:parties","abstract","party"
"W1557748257","method:qualitative","abstract","interviews"
"W1557748257","region:sub-saharan-africa","title","african"
"W1557748257","region:sub-saharan-africa","abstract","africa"
"W1557748257","region:sub-saharan-africa","abstract","african"
"W2914664700","topic:economy-welfare","abstract","neoliberalism"
"W2914664700","topic:economy-welfare","abstract","neoliberal"
"W2914664700","topic:democracy-institutions","title","authoritarianism"
"W2914664700","topic:democracy-institutions","abstract","authoritarian"
"W2914664700","topic:democracy-institutions","abstract","authoritarianism"
"W2343125793","topic:parties","abstract","party system"
"W2343125793","topic:parties","abstract","party"
"W2343125793","topic:parties","abstract","radical right"
"W2343125793","topic:parties","abstract","right wing populist"
"W2343125793","topic:parties","abstract","parties"
"W2343125793","topic:parties","abstract","populist actors"
"W2343125793","topic:government","title","populists in government"
"W2343125793","topic:economy-welfare","abstract","economic crisis"
"W2343125793","topic:economy-welfare","abstract","economic"
"W2343125793","country:greece","title","greece"
"W2343125793","country:greece","title","syriza"
"W2343125793","country:greece","title","anel"
"W2343125793","country:greece","abstract","greece"
"W2343125793","country:greece","abstract","pasok"
"W2343125793","country:greece","abstract","syriza"
"W2343125793","country:greece","abstract","tsipras"
"W2343125793","country:greece","abstract","anel"
"W2343125793","region:europe","rule","from the country named"
"W2079161473","topic:parties","abstract","populist politicians"
"W2079161473","topic:parties","abstract","parties"
"W2079161473","topic:parties","abstract","radical right"
"W2079161473","topic:voters","abstract","voters"
"W2079161473","topic:voters","abstract","supporters"
"W2765482570","topic:parties","title","radical right"
"W2765482570","topic:parties","title","radical left"
"W2765482570","topic:parties","abstract","parties"
"W2765482570","topic:parties","abstract","right wing populist"
"W2765482570","topic:parties","abstract","radical right"
"W2765482570","topic:parties","abstract","radical left"
"W2765482570","topic:voters","abstract","demand side"
"W2765482570","topic:voters","abstract","voters"
"W2765482570","topic:voters","abstract","supporters"
"W2765482570","topic:voters","abstract","populist attitudes"
"W2765482570","country:netherlands","title","netherlands"
"W2765482570","country:netherlands","abstract","netherlands"
"W2765482570","country:netherlands","abstract","pvv"
"W2765482570","region:europe","rule","from the country named"
"W2144785574","topic:parties","title","radical right"
"W2144785574","topic:parties","abstract","radical right"
"W2144785574","topic:parties","abstract","parties"
"W2144785574","topic:parties","abstract","party"
"W2144785574","topic:voters","abstract","voters"
"W2144785574","topic:migration","abstract","immigration"
"W2144785574","topic:migration","abstract","xenophobia"
"W2144785574","region:europe","abstract","western europe"
"W2144785574","region:europe","abstract","eu"
"W2144785574","country:sweden","title","sweden"
"W2144785574","country:sweden","abstract","sweden"
"W2144785574","country:sweden","abstract","swedish (+ political word)"
"W2624818502","topic:parties","title","radical right"
"W2624818502","topic:parties","title","parties"
"W2624818502","topic:parties","abstract","radical right"
"W2624818502","topic:parties","abstract","parties"
"W2624818502","topic:economy-welfare","title","economic"
"W2624818502","topic:economy-welfare","abstract","economic"
"W2624818502","topic:economy-welfare","abstract","redistributive"
"W2624818502","topic:economy-welfare","abstract","welfare"
"W2624818502","method:mixed","abstract","mixed methods"
"W2800720630","topic:parties","abstract","parties"
"W2800720630","topic:parties","abstract","populist movements"
"W2800720630","topic:voters","abstract","voters"
"W2800720630","topic:economy-welfare","abstract","globalization"
"W2800720630","region:europe","abstract","european"
"W2060555670","topic:parties","title","right wing populism"
"W2060555670","topic:parties","title","parties"
"W2060555670","topic:parties","abstract","right wing populist"
"W2060555670","topic:parties","abstract","parties"
"W2060555670","topic:parties","abstract","party"
"W2060555670","topic:parties","abstract","manifestos"
"W2060555670","topic:gender","title","gender"
"W2060555670","topic:gender","abstract","gender"
"W2060555670","topic:gender","abstract","gendered"
"W2060555670","topic:religion","abstract","islam"
"W2060555670","topic:migration","abstract","immigration"
"W2060555670","method:qualitative","abstract","qualitative"
"W2073539969","topic:parties","title","radical right"
"W2073539969","topic:parties","title","parties"
"W2073539969","topic:parties","abstract","radical right"
"W2073539969","topic:parties","abstract","parties"
"W2073539969","topic:voters","abstract","attitudes"
"W2073539969","topic:voters","abstract","voters"
"W2073539969","topic:economy-welfare","abstract","economic"
"W2073539969","topic:economy-welfare","abstract","redistribution"
"W2073539969","topic:gender","title","gendering"
"W2073539969","topic:gender","abstract","women"
"W2073539969","topic:gender","abstract","gender"
"W2073539969","topic:migration","abstract","immigration"
"W2073539969","topic:migration","abstract","anti immigrant"
"W2073539969","topic:migration","abstract","nativist"
"W2073539969","country:norway","abstract","norway"
"W2073539969","region:europe","rule","from the country named"
"W2109461498","topic:parties","title","parties"
"W2109461498","topic:parties","title","radical right"
"W2109461498","topic:parties","abstract","radical right"
"W2109461498","topic:parties","abstract","parties"
"W2109461498","topic:parties","abstract","party"
"W2109461498","topic:parties","abstract","party systems"
"W2109461498","region:europe","abstract","european"
"W2174547205","topic:parties","abstract","populist actors"
"W2174547205","topic:government","title","populists in government"
"W2174547205","topic:government","abstract","in government"
"W1560111033","approach:measurement","abstract","operationalizing populism"
"W1560111033","topic:parties","abstract","parties"
"W1560111033","topic:parties","abstract","party system"
"W1560111033","topic:economy-welfare","title","austerity"
"W2948460240","approach:other","abstract","approaches to populism"
"W2948460240","topic:spatial","abstract","rural"
"W2948460240","topic:spatial","abstract","geography of"
"W2948460240","topic:economy-welfare","abstract","economic"
"W2948460240","topic:economy-welfare","abstract","inequality"
"W2948460240","country:france","abstract","france"
"W2948460240","country:france","abstract","le pen"
"W2948460240","country:united-kingdom","abstract","uk"
"W2948460240","country:united-kingdom","abstract","brexit"
"W2948460240","region:europe","rule","from the country named"
"W132516564","country:greece","title","greece"
"W132516564","region:europe","rule","from the country named"
"W2900935817","topic:voters","title","attitudes"
"W2900935817","topic:voters","abstract","citizens"
"W2900935817","topic:voters","abstract","attitudes"
"W2900935817","topic:media-communication","title","media"
"W2900935817","topic:media-communication","abstract","media"
"W4234157821","approach:economic","title","macroeconomic populism"
"W2891499284","topic:voters","title","populist attitudes"
"W2891499284","topic:voters","abstract","populist attitudes"
"W2891499284","topic:voters","abstract","attitudes"
"W2891499284","country:greece","abstract","greece"
"W2891499284","country:chile","abstract","chile"
"W2891499284","region:europe","rule","from the country named"
"W2891499284","region:latin-america","rule","from the country named"
"W2626748067","topic:parties","title","radical right"
"W2626748067","topic:parties","abstract","radical right"
"W2626748067","topic:parties","abstract","manifestos"
"W2626748067","topic:economy-welfare","title","welfare"
"W2626748067","topic:economy-welfare","title","redistributive"
"W2626748067","topic:economy-welfare","abstract","welfare"
"W2626748067","topic:economy-welfare","abstract","social policy"
"W2626748067","topic:economy-welfare","abstract","redistributive"
"W2626748067","topic:economy-welfare","abstract","social policies"
"W2626748067","topic:economy-welfare","abstract","unemployment"
"W2626748067","topic:migration","abstract","nativist"
"W2626748067","method:qualitative","abstract","qualitative"
"W2433233299","topic:parties","title","right wing populist"
"W2433233299","topic:parties","title","party"
"W2433233299","topic:parties","abstract","party"
"W2433233299","topic:parties","abstract","right wing populist"
"W2433233299","topic:parties","abstract","parties"
"W2433233299","topic:voters","title","electorate"
"W2433233299","topic:voters","abstract","supporters"
"W2433233299","topic:voters","abstract","electorate"
"W2433233299","topic:voters","abstract","voters"
"W2433233299","topic:economy-welfare","abstract","euro crisis"
"W2433233299","topic:migration","abstract","xenophobic"
"W2433233299","region:europe","abstract","european"
"W2433233299","country:germany","title","alternative fur deutschland"
"W2433233299","country:germany","abstract","alternative fur deutschland"
"W2433233299","country:germany","abstract","afd"
"W2433233299","country:germany","abstract","german (+ political word)"
"W625612773","topic:parties","title","radical right"
"W625612773","topic:parties","abstract","radical right"
"W625612773","topic:parties","abstract","parties"
"W625612773","topic:parties","abstract","party"
"W625612773","topic:economy-welfare","abstract","globalisation"
"W625612773","topic:economy-welfare","abstract","unemployment"
"W625612773","topic:migration","abstract","nativist"
"W625612773","topic:migration","abstract","immigration"
"W625612773","region:europe","title","western europe"
"W1506944834","region:europe","title","european"
"W3134269991","topic:economy-welfare","title","globalization"
"W3134269991","region:europe","title","europe"
"W2131782348","topic:parties","title","far right"
"W2131782348","topic:parties","abstract","far right"
"W2131782348","topic:religion","abstract","islam"
"W2131782348","topic:religion","abstract","muslim"
"W2131782348","topic:migration","title","immigration"
"W2131782348","topic:migration","abstract","immigrants"
"W2131782348","topic:migration","abstract","immigration"
"W2131782348","region:europe","title","europe"
"W2131782348","region:europe","abstract","european"
"W2131782348","region:europe","abstract","europe"
"W2226622964","topic:international","abstract","european union"
"W2226622964","topic:international","abstract","eu"
"W2226622964","topic:international","abstract","transnational"
"W2226622964","topic:parties","abstract","partisan"
"W2226622964","topic:parties","abstract","party"
"W2226622964","topic:parties","abstract","party system"
"W2226622964","topic:government","title","populists in government"
"W2226622964","topic:government","abstract","in power"
"W2226622964","topic:government","abstract","populists in government"
"W2226622964","region:europe","abstract","european"
"W2226622964","region:europe","abstract","eu"
"W2226622964","country:hungary","title","hungary"
"W2226622964","country:hungary","abstract","hungary"
"W2226622964","country:hungary","abstract","fidesz"
"W2465346809","topic:parties","title","radical left"
"W2465346809","topic:parties","abstract","party"
"W2465346809","topic:parties","abstract","radical left"
"W2465346809","topic:voters","abstract","supporters"
"W2465346809","topic:voters","abstract","voters"
"W2465346809","topic:voters","abstract","electorate"
"W2465346809","topic:economy-welfare","abstract","austerity"
"W2465346809","topic:economy-welfare","abstract","globalisation"
"W2465346809","topic:economy-welfare","abstract","economic crisis"
"W2465346809","country:spain","title","podemos"
"W2465346809","country:spain","abstract","spain"
"W2465346809","country:spain","abstract","podemos"
"W2465346809","country:spain","abstract","spanish (+ political word)"
"W2465346809","region:europe","rule","from the country named"
"W1665873201","approach:discursive","title","discursive constructions"
"W1665873201","approach:discursive","abstract","discursive construction"
"W1665873201","topic:parties","title","radical right"
"W1665873201","topic:parties","abstract","radical right"
"W1665873201","topic:media-communication","abstract","rhetorical"
"W1665873201","topic:media-communication","abstract","media"
"W1665873201","topic:migration","abstract","anti immigration"
"W1665873201","topic:migration","abstract","immigration"
"W1665873201","topic:migration","abstract","immigrants"
"W2105465494","todo:check-outlet","journal","SAIS Review of International Affairs"
"W2105465494","topic:parties","abstract","populist movements"
"W2105465494","topic:economy-welfare","abstract","economic"
"W2105465494","region:latin-america","title","latin america"
"W2721133076","topic:parties","title","radical right"
"W2721133076","topic:parties","title","parties"
"W2721133076","topic:parties","abstract","radical right"
"W2721133076","topic:parties","abstract","parties"
"W2721133076","topic:parties","abstract","radical left"
"W2721133076","topic:voters","title","support for populist"
"W2721133076","topic:voters","abstract","support for populist"
"W2721133076","topic:voters","abstract","voters"
"W2721133076","method:survey","abstract","european social survey"
"W2721133076","region:europe","abstract","european"
"W2899624027","region:europe","abstract","europe"
"W4237109308","topic:media-communication","title","misinformation"
"W2013407241","topic:international","abstract","eu"
"W2013407241","topic:international","abstract","international law"
"W2013407241","topic:parties","abstract","parties"
"W2013407241","topic:government","title","populists in government"
"W2013407241","topic:democracy-institutions","title","liberal democracy"
"W2013407241","topic:democracy-institutions","abstract","populism and democracy"
"W2013407241","topic:democracy-institutions","abstract","checks and balances"
"W2013407241","topic:democracy-institutions","abstract","liberal democracy"
"W2013407241","region:europe","abstract","europe"
"W2013407241","region:europe","abstract","european"
"W2013407241","region:europe","abstract","eu"
"W2013407241","country:austria","title","austria"
"W2013407241","country:italy","title","italy"
"W2013407241","country:poland","title","poland"
"W2013407241","country:switzerland","title","switzerland"
"W2134876030","topic:parties","title","radical right"
"W2134876030","topic:parties","abstract","parties"
"W2134876030","topic:parties","abstract","radical right"
"W2134876030","topic:voters","title","demand side"
"W2134876030","topic:voters","abstract","attitudes"
"W2134876030","topic:voters","abstract","voters"
"W2134876030","topic:gender","title","gender"
"W2134876030","topic:gender","abstract","women"
"W2134876030","topic:gender","abstract","gender"
"W2134876030","region:europe","title","eastern europe"
"W2162471553","topic:parties","title","right wing populist"
"W2162471553","topic:parties","abstract","right wing populist"
"W2162471553","topic:parties","abstract","party"
"W2162471553","topic:voters","abstract","electorate"
"W2162471553","topic:voters","abstract","voter"
"W2162471553","topic:voters","abstract","electoral support"
"W2162471553","topic:media-communication","abstract","media"
"W2162471553","topic:media-communication","abstract","newspapers"
"W2162471553","method:survey","abstract","opinion polls"
"W2162471553","country:netherlands","title","netherlands"
"W2162471553","country:netherlands","title","fortuyn"
"W2162471553","country:netherlands","abstract","netherlands"
"W2162471553","country:netherlands","abstract","fortuyn"
"W2162471553","country:netherlands","abstract","dutch (+ political word)"
"W2162471553","region:europe","rule","from the country named"
"W2284178490","topic:parties","abstract","parties"
"W2284178490","topic:parties","abstract","populist movements"
"W2284178490","topic:parties","abstract","right wing populist"
"W2284178490","topic:parties","abstract","partisan"
"W2284178490","topic:democracy-institutions","title","illiberal"
"W2284178490","topic:democracy-institutions","abstract","illiberal"
"W2284178490","topic:democracy-institutions","abstract","authoritarian"
"W2284178490","region:europe","title","central europe"
"W2284178490","country:hungary","abstract","fidesz"
"W2284178490","country:hungary","abstract","jobbik"
"W2284178490","country:hungary","abstract","hungarian (+ political word)"
"W2527453515","todo:check-record","rule","DOI accepted by reading, not by the automatic rule"
"W2527453515","topic:parties","title","party"
"W2021767167","topic:voters","abstract","attitudes"
"W2021767167","topic:voters","abstract","respondents"
"W2021767167","topic:voters","abstract","public opinion"
"W2021767167","method:qualitative","abstract","focus groups"
"W2054131302","topic:economy-welfare","abstract","economic"
"W2054131302","topic:economy-welfare","abstract","labor markets"
"W2054131302","topic:economy-welfare","abstract","welfare"
"W2054131302","topic:economy-welfare","abstract","labor market"
"W2088905776","topic:parties","title","right wing populist"
"W2088905776","topic:voters","title","attitudes"
"W2088905776","topic:voters","abstract","attitudes"
"W2088905776","topic:voters","abstract","voters"
"W2088905776","topic:migration","title","anti immigrant"
"W2088905776","method:experiment","abstract","experimental study"
"W2255374666","topic:media-communication","title","media"
"W2255374666","topic:media-communication","abstract","media"
"W2255374666","topic:religion","abstract","religious"
"W2255374666","topic:religion","abstract","islamic"
"W2255374666","region:europe","abstract","european"
"W1971145596","topic:parties","title","party"
"W1971145596","topic:parties","abstract","parties"
"W1971145596","topic:parties","abstract","party"
"W1971145596","topic:economy-welfare","abstract","neoliberal"
"W1971145596","topic:economy-welfare","abstract","economic"
"W1971145596","region:latin-america","title","latin america"
"W1971145596","country:argentina","title","argentina"
"W1971145596","country:mexico","title","mexico"
"W1971145596","country:peru","title","peru"
"W1971145596","country:venezuela","title","venezuela"
"W2057891826","todo:check-outlet","journal","Journal of Democracy"
"W2057891826","topic:democracy-institutions","title","liberal democracy"
"W2802056229","topic:parties","title","radical right"
"W2802056229","topic:parties","title","parties"
"W2802056229","topic:parties","abstract","radical right"
"W2802056229","topic:parties","abstract","parties"
"W2802056229","topic:parties","abstract","manifestos"
"W2802056229","topic:economy-welfare","title","economic"
"W2802056229","topic:economy-welfare","title","economy"
"W2802056229","topic:economy-welfare","abstract","economic"
"W2802056229","topic:economy-welfare","abstract","economy"
"W2802056229","topic:economy-welfare","abstract","financial crisis"
"W2802056229","topic:economy-welfare","abstract","welfare"
"W2802056229","topic:economy-welfare","abstract","protectionism"
"W2802056229","topic:migration","abstract","nativist"
"W2802056229","topic:migration","abstract","nativism"
"W2802056229","topic:democracy-institutions","abstract","authoritarian"
"W2802056229","topic:democracy-institutions","abstract","authoritarianism"
"W2802056229","region:europe","abstract","western europe"
"W2805939444","topic:international","abstract","euroscepticism"
"W2805939444","topic:international","abstract","european integration"
"W2805939444","topic:parties","title","right wing populism"
"W2805939444","topic:parties","abstract","right wing populist"
"W2805939444","topic:parties","abstract","party"
"W2805939444","topic:parties","abstract","party system"
"W2805939444","region:europe","title","europe"
"W2805939444","region:europe","abstract","european"
"W2805939444","country:germany","title","germany"
"W2805939444","country:germany","title","alternative for germany"
"W2805939444","country:germany","abstract","germany"
"W2805939444","country:germany","abstract","alternative for germany"
"W2805939444","country:germany","abstract","alternative fur deutschland"
"W2805939444","country:germany","abstract","afd"
"W2805939444","country:germany","abstract","german (+ political word)"
"W2954600999","topic:government","abstract","populist governments"
"W2954600999","topic:government","abstract","populism in power"
"W2954600999","topic:democracy-institutions","title","constitutional"
"W2954600999","topic:democracy-institutions","abstract","constitutional"
"W2954600999","topic:democracy-institutions","abstract","constitution"
"W2954600999","topic:democracy-institutions","abstract","rule of law"
"W2954600999","topic:democracy-institutions","abstract","constitutionalists"
"W2954600999","topic:democracy-institutions","abstract","constitutionalism"
"W2954600999","topic:democracy-institutions","abstract","liberal democracy"
"W2954600999","region:europe","abstract","european"
"W2954600999","region:europe","abstract","central europe"
"W2055886726","approach:other","title","conceptualization of populism"
"W2055886726","topic:parties","abstract","party"
"W2055886726","topic:parties","abstract","parties"
"W2055886726","country:slovakia","title","slovakia"
"W2055886726","region:europe","rule","from the country named"
"W2073161088","method:qualitative","abstract","discourse analysis"
"W3130387723","topic:parties","abstract","partisanship"
"W3130387723","topic:parties","abstract","partisan"
"W3130387723","topic:voters","abstract","attitudes"
"W3130387723","topic:voters","abstract","public opinion"
"W3130387723","topic:voters","abstract","citizens"
"W3130387723","topic:media-communication","title","media"
"W2138774055","topic:international","abstract","european parliament"
"W2138774055","topic:international","abstract","supranational"
"W2138774055","topic:parties","title","right wing populism"
"W2138774055","topic:parties","abstract","parties"
"W2138774055","topic:parties","abstract","right wing populist"
"W2138774055","topic:voters","abstract","voting behaviour"
"W2138774055","country:netherlands","title","netherlands"
"W2138774055","region:europe","rule","from the country named"
"W1987169177","country:germany","title","germany"
"W1987169177","country:italy","title","italy"
"W1987169177","region:europe","rule","from the country named"
"W2803221375","approach:economic","abstract","economic populism"
"W2803221375","topic:economy-welfare","title","economics"
"W2803221375","topic:economy-welfare","abstract","economic"
"W2803221375","topic:economy-welfare","abstract","redistribution"
"W2025695825","topic:parties","title","right wing populist"
"W2025695825","topic:parties","title","party leaders"
"W2025695825","topic:media-communication","title","rhetoric"
"W3032945319","topic:parties","title","far right"
"W3032945319","topic:parties","abstract","far right"
"W3032945319","topic:parties","abstract","party"
"W3032945319","country:germany","title","germany"
"W3032945319","country:germany","title","afd"
"W3032945319","country:germany","abstract","germany"
"W3032945319","country:germany","abstract","alternative fur deutschland"
"W3032945319","country:germany","abstract","afd"
"W3032945319","country:germany","abstract","alternative for germany"
"W3032945319","country:germany","abstract","german (+ political word)"
"W3032945319","region:europe","rule","from the country named"
"W2792655264","topic:international","title","euroscepticism"
"W2792655264","topic:international","abstract","eurosceptic"
"W2792655264","topic:international","abstract","euroscepticism"
"W2792655264","topic:parties","abstract","party"
"W2792655264","topic:parties","abstract","radical right"
"W2792655264","topic:migration","abstract","migration"
"W2792655264","topic:migration","abstract","immigration"
"W2792655264","country:united-kingdom","title","ukip"
"W2792655264","country:united-kingdom","abstract","uk"
"W2792655264","country:united-kingdom","abstract","ukip"
"W2792655264","country:united-kingdom","abstract","farage"
"W2792655264","region:europe","rule","from the country named"
"W2808482456","topic:religion","title","islamist"
"W2808482456","topic:democracy-institutions","title","illiberalism"
"W2808482456","country:indonesia","title","indonesia"
"W2808482456","country:indonesia","abstract","jokowi"
"W2808482456","country:indonesia","abstract","indonesian (+ political word)"
"W2808482456","region:asia-pacific","rule","from the country named"
"W2894331636","topic:parties","abstract","candidates"
"W2894331636","topic:media-communication","title","communication"
"W2894331636","topic:media-communication","abstract","rhetoric"
"W2894331636","topic:media-communication","abstract","communication"
"W2894331636","region:global","title","worldwide"
"W2894331636","region:global","abstract","worldwide"
"W612531673","topic:democracy-institutions","abstract","authoritarian"
"W612531673","topic:democracy-institutions","abstract","liberal democracy"
"W612531673","country:united-states","abstract","u s"
"W612531673","country:united-states","abstract","american (+ political word)"
"W612531673","country:bolivia","abstract","bolivia"
"W612531673","country:bolivia","abstract","evo morales"
"W612531673","country:ecuador","abstract","ecuador"
"W612531673","country:ecuador","abstract","correa"
"W612531673","country:venezuela","abstract","venezuela"
"W612531673","country:venezuela","abstract","chavez"
"W612531673","region:north-america","rule","from the country named"
"W612531673","region:latin-america","rule","from the country named"
"W2103807310","topic:parties","abstract","party"
"W2103807310","country:italy","title","lega nord"
"W2103807310","country:italy","abstract","lega nord"
"W2103807310","country:italy","abstract","lega"
"W2103807310","region:europe","rule","from the country named"
"W2339623136","topic:parties","title","party system"
"W2339623136","topic:parties","title","party"
"W2339623136","topic:parties","abstract","party"
"W2339623136","topic:parties","abstract","party system"
"W2339623136","topic:democracy-institutions","title","democratization"
"W2339623136","topic:democracy-institutions","abstract","democratic backsliding"
"W2339623136","topic:democracy-institutions","abstract","liberal democracy"
"W2339623136","country:hungary","abstract","hungary"
"W2339623136","region:europe","rule","from the country named"
"W2792514445","topic:parties","abstract","right wing populism"
"W2792514445","topic:parties","abstract","parties"
"W2792514445","topic:voters","abstract","citizens"
"W2792514445","topic:voters","abstract","public support"
"W2792514445","topic:economy-welfare","abstract","globalization"
"W2792514445","topic:economy-welfare","abstract","economic"
"W2467730548","topic:government","title","populist rule"
"W2467730548","topic:government","abstract","populist rule"
"W2467730548","topic:government","abstract","populist governments"
"W2467730548","topic:economy-welfare","title","economic"
"W2467730548","method:quantitative","abstract","large n"
"W2467730548","region:latin-america","title","latin america"
"W2940100602","topic:democracy-institutions","title","illiberalism"
"W2940100602","topic:democracy-institutions","abstract","democratic backsliding"
"W2940100602","topic:democracy-institutions","abstract","illiberal"
"W2940100602","topic:democracy-institutions","abstract","constitutionalism"
"W2940100602","method:mixed","abstract","mixed method"
"W2940100602","region:europe","title","central europe"
"W2940100602","region:europe","abstract","eastern europe"
"W2940100602","region:europe","abstract","central europe"
"W2940100602","country:czech-republic","abstract","czech republic"
"W1688324693","topic:democracy-institutions","abstract","rule of law"
"W1688324693","topic:democracy-institutions","abstract","liberal democracy"
"W1688324693","country:netherlands","abstract","netherlands"
"W1688324693","country:netherlands","abstract","wilders"
"W1688324693","country:venezuela","abstract","venezuela"
"W1688324693","country:venezuela","abstract","chavez"
"W1688324693","region:europe","rule","from the country named"
"W1688324693","region:latin-america","rule","from the country named"
"W2733755964","topic:economy-welfare","abstract","financial crisis"
"W2733755964","topic:economy-welfare","abstract","economic"
"W2884162307","approach:discursive","abstract","post foundational"
"W2884162307","approach:performative","abstract","performative"
"W2884162307","topic:migration","abstract","xenophobia"
"W2884162307","topic:migration","abstract","migrants"
"W2884162307","topic:democracy-institutions","title","illiberalism"
"W2884162307","topic:democracy-institutions","abstract","illiberal"
"W2884162307","topic:democracy-institutions","abstract","illiberalism"
"W2884162307","topic:democracy-institutions","abstract","constitution"
"W2884162307","country:hungary","title","hungary"
"W2884162307","country:hungary","abstract","hungary"
"W2884162307","country:hungary","abstract","fidesz"
"W2884162307","country:hungary","abstract","orban"
"W2884162307","region:europe","rule","from the country named"
"W3035023796","approach:discursive","title","discursive construction"
"W3035023796","topic:economy-welfare","title","neoliberalism"
"W3035023796","topic:media-communication","abstract","communication"
"W3035023796","topic:media-communication","abstract","media"
"W3205308555","topic:parties","title","radical right"
"W3205308555","topic:parties","abstract","radical right"
"W3205308555","topic:parties","abstract","parties"
"W3205308555","topic:voters","abstract","supporters"
"W3205308555","topic:voters","abstract","voters"
"W2582523075","topic:international","title","brexit"
"W2582523075","topic:international","abstract","european union"
"W2582523075","topic:international","abstract","brexit"
"W2582523075","region:europe","abstract","european"
"W2582523075","country:united-kingdom","title","brexit"
"W2582523075","country:united-kingdom","abstract","united kingdom"
"W2582523075","country:united-kingdom","abstract","brexit"
"W2582523075","country:united-kingdom","abstract","british (+ political word)"
"W2976500798","topic:parties","abstract","parties"
"W2976500798","topic:democracy-institutions","abstract","courts"
"W2976500798","topic:democracy-institutions","abstract","authoritarian"
"W3047133897","topic:religion","title","religious"
"W3047133897","topic:religion","abstract","religious"
"W3047133897","topic:religion","abstract","religio"
"W3047133897","topic:democracy-institutions","title","democratic decline"
"W3047133897","country:indonesia","title","indonesia"
"W3047133897","country:indonesia","abstract","indonesia"
"W3047133897","country:indonesia","abstract","widodo"
"W3047133897","region:asia-pacific","rule","from the country named"
"W4366085173","topic:parties","abstract","far right"
"W4366085173","topic:economy-welfare","title","inequality"
"W4366085173","topic:economy-welfare","title","economic"
"W4366085173","topic:economy-welfare","abstract","economic"
"W4366085173","topic:economy-welfare","abstract","inequality"
"W4366085173","topic:economy-welfare","abstract","inequalities"
"W4366085173","region:europe","title","europe"
"W4366085173","region:europe","abstract","europe"
"W4366085173","country:united-states","title","usa"
"W4366085173","country:united-states","abstract","usa"
"W4366085173","country:united-states","abstract","trump"
"W4366085173","region:north-america","rule","from the country named"
"W2116807939","topic:parties","abstract","parties"
"W2116807939","topic:parties","abstract","party"
"W2116807939","topic:media-communication","title","rhetoric"
"W2116807939","topic:media-communication","title","media"
"W2116807939","topic:media-communication","abstract","media"
"W2116807939","topic:media-communication","abstract","newspapers"
"W2116807939","topic:media-communication","abstract","television"
"W2116807939","country:netherlands","title","netherlands"
"W2116807939","region:europe","rule","from the country named"
"W2167835825","topic:migration","title","immigration"
"W2167835825","topic:migration","abstract","migrants"
"W2167835825","topic:migration","abstract","immigration"
"W2167835825","topic:migration","abstract","immigrant"
"W2167835825","topic:migration","abstract","immigrants"
"W2167835825","topic:migration","abstract","migratory"
"W2167835825","topic:migration","abstract","migration"
"W2167835825","topic:migration","abstract","migrant"
"W2167835825","method:mixed","abstract","mixed methodological"
"W2167835825","region:latin-america","title","south america"
"W2167835825","region:latin-america","abstract","south america"
"W2167835825","region:latin-america","abstract","caribbean"
"W2942952529","approach:performative","abstract","populist style"
"W2023542927","topic:economy-welfare","title","economic"
"W2023542927","topic:economy-welfare","title","globalization"
"W2885952106","topic:religion","title","religion"
"W2940684950","topic:parties","title","social movements"
"W2940684950","topic:parties","title","right wing populism"
"W2940684950","topic:parties","abstract","right wing populism"
"W2940684950","topic:parties","abstract","right wing populists"
"W2940684950","topic:parties","abstract","left wing populism"
"W2944504765","topic:gender","title","masculinization"
"W2944504765","topic:gender","abstract","masculinity"
"W2944504765","topic:gender","abstract","gendered"
"W2944504765","topic:religion","title","hindutva"
"W2944504765","topic:religion","abstract","religion"
"W2944504765","topic:religion","abstract","hindu"
"W2944504765","country:india","title","hindutva"
"W2944504765","country:india","title","modi"
"W2944504765","country:india","title","indian (+ political word)"
"W2944504765","country:india","abstract","india"
"W2944504765","country:india","abstract","modi"
"W2944504765","country:india","abstract","indian (+ political word)"
"W2944504765","region:asia-pacific","rule","from the country named"
"W1988430196","country:hungary","title","hungary"
"W1988430196","country:hungary","abstract","hungary"
"W1988430196","country:hungary","abstract","hungarian (+ political word)"
"W1988430196","region:europe","rule","from the country named"
"W2893999301","topic:parties","abstract","populist politicians"
"W2893999301","topic:parties","abstract","left wing populism"
"W2893999301","topic:parties","abstract","right wing populism"
"W2893999301","topic:economy-welfare","abstract","economic"
"W2893999301","topic:economy-welfare","abstract","austerity"
"W2893999301","topic:economy-welfare","abstract","neoliberal"
"W2082256787","todo:check-outlet","journal","SAIS Review of International Affairs"
"W2082256787","region:europe","abstract","europe"
"W2082256787","region:latin-america","abstract","latin america"
"W2082256787","country:spain","title","vox"
"W3000465094","topic:economy-welfare","abstract","economics"
"W3000465094","topic:economy-welfare","abstract","economic"
"W2089525207","topic:parties","abstract","populist actors"
"W2089525207","topic:parties","abstract","party"
"W2089525207","topic:parties","abstract","left wing populists"
"W2089525207","topic:parties","abstract","right wing populists"
"W2089525207","topic:gender","title","masculini"
"W2089525207","topic:gender","title","gender"
"W2089525207","topic:gender","abstract","gender"
"W2089525207","topic:gender","abstract","patriarchal"
"W2089525207","region:europe","title","northern europe"
"W2089525207","region:europe","abstract","northern europe"
"W2089525207","region:europe","abstract","northern european"
"W2089525207","region:latin-america","title","south america"
"W2089525207","region:latin-america","abstract","south america"
"W2089525207","country:denmark","abstract","dansk folkeparti"
"W2089525207","country:denmark","abstract","danish people s party"
"W2089525207","country:denmark","abstract","danish (+ political word)"
"W2089525207","country:netherlands","abstract","pvv"
"W2089525207","country:netherlands","abstract","dutch (+ political word)"
"W2089525207","country:spain","title","vox"
"W2089525207","country:venezuela","abstract","venezuela"
"W2792726101","topic:media-communication","title","media"
"W2792726101","topic:media-communication","abstract","media"
"W2792726101","topic:media-communication","abstract","facebook"
"W2974325920","topic:government","title","administration"
"W2974325920","topic:government","abstract","administration"
"W2783329537","topic:parties","title","radical right"
"W2783329537","topic:parties","abstract","radical right"
"W2783329537","topic:parties","abstract","parties"
"W2783329537","topic:parties","abstract","party"
"W2783329537","topic:parties","abstract","manifestoes"
"W2783329537","topic:religion","abstract","muslims"
"W2783329537","topic:religion","abstract","islamisation"
"W2783329537","topic:democracy-institutions","title","illiberalism"
"W2783329537","topic:democracy-institutions","abstract","illiberalism"
"W2783329537","region:europe","title","northern europe"
"W2783329537","region:europe","abstract","northern europe"
"W2783329537","region:europe","abstract","europe"
"W2804999076","topic:parties","title","party"
"W2804999076","topic:parties","abstract","party"
"W2804999076","topic:parties","abstract","parties"
"W2804999076","country:italy","title","five star movement"
"W2804999076","country:italy","abstract","italy"
"W2804999076","country:italy","abstract","five star movement"
"W2804999076","country:italy","abstract","m5s"
"W2804999076","country:spain","title","podemos"
"W2804999076","country:spain","abstract","spain"
"W2804999076","country:spain","abstract","podemos"
"W2804999076","region:europe","rule","from the country named"
"W3116106342","topic:parties","abstract","far right"
"W3116106342","topic:parties","abstract","political leaders"
"W3116106342","topic:gender","title","gendered"
"W3116106342","topic:gender","title","masculinity"
"W3116106342","topic:gender","abstract","gendered"
"W3116106342","topic:gender","abstract","masculine"
"W3116106342","topic:gender","abstract","masculinity"
"W3116106342","topic:gender","abstract","masculinist"
"W3200425058","approach:ideational","abstract","host ideologies"
"W3200425058","approach:ideational","abstract","thick ideologies"
"W2090841637","topic:parties","abstract","party"
"W2090841637","topic:voters","abstract","voters"
"W2090841637","topic:voters","abstract","supporters"
"W2090841637","method:qualitative","abstract","interviews"
"W2090841637","country:venezuela","title","venezuela"
"W2090841637","country:venezuela","title","chavismo"
"W2090841637","country:venezuela","abstract","venezuela"
"W2090841637","country:venezuela","abstract","chavismo"
"W2090841637","region:latin-america","rule","from the country named"
"W2112895407","topic:parties","title","populist right"
"W2112895407","topic:parties","title","parties"
"W2112895407","topic:parties","abstract","populist right"
"W2112895407","topic:parties","abstract","parties"
"W2112895407","topic:government","abstract","in government"
"W2112895407","topic:economy-welfare","title","welfare"
"W2112895407","topic:economy-welfare","abstract","welfare"
"W2112895407","method:qualitative","abstract","interviews"
"W2791556021","topic:international","abstract","brexit"
"W2791556021","topic:international","abstract","european integration"
"W2791556021","topic:parties","abstract","populist right"
"W2791556021","topic:parties","abstract","candidates"
"W2791556021","topic:parties","abstract","parties"
"W2791556021","topic:economy-welfare","title","neoliberal"
"W2791556021","topic:economy-welfare","title","globalisation"
"W2791556021","topic:economy-welfare","abstract","globalisation"
"W2791556021","topic:economy-welfare","abstract","economic"
"W2791556021","topic:economy-welfare","abstract","unemployment"
"W2791556021","topic:economy-welfare","abstract","welfare"
"W2791556021","topic:economy-welfare","abstract","labour markets"
"W2791556021","topic:migration","abstract","immigration"
"W2791556021","topic:migration","abstract","immigrant"
"W2791556021","country:united-kingdom","abstract","brexit"
"W2791556021","country:united-kingdom","abstract","uk"
"W2791556021","region:europe","rule","from the country named"
"W2158132307","country:new-zealand","title","new zealand"
"W2158132307","region:asia-pacific","rule","from the country named"
"W1968220248","topic:international","title","euroscepticism"
"W1968220248","topic:voters","title","attitudes"
"W2805724760","topic:parties","title","radical right"
"W2805724760","topic:parties","title","parties"
"W2805724760","topic:parties","abstract","populist right"
"W2805724760","topic:parties","abstract","parties"
"W2805724760","topic:parties","abstract","radical right"
"W2805724760","topic:parties","abstract","party"
"W2805724760","topic:parties","abstract","manifestos"
"W2805724760","topic:economy-welfare","title","social policy"
"W2805724760","topic:economy-welfare","abstract","globalisation"
"W2805724760","topic:economy-welfare","abstract","economic"
"W2805724760","topic:economy-welfare","abstract","austerity"
"W2805724760","topic:economy-welfare","abstract","social policy"
"W2805724760","country:united-states","abstract","us"
"W2805724760","region:north-america","rule","from the country named"
"W2944632798","topic:media-communication","abstract","framing"
"W2944632798","topic:media-communication","abstract","frames"
"W2944632798","method:experiment","abstract","experimental study"
"W1550684617","topic:voters","abstract","attitudes"
"W1550684617","topic:voters","abstract","public opinion"
"W1991913317","topic:voters","title","voting behaviour"
"W1991913317","topic:voters","abstract","populist attitudes"
"W1991913317","topic:voters","abstract","voting behaviour"
"W1991913317","topic:voters","abstract","attitudes"
"W1991913317","topic:economy-welfare","abstract","economic"
"W2058420126","topic:parties","title","party"
"W2058420126","topic:parties","abstract","party"
"W2058420126","topic:parties","abstract","political leadership"
"W2058420126","topic:economy-welfare","title","neoliberalism"
"W2058420126","topic:economy-welfare","title","neoliberal"
"W2058420126","topic:economy-welfare","abstract","neoliberal"
"W2058420126","topic:economy-welfare","abstract","economic"
"W2058420126","topic:economy-welfare","abstract","welfare"
"W2058420126","country:turkey","title","turkey"
"W2058420126","country:turkey","title","justice and development party"
"W2058420126","country:turkey","abstract","turkey"
"W2058420126","country:turkey","abstract","justice and development party"
"W2058420126","region:europe","rule","from the country named"
"W2143523124","topic:parties","title","party"
"W2143523124","topic:democracy-institutions","abstract","referendum"
"W2143523124","topic:democracy-institutions","abstract","constitutional"
"W2143523124","country:turkey","title","turkey"
"W2143523124","country:turkey","title","justice and development party"
"W2143523124","country:turkey","abstract","justice and development party"
"W2143523124","country:turkey","abstract","erdogan"
"W2143523124","country:turkey","abstract","turkish (+ political word)"
"W2143523124","region:europe","rule","from the country named"
"W2110279815","topic:parties","title","social movements"
"W2110279815","topic:parties","title","party"
"W2110279815","topic:spatial","abstract","rural"
"W2110279815","topic:spatial","abstract","rural urban"
"W2110279815","country:bolivia","abstract","bolivia"
"W2110279815","country:bolivia","abstract","evo morales"
"W2110279815","country:bolivia","abstract","morales"
"W2110279815","region:latin-america","rule","from the country named"
"W2620198715","topic:parties","title","parties"
"W2620198715","topic:parties","abstract","right wing populist"
"W2620198715","topic:parties","abstract","parties"
"W2620198715","topic:parties","abstract","social movements"
"W2620198715","topic:parties","abstract","party system"
"W2620198715","topic:parties","abstract","party"
"W2620198715","topic:parties","abstract","populist actors"
"W2620198715","topic:voters","abstract","supporters"
"W2620198715","topic:voters","abstract","public opinion"
"W2620198715","topic:media-communication","title","facebook"
"W2620198715","topic:media-communication","abstract","media"
"W2620198715","topic:media-communication","abstract","communication"
"W2620198715","topic:media-communication","abstract","facebook"
"W2620198715","method:qta","abstract","topic models"
"W2620198715","country:germany","title","pegida"
"W2620198715","country:germany","title","german (+ political word)"
"W2620198715","country:germany","abstract","pegida"
"W2620198715","country:germany","abstract","afd"
"W2620198715","country:germany","abstract","german (+ political word)"
"W2620198715","region:europe","rule","from the country named"
"W2940172302","topic:parties","title","right wing populism"
"W2940172302","topic:parties","abstract","populist movements"
"W2940172302","topic:parties","abstract","parties"
"W2940172302","topic:religion","abstract","religious"
"W2940172302","topic:religion","abstract","catholic"
"W2940172302","country:poland","title","poland"
"W2940172302","country:poland","abstract","poland"
"W2940172302","country:poland","abstract","polish (+ political word)"
"W2940172302","region:europe","rule","from the country named"
"W2099482284","topic:parties","title","radical right"
"W2099482284","topic:parties","title","parties"
"W2099482284","topic:parties","abstract","radical right"
"W2099482284","topic:parties","abstract","parties"
"W2099482284","topic:parties","abstract","party"
"W2099482284","topic:democracy-institutions","title","authoritarians"
"W2099482284","topic:democracy-institutions","abstract","authoritarianism"
"W2099482284","topic:democracy-institutions","abstract","authoritarian"
"W2099482284","topic:democracy-institutions","abstract","authoritarians"
"W2099482284","method:survey","abstract","survey data"
"W2099482284","country:austria","abstract","austria"
"W2099482284","country:austria","abstract","fpo"
"W2099482284","region:europe","rule","from the country named"
"W4381788158","approach:discursive","title","laclau"
"W4381788158","approach:discursive","abstract","laclau"
"W2966394601","topic:parties","abstract","right wing populist"
"W2966394601","topic:parties","abstract","party"
"W2966394601","topic:parties","abstract","partisan"
"W2966394601","topic:media-communication","title","media"
"W2966394601","topic:media-communication","abstract","media"
"W2966394601","topic:media-communication","abstract","twitter"
"W2966394601","topic:media-communication","abstract","facebook"
"W2980964298","topic:economy-welfare","title","inequality"
"W1700656024","topic:parties","title","populist leaders"
"W1700656024","topic:parties","abstract","populist leaders"
"W1700656024","topic:parties","abstract","parties"
"W1700656024","topic:parties","abstract","party"
"W1700656024","method:qualitative","abstract","interviews"
"W1700656024","country:italy","abstract","berlusconi"
"W1700656024","country:switzerland","abstract","blocher"
"W1700656024","region:europe","rule","from the country named"
"W2160112383","todo:check-outlet","journal","SAIS Review of International Affairs"
"W2160112383","topic:parties","title","parties"
"W2160112383","region:europe","title","central europe"
"W2160112383","region:europe","abstract","europe"
"W2160112383","region:europe","abstract","central europe"
"W2333504692","topic:democracy-institutions","title","constitutional"
"W2977000900","topic:international","title","european union"
"W2977000900","topic:international","abstract","european union"
"W2977000900","topic:parties","title","party systems"
"W2977000900","topic:democracy-institutions","abstract","democratic backsliding"
"W2977000900","topic:democracy-institutions","abstract","illiberal"
"W2977000900","topic:democracy-institutions","abstract","democratization"
"W2977000900","region:europe","title","central europe"
"W2977000900","region:europe","title","european"
"W2977000900","region:europe","abstract","european"
"W2977000900","region:europe","abstract","balkans"
"W4212940366","topic:parties","abstract","parties"
"W4212940366","topic:parties","abstract","far right"
"W4212940366","method:qualitative","abstract","qualitative"
"W4212940366","method:quantitative","abstract","large n"
"W4212940366","method:quantitative","abstract","quantitative analysis"
"W4212940366","region:europe","title","europe"
"W2024291433","topic:parties","title","radical right"
"W2024291433","topic:economy-welfare","title","economy"
"W2024291433","topic:economy-welfare","title","globalization"
"W2607071455","topic:voters","title","citizens"
"W2607071455","topic:voters","title","populist attitudes"
"W2607071455","topic:voters","abstract","voters"
"W2607071455","topic:voters","abstract","citizens"
"W2607071455","topic:voters","abstract","populist attitudes"
"W2607071455","topic:media-communication","title","media"
"W2607071455","topic:media-communication","abstract","media"
"W2607071455","method:survey","abstract","survey data"
"W2607071455","method:survey","abstract","nationally representative"
"W2962206520","topic:parties","title","far right"
"W2962206520","topic:parties","abstract","far right"
"W2962206520","topic:parties","abstract","populist leaders"
"W2962206520","topic:economy-welfare","title","economic"
"W2962206520","topic:economy-welfare","title","inequality"
"W2962206520","topic:economy-welfare","abstract","inequality"
"W2962206520","topic:economy-welfare","abstract","economic"
"W3125912355","country:turkey","title","erdogan"
"W3125912355","region:europe","rule","from the country named"
"W175695885","topic:parties","abstract","parties"
"W175695885","topic:parties","abstract","political leaders"
"W175695885","region:europe","title","european"
"W175695885","region:europe","abstract","european"
"W2346142005","topic:parties","title","populist politicians"
"W2346142005","topic:parties","abstract","parties"
"W2346142005","topic:parties","abstract","radical right"
"W2346142005","topic:parties","abstract","party"
"W2346142005","topic:parties","abstract","party leaders"
"W2346142005","topic:media-communication","title","twitter"
"W2346142005","topic:media-communication","abstract","media"
"W2346142005","topic:media-communication","abstract","communication"
"W2346142005","topic:media-communication","abstract","twitter"
"W2346142005","topic:media-communication","abstract","tweets"
"W2346142005","topic:media-communication","abstract","rhetoric"
"W3093664245","topic:economy-welfare","title","economy"
"W3093664245","topic:economy-welfare","abstract","economic"
"W3093664245","topic:economy-welfare","abstract","economy"
"W3093664245","topic:economy-welfare","abstract","financial crisis"
"W3093664245","region:europe","title","eastern europe"
"W3093664245","country:hungary","abstract","hungary"
"W3093664245","country:poland","abstract","poland"
"W2765151453","topic:media-communication","title","media"
"W2765151453","topic:media-communication","abstract","media"
"W2765151453","topic:media-communication","abstract","rhetoric"
"W2765151453","country:united-states","title","trump"
"W2765151453","country:united-states","abstract","trump"
"W2765151453","region:north-america","rule","from the country named"
"W2790529572","topic:religion","title","islamic"
"W2790529572","topic:religion","abstract","islamic"
"W2790529572","topic:religion","abstract","islam"
"W2790529572","topic:religion","abstract","secular"
"W2790529572","country:indonesia","title","indonesia"
"W2790529572","country:indonesia","abstract","indonesia"
"W2790529572","region:asia-pacific","rule","from the country named"
"W3046387731","topic:parties","title","far right"
"W3046387731","topic:parties","abstract","far right"
"W1524061667","topic:international","abstract","supranational"
"W1524061667","topic:parties","abstract","parties"
"W1524061667","topic:parties","abstract","social movements"
"W1524061667","topic:parties","abstract","social movement"
"W1524061667","topic:government","abstract","populist government"
"W1524061667","topic:government","abstract","administration"
"W1524061667","topic:economy-welfare","abstract","economic"
"W1524061667","topic:economy-welfare","abstract","redistribution"
"W1524061667","topic:economy-welfare","abstract","neoliberal"
"W1524061667","topic:media-communication","abstract","journalists"
"W1524061667","topic:media-communication","abstract","media"
"W1524061667","topic:democracy-institutions","abstract","democratization"
"W1524061667","topic:democracy-institutions","abstract","judiciary"
"W1524061667","country:ecuador","title","ecuador"
"W1524061667","country:ecuador","abstract","ecuador"
"W1524061667","country:ecuador","abstract","correa"
"W1524061667","region:latin-america","rule","from the country named"
"W2765486994","approach:ideational","abstract","host ideology"
"W2765486994","topic:parties","abstract","parties"
"W2765486994","topic:parties","abstract","party"
"W2765486994","region:europe","title","europe"
"W2887875208","approach:ideational","abstract","populism as a thin"
"W2887875208","approach:performative","abstract","populist style"
"W2887875208","topic:parties","title","right wing populist"
"W2887875208","topic:parties","abstract","right wing populist"
"W2887875208","topic:voters","abstract","attitudes"
"W2887875208","topic:voters","abstract","citizens"
"W2887875208","topic:media-communication","title","communication"
"W2887875208","topic:media-communication","abstract","communication"
"W2887875208","topic:media-communication","abstract","media"
"W2887875208","topic:media-communication","abstract","rhetoric"
"W2887875208","topic:migration","title","immigrants"
"W2887875208","topic:migration","abstract","anti immigrant"
"W2887875208","topic:migration","abstract","immigrants"
"W2887875208","method:survey","abstract","panel survey"
"W2944536038","topic:parties","abstract","parties"
"W2944536038","topic:parties","abstract","party systems"
"W2944536038","topic:parties","abstract","manifestos"
"W2944536038","region:europe","abstract","southern european"
"W2944536038","region:europe","abstract","southern europe"
"W2944536038","region:europe","abstract","european"
"W2944536038","country:greece","title","syriza"
"W2944536038","country:greece","abstract","greece"
"W2944536038","country:greece","abstract","syriza"
"W2944536038","country:italy","title","five star movement"
"W2944536038","country:italy","abstract","italy"
"W2944536038","country:italy","abstract","five star movement"
"W2944536038","country:spain","title","podemos"
"W2944536038","country:spain","abstract","spain"
"W2944536038","country:spain","abstract","podemos"
"W2961629105","topic:parties","abstract","candidates"
"W2961629105","topic:media-communication","title","rhetoric"
"W2961629105","topic:media-communication","title","media"
"W2961629105","topic:media-communication","abstract","rhetoric"
"W2961629105","topic:media-communication","abstract","media"
"W2961629105","country:france","abstract","macron"
"W2961629105","country:france","abstract","le pen"
"W2961629105","country:france","abstract","melenchon"
"W2961629105","country:france","abstract","french (+ political word)"
"W2961629105","region:europe","rule","from the country named"
"W1789684042","topic:parties","title","radical right"
"W1789684042","topic:parties","title","parties"
"W1789684042","topic:voters","title","voter"
"W2050504332","topic:parties","title","party"
"W2050504332","topic:economy-welfare","title","economics"
"W2050504332","country:denmark","title","denmark"
"W2050504332","country:norway","title","norway"
"W2050504332","region:europe","rule","from the country named"
"W2115786693","topic:parties","title","right wing populism"
"W2115786693","topic:parties","abstract","party"
"W2115786693","topic:parties","abstract","right wing populist"
"W2115786693","topic:parties","abstract","parties"
"W2115786693","method:qualitative","abstract","critical discourse analysis"
"W2115786693","region:europe","abstract","eastern europe"
"W2115786693","region:europe","abstract","european"
"W2783193557","topic:international","abstract","brexit"
"W2783193557","topic:spatial","title","geography of"
"W2783193557","topic:economy-welfare","title","globalisation"
"W2783193557","region:europe","title","europe"
"W2783193557","region:europe","abstract","europe"
"W2783193557","region:europe","abstract","european"
"W2783193557","country:united-kingdom","abstract","brexit"
"W2944783231","approach:discursive","abstract","discourse theoretical"
"W2944783231","topic:international","title","transnational"
"W2944783231","topic:international","abstract","transnational"
"W2944783231","topic:international","abstract","transnationalism"
"W2944783231","topic:parties","abstract","populist movement"
"W2944783231","topic:parties","abstract","manifestoes"
"W2944783231","method:qualitative","abstract","interviews"
"W2944783231","region:europe","title","europe"
"W2944783231","region:europe","abstract","europe"
"W2944783231","region:europe","abstract","european"
"W3009369002","topic:media-communication","title","media"
"W3009369002","topic:media-communication","abstract","media"
"W3009369002","topic:media-communication","abstract","communication"
"W1994018121","topic:democracy-institutions","title","authoritarian"
"W1994018121","region:europe","title","eastern europe"
"W1994018121","country:belarus","title","belarus"
"W2160052150","topic:economy-welfare","abstract","fiscal"
"W2160052150","topic:economy-welfare","abstract","economic"
"W2160052150","topic:economy-welfare","abstract","economy"
"W2160052150","country:argentina","title","argentina"
"W2160052150","country:argentina","abstract","argentina"
"W2160052150","country:argentina","abstract","kirchner"
"W2160052150","country:argentina","abstract","argentine (+ political word)"
"W2160052150","region:latin-america","rule","from the country named"
"W2530813490","country:turkey","title","turkey"
"W2530813490","country:turkey","abstract","turkey"
"W2530813490","country:turkey","abstract","erdogan"
"W2530813490","country:ecuador","title","ecuador"
"W2530813490","country:ecuador","abstract","ecuador"
"W2530813490","country:ecuador","abstract","correa"
"W2530813490","country:venezuela","title","venezuela"
"W2530813490","country:venezuela","abstract","venezuela"
"W2530813490","country:venezuela","abstract","chavez"
"W2530813490","region:europe","rule","from the country named"
"W2530813490","region:latin-america","rule","from the country named"
"W2905166948","topic:parties","abstract","populist leaders"
"W2905166948","topic:parties","abstract","parties"
"W2905166948","region:europe","title","western europe"
"W2905166948","region:europe","abstract","western europe"
"W2905166948","region:europe","abstract","western european"
"W3171204163","approach:ideational","abstract","ideational approach"
"W3171204163","topic:democracy-institutions","title","illiberal"
"W3171204163","topic:democracy-institutions","abstract","illiberal"
"W3171204163","topic:democracy-institutions","abstract","liberal democracy"
"W3171204163","region:europe","title","europe"
"W4232990766","topic:parties","title","radical right"
"W4232990766","topic:parties","abstract","populist movements"
"W4232990766","topic:parties","abstract","radical right"
"W4232990766","topic:parties","abstract","parties"
"W4232990766","topic:parties","abstract","party"
"W4232990766","topic:parties","abstract","social movements"
"W4232990766","country:poland","title","poland"
"W4232990766","country:poland","abstract","poland"
"W4232990766","country:poland","abstract","law and justice"
"W4232990766","country:poland","abstract","polish (+ political word)"
"W4232990766","region:europe","rule","from the country named"
"W2794700653","topic:parties","title","right wing populism"
"W2794700653","topic:parties","abstract","social movements"
"W2794700653","topic:parties","abstract","right wing populism"
"W2794700653","topic:parties","abstract","parties"
"W2794700653","topic:gender","title","gender"
"W2794700653","topic:gender","abstract","gender"
"W2794700653","topic:gender","abstract","genderism"
"W2794700653","topic:gender","abstract","women"
"W2794700653","topic:gender","abstract","lgbtq"
"W2794700653","topic:gender","abstract","patriarchy"
"W2794700653","topic:gender","abstract","feminist"
"W2794700653","region:europe","abstract","european"
"W2794700653","region:europe","abstract","europe"
"W2911779133","topic:democracy-institutions","title","authoritarianism"
"W2911779133","topic:democracy-institutions","abstract","authoritarian"
"W2911779133","topic:democracy-institutions","abstract","authoritarianism"
"W2911779133","topic:democracy-institutions","abstract","democratization"
"W2911779133","country:honduras","abstract","honduras"
"W2911779133","region:latin-america","rule","from the country named"
"W2979458500","topic:economy-welfare","title","globalisation"
"W2979458500","topic:economy-welfare","abstract","globalization"
"W2979458500","topic:economy-welfare","abstract","international trade"
"W2979458500","topic:economy-welfare","abstract","economic"
"W2979458500","topic:economy-welfare","abstract","inequality"
"W2979458500","topic:media-communication","title","media"
"W2979458500","topic:media-communication","abstract","media"
"W2979458500","topic:media-communication","abstract","communication"
"W3037995184","topic:voters","abstract","citizens"
"W3037995184","topic:voters","abstract","populist attitudes"
"W3037995184","topic:democracy-institutions","abstract","referendums"
"W3037995184","method:survey","abstract","survey data"
"W3167084351","approach:ideational","abstract","ideational definition"
"W3167084351","approach:measurement","abstract","measures of populist"
"W3167084351","topic:voters","title","populist attitudes"
"W3167084351","topic:voters","abstract","demand side"
"W3167084351","topic:voters","abstract","populist attitudes"
"W2114830260","todo:check-outlet","journal","Journal of Democracy"
"W2114830260","approach:political-strategic","abstract","plebiscitarian"
"W2114830260","topic:economy-welfare","abstract","economic"
"W2114830260","topic:economy-welfare","abstract","fiscal"
"W2114830260","topic:economy-welfare","abstract","economy"
"W2114830260","region:latin-america","title","latin america"
"W2549693168","topic:parties","abstract","party"
"W2549693168","topic:parties","abstract","radical left"
"W2549693168","country:spain","title","spain"
"W2549693168","country:spain","title","podemos"
"W2549693168","country:spain","abstract","podemos"
"W2549693168","country:spain","abstract","pablo iglesias"
"W2549693168","region:europe","rule","from the country named"
"W2918135941","topic:voters","title","citizens"
"W2918135941","topic:religion","title","islamic"
"W2918135941","topic:religion","abstract","islamist"
"W2918135941","country:turkey","title","turkey"
"W2918135941","country:turkey","title","erdogan"
"W2918135941","country:turkey","abstract","turkey"
"W2918135941","country:turkey","abstract","justice and development party"
"W2918135941","country:turkey","abstract","akp"
"W2918135941","country:turkey","abstract","erdogan"
"W2918135941","country:turkey","abstract","turkish (+ political word)"
"W2918135941","region:europe","rule","from the country named"
"W1993857026","approach:other","title","understandings of populism"
"W1993857026","topic:media-communication","title","media"
"W1993857026","country:united-kingdom","title","uk"
"W1993857026","region:europe","rule","from the country named"
"W2521812171","topic:parties","title","populist leaders"
"W2521812171","region:europe","title","europe"
"W2616898151","topic:voters","abstract","citizens"
"W2616898151","topic:voters","abstract","populist attitudes"
"W2616898151","topic:media-communication","title","media"
"W2616898151","topic:migration","abstract","immigrants"
"W2616898151","method:experiment","abstract","survey experiment"
"W2931759175","topic:government","title","populist rule"
"W2931759175","topic:government","abstract","populist governance"
"W2931759175","topic:government","abstract","in government"
"W2931759175","topic:government","abstract","populist governments"
"W2931759175","topic:economy-welfare","title","economy"
"W2931759175","topic:economy-welfare","abstract","economic"
"W2931759175","topic:economy-welfare","abstract","neoliberal"
"W2931759175","region:europe","title","europe"
"W2931759175","region:europe","abstract","europe"
"W2931759175","region:europe","abstract","eastern europe"
"W2931759175","country:hungary","title","hungary"
"W2931759175","country:hungary","abstract","hungary"
"W2931759175","country:hungary","abstract","fidesz"
"W2931759175","country:poland","title","poland"
"W2931759175","country:poland","abstract","poland"
"W2931759175","country:poland","abstract","law and justice"
"W2011788751","approach:political-strategic","abstract","plebiscitarian"
"W2011788751","topic:economy-welfare","abstract","economic"
"W2011788751","topic:economy-welfare","abstract","neoliberal"
"W2011788751","topic:economy-welfare","abstract","neoliberalism"
"W2105385758","topic:economy-welfare","abstract","economic"
"W2105385758","topic:economy-welfare","abstract","inequality"
"W2105385758","country:mexico","abstract","mexico"
"W2105385758","region:latin-america","rule","from the country named"
"W3136231561","country:italy","abstract","italy"
"W3136231561","country:italy","abstract","five star movement"
"W3136231561","region:europe","rule","from the country named"
"W2134171469","topic:parties","abstract","parties"
"W2134171469","topic:parties","abstract","partisan"
"W2134171469","topic:parties","abstract","party"
"W2134171469","topic:economy-welfare","title","neoliberalism"
"W2134171469","topic:economy-welfare","abstract","protectionism"
"W2134171469","topic:economy-welfare","abstract","neoliberal"
"W2134171469","topic:economy-welfare","abstract","economic"
"W2134171469","region:latin-america","title","latin america"
"W2134171469","country:argentina","abstract","argentina"
"W2134171469","country:mexico","abstract","mexico"
"W2134171469","country:venezuela","abstract","venezuela"
"W3152803478","topic:parties","title","political leadership"
"W2768119100","approach:ideational","abstract","ideational approach"
"W2990606143","topic:parties","abstract","right wing populism"
"W2990606143","topic:parties","abstract","populist movements"
"W2990606143","topic:spatial","title","rural"
"W2990606143","topic:spatial","abstract","rural"
"W2990606143","topic:economy-welfare","title","neoliberalism"
"W2990606143","region:europe","title","europe"
"W2990606143","region:europe","abstract","europe"
"W2990606143","region:europe","abstract","european"
"W2930348694","topic:parties","abstract","party"
"W2930348694","topic:parties","abstract","parties"
"W2930348694","topic:gender","title","feminist"
"W2930348694","topic:gender","abstract","feminist"
"W2930348694","topic:gender","abstract","women"
"W2930348694","topic:gender","abstract","gender"
"W2930348694","topic:gender","abstract","gendered"
"W2930348694","country:finland","title","finland"
"W2930348694","country:finland","abstract","finland"
"W2930348694","country:finland","abstract","finns party"
"W2930348694","country:spain","title","spain"
"W2930348694","country:spain","abstract","spain"
"W2930348694","country:spain","abstract","podemos"
"W2930348694","region:europe","rule","from the country named"
"W2067141599","topic:parties","title","populist right"
"W2067141599","region:europe","title","scandinavia"
"W2088651918","todo:check-outlet","journal","Journal of Democracy"
"W2088651918","topic:voters","abstract","attitudes"
"W2088651918","topic:voters","abstract","voters"
"W2088651918","region:latin-america","title","latin america"
"W2088651918","region:latin-america","abstract","latin america"
"W2341236990","topic:voters","abstract","public opinion"
"W2341236990","topic:voters","abstract","public support"
"W2341236990","topic:voters","abstract","attitudes"
"W2341236990","country:united-kingdom","abstract","britain"
"W2341236990","region:europe","rule","from the country named"
"W2735417698","country:united-kingdom","abstract","brexit"
"W2735417698","country:united-kingdom","abstract","british (+ political word)"
"W2735417698","region:europe","rule","from the country named"
"W2918463782","topic:parties","abstract","populist politicians"
"W2918463782","topic:parties","abstract","candidates"
"W2918463782","topic:voters","abstract","populist attitudes"
"W2918463782","topic:voters","abstract","support for populist"
"W2918463782","topic:media-communication","title","framing"
"W2918463782","topic:media-communication","title","rhetoric"
"W2918463782","topic:media-communication","abstract","rhetoric"
"W2918463782","topic:media-communication","abstract","frames"
"W2918463782","topic:media-communication","abstract","framing"
"W2918463782","country:united-states","abstract","trump"
"W2918463782","country:united-states","abstract","bernie sanders"
"W2918463782","country:united-states","abstract","sanders"
"W2918463782","region:north-america","rule","from the country named"
"W4225273007","topic:media-communication","abstract","communication"
"W4225273007","topic:media-communication","abstract","media"
"W4225273007","topic:media-communication","abstract","disinformation"
"W4225273007","method:qualitative","abstract","qualitative"
"W4225273007","method:qualitative","abstract","fieldwork"
"W1984179216","topic:democracy-institutions","abstract","liberal democracy"
"W1984179216","topic:democracy-institutions","abstract","authoritarianism"
"W1984179216","region:latin-america","abstract","latin america"
"W1984179216","country:thailand","title","thaksin"
"W1984179216","country:thailand","abstract","thailand"
"W1984179216","country:thailand","abstract","thaksin"
"W1984179216","country:thailand","abstract","shinawatra"
"W1984179216","region:asia-pacific","rule","from the country named"
"W2123003588","topic:media-communication","abstract","rhetorical"
"W2123003588","topic:media-communication","abstract","rhetoric"
"W2123003588","country:canada","abstract","canada"
"W2123003588","region:north-america","rule","from the country named"
"W2760707266","topic:parties","title","parties"
"W2760707266","topic:voters","title","support for populist"
"W2760707266","topic:economy-welfare","title","economic crisis"
"W2768993618","topic:parties","abstract","party"
"W2768993618","topic:parties","abstract","parties"
"W2768993618","topic:voters","abstract","supporters"
"W2768993618","topic:voters","abstract","electorate"
"W2768993618","method:survey","abstract","original survey"
"W2905266153","topic:democracy-institutions","title","authoritarianism"
"W2905266153","topic:democracy-institutions","abstract","authoritarianism"
"W2905266153","topic:democracy-institutions","abstract","autocratization"
"W2905266153","country:turkey","title","turkey"
"W2905266153","country:turkey","abstract","turkey"
"W2905266153","country:turkey","abstract","erdogan"
"W2905266153","region:europe","rule","from the country named"
"W2968640598","topic:parties","title","populist right"
"W2968640598","topic:parties","abstract","populist right"
"W2968640598","topic:economy-welfare","abstract","unemployment"
"W2968640598","topic:economy-welfare","abstract","economy"
"W2968640598","topic:migration","abstract","immigration"
"W2968640598","method:quantitative","abstract","panel data"
"W2968640598","method:quantitative","abstract","structural equation"
"W2968640598","region:europe","title","western europe"
"W2968640598","region:europe","abstract","western europe"
"W2968640598","region:europe","abstract","europe"
"W2073004308","topic:parties","title","right wing populist"
"W2073004308","topic:parties","abstract","right wing populist"
"W2073004308","topic:parties","abstract","parties"
"W2073004308","topic:parties","abstract","party leaders"
"W2073004308","topic:media-communication","title","media"
"W2073004308","topic:media-communication","abstract","media"
"W2921465477","topic:international","title","brexit"
"W2921465477","topic:media-communication","title","media"
"W2921465477","country:united-kingdom","title","brexit"
"W2921465477","region:europe","rule","from the country named"
"W2939183303","todo:check-outlet","journal","Journal of Democracy"
"W2939183303","topic:parties","abstract","parties"
"W2939183303","topic:government","title","populists in power"
"W2939183303","topic:government","abstract","in office"
"W2939183303","topic:government","abstract","populists in power"
"W3094721263","topic:international","title","european parliament"
"W3094721263","topic:parties","abstract","radical right"
"W3094721263","topic:gender","title","gender"
"W3094721263","topic:gender","abstract","gender"
"W3094721263","method:qualitative","abstract","qualitative"
"W3094721263","region:europe","title","european"
"W1827236580","topic:international","title","euroscepticism"
"W1827236580","topic:international","abstract","european union"
"W1827236580","topic:international","abstract","euroscepticism"
"W1827236580","topic:international","abstract","european parliament"
"W1827236580","topic:international","abstract","eurosceptic"
"W1827236580","topic:international","abstract","eu"
"W1827236580","topic:parties","abstract","party"
"W1827236580","topic:parties","abstract","parties"
"W1827236580","region:europe","abstract","europe"
"W1827236580","region:europe","abstract","european"
"W1827236580","region:europe","abstract","eu"
"W1827236580","country:italy","title","five star movement"
"W3018154643","topic:parties","title","right wing populism"
"W3018154643","topic:parties","abstract","populist right"
"W3018154643","topic:parties","abstract","right wing populism"
"W3018154643","topic:voters","title","attitudes"
"W3018154643","topic:voters","abstract","voters"
"W3018154643","topic:voters","abstract","attitudes"
"W4292935769","topic:spatial","abstract","rural"
"W4292935769","topic:religion","title","religion"
"W4292935769","topic:religion","abstract","religious"
"W4292935769","topic:religion","abstract","christianity"
"W4292935769","country:france","title","france"
"W4292935769","region:europe","rule","from the country named"
"W1963908551","region:latin-america","title","latin america"
"W2095996815","topic:parties","title","radical right"
"W2095996815","topic:gender","title","gender"
"W2115078501","topic:parties","title","right wing populism"
"W2115078501","topic:parties","abstract","social movements"
"W2115078501","topic:parties","abstract","parties"
"W2115078501","topic:parties","abstract","party"
"W2115078501","topic:parties","abstract","right wing populist"
"W2115078501","topic:migration","title","immigration"
"W2115078501","topic:migration","abstract","immigration"
"W2115078501","country:united-kingdom","title","uk"
"W2115078501","country:united-states","title","usa"
"W2115078501","country:australia","title","australia"
"W2115078501","region:global","rule","three or more regions named: europe, north-america, asia-pacific"
"W2767704371","topic:economy-welfare","abstract","economic"
"W2767704371","topic:economy-welfare","abstract","welfare"
"W2767704371","country:united-states","title","trump"
"W2767704371","country:united-states","abstract","trump"
"W2767704371","country:united-states","abstract","american (+ political word)"
"W2767704371","region:north-america","rule","from the country named"
"W2805188060","topic:parties","abstract","parties"
"W2805188060","topic:parties","abstract","left wing populism"
"W2805188060","topic:economy-welfare","abstract","globalisation"
"W2805188060","region:europe","abstract","europe"
"W1966369516","topic:parties","title","party system"
"W1966369516","topic:parties","abstract","party system"
"W1966369516","topic:parties","abstract","parties"
"W1966369516","topic:parties","abstract","populist movement"
"W1966369516","topic:economy-welfare","abstract","economy"
"W1966369516","topic:economy-welfare","abstract","economic"
"W1966369516","country:venezuela","title","venezuela"
"W1966369516","country:venezuela","abstract","venezuela"
"W1966369516","country:venezuela","abstract","chavez"
"W1966369516","region:latin-america","rule","from the country named"
"W2765622558","topic:parties","title","parties"
"W2765622558","topic:parties","title","right wing populist"
"W2765622558","topic:parties","abstract","right wing populist"
"W2765622558","topic:parties","abstract","parties"
"W2765622558","topic:parties","abstract","party"
"W2765622558","region:europe","abstract","european"
"W2765622558","region:europe","abstract","nordic"
"W2765622558","country:denmark","title","denmark"
"W2765622558","country:finland","title","finland"
"W2765622558","country:norway","title","norway"
"W2765622558","country:sweden","title","sweden"
"W2885007691","topic:voters","title","populist attitudes"
"W2885007691","topic:democracy-institutions","title","referendum"
"W2891181101","topic:parties","abstract","parties"
"W2891181101","topic:parties","abstract","party system"
"W2891181101","country:italy","title","italy"
"W2891181101","country:italy","abstract","m5s"
"W2891181101","country:italy","abstract","lega"
"W2891181101","country:italy","abstract","italian (+ political word)"
"W2891181101","region:europe","rule","from the country named"
"W3203511308","topic:parties","abstract","parties"
"W3203511308","topic:democracy-institutions","title","authoritarian"
"W3203511308","topic:democracy-institutions","abstract","authoritarian"
"W3203511308","method:quantitative","abstract","expert survey"
"W3203511308","method:survey","abstract","european social survey"
"W2072811755","topic:parties","title","parties"
"W2072811755","country:australia","title","australia"
"W2072811755","country:new-zealand","title","new zealand"
"W2072811755","region:asia-pacific","rule","from the country named"
"W3097205081","topic:economy-welfare","abstract","protectionist"
"W3097205081","topic:economy-welfare","abstract","economic"
"W4221062690","topic:parties","title","radical right"
"W4221062690","topic:parties","title","parties"
"W4221062690","topic:parties","abstract","radical right"
"W4221062690","topic:parties","abstract","parties"
"W4221062690","topic:voters","abstract","voter"
"W4221062690","topic:voters","abstract","voters"
"W4221062690","topic:gender","title","women"
"W4221062690","topic:gender","abstract","women"
"W4221062690","topic:gender","abstract","gender"
"W2519371297","topic:parties","title","right wing populist"
"W2519371297","topic:parties","title","party"
"W2519371297","topic:parties","abstract","right wing populist"
"W2519371297","topic:parties","abstract","parties"
"W2519371297","topic:parties","abstract","candidates"
"W2519371297","topic:voters","title","supporters"
"W2519371297","topic:voters","abstract","voters"
"W2519371297","topic:voters","abstract","supporters"
"W2519371297","topic:democracy-institutions","abstract","liberal democracy"
"W2519371297","topic:democracy-institutions","abstract","direct democracy"
"W2519371297","topic:democracy-institutions","abstract","referendums"
"W2519371297","method:survey","abstract","survey data"
"W2615508116","topic:parties","title","right wing populist"
"W2615508116","topic:parties","abstract","right wing populist"
"W2615508116","topic:parties","abstract","parties"
"W2615508116","topic:voters","title","attitudes"
"W2615508116","topic:voters","abstract","attitudes"
"W2615508116","topic:voters","abstract","citizens"
"W2615508116","topic:economy-welfare","title","economic"
"W2615508116","topic:economy-welfare","abstract","economic"
"W2615508116","topic:migration","title","anti immigrant"
"W2615508116","topic:migration","abstract","immigrants"
"W2615508116","topic:migration","abstract","anti immigrant"
"W4237074543","todo:check-record","rule","DOI accepted by reading, not by the automatic rule"
"W4237074543","topic:media-communication","title","media"
"W4237074543","topic:media-communication","title","disinformation"
"W4237074543","topic:media-communication","abstract","misinformation"
"W4237074543","topic:media-communication","abstract","disinformation"
"W4237074543","topic:media-communication","abstract","media"
"W2138513695","topic:parties","title","populist right"
"W2138513695","topic:parties","abstract","parties"
"W2138513695","topic:parties","abstract","populist right"
"W2138513695","region:europe","title","western europe"
"W2138513695","region:europe","abstract","western europe"
"W2138513695","region:europe","abstract","western european"
"W2139415103","topic:parties","title","party"
"W2139415103","topic:parties","abstract","right wing populist"
"W2139415103","topic:parties","abstract","party"
"W2139415103","topic:parties","abstract","far right"
"W2139415103","topic:parties","abstract","parties"
"W2139415103","topic:voters","abstract","vote choice"
"W2139415103","topic:voters","abstract","voters"
"W2139415103","topic:migration","title","anti immigrant"
"W2139415103","topic:migration","abstract","immigration"
"W2139415103","topic:migration","abstract","anti immigrant"
"W2139415103","topic:migration","abstract","immigrants"
"W2139415103","topic:migration","abstract","immigrant"
"W2139415103","country:australia","title","australia"
"W2139415103","country:australia","abstract","australia"
"W2139415103","country:australia","abstract","one nation"
"W2139415103","region:asia-pacific","rule","from the country named"
"W2529947790","topic:parties","abstract","parties"
"W2529947790","topic:parties","abstract","party"
"W2529947790","topic:government","abstract","in power"
"W2529947790","topic:government","abstract","ruling populists"
"W2529947790","topic:gender","abstract","women"
"W2529947790","country:turkey","title","akp"
"W2529947790","country:turkey","abstract","turkey"
"W2529947790","country:turkey","abstract","justice and development party"
"W2529947790","country:turkey","abstract","akp"
"W2529947790","country:turkey","abstract","erdogan"
"W2529947790","region:europe","rule","from the country named"
"W2903761092","country:united-kingdom","title","united kingdom"
"W2903761092","country:united-states","title","united states"
"W2903761092","region:europe","rule","from the country named"
"W2903761092","region:north-america","rule","from the country named"
"W3015109920","topic:parties","abstract","candidate"
"W3015109920","topic:parties","abstract","candidates"
"W3015109920","topic:media-communication","title","twitter"
"W3015109920","topic:media-communication","abstract","communication"
"W3015109920","topic:media-communication","abstract","media"
"W3015109920","topic:media-communication","abstract","twitter"
"W3015109920","country:united-states","title","trump"
"W3015109920","country:united-states","abstract","us"
"W3015109920","country:united-states","abstract","trump"
"W3015109920","region:north-america","rule","from the country named"
"W1974850196","topic:spatial","title","rural"
"W3012902634","topic:parties","abstract","parties"
"W3012902634","topic:parties","abstract","candidates"
"W3012902634","topic:parties","abstract","partisanship"
"W3012902634","topic:voters","title","public support"
"W3012902634","topic:voters","abstract","attitudes"
"W3012902634","topic:voters","abstract","populist attitudes"
"W3012902634","topic:voters","abstract","citizens"
"W3012902634","topic:voters","abstract","public opinion"
"W3012902634","topic:media-communication","abstract","rhetoric"
"W3012902634","topic:media-communication","abstract","frames"
"W3012902634","method:experiment","abstract","experimental data"
"W3012902634","method:experiment","abstract","experimental results"
"W3012902634","country:united-states","abstract","united states"
"W3012902634","country:united-states","abstract","us"
"W3012902634","region:north-america","rule","from the country named"
"W2540476845","topic:parties","title","far right"
"W2540476845","region:europe","title","europe"
"W2961217899","approach:measurement","title","measurement of populist"
"W2961217899","approach:measurement","abstract","measures of populist"
"W2961217899","approach:measurement","abstract","populism scale"
"W2961217899","approach:measurement","abstract","measures of populism"
"W2961217899","topic:voters","title","populist attitudes"
"W2961217899","topic:voters","abstract","populist attitudes"
"W2961217899","method:survey","abstract","cross national survey"
"W3003413129","topic:parties","abstract","parties"
"W3003413129","method:quantitative","abstract","statistical analyses"
"W3003413129","method:quantitative","abstract","expert survey"
"W3003413129","region:europe","abstract","eastern europe"
"W3003413129","region:europe","abstract","european"
"W3003413129","region:europe","abstract","eu"
"W2134621482","topic:parties","abstract","parties"
"W2134621482","topic:parties","abstract","candidate"
"W2134621482","topic:media-communication","title","television"
"W2134621482","topic:media-communication","title","media"
"W2134621482","topic:media-communication","abstract","television"
"W2134621482","topic:media-communication","abstract","media"
"W2134621482","method:quantitative","abstract","statistical analysis"
"W2134621482","method:survey","abstract","survey data"
"W2134621482","region:latin-america","title","latin america"
"W2134621482","country:brazil","title","brazil"
"W2134621482","country:peru","title","peru"
"W2134621482","country:peru","abstract","peru"
"W2134621482","country:peru","abstract","fujimori"
"W3090955814","topic:parties","title","far right"
"W3090955814","topic:parties","abstract","far right"
"W3090955814","topic:media-communication","title","media"
"W3090955814","method:mixed","abstract","mixed methods"
"W3119127117","topic:parties","abstract","parties"
"W3119127117","topic:parties","abstract","party"
"W3119127117","method:qualitative","abstract","semi structured"
"W3119127117","method:qualitative","abstract","interviews"
"W3119127117","region:europe","abstract","europe"
"W3119127117","country:spain","title","podemos"
"W3119127117","country:spain","abstract","spain"
"W3119127117","country:spain","abstract","podemos"
"W2211404394","topic:government","title","populists in government"
"W2211404394","topic:government","abstract","populists in government"
"W2211404394","topic:government","abstract","populists in power"
"W2952380425","topic:parties","abstract","parties"
"W2952380425","topic:parties","abstract","social movements"
"W2952380425","topic:democracy-institutions","title","constitutional"
"W2952380425","topic:democracy-institutions","title","authoritarian"
"W2952380425","topic:democracy-institutions","abstract","authoritarianism"
"W2952380425","topic:democracy-institutions","abstract","rule of law"
"W2952380425","topic:democracy-institutions","abstract","constitutional"
"W2952380425","topic:democracy-institutions","abstract","checks and balances"
"W2952380425","topic:democracy-institutions","abstract","democratic backsliding"
"W2952380425","region:europe","title","central europe"
"W2952380425","country:hungary","abstract","hungary"
"W2952380425","country:poland","abstract","poland"
"W3094772008","topic:government","abstract","presidency"
"W3094772008","country:brazil","title","bolsonaro"
"W3094772008","country:brazil","abstract","bolsonaro"
"W3094772008","country:brazil","abstract","brazilian (+ political word)"
"W3094772008","region:latin-america","rule","from the country named"
"W4243825081","approach:ideational","abstract","host ideology"
"W4243825081","topic:parties","abstract","parties"
"W4243825081","topic:parties","abstract","party"
"W4243825081","region:europe","title","western europe"
"W4243825081","country:belgium","title","belgium"
"W4243825081","country:germany","title","germany"
"W4243825081","country:netherlands","title","netherlands"
"W2626117494","approach:discursive","title","discourse theory"
"W2626117494","approach:discursive","abstract","discursive perspective"
"W2626117494","approach:discursive","abstract","discourse theory"
"W2626117494","topic:parties","abstract","far right"
"W2626117494","topic:parties","abstract","left wing populist"
"W2626117494","topic:government","abstract","in government"
"W2626117494","topic:government","abstract","populist governments"
"W2626117494","region:europe","abstract","european"
"W2626117494","country:united-states","abstract","trump"
"W2626117494","country:united-states","abstract","bernie sanders"
"W2626117494","region:north-america","rule","from the country named"
"W3087018488","topic:economy-welfare","title","inequality"
"W3087018488","topic:economy-welfare","abstract","inequality"
"W3087018488","topic:economy-welfare","abstract","inequalities"
"W3087018488","topic:economy-welfare","abstract","economic"
"W3087018488","method:quantitative","abstract","econometric"
"W3087018488","country:united-states","title","trump"
"W3087018488","country:united-states","title","us"
"W3087018488","country:united-states","abstract","united states"
"W3087018488","country:united-states","abstract","us"
"W3087018488","country:united-states","abstract","trump"
"W3087018488","country:united-states","abstract","trumpism"
"W3087018488","region:north-america","rule","from the country named"
"W3166926658","topic:spatial","title","spatial"
"W3166926658","country:united-states","abstract","us"
"W3166926658","region:north-america","rule","from the country named"
"W3175318719","topic:parties","title","radical right"
"W3175318719","topic:parties","abstract","radical right"
"W3175318719","topic:parties","abstract","party"
"W3175318719","topic:parties","abstract","parties"
"W3175318719","topic:economy-welfare","title","welfare"
"W3175318719","topic:economy-welfare","abstract","welfare"
"W3175318719","topic:economy-welfare","abstract","economy"
"W4247280154","topic:parties","title","radical right"
"W4247280154","topic:parties","abstract","right wing populist"
"W4247280154","topic:parties","abstract","parties"
"W4247280154","topic:parties","abstract","radical right"
"W4247280154","topic:media-communication","title","media"
"W4247280154","topic:media-communication","abstract","media"
"W4247280154","method:qualitative","abstract","interviews"
"W4247280154","country:belgium","abstract","belgium"
"W4247280154","country:belgium","abstract","wallonia"
"W4247280154","country:belgium","abstract","flemish (+ political word)"
"W4247280154","country:luxembourg","abstract","luxembourg"
"W4247280154","region:europe","rule","from the country named"
"W2149462964","topic:economy-welfare","title","economy"
"W2167026994","topic:parties","title","right wing populist"
"W2167026994","topic:parties","title","party"
"W2167026994","topic:parties","abstract","right wing populist"
"W2167026994","topic:parties","abstract","parties"
"W2167026994","topic:parties","abstract","populist right"
"W2167026994","topic:parties","abstract","party"
"W2167026994","topic:parties","abstract","party system"
"W2167026994","country:france","title","france"
"W2167026994","country:france","abstract","france"
"W2167026994","country:france","abstract","front national"
"W2167026994","country:france","abstract","french (+ political word)"
"W2167026994","country:germany","title","germany"
"W2167026994","country:germany","abstract","germany"
"W2167026994","region:europe","rule","from the country named"
"W2170276784","topic:parties","abstract","party competition"
"W2170276784","topic:parties","abstract","parties"
"W2170276784","topic:parties","abstract","party system"
"W2170276784","topic:government","title","populist governance"
"W2170276784","topic:government","abstract","populist president"
"W2170276784","topic:government","abstract","populist presidents"
"W2170276784","topic:economy-welfare","abstract","economic"
"W2170276784","topic:economy-welfare","abstract","inequality"
"W2170276784","topic:economy-welfare","abstract","redistributive"
"W2170276784","topic:economy-welfare","abstract","economy"
"W2170276784","region:latin-america","title","latin america"
"W2910043853","todo:check-outlet","journal","Journal of Democracy"
"W2910043853","topic:parties","abstract","parties"
"W2910043853","topic:parties","abstract","party"
"W2910043853","country:italy","title","italy"
"W2910043853","country:italy","abstract","italy"
"W2910043853","country:italy","abstract","five star movement"
"W2910043853","country:italy","abstract","m5s"
"W2910043853","country:italy","abstract","lega"
"W2910043853","country:italy","abstract","northern league"
"W2910043853","country:italy","abstract","italian (+ political word)"
"W2910043853","region:europe","rule","from the country named"
"W2999598582","topic:parties","title","radical left"
"W2999598582","region:europe","title","europe"
"W1962413756","topic:parties","abstract","populist actors"
"W1962413756","topic:government","abstract","in government"
"W1962413756","topic:democracy-institutions","title","democratic quality"
"W1962413756","topic:democracy-institutions","abstract","democratic quality"
"W1962413756","method:qualitative","abstract","qualitative"
"W1962413756","region:latin-america","title","latin america"
"W1966091812","topic:democracy-institutions","abstract","democratization"
"W1966091812","topic:democracy-institutions","abstract","illiberalism"
"W1966091812","region:sub-saharan-africa","title","sub saharan africa"
"W1966091812","region:sub-saharan-africa","abstract","african"
"W1966091812","region:sub-saharan-africa","abstract","sub saharan africa"
"W1966091812","region:sub-saharan-africa","abstract","africa"
"W2506118770","topic:parties","title","right wing populist"
"W2506118770","topic:parties","title","party"
"W2506118770","topic:parties","abstract","right wing populist"
"W2506118770","topic:parties","abstract","parties"
"W2506118770","topic:parties","abstract","party"
"W2506118770","topic:economy-welfare","abstract","euro crisis"
"W2506118770","topic:economy-welfare","abstract","economic"
"W2506118770","country:germany","title","germany"
"W2506118770","country:germany","title","alternative for germany"
"W2506118770","country:germany","abstract","germany"
"W2506118770","country:germany","abstract","afd"
"W2506118770","region:europe","rule","from the country named"
"W2767919949","topic:parties","abstract","parties"
"W2767919949","topic:parties","abstract","left wing populists"
"W2767919949","topic:parties","abstract","right wing populist"
"W2767919949","topic:parties","abstract","right wing populists"
"W2767919949","topic:economy-welfare","title","protectionism"
"W2767919949","topic:economy-welfare","abstract","economic"
"W2767919949","topic:economy-welfare","abstract","protectionism"
"W2767919949","method:survey","abstract","representative survey"
"W2767919949","country:netherlands","title","netherlands"
"W2767919949","region:europe","rule","from the country named"
"W3121471355","topic:parties","title","radical right"
"W3121471355","topic:parties","abstract","radical right"
"W3121471355","topic:parties","abstract","party"
"W3121471355","topic:parties","abstract","parties"
"W3121471355","topic:economy-welfare","title","welfare"
"W3121471355","topic:economy-welfare","abstract","welfare"
"W3121471355","region:europe","title","western europe"
"W3153559262","approach:other","abstract","definitions of populism"
"W3153559262","topic:religion","title","religion"
"W3153559262","topic:religion","abstract","religion"
"W3153559262","topic:religion","abstract","religious"
"W2941670880","topic:democracy-institutions","title","authoritarianism"
"W2941670880","topic:democracy-institutions","title","constitutionalism"
"W2941670880","topic:democracy-institutions","abstract","authoritarianism"
"W2941670880","topic:democracy-institutions","abstract","constitutionalism"
"W2941670880","topic:democracy-institutions","abstract","constitutional"
"W2941670880","topic:democracy-institutions","abstract","authoritarian"
"W2941670880","topic:democracy-institutions","abstract","authoritarians"
"W2944638568","approach:economic","abstract","economic populism"
"W2944638568","topic:parties","abstract","parties"
"W2944638568","topic:parties","abstract","radical right"
"W2944638568","topic:parties","abstract","radical left"
"W2944638568","topic:economy-welfare","abstract","economic"
"W2944638568","region:europe","title","western europe"
"W3043649482","topic:government","title","populism in power"
"W3043649482","topic:economy-welfare","abstract","neoliberal"
"W3043649482","topic:economy-welfare","abstract","economic"
"W3043649482","country:turkey","title","turkey"
"W3043649482","country:turkey","title","erdogan"
"W3043649482","country:turkey","abstract","turkey"
"W3043649482","country:turkey","abstract","erdogan"
"W3043649482","country:india","title","india"
"W3043649482","country:india","title","modi"
"W3043649482","country:india","abstract","india"
"W3043649482","country:india","abstract","modi"
"W3043649482","country:israel","title","israel"
"W3043649482","country:israel","title","netanyahu"
"W3043649482","country:israel","abstract","israel"
"W3043649482","country:israel","abstract","netanyahu"
"W3043649482","region:global","rule","three or more regions named: europe, asia-pacific, mena"
"W2052237115","topic:media-communication","title","communications"
"W2052237115","topic:media-communication","title","media"
"W2052237115","topic:media-communication","abstract","communications"
"W2052237115","topic:media-communication","abstract","media"
"W2130783943","topic:parties","title","right wing populist"
"W2130783943","topic:parties","title","party"
"W2130783943","topic:parties","abstract","party"
"W2130783943","topic:parties","abstract","right wing populist"
"W2130783943","topic:parties","abstract","parties"
"W2130783943","topic:parties","abstract","right wing populists"
"W2130783943","method:qualitative","abstract","semi structured"
"W2130783943","method:qualitative","abstract","interviews"
"W2130783943","country:austria","abstract","austria"
"W2130783943","country:austria","abstract","freedom party of austria"
"W2130783943","country:austria","abstract","fpo"
"W2130783943","region:europe","rule","from the country named"
"W2789571031","topic:parties","title","right wing populism"
"W2789571031","country:germany","title","germany"
"W2789571031","region:europe","rule","from the country named"
"W2902844784","approach:ideational","abstract","ideational approach"
"W2902844784","topic:parties","title","right wing populism"
"W2902844784","topic:parties","title","party"
"W2902844784","topic:parties","abstract","right wing populist"
"W2902844784","topic:parties","abstract","parties"
"W2902844784","topic:parties","abstract","party"
"W2902844784","topic:parties","abstract","right wing populism"
"W2902844784","method:qualitative","abstract","interviews"
"W2902844784","region:europe","abstract","european"
"W2902844784","country:india","title","india"
"W2902844784","country:india","title","bharatiya janata"
"W2902844784","country:india","abstract","india"
"W2902844784","country:india","abstract","bharatiya janata"
"W2902844784","country:india","abstract","bjp"
"W2902844784","country:india","abstract","indian (+ political word)"
"W2902844784","region:asia-pacific","rule","from the country named"
"W3043790525","topic:spatial","title","places that don t matter"
"W3043790525","topic:economy-welfare","abstract","economic"
"W3043790525","topic:economy-welfare","abstract","inequalities"
"W3043790525","topic:economy-welfare","abstract","inequality"
"W4391785328","topic:economy-welfare","title","economic"
"W4391785328","topic:economy-welfare","abstract","economic"
"W4391785328","method:survey","abstract","survey data"
"W4391785328","region:europe","title","europe"
"W2017561896","topic:parties","abstract","party"
"W2017561896","country:greece","title","greece"
"W2017561896","country:greece","title","pasok"
"W2017561896","country:greece","abstract","greece"
"W2017561896","country:greece","abstract","pasok"
"W2017561896","country:greece","abstract","greek (+ political word)"
"W2017561896","region:europe","rule","from the country named"
"W2021875384","topic:defence-security","title","militarization"
"W2021875384","topic:religion","title","islamic"
"W2021875384","country:iran","title","iran"
"W2021875384","country:iran","abstract","iran"
"W2021875384","country:iran","abstract","iranian (+ political word)"
"W2021875384","region:mena","rule","from the country named"
"W2080438058","approach:discursive","title","laclau"
"W2944011515","approach:measurement","abstract","measure populism"
"W2944011515","country:united-states","title","us"
"W2944011515","country:united-states","abstract","united states"
"W2944011515","country:united-states","abstract","trump"
"W2944011515","country:united-states","abstract","us"
"W2944011515","region:north-america","rule","from the country named"
"W2127213913","topic:parties","abstract","radical left"
"W2127213913","topic:parties","abstract","populist leaders"
"W2127213913","topic:democracy-institutions","title","populism and democracy"
"W2127213913","region:latin-america","title","latin america"
"W2127213913","country:bolivia","abstract","bolivia"
"W2127213913","country:bolivia","abstract","evo morales"
"W2127213913","country:bolivia","abstract","morales"
"W2127213913","country:brazil","abstract","brazil"
"W2127213913","country:brazil","abstract","lula"
"W2127213913","country:ecuador","abstract","ecuador"
"W2127213913","country:ecuador","abstract","correa"
"W2127213913","country:venezuela","abstract","venezuela"
"W2127213913","country:venezuela","abstract","chavez"
"W2891494824","approach:ideational","abstract","ideational approaches"
"W2891494824","topic:parties","abstract","party"
"W2891494824","topic:parties","abstract","radical right"
"W2891494824","country:italy","abstract","movimento 5 stelle"
"W2891494824","country:italy","abstract","m5s"
"W2891494824","country:italy","abstract","grillo"
"W2891494824","country:italy","abstract","lega"
"W2891494824","region:europe","rule","from the country named"
"W2944990619","topic:international","abstract","eu"
"W2944990619","topic:migration","abstract","migration"
"W2944990619","topic:migration","abstract","refugee"
"W2944990619","topic:migration","abstract","asylum"
"W2944990619","topic:migration","abstract","migrants"
"W2944990619","topic:democracy-institutions","title","illiberal"
"W2944990619","topic:democracy-institutions","title","authoritarianism"
"W2944990619","topic:democracy-institutions","abstract","illiberal"
"W2944990619","topic:democracy-institutions","abstract","democratic institutions"
"W2944990619","region:europe","title","europe"
"W2944990619","region:europe","abstract","eu"
"W2944990619","country:hungary","abstract","orban"
"W2944990619","country:hungary","abstract","fidesz"
"W2944990619","country:hungary","abstract","hungarian (+ political word)"
"W2974755215","topic:parties","title","right wing populism"
"W2974755215","topic:gender","title","gendered"
"W2974755215","topic:gender","title","masculinity"
"W2974755215","country:russia","title","putin"
"W2974755215","country:turkey","title","erdogan"
"W2974755215","region:europe","rule","from the country named"
"W3062491817","topic:international","abstract","european union"
"W3062491817","topic:international","abstract","eu"
"W3062491817","topic:international","abstract","euroscepticism"
"W3062491817","topic:parties","title","parties"
"W3062491817","topic:parties","abstract","populist actors"
"W3062491817","topic:parties","abstract","manifestos"
"W3062491817","topic:parties","abstract","party leadership"
"W3062491817","topic:parties","abstract","left wing populist"
"W3062491817","topic:parties","abstract","party"
"W3062491817","topic:parties","abstract","right wing populist"
"W3062491817","topic:parties","abstract","parties"
"W3062491817","method:qualitative","abstract","discourse analysis"
"W3062491817","region:europe","title","europe"
"W3062491817","region:europe","abstract","europe"
"W3062491817","region:europe","abstract","european"
"W3062491817","region:europe","abstract","eu"
"W3062491817","country:germany","abstract","germany"
"W3062491817","country:germany","abstract","alternative fur deutschland"
"W3062491817","country:spain","abstract","spain"
"W3062491817","country:spain","abstract","podemos"
"W3135249212","topic:democracy-institutions","title","authoritarian"
"W3135249212","country:india","title","modi"
"W3135249212","region:asia-pacific","rule","from the country named"
"W3150423783","topic:parties","title","radical right"
"W3150423783","topic:parties","abstract","radical right"
"W3150423783","topic:parties","abstract","parties"
"W3150423783","topic:voters","abstract","citizens"
"W3150423783","topic:voters","abstract","respondents"
"W3150423783","topic:voters","abstract","support for populist"
"W3150423783","topic:voters","abstract","electorate"
"W3150423783","topic:spatial","abstract","rural"
"W3150423783","method:survey","abstract","survey data"
"W3150423783","country:netherlands","title","pvv"
"W3150423783","region:europe","rule","from the country named"
"W2883151224","topic:parties","abstract","right wing populist"
"W2883151224","topic:parties","abstract","right wing populism"
"W2883151224","topic:media-communication","title","media"
"W2883151224","topic:media-communication","abstract","media"
"W2971523568","topic:parties","title","social movement"
"W2971523568","country:spain","title","spain"
"W2971523568","country:spain","title","podemos"
"W2971523568","country:ukraine","title","ukraine"
"W2971523568","region:europe","rule","from the country named"
"W2987804351","topic:religion","title","secularist"
"W2987804351","topic:religion","abstract","secularist"
"W2987804351","topic:religion","abstract","islam"
"W2987804351","topic:religion","abstract","muslims"
"W2987804351","topic:migration","title","nativism"
"W2987804351","topic:migration","abstract","nativism"
"W2987804351","region:europe","abstract","europe"
"W2987804351","region:europe","abstract","european"
"W2987804351","country:netherlands","title","netherlands"
"W1976836859","topic:parties","title","populist right"
"W1976836859","topic:parties","abstract","populist right"
"W1976836859","topic:parties","abstract","parties"
"W1976836859","topic:parties","abstract","party"
"W1976836859","method:survey","abstract","survey data"
"W1976836859","country:switzerland","title","switzerland"
"W1976836859","country:switzerland","abstract","switzerland"
"W1976836859","country:switzerland","abstract","swiss people s party"
"W1976836859","country:switzerland","abstract","swiss (+ political word)"
"W1976836859","region:europe","rule","from the country named"
"W2063491917","todo:check-outlet","journal","Document Design (on none of the journal lists that OpenAlex records)"
"W2063491917","topic:media-communication","title","rhetoric"
"W2747307530","topic:parties","title","right wing populism"
"W2747307530","topic:parties","abstract","right wing populist"
"W2747307530","topic:parties","abstract","parties"
"W2747307530","topic:economy-welfare","abstract","economic"
"W2747307530","topic:economy-welfare","abstract","neoliberal"
"W2747307530","topic:media-communication","title","media"
"W2747307530","topic:migration","abstract","xenophobic"
"W2747307530","topic:migration","abstract","migration"
"W3011977138","topic:parties","abstract","radical right"
"W3011977138","topic:parties","abstract","populist politicians"
"W3011977138","topic:parties","abstract","populist actors"
"W3011977138","topic:voters","abstract","support for populist"
"W3011977138","topic:voters","abstract","populist attitudes"
"W3011977138","topic:media-communication","abstract","rhetoric"
"W3011977138","topic:media-communication","abstract","communication"
"W3011977138","topic:media-communication","abstract","frames"
"W3011977138","method:qualitative","abstract","qualitative"
"W4289518904","topic:parties","title","radical right"
"W4289518904","topic:parties","abstract","radical right"
"W4289518904","topic:parties","abstract","party"
"W4289518904","topic:parties","abstract","parties"
"W4289518904","topic:voters","abstract","voters"
"W4289518904","topic:voters","abstract","attitudes"
"W4289518904","topic:voters","abstract","electoral support"
"W4289518904","topic:economy-welfare","title","economic"
"W4289518904","topic:economy-welfare","abstract","economic"
"W4289518904","topic:economy-welfare","abstract","labour market"
"W4289518904","topic:migration","abstract","anti immigration"
"W4289518904","topic:migration","abstract","immigration"
"W4289518904","country:sweden","title","sweden"
"W4289518904","country:sweden","abstract","sweden"
"W4289518904","country:sweden","abstract","sweden democrats"
"W4289518904","country:sweden","abstract","swedish (+ political word)"
"W4289518904","region:europe","rule","from the country named"
"W2804320461","topic:international","title","brexit"
"W2804320461","topic:international","abstract","brexit"
"W2804320461","topic:international","abstract","european union"
"W2804320461","topic:international","abstract","eu"
"W2804320461","topic:parties","abstract","right wing populism"
"W2804320461","topic:migration","title","nativist"
"W2804320461","topic:migration","abstract","nativist"
"W2804320461","topic:migration","abstract","immigrants"
"W2804320461","topic:migration","abstract","nativists"
"W2804320461","topic:democracy-institutions","title","referendum"
"W2804320461","region:europe","abstract","european"
"W2804320461","region:europe","abstract","eu"
"W2804320461","country:united-kingdom","title","brexit"
"W2804320461","country:united-kingdom","abstract","united kingdom"
"W2804320461","country:united-kingdom","abstract","brexit"
"W2804320461","country:united-kingdom","abstract","uk"
"W2986042152","topic:democracy-institutions","title","authoritarian"
"W2986042152","country:united-states","title","usa"
"W2986042152","region:north-america","rule","from the country named"
"W3028501940","approach:performative","abstract","populist style"
"W3028501940","topic:media-communication","title","rhetorical"
"W3028501940","topic:media-communication","abstract","media"
"W3028501940","topic:media-communication","abstract","rhetoric"
"W3028501940","topic:media-communication","abstract","communication"
"W3028501940","topic:media-communication","abstract","rhetorical"
"W1982101952","topic:economy-welfare","abstract","inequality"
"W1982101952","country:kenya","title","kenya"
"W1982101952","country:kenya","abstract","kenya"
"W1982101952","region:sub-saharan-africa","rule","from the country named"
"W2014841441","approach:discursive","abstract","populist logic"
"W2014841441","topic:parties","abstract","party"
"W2014841441","topic:government","abstract","in office"
"W2014841441","country:greece","title","greek (+ political word)"
"W2014841441","country:greece","abstract","pasok"
"W2014841441","country:greece","abstract","greek (+ political word)"
"W2014841441","region:europe","rule","from the country named"
"W2284664494","topic:parties","title","right wing populist"
"W2284664494","topic:parties","title","parties"
"W2284664494","topic:parties","abstract","right wing populist"
"W2284664494","topic:parties","abstract","parties"
"W2284664494","topic:parties","abstract","party"
"W2284664494","topic:voters","abstract","demand side"
"W2284664494","topic:voters","abstract","voter"
"W2284664494","topic:voters","abstract","attitudes"
"W2284664494","topic:media-communication","title","media"
"W2284664494","topic:media-communication","abstract","media"
"W2284664494","topic:migration","abstract","immigrant"
"W2284664494","topic:migration","abstract","anti immigrant"
"W2284664494","method:experiment","abstract","experimental design"
"W2789408816","topic:international","title","euroscepticism"
"W2789408816","topic:international","abstract","european union"
"W2789408816","topic:international","abstract","brexit"
"W2789408816","topic:international","abstract","eurosceptic"
"W2789408816","topic:parties","abstract","parties"
"W2789408816","topic:media-communication","abstract","framing"
"W2789408816","region:europe","abstract","european"
"W2789408816","region:europe","abstract","europe"
"W2976700923","topic:voters","abstract","citizens"
"W2976700923","region:europe","title","western europe"
"W3200643390","topic:government","abstract","populist governments"
"W3200643390","topic:government","abstract","administration"
"W3200643390","country:united-states","title","trump"
"W3200643390","country:united-states","abstract","us"
"W3200643390","country:united-states","abstract","trump"
"W3200643390","region:north-america","rule","from the country named"
"W2081211633","approach:economic","abstract","economic populism"
"W2081211633","topic:parties","title","party"
"W2081211633","topic:voters","title","attitudes"
"W2081211633","topic:voters","abstract","attitudes"
"W2081211633","topic:economy-welfare","title","economic"
"W2081211633","topic:economy-welfare","abstract","economic"
"W2081211633","topic:economy-welfare","abstract","social policy"
"W2081211633","topic:economy-welfare","abstract","welfare"
"W2081211633","topic:democracy-institutions","abstract","authoritarianism"
"W2081211633","country:belgium","abstract","flanders"
"W2081211633","country:belgium","abstract","belgium"
"W2081211633","region:europe","rule","from the country named"
"W2342961405","topic:parties","abstract","party"
"W2342961405","topic:parties","abstract","parties"
"W2342961405","topic:media-communication","abstract","rhetoric"
"W2342961405","topic:media-communication","abstract","communication"
"W2342961405","country:italy","title","italian (+ political word)"
"W2342961405","country:italy","abstract","italian (+ political word)"
"W2342961405","region:europe","rule","from the country named"
"W2912268623","topic:voters","abstract","populist attitudes"
"W2912268623","method:survey","abstract","survey data"
"W2951264771","topic:international","abstract","transnational"
"W2951264771","topic:international","abstract","european union"
"W2951264771","topic:parties","title","party"
"W2951264771","topic:parties","title","parties"
"W2951264771","topic:parties","abstract","parties"
"W2951264771","topic:parties","abstract","right wing populist"
"W2951264771","topic:parties","abstract","populist left"
"W2951264771","topic:economy-welfare","abstract","economy"
"W2951264771","topic:economy-welfare","abstract","economic"
"W2951264771","topic:religion","abstract","religion"
"W2951264771","topic:religion","abstract","religious"
"W2951264771","region:europe","title","europe"
"W2951264771","region:europe","abstract","european"
"W3047391870","topic:economy-welfare","title","welfare"
"W3047391870","topic:economy-welfare","abstract","neoliberalism"
"W3047391870","topic:economy-welfare","abstract","economics"
"W3047391870","topic:economy-welfare","abstract","neoliberal"
"W3047391870","topic:economy-welfare","abstract","economic"
"W3047391870","topic:economy-welfare","abstract","welfare"
"W3047391870","topic:democracy-institutions","title","authoritarianism"
"W3047391870","topic:democracy-institutions","abstract","authoritarian"
"W3047391870","topic:democracy-institutions","abstract","authoritarianism"
"W3047391870","topic:democracy-institutions","abstract","illiberal"
"W3047391870","country:hungary","title","hungary"
"W3047391870","country:hungary","abstract","hungary"
"W3047391870","country:poland","title","poland"
"W3047391870","country:poland","abstract","poland"
"W3047391870","region:europe","rule","from the country named"
"W3111601537","topic:international","title","international cooperation"
"W3111601537","topic:international","abstract","international cooperation"
"W3111601537","topic:international","abstract","international institutions"
"W3205837710","topic:parties","title","radical right"
"W3205837710","topic:parties","abstract","party competition"
"W3205837710","topic:parties","abstract","radical right"
"W3205837710","topic:parties","abstract","parties"
"W3205837710","topic:parties","abstract","party"
"W3205837710","topic:parties","abstract","party systems"
"W3205837710","topic:voters","abstract","electoral support"
"W3205837710","topic:voters","abstract","supporters"
"W3205837710","region:europe","abstract","western european"
"W3205837710","region:europe","abstract","western europe"
"W3205837710","country:germany","abstract","germany"
"W3205837710","country:germany","abstract","alternative fur deutschland"
"W1976886383","topic:parties","abstract","parties"
"W1976886383","topic:parties","abstract","party"
"W1976886383","country:netherlands","title","netherlands"
"W1976886383","country:netherlands","title","fortuyn"
"W1976886383","country:netherlands","title","wilders"
"W1976886383","country:netherlands","abstract","netherlands"
"W1976886383","country:netherlands","abstract","fortuyn"
"W1976886383","country:netherlands","abstract","wilders"
"W1976886383","region:europe","rule","from the country named"
"W1986671587","topic:economy-welfare","abstract","economic"
"W1986671587","topic:economy-welfare","abstract","economy"
"W1986671587","region:sub-saharan-africa","title","africa"
"W1996522889","topic:parties","title","right wing populism"
"W1996522889","topic:religion","title","islam"
"W1996522889","topic:religion","title","church"
"W1996522889","topic:religion","abstract","islam"
"W1996522889","topic:religion","abstract","muslim"
"W1996522889","topic:religion","abstract","church"
"W1996522889","country:austria","title","austria"
"W1996522889","country:germany","title","germany"
"W1996522889","country:switzerland","title","switzerland"
"W1996522889","region:europe","rule","from the country named"
"W2092682616","region:latin-america","title","latin america"
"W2151568240","topic:parties","title","radical right"
"W2151568240","topic:parties","title","parties"
"W2151568240","topic:parties","abstract","party"
"W2151568240","topic:parties","abstract","radical right"
"W2151568240","topic:parties","abstract","parties"
"W2151568240","region:europe","title","eastern europe"
"W2151568240","region:europe","abstract","eastern europe"
"W2750992188","topic:religion","abstract","secular"
"W2750992188","topic:religion","abstract","islamic"
"W2750992188","topic:democracy-institutions","title","authoritarian"
"W2750992188","country:indonesia","title","indonesia"
"W2750992188","region:asia-pacific","rule","from the country named"
"W3044533424","topic:economy-welfare","title","economic"
"W3044533424","region:latin-america","title","latin america"
"W3084365054","topic:parties","title","right wing populism"
"W3084365054","topic:parties","abstract","right wing populism"
"W3084365054","topic:parties","abstract","right wing populist"
"W3084365054","topic:parties","abstract","party"
"W3084365054","topic:gender","title","feminist"
"W3084365054","topic:gender","abstract","feminist"
"W3084365054","topic:gender","abstract","gender"
"W3084365054","topic:gender","abstract","women"
"W3084365054","topic:gender","abstract","feminism"
"W3084365054","topic:gender","abstract","anti gender"
"W3084365054","topic:religion","abstract","catholic"
"W3084365054","topic:religion","abstract","church"
"W3084365054","country:poland","title","poland"
"W3084365054","country:poland","title","law and justice"
"W3084365054","country:poland","abstract","law and justice"
"W3084365054","country:poland","abstract","pis"
"W3084365054","country:poland","abstract","polish (+ political word)"
"W3084365054","region:europe","rule","from the country named"
"W4385551313","topic:government","title","administration"
"W4385551313","topic:government","title","populist rule"
"W4385551313","topic:government","abstract","administration"
"W4385551313","topic:government","abstract","come to power"
"W4385551313","topic:democracy-institutions","title","democratic backsliding"
"W4385551313","topic:democracy-institutions","abstract","democratic backsliding"
"W4385551313","topic:democracy-institutions","abstract","liberal democracy"
"W4385551313","topic:democracy-institutions","abstract","illiberal"
"W1981850205","topic:economy-welfare","title","inequality"
"W1981850205","country:iran","title","iran"
"W1981850205","region:mena","rule","from the country named"
"W2121769335","topic:economy-welfare","abstract","globalisation"
"W2121769335","topic:economy-welfare","abstract","neoliberal"
"W2121769335","topic:economy-welfare","abstract","economy"
"W2121769335","country:argentina","abstract","argentina"
"W2121769335","country:argentina","abstract","menem"
"W2121769335","country:peru","title","fujimori"
"W2121769335","country:peru","abstract","peru"
"W2121769335","country:peru","abstract","fujimori"
"W2121769335","country:venezuela","title","chavez"
"W2121769335","region:latin-america","rule","from the country named"
"W2803367946","topic:economy-welfare","title","economic"
"W2803367946","topic:economy-welfare","abstract","economic"
"W2803367946","topic:economy-welfare","abstract","unemployment"
"W2803367946","topic:economy-welfare","abstract","inequality"
"W2979619678","topic:economy-welfare","abstract","redistributive"
"W2979619678","topic:economy-welfare","abstract","economics"
"W2979619678","region:global","title","around the world"
"W3006364387","topic:parties","abstract","right wing populism"
"W3006364387","topic:parties","abstract","left wing populism"
"W3006364387","topic:parties","abstract","party system"
"W3006364387","country:spain","title","spain"
"W3006364387","country:spain","title","vox"
"W3006364387","country:spain","title","podemos"
"W3006364387","country:spain","abstract","spain"
"W3006364387","country:spain","abstract","vox"
"W3006364387","country:spain","abstract","podemos"
"W3006364387","country:spain","abstract","spanish (+ political word)"
"W3006364387","region:europe","rule","from the country named"
"W2056744712","topic:parties","title","radical right"
"W2056744712","topic:media-communication","title","rhetoric"
"W2056744712","topic:media-communication","abstract","rhetoric"
"W2056744712","topic:gender","abstract","gendered"
"W2056744712","topic:gender","abstract","feminism"
"W2056744712","topic:gender","abstract","masculinity"
"W2056744712","topic:migration","title","anti immigration"
"W2056744712","country:finland","title","finland"
"W2056744712","region:europe","rule","from the country named"
"W2757406038","topic:government","abstract","populist presidents"
"W2757406038","region:latin-america","title","latin america"
"W2902401291","topic:parties","title","party system"
"W2902401291","topic:parties","abstract","populist movements"
"W2902401291","topic:parties","abstract","parties"
"W2902401291","topic:parties","abstract","party systems"
"W2902401291","topic:parties","abstract","party"
"W2902401291","topic:economy-welfare","title","economics"
"W2902401291","topic:economy-welfare","abstract","financial crisis"
"W2902401291","topic:economy-welfare","abstract","austerity"
"W2902401291","region:europe","title","european"
"W2902401291","region:europe","title","europe"
"W2902401291","region:europe","abstract","european"
"W2902401291","region:europe","abstract","europe"
"W2914675577","topic:parties","abstract","political leaders"
"W2914675577","topic:parties","abstract","parties"
"W2914675577","topic:parties","abstract","party leaders"
"W2914675577","topic:parties","abstract","party"
"W2914675577","topic:government","abstract","populist rule"
"W2914675577","topic:government","abstract","populist government"
"W2914675577","topic:government","abstract","populist governments"
"W2914675577","topic:media-communication","abstract","media"
"W2948615877","topic:parties","title","parties"
"W2948615877","topic:parties","abstract","parties"
"W2948615877","topic:voters","title","populist attitudes"
"W2948615877","topic:voters","abstract","attitudes"
"W2948615877","topic:voters","abstract","populist attitudes"
"W2948615877","topic:economy-welfare","title","economic"
"W2948615877","topic:economy-welfare","abstract","economic crisis"
"W2948615877","topic:economy-welfare","abstract","economy"
"W2948615877","topic:economy-welfare","abstract","economic"
"W2948615877","country:spain","abstract","spain"
"W2948615877","country:spain","abstract","podemos"
"W2948615877","region:europe","rule","from the country named"
"W3012961826","topic:parties","title","radical right"
"W3012961826","country:netherlands","title","dutch (+ political word)"
"W3012961826","region:europe","rule","from the country named"
"W3039492071","approach:ideational","title","thick ideology"
"W3194096442","topic:media-communication","abstract","media"
"W3194096442","country:france","title","france"
"W3194096442","region:europe","rule","from the country named"
"W3198128578","topic:media-communication","title","media"
"W3201606423","topic:voters","abstract","voters"
"W3201606423","topic:economy-welfare","title","inequality"
"W3201606423","topic:economy-welfare","title","globalization"
"W3201606423","topic:economy-welfare","abstract","economy"
"W3201606423","topic:economy-welfare","abstract","inequality"
"W3201606423","topic:economy-welfare","abstract","economic"
"W3201606423","topic:economy-welfare","abstract","globalization"
"W4392917994","topic:international","title","eu"
"W4392917994","topic:international","abstract","european union"
"W4392917994","topic:parties","title","party"
"W4392917994","topic:parties","abstract","parties"
"W4392917994","topic:parties","abstract","party"
"W4392917994","method:quantitative","abstract","expert survey"
"W4392917994","region:europe","title","eu"
"W4392917994","region:europe","abstract","europe"
"W4392917994","region:europe","abstract","european"
"W4392917994","country:ukraine","title","ukraine"
"W4392917994","country:ukraine","abstract","ukraine"
"W2091299841","topic:parties","title","right wing populism"
"W2091299841","topic:parties","abstract","parties"
"W2091299841","topic:parties","abstract","party"
"W2091299841","topic:media-communication","abstract","newspapers"
"W2091299841","topic:media-communication","abstract","newspaper"
"W2091299841","country:netherlands","title","netherlands"
"W2091299841","country:netherlands","abstract","netherlands"
"W2091299841","country:netherlands","abstract","pvv"
"W2091299841","country:netherlands","abstract","dutch (+ political word)"
"W2091299841","country:united-kingdom","title","britain"
"W2091299841","country:united-kingdom","abstract","britain"
"W2091299841","country:united-kingdom","abstract","british (+ political word)"
"W2091299841","region:europe","rule","from the country named"
"W3121250015","topic:parties","title","radical right"
"W3121250015","topic:parties","abstract","party"
"W3121250015","topic:parties","abstract","party competition"
"W3121250015","topic:economy-welfare","title","welfare"
"W3121250015","topic:economy-welfare","abstract","welfare"
"W3121250015","topic:economy-welfare","abstract","unemployment"
"W3121250015","country:switzerland","abstract","switzerland"
"W3121250015","country:switzerland","abstract","swiss people s party"
"W3121250015","country:switzerland","abstract","svp"
"W3121250015","country:switzerland","abstract","swiss (+ political word)"
"W3121250015","region:europe","rule","from the country named"
"W4220772352","approach:ideational","abstract","host ideologies"
"W4220772352","topic:parties","title","radical right"
"W4220772352","topic:parties","abstract","party"
"W4220772352","topic:parties","abstract","radical right"
"W4220772352","topic:media-communication","title","framing"
"W4220772352","topic:media-communication","abstract","communications"
"W4220772352","topic:media-communication","abstract","frames"
"W4220772352","topic:media-communication","abstract","framing"
"W4220772352","method:qualitative","abstract","qualitative"
"W4220772352","country:germany","title","germany"
"W4220772352","country:germany","title","alternative for germany"
"W4220772352","country:germany","abstract","germany"
"W4220772352","country:germany","abstract","alternative for germany"
"W4220772352","country:germany","abstract","afd"
"W4220772352","region:europe","rule","from the country named"
"W2071681042","topic:economy-welfare","title","economic"
"W2235480607","topic:parties","abstract","parties"
"W2235480607","topic:parties","abstract","party"
"W2235480607","topic:parties","abstract","party system"
"W2235480607","country:italy","title","italy"
"W2235480607","country:italy","abstract","italy"
"W2235480607","country:italy","abstract","berlusconi"
"W2235480607","country:italy","abstract","italian (+ political word)"
"W2235480607","region:europe","rule","from the country named"
"W2566837841","topic:parties","abstract","populist actors"
"W2566837841","topic:parties","abstract","populist movements"
"W3043011732","topic:parties","title","populist leaders"
"W3043011732","topic:parties","title","radical right"
"W3043011732","topic:parties","title","parties"
"W3043011732","topic:parties","abstract","populist leaders"
"W3043011732","topic:parties","abstract","political leaders"
"W3043011732","topic:economy-welfare","title","welfare"
"W3043011732","region:europe","title","europe"
"W1880968832","topic:parties","title","radical right"
"W1880968832","topic:parties","abstract","radical right"
"W1880968832","topic:parties","abstract","parties"
"W1880968832","topic:voters","abstract","attitudes"
"W1880968832","topic:voters","abstract","citizens"
"W1880968832","country:spain","title","vox"
"W1880968832","region:europe","rule","from the country named"
"W2008281498","topic:media-communication","title","media"
"W2008281498","topic:media-communication","abstract","media"
"W2008281498","region:latin-america","title","latin america"
"W2747812533","topic:parties","abstract","parties"
"W2747812533","topic:parties","abstract","manifestos"
"W2747812533","topic:media-communication","title","media"
"W2747812533","topic:media-communication","abstract","newspaper"
"W2747812533","topic:media-communication","abstract","media"
"W2747812533","region:europe","title","western europe"
"W3105343224","topic:religion","title","hindu"
"W3105343224","topic:religion","abstract","hindu"
"W3105343224","topic:democracy-institutions","title","authoritarianism"
"W3105343224","topic:democracy-institutions","abstract","authoritarian"
"W3105343224","topic:democracy-institutions","abstract","authoritarianism"
"W3105343224","country:india","title","modi"
"W3105343224","country:india","abstract","modi"
"W3105343224","country:india","abstract","indian (+ political word)"
"W3105343224","region:asia-pacific","rule","from the country named"
"W3112919562","topic:government","abstract","populists govern"
"W3112919562","topic:government","abstract","populists in power"
"W3112919562","country:czech-republic","abstract","czech republic"
"W3112919562","country:slovakia","abstract","slovakia"
"W3112919562","region:europe","rule","from the country named"
"W4206319255","topic:international","abstract","european union"
"W4206319255","topic:international","abstract","eu"
"W4206319255","topic:voters","abstract","populist attitudes"
"W4206319255","region:europe","abstract","european"
"W4206319255","region:europe","abstract","eu"
"W4297094010","topic:parties","title","radical right"
"W4297094010","topic:parties","abstract","radical right"
"W4297094010","topic:parties","abstract","party"
"W4297094010","topic:parties","abstract","parties"
"W4297094010","country:italy","title","italy"
"W4297094010","country:italy","title","brothers of italy"
"W4297094010","country:italy","abstract","fratelli d italia"
"W4297094010","country:italy","abstract","italian (+ political word)"
"W4297094010","region:europe","rule","from the country named"
"W1992470847","country:japan","abstract","japan"
"W1992470847","region:asia-pacific","rule","from the country named"
"W2166927861","topic:media-communication","abstract","rhetoric"
"W2166927861","country:united-states","abstract","us"
"W2166927861","country:united-states","abstract","usa"
"W2166927861","region:north-america","rule","from the country named"
"W2801616055","todo:check-outlet","journal","Arizona Journal of Hispanic Cultural Studies (on none of the journal lists that OpenAlex records)"
"W2801616055","approach:other","abstract","theories of populism"
"W2801616055","topic:parties","abstract","party"
"W2801616055","topic:parties","abstract","right wing populism"
"W2801616055","country:spain","title","podemos"
"W2801616055","country:spain","abstract","podemos"
"W2801616055","country:spain","abstract","spanish (+ political word)"
"W2801616055","region:europe","rule","from the country named"
"W3048848070","topic:international","title","international populism"
"W3048848070","topic:international","title","european parliament"
"W3048848070","topic:international","abstract","european parliament"
"W3048848070","topic:international","abstract","international populism"
"W3048848070","topic:international","abstract","transnational"
"W3048848070","topic:parties","title","radical right"
"W3048848070","topic:parties","abstract","parties"
"W3048848070","topic:parties","abstract","party"
"W3048848070","topic:parties","abstract","radical right"
"W3048848070","method:qualitative","abstract","interviews"
"W3048848070","region:europe","title","european"
"W3048848070","region:europe","abstract","european"
"W3048848070","region:europe","abstract","europe"
"W3048848070","country:denmark","abstract","danish people s party"
"W3048848070","country:denmark","abstract","danish (+ political word)"
"W3175285655","region:europe","abstract","european"
"W3175285655","region:europe","abstract","eastern europe"
"W1974544165","todo:check-outlet","journal","Journal of Democracy"
"W1974544165","topic:democracy-institutions","title","authoritarian"
"W1974544165","region:latin-america","title","latin america"
"W1974544165","country:ecuador","title","ecuador"
"W1993959641","topic:democracy-institutions","title","populism and democracy"
"W2300446626","topic:parties","title","radical right"
"W2300446626","topic:parties","title","party"
"W2461582629","topic:parties","title","right wing populist"
"W2461582629","topic:parties","title","party"
"W2461582629","country:austria","title","austrian (+ political word)"
"W2461582629","region:europe","rule","from the country named"
"W2461928514","topic:parties","title","right wing populism"
"W2461928514","topic:parties","abstract","radical right"
"W2461928514","topic:parties","abstract","party"
"W2461928514","topic:religion","title","religion"
"W2461928514","topic:religion","abstract","religion"
"W2461928514","topic:religion","abstract","christianity"
"W2461928514","topic:religion","abstract","religious"
"W2461928514","topic:religion","abstract","christian"
"W2461928514","topic:religion","abstract","churches"
"W2461928514","topic:religion","abstract","sacred"
"W2461928514","country:hungary","title","hungary"
"W2461928514","country:hungary","abstract","hungary"
"W2461928514","country:hungary","abstract","fidesz"
"W2461928514","country:hungary","abstract","jobbik"
"W2461928514","country:hungary","abstract","orban"
"W2461928514","region:europe","rule","from the country named"
"W2938564826","method:survey","abstract","american national election study"
"W2938564826","country:united-states","title","american (+ political word)"
"W2938564826","country:united-states","abstract","us"
"W2938564826","country:united-states","abstract","american (+ political word)"
"W2938564826","region:north-america","rule","from the country named"
"W2966506324","approach:ideational","abstract","host ideology"
"W2966506324","topic:democracy-institutions","title","constitutional"
"W2966506324","topic:democracy-institutions","abstract","authoritarian"
"W2966506324","topic:democracy-institutions","abstract","constitutional"
"W2966506324","topic:democracy-institutions","abstract","authoritarianism"
"W2991858676","topic:international","title","brexit"
"W2991858676","topic:international","abstract","brexit"
"W2991858676","topic:voters","title","attitudes"
"W2991858676","topic:voters","abstract","attitudes"
"W2991858676","topic:voters","abstract","supporters"
"W2991858676","topic:migration","title","anti immigrant"
"W2991858676","topic:migration","abstract","anti immigrant"
"W2991858676","topic:migration","abstract","xenophobia"
"W2991858676","topic:migration","abstract","immigration"
"W2991858676","topic:democracy-institutions","abstract","referendum"
"W2991858676","country:united-kingdom","title","brexit"
"W2991858676","country:united-kingdom","abstract","brexit"
"W2991858676","region:europe","rule","from the country named"
"W4206703319","topic:parties","title","right wing populism"
"W4206703319","country:united-states","title","united states"
"W4206703319","region:north-america","rule","from the country named"
"W1973169979","topic:parties","title","radical right"
"W1973169979","country:belgium","title","belgium"
"W1973169979","country:belgium","title","vlaams belang"
"W1973169979","region:europe","rule","from the country named"
"W1984234095","region:europe","abstract","europe"
"W1984234095","region:europe","abstract","western european"
"W1984234095","country:romania","abstract","romania"
"W2136090427","topic:parties","title","parties"
"W2136090427","topic:parties","abstract","parties"
"W2136090427","topic:parties","abstract","party"
"W2136090427","country:netherlands","title","netherlands"
"W2136090427","country:netherlands","abstract","netherlands"
"W2136090427","country:netherlands","abstract","fortuyn"
"W2136090427","country:netherlands","abstract","wilders"
"W2136090427","country:netherlands","abstract","dutch (+ political word)"
"W2136090427","region:europe","rule","from the country named"
"W2152556037","topic:parties","title","radical right"
"W2152556037","topic:parties","abstract","radical right"
"W2152556037","topic:parties","abstract","parties"
"W2152556037","topic:parties","abstract","party"
"W2152556037","topic:economy-welfare","abstract","economic"
"W2152556037","topic:economy-welfare","abstract","welfare"
"W2152556037","topic:economy-welfare","abstract","neoliberal"
"W2152556037","topic:migration","abstract","xenophobic"
"W2152556037","region:europe","title","western europe"
"W2899383989","topic:parties","title","party"
"W2899383989","topic:parties","abstract","party"
"W2899383989","topic:parties","abstract","parties"
"W2899383989","country:united-kingdom","title","corbyn"
"W2899383989","region:europe","rule","from the country named"
"W3041539000","topic:parties","abstract","right wing populism"
"W3041539000","topic:parties","abstract","populist leaders"
"W4281719212","topic:parties","title","far right"
"W4281719212","topic:parties","abstract","far right"
"W4281719212","topic:media-communication","title","media"
"W4281719212","topic:media-communication","title","journalism"
"W4281719212","topic:media-communication","abstract","media"
"W4281719212","topic:media-communication","abstract","journalism"
"W4281719212","topic:migration","title","nativist"
"W4281719212","topic:migration","abstract","nativist"
"W4281719212","topic:democracy-institutions","title","authoritarianism"
"W4281719212","topic:democracy-institutions","abstract","authoritarianism"
"W4281719212","topic:democracy-institutions","abstract","authoritarian"
"W4281719212","topic:democracy-institutions","abstract","liberal democracy"
"W2070240443","todo:check-outlet","journal","Journal of Democracy"
"W2070240443","topic:democracy-institutions","title","democratic institutions"
"W2070240443","region:latin-america","title","latin america"
"W2070240443","region:latin-america","abstract","latin america"
"W2077130957","topic:parties","title","parties"
"W2077130957","topic:voters","title","support for populist"
"W2077130957","region:europe","title","western europe"
"W2154920890","topic:parties","title","right wing populist"
"W2154920890","topic:parties","abstract","right wing populist"
"W2154920890","topic:parties","abstract","parties"
"W2154920890","topic:parties","abstract","party"
"W2154920890","topic:voters","title","voters"
"W2154920890","topic:voters","abstract","voters"
"W2154920890","topic:voters","abstract","attitudes"
"W2154920890","topic:economy-welfare","title","economic"
"W2154920890","topic:economy-welfare","abstract","economic"
"W2154920890","topic:migration","title","anti immigrant"
"W2154920890","topic:migration","abstract","immigrants"
"W2770008729","topic:voters","title","populist attitudes"
"W2770008729","topic:economy-welfare","title","economic"
"W2770008729","region:europe","title","european"
"W2789627999","topic:parties","abstract","party"
"W2789627999","topic:parties","abstract","parties"
"W2789627999","topic:media-communication","title","twitter"
"W2789627999","topic:media-communication","abstract","twitter"
"W2789627999","topic:media-communication","abstract","tweets"
"W2789627999","method:quantitative","abstract","regression"
"W2902383961","topic:international","abstract","european union"
"W2902383961","topic:international","abstract","eu"
"W2902383961","topic:international","abstract","brexit"
"W2902383961","topic:democracy-institutions","abstract","court"
"W2902383961","topic:democracy-institutions","abstract","rule of law"
"W2902383961","topic:democracy-institutions","abstract","referendum"
"W2902383961","topic:democracy-institutions","abstract","liberal democracy"
"W2902383961","region:europe","abstract","european"
"W2902383961","region:europe","abstract","eu"
"W2902383961","country:united-kingdom","abstract","united kingdom"
"W2902383961","country:united-kingdom","abstract","uk"
"W2902383961","country:united-kingdom","abstract","brexit"
"W2902383961","country:united-kingdom","abstract","british (+ political word)"
"W3094424305","topic:parties","title","radical right"
"W3094424305","topic:parties","title","parties"
"W3094424305","topic:parties","abstract","radical right"
"W3094424305","topic:parties","abstract","parties"
"W3094424305","topic:parties","abstract","party"
"W3094424305","topic:voters","title","support for populist"
"W3094424305","topic:voters","abstract","voter"
"W3094424305","topic:voters","abstract","demand side"
"W3094424305","topic:voters","abstract","voters"
"W3170811428","topic:government","title","populist governments"
"W3170811428","topic:government","abstract","populist governments"
"W3170811428","topic:government","abstract","populist government"
"W3170811428","method:quantitative","abstract","econometric"
"W1965350450","todo:check-outlet","journal","SAIS Review of International Affairs"
"W1965350450","topic:parties","title","radical right"
"W1965350450","topic:parties","title","party system"
"W1965350450","topic:parties","abstract","radical right"
"W1965350450","topic:parties","abstract","parties"
"W1965350450","topic:migration","abstract","anti immigrant"
"W1965350450","topic:migration","abstract","immigration"
"W1965350450","country:denmark","title","denmark"
"W1965350450","country:denmark","abstract","denmark"
"W1965350450","country:denmark","abstract","danish (+ political word)"
"W1965350450","country:sweden","title","sweden"
"W1965350450","country:sweden","abstract","sweden"
"W1965350450","country:sweden","abstract","swedish (+ political word)"
"W1965350450","region:europe","rule","from the country named"
"W2914383424","topic:parties","abstract","populist leaders"
"W2914383424","topic:parties","abstract","candidates"
"W2914383424","country:united-states","title","trump"
"W2914383424","country:united-states","abstract","trump"
"W2914383424","region:north-america","rule","from the country named"
"W3094295181","topic:parties","title","right wing populism"
"W3094295181","topic:parties","abstract","right wing populist"
"W3094295181","topic:parties","abstract","parties"
"W3094295181","topic:parties","abstract","right wing populism"
"W3094295181","topic:voters","abstract","respondents"
"W3094295181","topic:economy-welfare","title","economic"
"W3094295181","topic:economy-welfare","abstract","economic crisis"
"W3094295181","topic:economy-welfare","abstract","economic"
"W3094295181","topic:economy-welfare","abstract","unemployment"
"W3094295181","method:survey","abstract","survey respondents"
"W3094295181","region:europe","title","europe"
"W3094295181","region:europe","abstract","european"
"W3094295181","region:europe","abstract","europe"
"W4281251771","topic:voters","title","attitudes"
"W4281251771","topic:spatial","title","places that don t matter"
"W4281251771","topic:migration","title","anti immigration"
"W2034981649","topic:parties","title","party"
"W2034981649","topic:media-communication","abstract","rhetoric"
"W2156058424","topic:parties","title","right wing populism"
"W2156058424","topic:parties","abstract","right wing populist"
"W2156058424","topic:parties","abstract","far right"
"W2156058424","topic:voters","abstract","citizens"
"W2156058424","topic:voters","abstract","attitudes"
"W2156058424","topic:religion","abstract","islamisation"
"W2156058424","country:germany","title","pegida"
"W2156058424","country:germany","title","german (+ political word)"
"W2156058424","country:germany","abstract","germany"
"W2156058424","country:germany","abstract","pegida"
"W2156058424","region:europe","rule","from the country named"
"W2620744188","topic:voters","abstract","attitudes"
"W2620744188","topic:voters","abstract","citizens"
"W2620744188","topic:economy-welfare","abstract","globalisation"
"W2620744188","topic:economy-welfare","abstract","neoliberal"
"W2620744188","topic:media-communication","abstract","twitter"
"W2620744188","topic:media-communication","abstract","media"
"W3173721806","topic:parties","title","parties"
"W3173721806","topic:parties","abstract","party competition"
"W3173721806","topic:parties","abstract","parties"
"W3173721806","region:europe","abstract","european"
"W3173721806","region:europe","abstract","nordic"
"W3173721806","country:denmark","title","denmark"
"W3173721806","country:finland","title","finland"
"W3173721806","country:sweden","title","sweden"
"W4283318856","approach:discursive","abstract","discourse theoretical"
"W4283318856","topic:parties","title","far right"
"W4283318856","topic:parties","abstract","far right"
"W4283318856","topic:voters","title","public opinion"
"W4283318856","topic:voters","abstract","public opinion"
"W4283318856","topic:migration","title","immigration"
"W4315648081","topic:parties","title","party"
"W4315648081","topic:parties","abstract","radical right"
"W4315648081","topic:parties","abstract","party"
"W4315648081","topic:democracy-institutions","abstract","illiberal"
"W4315648081","topic:democracy-institutions","abstract","illiberalism"
"W4315648081","country:italy","title","italy"
"W4315648081","country:italy","title","brothers of italy"
"W4315648081","country:italy","abstract","italy"
"W4315648081","country:italy","abstract","fratelli d italia"
"W4315648081","country:italy","abstract","brothers of italy"
"W4315648081","country:italy","abstract","meloni"
"W4315648081","region:europe","rule","from the country named"
"W1990049611","topic:international","title","european integration"
"W1990049611","topic:international","abstract","european integration"
"W1990049611","topic:international","abstract","eurosceptic"
"W1990049611","topic:international","abstract","eu"
"W1990049611","topic:parties","title","radical right"
"W1990049611","topic:parties","title","party"
"W1990049611","topic:parties","abstract","radical right"
"W1990049611","topic:parties","abstract","parties"
"W1990049611","topic:voters","title","voter"
"W1990049611","topic:voters","abstract","voters"
"W1990049611","topic:voters","abstract","attitudes"
"W1990049611","method:survey","abstract","european social survey"
"W1990049611","region:europe","title","european"
"W1990049611","region:europe","abstract","european"
"W1990049611","region:europe","abstract","eu"
"W2093885109","region:europe","abstract","eastern europe"
"W2093885109","country:slovakia","title","slovakia"
"W2113505346","topic:spatial","title","geography of"
"W2113505346","topic:spatial","abstract","geography of"
"W2113505346","topic:spatial","abstract","spatial"
"W2113505346","country:netherlands","title","netherlands"
"W2113505346","region:europe","rule","from the country named"
"W2937015367","topic:international","title","european union"
"W2937015367","topic:international","abstract","transnational"
"W2937015367","topic:international","abstract","brexit"
"W2937015367","topic:international","abstract","european parliament"
"W2937015367","topic:international","abstract","eu"
"W2937015367","topic:international","abstract","euroscepticism"
"W2937015367","topic:international","abstract","supranational"
"W2937015367","topic:media-communication","abstract","media"
"W2937015367","topic:media-communication","abstract","facebook"
"W2937015367","topic:media-communication","abstract","framing"
"W2937015367","topic:media-communication","abstract","social networks"
"W2937015367","method:qualitative","abstract","discourse analysis"
"W2937015367","region:europe","title","european"
"W2937015367","region:europe","abstract","european"
"W2937015367","region:europe","abstract","eu"
"W2937015367","country:united-kingdom","abstract","brexit"
"W2940751790","topic:democracy-institutions","title","constitutional"
"W2940751790","topic:democracy-institutions","abstract","constitutionalism"
"W2940751790","topic:democracy-institutions","abstract","constitutional"
"W2940751790","country:hungary","abstract","hungary"
"W2940751790","country:hungary","abstract","orban"
"W2940751790","region:europe","rule","from the country named"
"W3141454942","topic:parties","title","partisanship"
"W3141454942","topic:parties","title","radical right"
"W3141454942","topic:parties","abstract","radical right"
"W3141454942","topic:parties","abstract","party"
"W3141454942","topic:parties","abstract","parties"
"W3141454942","topic:parties","abstract","partisanship"
"W3141454942","topic:voters","abstract","public support"
"W3141454942","topic:voters","abstract","electorate"
"W3141454942","topic:voters","abstract","supporters"
"W3141454942","method:survey","abstract","original survey"
"W3141454942","region:europe","title","western europe"
"W3141454942","region:europe","abstract","western europe"
"W3141454942","region:europe","abstract","western european"
"W4386051949","topic:media-communication","title","rhetorical"
"W4386051949","country:united-kingdom","title","uk"
"W4386051949","region:europe","rule","from the country named"
"W2312635407","topic:democracy-institutions","title","authoritarian"
"W2312635407","country:malaysia","title","malaysia"
"W2312635407","region:asia-pacific","rule","from the country named"
"W2998928386","topic:media-communication","title","framing"
"W2998928386","topic:media-communication","title","media"
"W2998928386","topic:media-communication","abstract","media"
"W2998928386","topic:media-communication","abstract","rhetoric"
"W2998928386","topic:media-communication","abstract","framing"
"W2998928386","topic:media-communication","abstract","newspapers"
"W2998928386","method:qualitative","abstract","qualitative"
"W2998928386","country:brazil","title","bolsonaro"
"W2998928386","country:brazil","abstract","brazil"
"W2998928386","country:brazil","abstract","bolsonaro"
"W2998928386","country:brazil","abstract","brazilian (+ political word)"
"W2998928386","region:latin-america","rule","from the country named"
"W3029941449","topic:parties","title","radical right"
"W3029941449","topic:parties","abstract","radical right"
"W3029941449","topic:parties","abstract","right wing populist"
"W3029941449","topic:parties","abstract","party"
"W3029941449","topic:media-communication","title","journalistic"
"W3029941449","topic:media-communication","abstract","journalism"
"W3029941449","method:qualitative","title","interviews"
"W3029941449","method:qualitative","abstract","interviewing"
"W3029941449","method:qualitative","abstract","interviews"
"W3132563451","topic:parties","title","radical right"
"W3132563451","topic:parties","abstract","far right"
"W3132563451","topic:parties","abstract","parties"
"W3132563451","topic:parties","abstract","party"
"W3132563451","topic:voters","abstract","voting behavior"
"W3132563451","topic:voters","abstract","voters"
"W3132563451","topic:voters","abstract","voter"
"W3132563451","topic:spatial","title","urban rural"
"W3132563451","topic:spatial","abstract","urban rural"
"W3132563451","topic:spatial","abstract","rural"
"W3132563451","topic:migration","abstract","immigration"
"W3132563451","topic:migration","abstract","immigrants"
"W3132563451","method:survey","abstract","survey data"
"W1975029897","topic:foreign-policy","abstract","foreign policy"
"W2015305806","topic:parties","abstract","party system"
"W2015305806","topic:parties","abstract","parties"
"W2015305806","topic:parties","abstract","populist movements"
"W2015305806","topic:economy-welfare","abstract","economic"
"W2015305806","topic:economy-welfare","abstract","financial crisis"
"W2015305806","topic:religion","abstract","catholic"
"W2015305806","topic:religion","abstract","church"
"W2015305806","country:italy","title","italy"
"W2015305806","country:italy","title","berlusconi"
"W2015305806","country:italy","abstract","italy"
"W2015305806","country:italy","abstract","berlusconi"
"W2015305806","country:italy","abstract","grillo"
"W2015305806","country:italy","abstract","italian (+ political word)"
"W2015305806","region:europe","rule","from the country named"
"W2905382486","topic:democracy-institutions","title","authoritarian"
"W3013839800","topic:economy-welfare","title","neoliberalism"
"W3013839800","topic:democracy-institutions","title","authoritarianism"
"W3013839800","country:turkey","title","erdogan"
"W3013839800","region:europe","rule","from the country named"
"W3134395566","todo:check-record","rule","DOI accepted by reading, not by the automatic rule"
"W3134395566","region:europe","title","europe"
"W4232951955","topic:parties","title","right wing populism"
"W4232951955","topic:gender","title","gender"
"W4232951955","region:europe","title","european"
"W2571905368","topic:international","title","eu"
"W2571905368","topic:international","abstract","european integration"
"W2571905368","topic:international","abstract","eu"
"W2571905368","topic:parties","title","radical right"
"W2571905368","topic:parties","abstract","radical right"
"W2571905368","topic:parties","abstract","parties"
"W2571905368","topic:parties","abstract","party leaderships"
"W2571905368","region:europe","title","eu"
"W2571905368","region:europe","abstract","european"
"W2571905368","region:europe","abstract","europe"
"W2571905368","region:europe","abstract","eu"
"W3092072789","topic:parties","abstract","party"
"W3092072789","topic:parties","abstract","populist actor"
"W3092072789","method:qualitative","abstract","discourse analysis"
"W3092072789","method:qualitative","abstract","interviews"
"W3092072789","country:spain","title","podemos"
"W3092072789","country:spain","abstract","spain"
"W3092072789","country:spain","abstract","podemos"
"W3092072789","country:spain","abstract","spanish (+ political word)"
"W3092072789","region:europe","rule","from the country named"
"W2046498432","topic:parties","title","radical right"
"W2046498432","topic:parties","title","party"
"W2074641682","approach:discursive","abstract","poststructuralist"
"W2074641682","approach:discursive","abstract","laclau"
"W2074641682","topic:media-communication","title","rhetoric"
"W2736447012","topic:parties","title","right wing populist"
"W2736447012","topic:parties","abstract","right wing populist"
"W2736447012","topic:religion","title","muslims"
"W2736447012","topic:religion","title","muslim"
"W2736447012","topic:religion","abstract","islamic"
"W2736447012","topic:religion","abstract","muslims"
"W2736447012","topic:religion","abstract","religious"
"W2789317946","topic:parties","abstract","right wing populism"
"W2789317946","topic:parties","abstract","populist right"
"W2789317946","topic:parties","abstract","populist movements"
"W2935950772","topic:parties","title","parties"
"W2935950772","topic:parties","abstract","parties"
"W2935950772","topic:parties","abstract","party"
"W2935950772","topic:parties","abstract","party system"
"W2935950772","topic:parties","abstract","party systems"
"W2935950772","topic:voters","abstract","support for populist"
"W2935950772","topic:voters","abstract","support for populists"
"W2935950772","method:quantitative","abstract","regression"
"W2935950772","region:europe","abstract","european"
"W2935950772","region:europe","abstract","eastern european"
"W2973198159","approach:discursive","abstract","laclau"
"W3033016879","topic:international","title","euroscepticism"
"W3033016879","topic:international","title","eu"
"W3033016879","topic:international","abstract","euroscepticism"
"W3033016879","topic:international","abstract","european parliament"
"W3033016879","topic:international","abstract","eurosceptic"
"W3033016879","topic:parties","title","radical right"
"W3033016879","topic:parties","title","parties"
"W3033016879","topic:parties","abstract","parties"
"W3033016879","topic:parties","abstract","manifestos"
"W3033016879","topic:parties","abstract","radical right"
"W3033016879","topic:parties","abstract","party"
"W3033016879","region:europe","title","eu"
"W3033016879","region:europe","abstract","european"
"W3129065842","topic:parties","title","right wing populist"
"W3129065842","topic:media-communication","title","media"
"W3129065842","topic:media-communication","abstract","media"
"W3169059340","topic:media-communication","title","journalists"
"W3169059340","topic:media-communication","abstract","media"
"W3169059340","topic:media-communication","abstract","journalists"
"W3169059340","topic:media-communication","abstract","journalism"
"W3169059340","method:qualitative","abstract","interviews"
"W3169059340","method:qualitative","abstract","interviewees"
"W3169059340","country:israel","abstract","israel"
"W3169059340","country:israel","abstract","netanyahu"
"W3169059340","region:mena","rule","from the country named"
"W4221033729","topic:parties","abstract","partisan"
"W4221033729","topic:parties","abstract","parties"
"W4221033729","topic:voters","abstract","citizens"
"W4221033729","topic:voters","abstract","supporters"
"W4221033729","topic:voters","abstract","attitudes"
"W4221033729","region:europe","title","european"
"W4221033729","region:europe","abstract","european"
"W2907098676","approach:ideational","abstract","populism as a thin"
"W2907098676","topic:voters","title","attitudes"
"W2907098676","region:europe","title","european"
"W3087434397","topic:voters","abstract","supporters"
"W3087434397","topic:voters","abstract","voters"
"W3087434397","topic:media-communication","title","rhetoric"
"W3087434397","topic:media-communication","abstract","rhetoric"
"W3087434397","topic:media-communication","abstract","rhetorical"
"W3087434397","topic:media-communication","abstract","communication"
"W3110889640","topic:parties","abstract","parties"
"W3110889640","topic:voters","abstract","voters"
"W3110889640","topic:voters","abstract","citizens"
"W3110889640","topic:voters","abstract","electorate"
"W3110889640","region:global","abstract","around the world"
"W2316746415","topic:international","abstract","euroscepticism"
"W2316746415","topic:international","abstract","eu"
"W2316746415","topic:parties","title","right wing populist"
"W2316746415","topic:parties","title","party"
"W2316746415","topic:parties","abstract","right wing populist"
"W2316746415","topic:parties","abstract","parties"
"W2316746415","topic:parties","abstract","party"
"W2316746415","topic:voters","abstract","public support"
"W2316746415","topic:voters","abstract","attitudes"
"W2316746415","topic:voters","abstract","voters"
"W2316746415","topic:spatial","abstract","spatial"
"W2316746415","method:quantitative","abstract","time series"
"W2316746415","method:survey","abstract","national surveys"
"W2316746415","region:europe","abstract","europe"
"W2316746415","region:europe","abstract","eu"
"W2316746415","country:united-kingdom","title","ukip"
"W2316746415","country:united-kingdom","abstract","great britain"
"W2316746415","country:united-kingdom","abstract","united kingdom"
"W2316746415","country:united-kingdom","abstract","ukip"
"W2606733800","todo:check-outlet","journal","Journal of Democracy"
"W2982465902","topic:parties","title","populist right"
"W2982465902","country:germany","title","germany"
"W2982465902","region:europe","rule","from the country named"
"W3161303437","topic:parties","title","right wing populist"
"W3161303437","topic:parties","title","parties"
"W3161303437","topic:parties","abstract","radical right"
"W3161303437","topic:parties","abstract","right wing populist"
"W3161303437","topic:parties","abstract","parties"
"W3161303437","topic:parties","abstract","party"
"W3161303437","topic:media-communication","abstract","media"
"W3161303437","country:belgium","abstract","belgium"
"W3161303437","country:belgium","abstract","flanders"
"W3161303437","country:belgium","abstract","wallonia"
"W3161303437","country:luxembourg","abstract","luxembourg"
"W3161303437","country:netherlands","abstract","netherlands"
"W3161303437","region:europe","rule","from the country named"
"W1890813277","topic:parties","abstract","party"
"W1890813277","topic:parties","abstract","parties"
"W1890813277","topic:democracy-institutions","abstract","constitutional"
"W1890813277","topic:democracy-institutions","abstract","court"
"W1890813277","country:poland","title","poland"
"W1890813277","country:poland","abstract","poland"
"W1890813277","country:poland","abstract","polish (+ political word)"
"W1890813277","region:europe","rule","from the country named"
"W2021296172","topic:economy-welfare","abstract","economic"
"W2021296172","topic:economy-welfare","abstract","neoliberalism"
"W2021296172","country:peru","title","peru"
"W2021296172","country:peru","title","fujimori"
"W2021296172","country:peru","abstract","peru"
"W2021296172","country:peru","abstract","fujimori"
"W2021296172","region:latin-america","rule","from the country named"
"W2165466543","todo:check-outlet","journal","Journal of Democracy"
"W2165466543","topic:parties","abstract","candidates"
"W2165466543","topic:parties","abstract","candidate"
"W2165466543","topic:media-communication","abstract","media"
"W2165466543","country:philippines","title","philippines"
"W2165466543","region:asia-pacific","rule","from the country named"
"W2896125822","topic:voters","abstract","citizens"
"W2896125822","topic:voters","abstract","voters"
"W2896125822","topic:media-communication","title","communication"
"W2896125822","method:experiment","abstract","conjoint"
"W2973644561","topic:democracy-institutions","abstract","democratic institutions"
"W2973644561","topic:democracy-institutions","abstract","authoritarianism"
"W2973644561","topic:democracy-institutions","abstract","courts"
"W2973644561","topic:democracy-institutions","abstract","liberal democracies"
"W3008537889","topic:economy-welfare","title","globalization"
"W3008537889","topic:economy-welfare","abstract","globalization"
"W3008537889","topic:media-communication","abstract","media"
"W3008537889","topic:media-communication","abstract","communication"
"W3043374046","topic:parties","abstract","right wing populists"
"W3043374046","topic:parties","abstract","right wing populist"
"W3043374046","topic:parties","abstract","partisan"
"W3043374046","topic:media-communication","title","media"
"W3043374046","topic:media-communication","abstract","media"
"W3043374046","region:europe","title","european"
"W3096099167","topic:parties","abstract","party"
"W3096099167","topic:parties","abstract","right wing populist"
"W3096099167","country:poland","title","poland"
"W3096099167","country:poland","title","pis"
"W3096099167","country:poland","abstract","poland"
"W3096099167","country:poland","abstract","law and justice"
"W3096099167","country:poland","abstract","pis"
"W3096099167","region:europe","rule","from the country named"
"W3124928064","topic:parties","title","radical right"
"W3124928064","topic:parties","title","parties"
"W3124928064","topic:parties","abstract","radical right"
"W3124928064","topic:parties","abstract","parties"
"W3124928064","topic:parties","abstract","far right"
"W3124928064","topic:parties","abstract","party"
"W3124928064","topic:parties","abstract","right wing populists"
"W3124928064","topic:voters","title","voters"
"W3124928064","topic:religion","title","religious"
"W3124928064","topic:religion","abstract","religiosity"
"W3124928064","topic:religion","abstract","religious"
"W3124928064","method:survey","abstract","european social survey"
"W3124928064","region:europe","title","central europe"
"W3124928064","region:europe","abstract","european"
"W3124928064","region:europe","abstract","western europe"
"W3124928064","region:europe","abstract","central europe"
"W3124928064","region:europe","abstract","western european"
"W2145640810","topic:parties","title","party"
"W2145640810","topic:parties","title","radical right"
"W2145640810","topic:parties","abstract","party"
"W2145640810","topic:parties","abstract","party leader"
"W2145640810","topic:parties","abstract","parties"
"W2145640810","topic:parties","abstract","populist right"
"W2145640810","country:united-kingdom","title","ukip"
"W2145640810","country:united-kingdom","abstract","britain"
"W2145640810","country:united-kingdom","abstract","united kingdom"
"W2145640810","country:united-kingdom","abstract","ukip"
"W2145640810","region:europe","rule","from the country named"
"W2920754782","topic:democracy-institutions","title","authoritarian"
"W3081561289","topic:parties","title","right wing populist"
"W3081561289","topic:parties","abstract","right wing populist"
"W3081561289","topic:parties","abstract","party"
"W3081561289","topic:spatial","title","geography of"
"W3081561289","topic:spatial","abstract","geography of"
"W3081561289","topic:spatial","abstract","urban rural"
"W3081561289","topic:spatial","abstract","rural"
"W3081561289","topic:economy-welfare","title","austerity"
"W3081561289","country:germany","title","germany"
"W3081561289","country:germany","abstract","germany"
"W3081561289","country:germany","abstract","alternative for germany"
"W3081561289","country:germany","abstract","afd"
"W3081561289","country:germany","abstract","german (+ political word)"
"W3081561289","region:europe","rule","from the country named"
"W4253065657","topic:economy-welfare","abstract","economic"
"W4253065657","country:indonesia","title","prabowo"
"W4253065657","country:indonesia","title","indonesian (+ political word)"
"W4253065657","country:indonesia","abstract","indonesia"
"W4253065657","country:indonesia","abstract","prabowo"
"W4253065657","country:indonesia","abstract","indonesian (+ political word)"
"W4253065657","region:asia-pacific","rule","from the country named"
"W4312560565","approach:discursive","abstract","laclau"
"W4312560565","topic:parties","abstract","parties"
"W4312560565","topic:parties","abstract","party"
"W4312560565","topic:democracy-institutions","title","authoritarian"
"W4312560565","region:latin-america","abstract","latin america"
"W2494112452","topic:parties","abstract","party"
"W2494112452","topic:parties","abstract","manifestos"
"W2494112452","country:germany","title","afd"
"W2494112452","country:germany","abstract","afd"
"W2494112452","region:europe","rule","from the country named"
"W2557454593","approach:discursive","abstract","discourse theoretical"
"W2557454593","approach:measurement","title","populism index"
"W2557454593","approach:measurement","abstract","populism index"
"W2557454593","topic:parties","title","candidates"
"W2557454593","topic:parties","title","parties"
"W2557454593","topic:parties","abstract","parties"
"W2557454593","topic:parties","abstract","candidate"
"W2557454593","topic:parties","abstract","right wing populism"
"W2557454593","topic:parties","abstract","left wing populism"
"W2557454593","method:survey","abstract","survey items"
"W2557454593","country:greece","title","greek (+ political word)"
"W2557454593","country:greece","abstract","greece"
"W2557454593","country:greece","abstract","syriza"
"W2557454593","country:greece","abstract","anel"
"W2557454593","country:greece","abstract","pasok"
"W2557454593","region:europe","rule","from the country named"
"W2898093327","topic:economy-welfare","title","neoliberal"
"W2898093327","topic:economy-welfare","abstract","neoliberalisation"
"W2898093327","topic:economy-welfare","abstract","economy"
"W2898093327","topic:economy-welfare","abstract","neoliberal"
"W2898093327","topic:economy-welfare","abstract","economic"
"W2898093327","topic:democracy-institutions","title","authoritarian"
"W2898093327","country:turkey","title","turkey"
"W2898093327","country:turkey","abstract","turkey"
"W2898093327","country:turkey","abstract","erdogan"
"W2898093327","country:turkey","abstract","akp"
"W2898093327","region:europe","rule","from the country named"
"W2923366281","topic:international","abstract","european union"
"W2923366281","topic:democracy-institutions","title","authoritarian"
"W2923366281","topic:democracy-institutions","abstract","authoritarian"
"W2923366281","region:europe","abstract","european"
"W2923366281","country:hungary","title","hungary"
"W2923366281","country:hungary","abstract","hungary"
"W2923366281","country:hungary","abstract","orban"
"W2923366281","country:hungary","abstract","hungarian (+ political word)"
"W3004129073","topic:parties","title","right wing populism"
"W3004129073","topic:economy-welfare","title","social policy"
"W3004129073","topic:economy-welfare","title","neoliberalism"
"W3004129073","topic:economy-welfare","abstract","neoliberal"
"W3004129073","topic:economy-welfare","abstract","social policy"
"W3004129073","topic:economy-welfare","abstract","neoliberalism"
"W3004129073","topic:economy-welfare","abstract","welfare"
"W3004129073","topic:gender","abstract","patriarchal"
"W4307137703","topic:voters","title","populist attitudes"
"W4307137703","topic:media-communication","title","disinformation"
"W4307137703","topic:media-communication","title","media"
"W4307137703","topic:media-communication","abstract","media"
"W4307137703","topic:media-communication","abstract","disinformation"
"W4307137703","topic:media-communication","abstract","fake news"
"W4307137703","topic:media-communication","abstract","journalism"
"W1901718436","topic:parties","abstract","party"
"W1901718436","topic:economy-welfare","title","neoliberal"
"W1901718436","topic:economy-welfare","abstract","social policy"
"W1901718436","topic:gender","title","family policies"
"W1901718436","country:turkey","title","turkey"
"W1901718436","country:turkey","abstract","turkey"
"W1901718436","country:turkey","abstract","justice and development party"
"W1901718436","region:europe","rule","from the country named"
"W2033000189","country:venezuela","title","venezuela"
"W2033000189","country:venezuela","title","chavez"
"W2033000189","region:latin-america","rule","from the country named"
"W2099078832","region:sub-saharan-africa","title","africa"
"W2099078832","region:sub-saharan-africa","abstract","sub saharan africa"
"W2099078832","region:sub-saharan-africa","abstract","african"
"W2099078832","country:china","title","chinese (+ political word)"
"W2099078832","country:ghana","title","ghana"
"W2099078832","country:zambia","title","zambia"
"W2099078832","country:zambia","abstract","zambia"
"W2099078832","country:zambia","abstract","sata"
"W2099078832","region:asia-pacific","rule","from the country named"
"W2480076881","topic:parties","title","party"
"W2480076881","topic:parties","abstract","parties"
"W2480076881","topic:parties","abstract","far right"
"W2480076881","topic:parties","abstract","party"
"W2480076881","topic:parties","abstract","party leader"
"W2480076881","topic:media-communication","abstract","journalistic"
"W2480076881","topic:media-communication","abstract","media"
"W2480076881","topic:media-communication","abstract","journalists"
"W2480076881","country:finland","title","finns party"
"W2480076881","country:finland","abstract","finns party"
"W2480076881","country:finland","abstract","finnish (+ political word)"
"W2480076881","region:europe","rule","from the country named"
"W2752783656","topic:democracy-institutions","title","hybrid regimes"
"W2752783656","topic:democracy-institutions","abstract","hybrid regimes"
"W2752783656","topic:democracy-institutions","abstract","authoritarianism"
"W2752783656","topic:democracy-institutions","abstract","hybrid regime"
"W2752783656","country:russia","title","russia"
"W2752783656","country:russia","abstract","russia"
"W2752783656","country:russia","abstract","putin"
"W2752783656","country:russia","abstract","russian (+ political word)"
"W2752783656","region:europe","rule","from the country named"
"W2773175523","approach:performative","abstract","populist style"
"W2773175523","country:philippines","abstract","estrada"
"W2773175523","country:philippines","abstract","philippine (+ political word)"
"W2773175523","region:asia-pacific","rule","from the country named"
"W2804652668","topic:parties","title","right wing populist"
"W2804652668","topic:media-communication","title","rhetoric"
"W2947833098","topic:democracy-institutions","title","rule of law"
"W2947833098","topic:democracy-institutions","abstract","rule of law"
"W2990924004","topic:parties","title","right wing populist"
"W2990924004","topic:media-communication","title","communication"
"W2990924004","topic:media-communication","abstract","communication"
"W2990924004","topic:media-communication","abstract","media"
"W2990924004","method:qualitative","title","critical discourse analysis"
"W2990924004","method:qualitative","abstract","critical discourse analysis"
"W2990924004","method:qualitative","abstract","qualitative"
"W2990924004","country:australia","title","australia"
"W2990924004","country:australia","abstract","australia"
"W2990924004","country:australia","abstract","pauline hanson"
"W2990924004","region:asia-pacific","rule","from the country named"
"W3104289349","topic:parties","abstract","radical right"
"W3104289349","topic:parties","abstract","parties"
"W3104289349","topic:parties","abstract","left wing populism"
"W3104289349","topic:migration","abstract","nativism"
"W3104289349","topic:migration","abstract","nativists"
"W3104289349","topic:democracy-institutions","abstract","authoritarianism"
"W3104289349","topic:democracy-institutions","abstract","authoritarians"
"W3104289349","region:europe","abstract","western europe"
"W3104289349","region:europe","abstract","europe"
"W3104289349","country:united-states","abstract","united states"
"W3104289349","country:united-states","abstract","trump"
"W3104289349","region:north-america","rule","from the country named"
"W3215357822","topic:parties","title","parties"
"W3215357822","topic:parties","abstract","parties"
"W3215357822","topic:parties","abstract","party"
"W3215357822","topic:voters","title","support for populist"
"W3215357822","topic:voters","abstract","electoral support"
"W3215357822","topic:voters","abstract","support for populist"
"W3215357822","country:denmark","abstract","denmark"
"W3215357822","country:denmark","abstract","danish people s party"
"W3215357822","country:denmark","abstract","danish (+ political word)"
"W3215357822","region:europe","rule","from the country named"
"W4310576793","approach:measurement","title","measuring populism"
"W4310576793","topic:parties","abstract","radical right"
"W4310576793","topic:parties","abstract","parties"
"W4310576793","topic:parties","abstract","candidates"
"W4310576793","topic:media-communication","abstract","frames"
"W4310576793","topic:democracy-institutions","title","authoritarianism"
"W4310576793","topic:democracy-institutions","abstract","authoritarianism"
"W4310576793","country:united-states","title","u s"
"W4310576793","country:united-states","abstract","united states"
"W4310576793","country:united-states","abstract","u s"
"W4310576793","country:united-states","abstract","trump"
"W4310576793","region:north-america","rule","from the country named"
"W2148270192","topic:parties","abstract","party"
"W2148270192","topic:parties","abstract","parties"
"W2148270192","country:france","title","france"
"W2148270192","country:france","abstract","france"
"W2148270192","country:italy","title","italy"
"W2148270192","country:united-kingdom","title","britain"
"W2148270192","region:europe","rule","from the country named"
"W2775451231","approach:discursive","abstract","discursive perspective"
"W2775451231","topic:parties","abstract","populist actors"
"W2775451231","topic:parties","abstract","parties"
"W2775451231","country:greece","title","greece"
"W2775451231","country:greece","abstract","greece"
"W2775451231","region:europe","rule","from the country named"
"W2982566674","topic:parties","title","parties"
"W2982566674","topic:parties","abstract","parties"
"W2982566674","topic:parties","abstract","party"
"W2982566674","topic:parties","abstract","party competition"
"W2982566674","topic:democracy-institutions","abstract","authoritarian"
"W2982566674","method:quantitative","abstract","expert survey"
"W2982566674","region:europe","abstract","european"
"W2982566674","country:hungary","abstract","hungary"
"W2982566674","country:hungary","abstract","jobbik"
"W2995229961","topic:parties","abstract","right wing populist"
"W2995229961","topic:parties","abstract","parties"
"W2995229961","topic:gender","abstract","gender"
"W2995229961","topic:gender","abstract","patriarchy"
"W2995229961","method:qualitative","title","narrative analysis"
"W2995229961","method:qualitative","abstract","narrative analysis"
"W4206542830","topic:parties","abstract","parties"
"W4206542830","topic:parties","abstract","populist leaders"
"W4206542830","topic:voters","title","populist attitudes"
"W4206542830","topic:voters","title","support for populists"
"W4206542830","topic:voters","abstract","populist attitudes"
"W4206542830","topic:voters","abstract","attitudes"
"W4206542830","topic:government","title","populists in power"
"W4206542830","topic:government","abstract","in power"
"W4206542830","topic:government","abstract","populists in office"
"W2082500117","topic:democracy-institutions","title","liberal democracy"
"W2082500117","topic:democracy-institutions","title","rule of law"
"W2082500117","topic:democracy-institutions","abstract","liberal democracy"
"W2082500117","topic:democracy-institutions","abstract","constitutional"
"W2082500117","topic:democracy-institutions","abstract","rule of law"
"W2082500117","region:europe","title","eastern europe"
"W2584366422","topic:parties","title","parties"
"W2584366422","topic:parties","abstract","parties"
"W2584366422","topic:parties","abstract","party"
"W2584366422","topic:media-communication","title","media"
"W2584366422","country:sweden","abstract","sweden"
"W2584366422","country:sweden","abstract","sweden democrats"
"W2584366422","region:europe","rule","from the country named"
"W3035799387","topic:parties","title","parties"
"W3035799387","topic:parties","abstract","parties"
"W3035799387","topic:parties","abstract","party system"
"W3035799387","topic:parties","abstract","party competition"
"W3035799387","topic:voters","title","voter"
"W3035799387","topic:voters","abstract","citizens"
"W3035799387","topic:voters","abstract","voter"
"W3035799387","topic:democracy-institutions","abstract","liberal democracy"
"W3035799387","topic:democracy-institutions","abstract","quality of democracy"
"W3035799387","region:europe","title","european"
"W3035799387","region:europe","abstract","eastern european"
"W3035799387","region:europe","abstract","european"
"W3035799387","region:europe","abstract","eastern europe"
"W3035799387","region:europe","abstract","western europe"
"W3154441828","topic:international","title","euroscepticism"
"W3154441828","topic:international","abstract","european integration"
"W3154441828","topic:international","abstract","euroscepticism"
"W3154441828","topic:international","abstract","european parliament"
"W3154441828","topic:parties","title","parties"
"W3154441828","topic:parties","abstract","parties"
"W3154441828","topic:parties","abstract","party"
"W3154441828","region:europe","title","european"
"W3154441828","region:europe","abstract","european"
"W3209076659","country:united-states","title","trump"
"W3209076659","region:north-america","rule","from the country named"
"W4224282318","topic:parties","abstract","political leader"
"W4224282318","topic:parties","abstract","left wing populism"
"W4224282318","topic:parties","abstract","right wing populism"
"W4224282318","topic:economy-welfare","abstract","economic"
"W4224282318","topic:economy-welfare","abstract","free trade"
"W4224282318","topic:media-communication","abstract","rhetoric"
"W4224282318","topic:democracy-institutions","abstract","checks and balances"
"W1488512088","topic:parties","title","parties"
"W1488512088","topic:parties","abstract","parties"
"W1488512088","topic:parties","abstract","radical right"
"W1488512088","topic:parties","abstract","party"
"W1488512088","country:belgium","title","belgium"
"W1488512088","country:belgium","abstract","vlaams belang"
"W1488512088","country:belgium","abstract","belgian (+ political word)"
"W1488512088","region:europe","rule","from the country named"
"W2004141139","topic:media-communication","title","journalism"
"W2004141139","topic:media-communication","abstract","journalism"
"W2004141139","topic:media-communication","abstract","media"
"W2223383057","topic:parties","title","radical right"
"W2223383057","topic:parties","abstract","party"
"W2223383057","topic:parties","abstract","radical right"
"W2223383057","topic:economy-welfare","title","welfare"
"W2223383057","topic:economy-welfare","abstract","welfare"
"W2223383057","country:sweden","title","sweden"
"W2223383057","country:sweden","abstract","sweden"
"W2223383057","country:sweden","abstract","sweden democrats"
"W2223383057","country:sweden","abstract","swedish (+ political word)"
"W2223383057","region:europe","rule","from the country named"
"W2258490197","country:italy","title","italy"
"W2258490197","country:italy","abstract","italy"
"W2258490197","country:italy","abstract","italian (+ political word)"
"W2258490197","region:europe","rule","from the country named"
"W2802323873","topic:international","title","eurosceptic"
"W2802323873","topic:international","abstract","european union"
"W2802323873","topic:international","abstract","eu"
"W2802323873","topic:international","abstract","brexit"
"W2802323873","topic:international","abstract","european integration"
"W2802323873","topic:international","abstract","eurosceptic"
"W2802323873","topic:parties","abstract","party"
"W2802323873","topic:parties","abstract","parties"
"W2802323873","topic:parties","abstract","party systems"
"W2802323873","topic:media-communication","abstract","frames"
"W2802323873","topic:migration","abstract","migrants"
"W2802323873","topic:migration","abstract","asylum"
"W2802323873","region:europe","title","european"
"W2802323873","region:europe","abstract","european"
"W2802323873","region:europe","abstract","europe"
"W2802323873","region:europe","abstract","eu"
"W2802323873","country:italy","title","italy"
"W2802323873","country:netherlands","title","netherlands"
"W2924658864","topic:international","abstract","brexit"
"W2924658864","topic:economy-welfare","abstract","economic"
"W2924658864","topic:economy-welfare","abstract","neoliberal"
"W2924658864","country:united-kingdom","abstract","brexit"
"W2924658864","country:united-kingdom","abstract","british (+ political word)"
"W2924658864","region:europe","rule","from the country named"
"W2947475823","topic:parties","title","right wing populism"
"W2947475823","topic:parties","abstract","right wing populism"
"W2947475823","topic:parties","abstract","right wing populist"
"W2947475823","topic:parties","abstract","parties"
"W2947475823","region:europe","title","western europe"
"W2967997625","approach:ideational","title","host ideologies"
"W2967997625","approach:ideational","abstract","populism as a thin"
"W2967997625","approach:ideational","abstract","host ideology"
"W2967997625","topic:parties","abstract","parties"
"W2967997625","topic:parties","abstract","party"
"W2967997625","topic:parties","abstract","radical right"
"W2967997625","topic:voters","title","populist attitudes"
"W2967997625","topic:voters","title","voting behaviour"
"W2967997625","topic:voters","abstract","voting behaviour"
"W2967997625","topic:voters","abstract","demand side"
"W2967997625","topic:voters","abstract","voters"
"W2967997625","topic:voters","abstract","populist attitudes"
"W2967997625","country:germany","abstract","germany"
"W2967997625","country:germany","abstract","alternative fur deutschland"
"W2967997625","country:germany","abstract","alternative for germany"
"W2967997625","country:germany","abstract","afd"
"W2967997625","country:germany","abstract","die linke"
"W2967997625","region:europe","rule","from the country named"
"W3030757671","topic:parties","title","radical right"
"W3030757671","topic:parties","abstract","radical right"
"W3030757671","topic:parties","abstract","parties"
"W3030757671","topic:media-communication","title","media"
"W3030757671","topic:media-communication","title","framing"
"W3030757671","topic:media-communication","abstract","media"
"W3030757671","topic:media-communication","abstract","framing"
"W3030757671","topic:media-communication","abstract","newspapers"
"W3030757671","topic:media-communication","abstract","frames"
"W3030757671","topic:gender","abstract","masculine"
"W3030757671","topic:gender","abstract","misogynist"
"W3030757671","topic:gender","abstract","gender"
"W3030757671","topic:gender","abstract","women"
"W3030757671","country:france","title","france"
"W3030757671","country:france","title","le pen"
"W3030757671","country:france","abstract","le pen"
"W3030757671","country:france","abstract","national rally"
"W3030757671","country:france","abstract","french (+ political word)"
"W3030757671","region:europe","rule","from the country named"
"W4210623732","topic:parties","title","radical right"
"W4210623732","topic:parties","title","parties"
"W4210623732","topic:parties","abstract","radical right"
"W4210623732","topic:parties","abstract","parties"
"W4210623732","topic:voters","abstract","electoral support"
"W4210623732","topic:voters","abstract","public opinion"
"W4210623732","topic:gender","title","gender"
"W4210623732","topic:gender","abstract","women"
"W4210623732","topic:gender","abstract","gender"
"W2094817929","topic:voters","abstract","citizens"
"W2094817929","topic:voters","abstract","voting behaviour"
"W2094817929","country:india","title","modi"
"W2094817929","country:india","abstract","modi"
"W2094817929","country:india","abstract","hindutva"
"W2094817929","country:india","abstract","bjp"
"W2094817929","region:asia-pacific","rule","from the country named"
"W2300398580","topic:economy-welfare","title","economic"
"W2300398580","country:south-africa","title","south africa"
"W2300398580","country:south-africa","title","economic freedom fighters"
"W2300398580","region:sub-saharan-africa","rule","from the country named"
"W2768443002","topic:parties","title","party"
"W2768443002","topic:parties","abstract","parties"
"W2768443002","topic:parties","abstract","party"
"W2768443002","topic:media-communication","title","framing"
"W2768443002","topic:media-communication","title","communication"
"W2768443002","topic:media-communication","abstract","media"
"W2768443002","topic:media-communication","abstract","rhetoric"
"W2768443002","method:experiment","abstract","conducted an experiment"
"W2774731048","topic:international","title","euroscepticism"
"W2774731048","topic:international","abstract","european union"
"W2774731048","topic:international","abstract","eu"
"W2774731048","topic:parties","title","right wing populist"
"W2774731048","region:europe","abstract","european"
"W2774731048","region:europe","abstract","eu"
"W2774731048","country:italy","title","lega nord"
"W2774731048","country:italy","abstract","italy"
"W2774731048","country:italy","abstract","salvini"
"W2774731048","country:italy","abstract","lega nord"
"W2774731048","country:italy","abstract","lega"
"W2774731048","country:italy","abstract","italian (+ political word)"
"W2896449238","topic:voters","title","citizens"
"W2896449238","topic:voters","title","populist attitudes"
"W2896449238","topic:voters","abstract","populist attitudes"
"W2896449238","topic:voters","abstract","citizens"
"W2896449238","topic:voters","abstract","voters"
"W2896449238","method:survey","abstract","original survey"
"W2940217317","topic:media-communication","title","media"
"W2940217317","topic:media-communication","abstract","media"
"W2940217317","topic:media-communication","abstract","journalism"
"W2940217317","method:qualitative","abstract","qualitative"
"W2940217317","method:qualitative","abstract","semi structured"
"W2940217317","method:qualitative","abstract","interviews"
"W2940217317","country:finland","title","finland"
"W2940217317","region:europe","rule","from the country named"
"W2944638864","topic:parties","title","right wing populism"
"W2944638864","topic:parties","abstract","right wing populism"
"W2944638864","topic:parties","abstract","right wing populist"
"W2944638864","topic:spatial","title","rural"
"W2944638864","topic:gender","abstract","patriarchy"
"W2944638864","topic:gender","abstract","lgbtq"
"W2944638864","topic:religion","abstract","christians"
"W2944638864","topic:religion","abstract","christian"
"W2944638864","topic:migration","abstract","anti immigrant"
"W2944638864","topic:migration","abstract","xenophobia"
"W2944638864","country:united-states","title","united states"
"W2944638864","country:united-states","abstract","united states"
"W2944638864","country:united-states","abstract","trump"
"W2944638864","country:united-states","abstract","u s"
"W2944638864","region:north-america","rule","from the country named"
"W2946586604","topic:parties","abstract","parties"
"W2946586604","topic:parties","abstract","party"
"W2946586604","topic:parties","abstract","manifestos"
"W2946586604","topic:parties","abstract","party leadership"
"W2946586604","topic:economy-welfare","title","economic crisis"
"W2946586604","topic:media-communication","abstract","rhetoric"
"W2946586604","country:greece","title","greece"
"W2946586604","country:greece","abstract","greece"
"W2946586604","country:greece","abstract","greek (+ political word)"
"W2946586604","country:portugal","title","portugal"
"W2946586604","country:portugal","abstract","portugal"
"W2946586604","country:spain","title","spain"
"W2946586604","country:spain","abstract","spain"
"W2946586604","region:europe","rule","from the country named"
"W2995119761","topic:parties","title","right wing populist"
"W2995119761","topic:parties","abstract","right wing populists"
"W2995119761","topic:parties","abstract","right wing populism"
"W2995119761","topic:media-communication","title","media"
"W2995119761","topic:media-communication","abstract","media"
"W2995119761","topic:media-communication","abstract","disinformation"
"W2995119761","topic:media-communication","abstract","communication"
"W2995119761","country:united-states","abstract","united states"
"W2995119761","country:united-states","abstract","trump"
"W2995119761","region:north-america","rule","from the country named"
"W3112041158","topic:government","title","populists govern"
"W3112041158","topic:migration","title","anti immigration"
"W3112041158","topic:migration","abstract","immigration"
"W3112041158","topic:migration","abstract","anti immigration"
"W3112041158","topic:migration","abstract","migrant"
"W3112041158","topic:migration","abstract","refugees"
"W3112041158","country:italy","title","italy"
"W3112041158","country:italy","title","salvini"
"W3112041158","country:italy","abstract","salvini"
"W3112041158","region:europe","rule","from the country named"
"W3117698932","approach:ideational","abstract","ideational definitions"
"W3117698932","approach:measurement","title","measurement of populist"
"W3117698932","approach:measurement","abstract","measurement of populist"
"W3117698932","topic:parties","abstract","parties"
"W3117698932","topic:parties","abstract","party"
"W3117698932","topic:media-communication","title","media"
"W3117698932","topic:media-communication","title","communication"
"W3117698932","topic:media-communication","abstract","communication"
"W3117698932","topic:media-communication","abstract","media"
"W3117698932","method:qta","title","dictionary based"
"W3117698932","method:qta","abstract","dictionary based"
"W4306254953","topic:parties","abstract","party"
"W4306254953","topic:parties","abstract","parties"
"W4306254953","topic:media-communication","title","facebook"
"W4306254953","topic:media-communication","abstract","facebook"
"W4306254953","topic:media-communication","abstract","social networks"
"W4306254953","topic:media-communication","abstract","communication"
"W2063396583","approach:discursive","abstract","laclau"
"W2063396583","approach:discursive","abstract","post structuralist"
"W2077978319","approach:discursive","abstract","discursive construction"
"W2077978319","topic:parties","title","right wing populist"
"W2077978319","topic:parties","abstract","right wing populist"
"W2077978319","topic:parties","abstract","parties"
"W2077978319","topic:parties","abstract","right wing populists"
"W2077978319","topic:parties","abstract","right wing populism"
"W2077978319","topic:media-communication","title","framing"
"W2077978319","topic:media-communication","abstract","framing"
"W2077978319","topic:gender","title","gender"
"W2077978319","topic:gender","abstract","gender"
"W2077978319","topic:gender","abstract","women"
"W2077978319","topic:gender","abstract","lgbt"
"W2077978319","topic:gender","abstract","sexuality"
"W2077978319","topic:religion","abstract","muslim"
"W2077978319","topic:religion","abstract","religion"
"W2077978319","country:austria","title","austria"
"W2077978319","region:europe","rule","from the country named"
"W2523027007","topic:parties","title","parties"
"W2523027007","country:czech-republic","title","czech republic"
"W2523027007","region:europe","rule","from the country named"
"W2900983360","topic:voters","title","populist attitudes"
"W2902262253","country:turkey","title","turkish (+ political word)"
"W2902262253","region:europe","rule","from the country named"
"W2921430672","topic:government","title","populist governments"
"W2945013568","topic:voters","abstract","electorate"
"W2945013568","topic:voters","abstract","populist attitudes"
"W2945013568","topic:voters","abstract","public opinion"
"W2945013568","topic:media-communication","title","media"
"W2945013568","topic:media-communication","title","newspapers"
"W2945013568","topic:media-communication","abstract","media"
"W2945013568","topic:media-communication","abstract","newspapers"
"W2945013568","topic:media-communication","abstract","frames"
"W2945013568","topic:media-communication","abstract","communication"
"W2945013568","topic:media-communication","abstract","news coverage"
"W3110632750","approach:discursive","abstract","discourse theoretical"
"W3114470867","topic:economy-welfare","title","economy"
"W3114470867","topic:economy-welfare","abstract","economic"
"W3114470867","topic:economy-welfare","abstract","economy"
"W3114470867","country:israel","title","israel"
"W3114470867","country:israel","abstract","israel"
"W3114470867","country:israel","abstract","israeli (+ political word)"
"W3114470867","region:mena","rule","from the country named"
"W4223925541","topic:parties","title","right wing populist"
"W4223925541","topic:parties","title","parties"
"W4223925541","topic:parties","abstract","right wing populist"
"W4223925541","topic:parties","abstract","parties"
"W4223925541","topic:economy-welfare","title","energy policies"
"W4223925541","topic:economy-welfare","abstract","energy policies"
"W4223925541","topic:economy-welfare","abstract","energy policy"
"W4223925541","topic:economy-welfare","abstract","economic"
"W4223925541","method:quantitative","abstract","quantitative analysis"
"W2034380975","topic:voters","abstract","citizens"
"W2078662306","topic:parties","title","far right"
"W2078662306","topic:parties","title","parties"
"W2078662306","topic:parties","abstract","radical right"
"W2078662306","topic:parties","abstract","party"
"W2078662306","topic:migration","title","xenophobia"
"W2078662306","topic:migration","abstract","xenophobia"
"W2078662306","topic:migration","abstract","immigrant"
"W2078662306","region:europe","title","european"
"W2147646929","approach:discursive","abstract","laclau"
"W2147646929","topic:parties","abstract","populist leaders"
"W2147646929","topic:parties","abstract","social movements"
"W2147646929","country:bolivia","title","bolivia"
"W2147646929","country:ecuador","title","ecuador"
"W2147646929","region:latin-america","rule","from the country named"
"W2598384301","topic:parties","title","radical right"
"W2598384301","topic:parties","title","parties"
"W2598384301","topic:parties","abstract","parties"
"W2598384301","topic:parties","abstract","radical right"
"W2598384301","method:survey","abstract","eurobarometer"
"W2598384301","method:survey","abstract","survey data"
"W2598384301","country:netherlands","title","netherlands"
"W2598384301","country:netherlands","abstract","netherlands"
"W2598384301","country:netherlands","abstract","fortuyn"
"W2598384301","country:netherlands","abstract","wilders"
"W2598384301","country:netherlands","abstract","dutch (+ political word)"
"W2598384301","region:europe","rule","from the country named"
"W2777385077","topic:parties","abstract","parties"
"W2777385077","topic:media-communication","abstract","media"
"W2777385077","topic:democracy-institutions","abstract","authoritarianism"
"W2777385077","topic:democracy-institutions","abstract","authoritarian"
"W2777385077","region:europe","title","europe"
"W2777385077","region:europe","abstract","europe"
"W2777385077","region:europe","abstract","european"
"W2795189056","topic:parties","title","right wing populism"
"W2795189056","topic:parties","abstract","populist actors"
"W2795189056","topic:parties","abstract","populist politicians"
"W2795189056","topic:media-communication","abstract","journalists"
"W2795189056","topic:media-communication","abstract","journalism"
"W2897224873","topic:international","title","regionalism"
"W2897224873","country:spain","title","spain"
"W2897224873","region:europe","rule","from the country named"
"W2994539850","topic:international","title","brexit"
"W2994539850","topic:international","abstract","eurosceptic"
"W2994539850","topic:international","abstract","european union"
"W2994539850","topic:international","abstract","brexit"
"W2994539850","topic:international","abstract","euroscepticism"
"W2994539850","topic:international","abstract","european integration"
"W2994539850","topic:parties","title","radical right"
"W2994539850","topic:parties","title","parties"
"W2994539850","topic:parties","abstract","radical right"
"W2994539850","topic:parties","abstract","parties"
"W2994539850","topic:parties","abstract","party"
"W2994539850","topic:democracy-institutions","abstract","referendum"
"W2994539850","region:europe","abstract","european"
"W2994539850","country:united-kingdom","title","uk"
"W2994539850","country:united-kingdom","title","brexit"
"W2994539850","country:united-kingdom","abstract","brexit"
"W2994539850","country:united-kingdom","abstract","uk"
"W3002981947","topic:voters","abstract","citizens"
"W3002981947","topic:economy-welfare","abstract","neoliberalism"
"W3002981947","topic:economy-welfare","abstract","social policies"
"W3002981947","topic:economy-welfare","abstract","neoliberal"
"W3002981947","topic:gender","title","gender"
"W3002981947","topic:gender","abstract","gender"
"W3002981947","topic:gender","abstract","women"
"W3002981947","topic:gender","abstract","gendered"
"W3002981947","topic:gender","abstract","patriarchal"
"W3002981947","topic:religion","abstract","hindutva"
"W3002981947","topic:religion","abstract","hindu"
"W3002981947","topic:religion","abstract","religious"
"W3002981947","topic:democracy-institutions","title","authoritarian"
"W3002981947","country:india","title","india"
"W3002981947","country:india","abstract","india"
"W3002981947","country:india","abstract","bharatiya janata"
"W3002981947","country:india","abstract","bjp"
"W3002981947","country:india","abstract","hindutva"
"W3002981947","region:asia-pacific","rule","from the country named"
"W3110800961","topic:government","title","populism in power"
"W3110800961","topic:democracy-institutions","abstract","illiberal"
"W3110800961","topic:democracy-institutions","abstract","democratic erosion"
"W3110800961","topic:democracy-institutions","abstract","judiciary"
"W3110800961","topic:democracy-institutions","abstract","courts"
"W3110800961","topic:democracy-institutions","abstract","liberal democracy"
"W3110800961","country:czech-republic","title","czech republic"
"W3110800961","region:europe","rule","from the country named"
"W3112300807","approach:measurement","abstract","measure of populist"
"W3112300807","topic:voters","title","populist attitudes"
"W3112300807","topic:voters","abstract","populist attitudes"
"W3112300807","method:survey","abstract","survey items"
"W3112300807","method:survey","abstract","representative survey"
"W4290840456","topic:parties","title","radical right"
"W4290840456","country:sweden","title","sweden"
"W4290840456","region:europe","rule","from the country named"
"W4382044724","todo:check-outlet","journal","Journal of Democracy"
"W4382044724","country:turkey","title","erdogan"
"W4382044724","country:turkey","abstract","turkey"
"W4382044724","country:turkey","abstract","erdogan"
"W4382044724","region:europe","rule","from the country named"
"W1571210123","topic:parties","abstract","parties"
"W1571210123","topic:parties","abstract","party"
"W1571210123","topic:media-communication","title","communication"
"W1571210123","topic:media-communication","abstract","communication"
"W1571210123","topic:media-communication","abstract","media"
"W1571210123","topic:migration","abstract","immigration"
"W1571210123","topic:migration","abstract","asylum"
"W1571210123","country:switzerland","title","switzerland"
"W1571210123","country:switzerland","abstract","switzerland"
"W1571210123","country:switzerland","abstract","swiss people s party"
"W1571210123","country:switzerland","abstract","swiss (+ political word)"
"W1571210123","region:europe","rule","from the country named"
"W1973481468","topic:economy-welfare","title","inequality"
"W1973481468","country:canada","title","canada"
"W1973481468","country:australia","title","australia"
"W1973481468","region:north-america","rule","from the country named"
"W1973481468","region:asia-pacific","rule","from the country named"
"W2065673150","topic:religion","title","islamic"
"W2065673150","topic:religion","abstract","islamic"
"W2065673150","topic:religion","abstract","muslim"
"W2065673150","topic:religion","abstract","secular"
"W2587732641","topic:parties","title","radical right"
"W2587732641","topic:parties","abstract","radical right"
"W2587732641","topic:parties","abstract","party"
"W2587732641","topic:voters","title","attitudes"
"W2587732641","topic:voters","abstract","attitudes"
"W2587732641","topic:voters","abstract","respondents"
"W2587732641","topic:voters","abstract","vote choice"
"W2587732641","topic:voters","abstract","voters"
"W2587732641","method:survey","abstract","online survey"
"W2587732641","country:netherlands","abstract","pvv"
"W2587732641","region:europe","rule","from the country named"
"W2603301784","country:spain","title","podemos"
"W2603301784","country:spain","title","spanish (+ political word)"
"W2603301784","country:spain","abstract","spain"
"W2603301784","country:spain","abstract","podemos"
"W2603301784","country:spain","abstract","spanish (+ political word)"
"W2603301784","region:europe","rule","from the country named"
"W2779172659","topic:parties","abstract","parties"
"W2779172659","topic:voters","abstract","public opinion"
"W2779172659","topic:voters","abstract","citizens"
"W2779172659","topic:voters","abstract","supporters"
"W2779172659","method:experiment","abstract","survey experiment"
"W2988505128","topic:media-communication","title","journalist"
"W2988505128","topic:media-communication","title","journalists"
"W2988505128","topic:media-communication","abstract","journalists"
"W2988505128","topic:media-communication","abstract","media"
"W2988505128","topic:media-communication","abstract","journalistic"
"W2988505128","topic:democracy-institutions","abstract","liberal democracies"
"W2988505128","topic:democracy-institutions","abstract","authoritarian"
"W3043615195","approach:ideational","title","host ideologies"
"W3043615195","approach:ideational","abstract","host ideologies"
"W3043615195","topic:parties","abstract","radical left"
"W3043615195","topic:voters","title","citizens"
"W3043615195","topic:voters","abstract","citizens"
"W3043615195","topic:voters","abstract","populist attitudes"
"W3094344666","approach:other","abstract","populist logic"
"W3094344666","approach:other","abstract","discursive logic"
"W3094344666","approach:other","abstract","performative"
"W3094344666","approach:other","abstract","operationalise populism"
"W3120080401","topic:parties","title","radical right"
"W3120080401","topic:parties","abstract","radical right"
"W3120080401","topic:parties","abstract","parties"
"W3120080401","topic:migration","abstract","nativists"
"W3120080401","method:quantitative","abstract","panel data"
"W3120080401","method:survey","abstract","european social survey"
"W3120080401","region:europe","abstract","western europe"
"W3120080401","region:europe","abstract","european"
"W3120080401","region:europe","abstract","western european"
"W4378215977","topic:voters","title","attitudes"
"W4378215977","topic:voters","abstract","citizens"
"W4378215977","topic:voters","abstract","populist attitudes"
"W4378215977","topic:voters","abstract","attitudes"
"W4378215977","topic:democracy-institutions","abstract","threat to democracy"
"W4378215977","topic:democracy-institutions","abstract","liberal democracy"
"W1637188494","topic:parties","abstract","populist movements"
"W1637188494","topic:parties","abstract","party"
"W1637188494","country:italy","title","italy"
"W1637188494","country:italy","title","five star movement"
"W1637188494","country:italy","title","m5s"
"W1637188494","country:italy","abstract","italy"
"W1637188494","country:italy","abstract","five star movement"
"W1637188494","country:italy","abstract","m5s"
"W1637188494","country:italy","abstract","grillo"
"W1637188494","region:europe","rule","from the country named"
"W2116528953","topic:parties","abstract","candidates"
"W2116528953","topic:parties","abstract","parties"
"W2116528953","topic:parties","abstract","party"
"W2116528953","topic:voters","abstract","voters"
"W2116528953","topic:voters","abstract","attitudes"
"W2116528953","topic:voters","abstract","voter"
"W2116528953","country:lithuania","title","lithuania"
"W2116528953","country:lithuania","abstract","lithuania"
"W2116528953","country:lithuania","abstract","lithuanian (+ political word)"
"W2116528953","region:europe","rule","from the country named"
"W2346159298","approach:discursive","title","laclau"
"W2346159298","approach:discursive","abstract","laclau"
"W2346159298","approach:discursive","abstract","empty signifier"
"W2346159298","approach:discursive","abstract","populist logic"
"W2572914456","topic:parties","title","radical right"
"W2572914456","topic:parties","abstract","radical right"
"W2572914456","topic:parties","abstract","parties"
"W2572914456","topic:parties","abstract","party system"
"W2572914456","topic:voters","title","voters"
"W2572914456","topic:voters","abstract","voters"
"W2572914456","topic:voters","abstract","attitudes"
"W2572914456","topic:migration","title","nativist"
"W2572914456","topic:migration","abstract","migration"
"W2572914456","topic:migration","abstract","nativist"
"W2572914456","topic:migration","abstract","nativists"
"W2572914456","region:europe","abstract","european"
"W2749519254","topic:parties","title","parties"
"W2749519254","topic:media-communication","title","media"
"W2749519254","country:switzerland","title","swiss (+ political word)"
"W2749519254","region:europe","rule","from the country named"
"W2795026585","topic:gender","title","anti gender"
"W2980139187","topic:parties","title","right wing populist"
"W2980139187","topic:parties","title","parties"
"W2980139187","topic:parties","abstract","right wing populist"
"W2980139187","topic:parties","abstract","parties"
"W2980139187","topic:economy-welfare","abstract","economic"
"W2980139187","topic:economy-welfare","abstract","globalization"
"W2980139187","topic:economy-welfare","abstract","economic crisis"
"W2980139187","topic:economy-welfare","abstract","unemployment"
"W2980139187","topic:economy-welfare","abstract","labour market"
"W2980139187","region:europe","title","europe"
"W2980139187","region:europe","abstract","europe"
"W2980139187","region:europe","abstract","european"
"W3091976931","topic:parties","abstract","party"
"W3091976931","topic:parties","abstract","party leaders"
"W3091976931","topic:religion","abstract","muslims"
"W3091976931","topic:religion","abstract","muslim"
"W3091976931","method:qta","abstract","semantic text analysis"
"W3091976931","method:mixed","abstract","qualitative and quantitative"
"W3091976931","country:italy","title","italy"
"W3091976931","country:italy","abstract","italy"
"W3091976931","country:italy","abstract","lega"
"W3091976931","country:italy","abstract","salvini"
"W3091976931","country:spain","title","spain"
"W3091976931","country:spain","abstract","spain"
"W3091976931","country:spain","abstract","vox"
"W3091976931","region:europe","rule","from the country named"
"W3205290943","approach:measurement","abstract","measuring populism"
"W3205290943","topic:parties","title","parties"
"W3205290943","topic:parties","title","party"
"W3205290943","topic:parties","title","manifestos"
"W3205290943","topic:parties","abstract","parties"
"W3205290943","topic:parties","abstract","manifestos"
"W3205290943","topic:parties","abstract","party"
"W3205290943","topic:spatial","abstract","spatial"
"W3205290943","method:qta","title","supervised machine learning"
"W3205290943","method:qta","abstract","supervised machine learning"
"W3210276275","topic:parties","title","radical right"
"W3210276275","topic:parties","abstract","radical right"
"W3210276275","topic:parties","abstract","parties"
"W3210276275","topic:parties","abstract","party"
"W3210276275","topic:parties","abstract","party system"
"W3210276275","topic:voters","title","electorate"
"W3210276275","topic:voters","abstract","electorate"
"W3210276275","topic:economy-welfare","abstract","economic"
"W3210276275","topic:economy-welfare","abstract","globalization"
"W3210276275","topic:economy-welfare","abstract","welfare"
"W3210276275","method:survey","abstract","online survey"
"W3210276275","country:portugal","title","portugal"
"W3210276275","country:portugal","abstract","portugal"
"W3210276275","country:portugal","abstract","chega"
"W3210276275","country:portugal","abstract","portuguese (+ political word)"
"W3210276275","country:spain","title","spain"
"W3210276275","country:spain","abstract","spain"
"W3210276275","region:europe","rule","from the country named"
"W4200453804","topic:parties","title","right wing populist"
"W4200453804","topic:parties","title","party"
"W4200453804","topic:parties","abstract","right wing populist"
"W4200453804","topic:parties","abstract","parties"
"W4200453804","topic:parties","abstract","party"
"W4200453804","region:europe","title","europe"
"W1972107887","topic:international","title","euroscepticism"
"W2006621391","topic:economy-welfare","abstract","economic"
"W2006621391","topic:economy-welfare","abstract","economy"
"W2006621391","country:bolivia","title","bolivia"
"W2006621391","region:latin-america","rule","from the country named"
"W2081193982","topic:parties","title","right wing populist"
"W2111200631","topic:parties","title","right wing populist"
"W2111200631","topic:parties","title","parties"
"W2111200631","topic:parties","abstract","parties"
"W2111200631","topic:parties","abstract","right wing populist"
"W2111200631","topic:voters","abstract","supporters"
"W2111200631","region:europe","title","western europe"
"W2513543625","topic:parties","title","left wing populism"
"W2513543625","method:qualitative","abstract","ethnographic"
"W2513543625","method:qualitative","abstract","field research"
"W2513543625","region:latin-america","title","latin america"
"W2513543625","country:venezuela","title","venezuela"
"W2513543625","country:venezuela","title","chavez"
"W2513543625","country:venezuela","abstract","venezuela"
"W2513543625","country:venezuela","abstract","chavismo"
"W2513543625","country:venezuela","abstract","chavez"
"W2513543625","country:venezuela","abstract","chavista"
"W2743160520","approach:performative","title","political style"
"W2743160520","approach:performative","abstract","political style"
"W2743160520","approach:performative","abstract","populist style"
"W2743160520","topic:media-communication","abstract","rhetorical"
"W2743160520","country:united-states","abstract","us"
"W2743160520","country:united-states","abstract","trump"
"W2743160520","country:united-states","abstract","bernie sanders"
"W2743160520","country:united-states","abstract","sanders"
"W2743160520","region:north-america","rule","from the country named"
"W2763813975","region:europe","title","european"
"W2806647477","approach:discursive","title","discursive constructions"
"W2806647477","approach:discursive","abstract","discursive constructions"
"W2806647477","topic:parties","title","right wing populist"
"W2806647477","topic:parties","abstract","right wing populism"
"W2806647477","topic:parties","abstract","right wing populist"
"W2806647477","topic:media-communication","title","media"
"W2806647477","topic:media-communication","abstract","media"
"W2806647477","topic:gender","title","masculinities"
"W2806647477","topic:gender","abstract","masculinities"
"W2806647477","topic:gender","abstract","gender"
"W2806647477","topic:gender","abstract","sexuality"
"W2806647477","topic:gender","abstract","masculinity"
"W2806647477","method:qualitative","abstract","critical discourse analysis"
"W2806647477","region:europe","title","nordic"
"W2806647477","region:europe","abstract","nordic"
"W2806647477","region:europe","abstract","european"
"W2982576090","topic:parties","abstract","parties"
"W2982576090","topic:parties","abstract","left wing populist"
"W2982576090","topic:voters","abstract","citizens"
"W2982576090","topic:voters","abstract","voters"
"W2982576090","topic:democracy-institutions","abstract","democratic institutions"
"W2982576090","topic:democracy-institutions","abstract","illiberal"
"W2982576090","region:europe","abstract","western europe"
"W2982576090","region:europe","abstract","europe"
"W3137392527","topic:parties","title","party"
"W3137392527","topic:parties","title","radical right"
"W3137392527","topic:parties","abstract","radical right"
"W3137392527","topic:parties","abstract","parties"
"W3137392527","topic:parties","abstract","party"
"W3137392527","topic:parties","abstract","partisan"
"W3137392527","topic:voters","abstract","voters"
"W3137392527","topic:voters","abstract","voter"
"W3137392527","country:germany","abstract","germany"
"W3137392527","country:germany","abstract","alternative fur deutschland"
"W3137392527","country:germany","abstract","afd"
"W3137392527","region:europe","rule","from the country named"
"W1612771204","topic:international","abstract","eurosceptic"
"W1612771204","topic:international","abstract","euroscepticism"
"W1612771204","topic:parties","abstract","party"
"W1612771204","country:united-kingdom","title","ukip"
"W1612771204","country:united-kingdom","abstract","ukip"
"W1612771204","region:europe","rule","from the country named"
"W2585255471","topic:international","title","brexit"
"W2585255471","topic:international","title","euroscepticism"
"W2585255471","topic:international","abstract","european union"
"W2585255471","topic:international","abstract","brexit"
"W2585255471","topic:international","abstract","eurosceptic"
"W2585255471","topic:democracy-institutions","abstract","referendum"
"W2585255471","region:europe","title","europe"
"W2585255471","region:europe","abstract","european"
"W2585255471","region:europe","abstract","europe"
"W2585255471","country:united-kingdom","title","brexit"
"W2585255471","country:united-kingdom","title","uk"
"W2585255471","country:united-kingdom","abstract","united kingdom"
"W2585255471","country:united-kingdom","abstract","uk"
"W2585255471","country:united-kingdom","abstract","brexit"
"W2585255471","country:united-kingdom","abstract","british (+ political word)"
"W2766376978","topic:parties","abstract","party"
"W2766376978","topic:parties","abstract","parties"
"W2766376978","topic:democracy-institutions","title","direct democracy"
"W2766376978","method:qta","abstract","automated content analysis"
"W2766376978","country:italy","title","five star movement"
"W2766376978","region:europe","rule","from the country named"
"W2885432155","topic:voters","title","citizens"
"W2885432155","topic:voters","title","populist attitudes"
"W2885432155","topic:voters","abstract","populist attitudes"
"W2885432155","topic:voters","abstract","citizens"
"W2885432155","topic:media-communication","abstract","media"
"W2885432155","topic:media-communication","abstract","television"
"W2885432155","topic:media-communication","abstract","newspapers"
"W2885432155","topic:media-communication","abstract","facebook"
"W2885432155","topic:media-communication","abstract","twitter"
"W2892589153","topic:economy-welfare","abstract","economic"
"W2892589153","topic:economy-welfare","abstract","inequality"
"W2892589153","topic:economy-welfare","abstract","neoliberal"
"W2892589153","topic:media-communication","abstract","communications"
"W2892589153","topic:media-communication","abstract","communication"
"W2892589153","topic:media-communication","abstract","misinformation"
"W2892589153","region:europe","title","europe"
"W2892589153","country:united-states","title","united states"
"W2892589153","region:north-america","rule","from the country named"
"W2906503197","topic:parties","abstract","right wing populism"
"W2906503197","topic:parties","abstract","political leaders"
"W2906503197","topic:parties","abstract","populist politicians"
"W2906503197","topic:spatial","abstract","rural"
"W2906503197","topic:media-communication","abstract","rhetoric"
"W2906503197","country:united-states","abstract","united states"
"W2906503197","country:united-states","abstract","trump"
"W2906503197","region:north-america","rule","from the country named"
"W2906523788","topic:parties","abstract","radical right"
"W2906523788","topic:gender","title","gender"
"W2906523788","topic:gender","abstract","gendered"
"W2906523788","topic:gender","abstract","masculinity"
"W2906523788","topic:gender","abstract","women"
"W2906523788","country:france","title","le pen"
"W2906523788","country:france","title","french (+ political word)"
"W2906523788","country:france","abstract","le pen"
"W2906523788","country:france","abstract","french (+ political word)"
"W2906523788","region:europe","rule","from the country named"
"W2989853876","topic:parties","title","parties"
"W2989853876","topic:parties","title","party"
"W2989853876","topic:parties","abstract","party"
"W2989853876","topic:parties","abstract","parties"
"W2989853876","topic:spatial","title","geography of"
"W2989853876","topic:spatial","abstract","spatial"
"W2989853876","topic:spatial","abstract","geographical"
"W2989853876","country:czech-republic","title","czech (+ political word)"
"W2989853876","country:czech-republic","abstract","czech republic"
"W2989853876","country:czech-republic","abstract","czech (+ political word)"
"W2989853876","region:europe","rule","from the country named"
"W4200254599","topic:international","title","brexit"
"W4200254599","topic:economy-welfare","abstract","neoliberalism"
"W4200254599","topic:economy-welfare","abstract","neoliberal"
"W4200254599","topic:democracy-institutions","title","authoritarian"
"W4200254599","topic:democracy-institutions","abstract","authoritarian"
"W4200254599","country:united-kingdom","title","brexit"
"W4200254599","country:united-kingdom","abstract","brexit"
"W4200254599","country:united-kingdom","abstract","british (+ political word)"
"W4200254599","region:europe","rule","from the country named"
"W4205701302","approach:ideational","abstract","ideational approach"
"W4205701302","topic:parties","abstract","candidate"
"W4205701302","topic:parties","abstract","candidates"
"W4205701302","topic:parties","abstract","partisanship"
"W4205701302","topic:media-communication","title","rhetoric"
"W4205701302","topic:media-communication","abstract","rhetoric"
"W4205701302","topic:media-communication","abstract","communication"
"W4205701302","method:qta","abstract","automated text analysis"
"W4205701302","method:qta","abstract","word embedding"
"W4206280333","topic:economy-welfare","title","welfare"
"W4206280333","topic:economy-welfare","title","neoliberal"
"W4206280333","topic:economy-welfare","abstract","welfare"
"W4206280333","topic:economy-welfare","abstract","economic"
"W4206280333","topic:economy-welfare","abstract","unemployment"
"W4206280333","topic:economy-welfare","abstract","neoliberal"
"W2341118671","topic:spatial","abstract","rural"
"W2341118671","topic:religion","title","religious"
"W2341118671","topic:religion","abstract","churches"
"W2341118671","topic:religion","abstract","evangelical"
"W2341118671","topic:religion","abstract","religious"
"W2343137967","topic:economy-welfare","abstract","economic"
"W2343137967","topic:economy-welfare","abstract","welfare"
"W2343137967","country:hungary","abstract","hungary"
"W2343137967","region:europe","rule","from the country named"
"W2554053073","topic:parties","title","right wing populist"
"W2554053073","region:europe","title","nordic"
"W2727373489","approach:performative","title","political style"
"W2727373489","approach:performative","abstract","political style"
"W2727373489","approach:performative","abstract","populist style"
"W2727373489","topic:international","abstract","european union"
"W2727373489","topic:international","abstract","eu"
"W2727373489","topic:international","abstract","european parliament"
"W2727373489","topic:media-communication","abstract","rhetorical"
"W2727373489","topic:media-communication","abstract","communication"
"W2727373489","method:qta","abstract","quantitative text analysis"
"W2727373489","method:mixed","abstract","mixed methods"
"W2727373489","region:europe","title","europe"
"W2727373489","region:europe","abstract","european"
"W2727373489","region:europe","abstract","eu"
"W2727373489","country:united-kingdom","title","farage"
"W2727373489","country:united-kingdom","abstract","britain"
"W2727373489","country:united-kingdom","abstract","farage"
"W2727373489","country:united-kingdom","abstract","british (+ political word)"
"W2791420763","topic:parties","title","radical right"
"W2791420763","topic:parties","abstract","radical right"
"W2944984870","topic:parties","title","parties"
"W2944984870","topic:parties","abstract","parties"
"W2944984870","topic:parties","abstract","radical left"
"W2944984870","topic:parties","abstract","radical right"
"W2944984870","topic:voters","title","support for populist"
"W2944984870","topic:economy-welfare","abstract","financial crisis"
"W2944984870","topic:economy-welfare","abstract","economic"
"W2944984870","topic:economy-welfare","abstract","redistribution"
"W2944984870","method:quantitative","title","panel data"
"W2944984870","method:quantitative","abstract","panel data"
"W2944984870","country:netherlands","title","netherlands"
"W2944984870","region:europe","rule","from the country named"
"W3003914899","topic:parties","title","right wing populism"
"W3003914899","topic:parties","abstract","right wing populism"
"W3149101201","topic:parties","abstract","party"
"W3149101201","topic:democracy-institutions","title","authoritarian"
"W3149101201","topic:democracy-institutions","abstract","authoritarian"
"W3149101201","topic:democracy-institutions","abstract","authoritarianism"
"W3149101201","country:turkey","title","turkey"
"W3149101201","country:turkey","abstract","turkey"
"W3149101201","country:turkey","abstract","justice and development party"
"W3149101201","country:turkey","abstract","akp"
"W3149101201","country:turkey","abstract","erdogan"
"W3149101201","region:europe","rule","from the country named"
"W4226026451","topic:parties","title","right wing populists"
"W4226026451","topic:parties","abstract","populist movements"
"W4226026451","topic:parties","abstract","right wing populist"
"W4226026451","topic:parties","abstract","right wing populists"
"W4226026451","topic:economy-welfare","abstract","economic"
"W4293217435","topic:democracy-institutions","title","authoritarianism"
"W4293217435","topic:democracy-institutions","abstract","authoritarianism"
"W4293217435","topic:democracy-institutions","abstract","liberal democracy"
"W4293217435","topic:democracy-institutions","abstract","authoritarian"
"W4293217435","topic:democracy-institutions","abstract","liberal democracies"
"W4309171762","topic:parties","title","radical right"
"W4309171762","topic:parties","title","party"
"W4309171762","topic:parties","abstract","radical right"
"W4309171762","topic:parties","abstract","parties"
"W4309171762","topic:parties","abstract","party"
"W4309171762","method:qualitative","abstract","interviews"
"W4309171762","method:qualitative","abstract","interview"
"W4309171762","country:sweden","abstract","sweden"
"W4309171762","country:sweden","abstract","sweden democrats"
"W4309171762","region:europe","rule","from the country named"
"W4362586808","topic:voters","abstract","voters"
"W4362586808","topic:economy-welfare","title","economic"
"W4362586808","topic:economy-welfare","abstract","economic"
"W4362586808","method:quantitative","abstract","regression"
"W4392055056","topic:economy-welfare","title","globalization"
"W4392055056","topic:economy-welfare","abstract","economic"
"W2100204133","todo:check-outlet","journal","Juncture (on none of the journal lists that OpenAlex records)"
"W2100204133","country:united-states","abstract","trump"
"W2100204133","country:united-states","abstract","bernie sanders"
"W2100204133","region:north-america","rule","from the country named"
"W2586831658","topic:parties","abstract","far right"
"W2586831658","topic:parties","abstract","party"
"W2586831658","topic:government","title","populist governance"
"W2586831658","region:europe","abstract","european"
"W2586831658","region:europe","abstract","western europe"
"W2586831658","country:montenegro","title","montenegro"
"W2586831658","country:montenegro","abstract","montenegro"
"W2791889339","topic:parties","title","radical right"
"W2791889339","topic:parties","abstract","radical right"
"W2791889339","topic:parties","abstract","parties"
"W2791889339","topic:parties","abstract","party"
"W2791889339","topic:gender","title","gender"
"W2791889339","topic:gender","title","gendered"
"W2791889339","topic:gender","abstract","women"
"W2791889339","topic:gender","abstract","gender"
"W2791889339","topic:gender","abstract","gendered"
"W2791889339","topic:gender","abstract","masculine"
"W2791889339","method:quantitative","abstract","logit"
"W2791889339","method:quantitative","abstract","regression"
"W2791889339","country:netherlands","abstract","pvv"
"W2791889339","country:netherlands","abstract","dutch (+ political word)"
"W2791889339","region:europe","rule","from the country named"
"W2913571149","topic:democracy-institutions","title","liberal democracy"
"W2971879685","topic:parties","title","party system"
"W2971879685","topic:parties","abstract","parties"
"W2971879685","topic:parties","abstract","candidates"
"W2971879685","topic:parties","abstract","party leaders"
"W2971879685","topic:parties","abstract","party system"
"W2971879685","topic:parties","abstract","party"
"W2971879685","topic:democracy-institutions","abstract","constitutional"
"W2971879685","topic:democracy-institutions","abstract","authoritarian"
"W2971879685","topic:democracy-institutions","abstract","democratic norms"
"W2971879685","country:united-states","title","american (+ political word)"
"W2971879685","country:united-states","abstract","united states"
"W2971879685","country:united-states","abstract","us"
"W2971879685","country:united-states","abstract","american (+ political word)"
"W2971879685","region:north-america","rule","from the country named"
"W3000794951","topic:parties","title","right wing populism"
"W3000794951","topic:parties","abstract","right wing populism"
"W3000794951","topic:parties","abstract","populist right"
"W3000794951","topic:parties","abstract","right wing populists"
"W3000794951","country:poland","title","poland"
"W3000794951","country:poland","abstract","poland"
"W3000794951","region:europe","rule","from the country named"
"W3025368479","topic:parties","title","populist leaders"
"W3025368479","topic:parties","abstract","populist leaders"
"W3154795216","topic:voters","title","populist attitudes"
"W3154795216","topic:voters","abstract","voters"
"W3154795216","topic:voters","abstract","populist attitudes"
"W3154795216","topic:government","abstract","incumbent"
"W3154795216","topic:government","abstract","in government"
"W3154795216","topic:government","abstract","in power"
"W3154795216","method:survey","abstract","nationally representative"
"W3154795216","country:turkey","abstract","turkey"
"W3154795216","country:turkey","abstract","akp"
"W3154795216","region:europe","rule","from the country named"
"W4211224611","todo:check-record","rule","DOI accepted by reading, not by the automatic rule"
"W4211224611","topic:democracy-institutions","abstract","illiberal"
"W4211224611","topic:democracy-institutions","abstract","authoritarian"
"W4211224611","region:europe","title","european"
"W4211224611","country:united-states","title","united states"
"W4211224611","country:united-states","abstract","trump"
"W4211224611","country:united-states","abstract","us"
"W4211224611","country:united-states","abstract","american (+ political word)"
"W4211224611","region:north-america","rule","from the country named"
"W1591031944","country:united-states","abstract","tea party"
"W1591031944","country:united-states","abstract","u s"
"W1591031944","region:north-america","rule","from the country named"
"W2051244161","topic:parties","title","right wing populist"
"W2051244161","topic:parties","title","parties"
"W2051244161","topic:parties","abstract","party"
"W2051244161","topic:parties","abstract","parties"
"W2051244161","country:united-kingdom","title","ukip"
"W2051244161","region:europe","rule","from the country named"
"W2891041685","topic:parties","title","parties"
"W2891041685","topic:parties","abstract","parties"
"W2891041685","topic:voters","title","supporters"
"W2891041685","topic:voters","title","voters"
"W2891041685","topic:voters","abstract","voting behaviour"
"W2891041685","topic:voters","abstract","electorates"
"W2891041685","topic:voters","abstract","voters"
"W3003857003","topic:parties","title","right wing populism"
"W3003857003","topic:parties","abstract","right wing populist"
"W3003857003","topic:parties","abstract","parties"
"W3003857003","topic:parties","abstract","right wing populism"
"W3003857003","topic:migration","title","xenophobia"
"W3003857003","topic:migration","abstract","anti immigrant"
"W3003857003","topic:migration","abstract","immigrant"
"W3003857003","region:europe","title","central europe"
"W3003857003","region:europe","abstract","central europe"
"W3003857003","region:europe","abstract","central european"
"W3048579663","approach:discursive","abstract","laclau"
"W3048579663","approach:performative","abstract","performative"
"W3048579663","topic:international","abstract","european union"
"W3048579663","topic:international","abstract","brexit"
"W3048579663","topic:parties","title","right wing populist"
"W3048579663","topic:parties","abstract","right wing populist"
"W3048579663","topic:parties","abstract","parties"
"W3048579663","topic:parties","abstract","right wing populism"
"W3048579663","topic:media-communication","title","frames"
"W3048579663","country:italy","abstract","italy"
"W3048579663","country:united-kingdom","abstract","united kingdom"
"W3048579663","country:united-kingdom","abstract","uk"
"W3048579663","country:united-kingdom","abstract","brexit"
"W3048579663","country:united-states","abstract","united states"
"W3048579663","country:united-states","abstract","usa"
"W3048579663","country:united-states","abstract","trump"
"W3048579663","region:europe","rule","from the country named"
"W3048579663","region:north-america","rule","from the country named"
"W4307253166","topic:government","abstract","populism in power"
"W4307253166","topic:government","abstract","populist governments"
"W4361008630","topic:parties","abstract","parties"
"W4361008630","topic:parties","abstract","populist leaders"
"W4361008630","topic:government","abstract","populist presidents"
"W4361008630","topic:government","abstract","populists in government"
"W4361008630","topic:democracy-institutions","title","democratic backsliding"
"W4361008630","topic:democracy-institutions","abstract","democratic backsliding"
"W4361008630","topic:democracy-institutions","abstract","liberal democracy"
"W4387019890","topic:parties","title","radical right"
"W4387019890","topic:voters","abstract","attitudes"
"W4387019890","topic:spatial","abstract","spatial"
"W4387019890","topic:spatial","abstract","places that don t matter"
"W4387019890","topic:migration","abstract","nativism"
"W4387019890","topic:migration","abstract","migration"
"W4387019890","method:survey","abstract","survey data"
"W4387019890","country:germany","title","germany"
"W4387019890","region:europe","rule","from the country named"
"W1969782820","topic:parties","title","party systems"
"W1969782820","region:europe","title","european"
"W1970535747","topic:defence-security","abstract","military"
"W1970535747","country:peru","title","peru"
"W1970535747","region:latin-america","rule","from the country named"
"W2004702880","topic:parties","title","radical right"
"W2004702880","region:europe","title","eastern europe"
"W2030278701","todo:check-outlet","journal","Juncture (on none of the journal lists that OpenAlex records)"
"W2030278701","topic:government","title","populism in power"
"W2030278701","region:europe","title","europe"
"W2030278701","country:greece","title","syriza"
"W2030278701","country:greece","abstract","syriza"
"W2030278701","country:greece","abstract","greek (+ political word)"
"W2884967865","todo:check-outlet","journal","Journal of Democracy"
"W2884967865","topic:international","abstract","eu"
"W2884967865","region:europe","abstract","eu"
"W2884967865","country:romania","title","romania"
"W2884967865","country:romania","abstract","romania"
"W2949569512","topic:parties","title","parties"
"W2949569512","topic:parties","abstract","parties"
"W2949569512","topic:parties","abstract","party"
"W2949569512","method:survey","abstract","survey data"
"W4280573928","topic:parties","title","radical right"
"W4280573928","topic:parties","title","parties"
"W4280573928","topic:parties","abstract","radical right"
"W4280573928","topic:parties","abstract","parties"
"W4280573928","topic:economy-welfare","title","welfare"
"W4280573928","topic:economy-welfare","abstract","welfare"
"W4280573928","topic:economy-welfare","abstract","protectionism"
"W4280573928","topic:economy-welfare","abstract","neoliberal"
"W4280573928","topic:economy-welfare","abstract","austerity"
"W4280573928","topic:economy-welfare","abstract","social policies"
"W4280573928","region:europe","abstract","western europe"
"W2110404483","topic:parties","title","radical right"
"W2110404483","topic:parties","title","parties"
"W2110404483","region:europe","title","europe"
"W2585535380","todo:check-outlet","journal","Survival"
"W2585535380","topic:democracy-institutions","title","liberal democracy"
"W2622710823","topic:parties","title","parties"
"W2622710823","topic:parties","abstract","parties"
"W2622710823","topic:parties","abstract","radical left"
"W2622710823","topic:parties","abstract","radical right"
"W2622710823","topic:parties","abstract","candidate"
"W2622710823","topic:parties","abstract","party"
"W2622710823","topic:voters","title","voters"
"W2622710823","topic:voters","abstract","voter"
"W2622710823","topic:voters","abstract","voters"
"W2622710823","topic:government","title","in government"
"W2622710823","topic:economy-welfare","abstract","economic"
"W2622710823","topic:economy-welfare","abstract","austerity"
"W2622710823","region:europe","title","european"
"W2622710823","country:greece","title","greece"
"W2622710823","country:greece","abstract","greece"
"W2622710823","country:greece","abstract","syriza"
"W2622710823","country:greece","abstract","anel"
"W2622710823","country:greece","abstract","greek (+ political word)"
"W2741732037","topic:parties","title","right wing populism"
"W2741732037","topic:parties","abstract","right wing populism"
"W2741732037","topic:parties","abstract","candidates"
"W2741732037","topic:media-communication","abstract","rhetoric"
"W2741732037","topic:media-communication","abstract","media"
"W2741732037","country:united-states","title","trump"
"W2741732037","country:united-states","abstract","trump"
"W2741732037","region:north-america","rule","from the country named"
"W2783584148","topic:international","title","brexit"
"W2783584148","topic:international","abstract","brexit"
"W2783584148","topic:voters","title","voting behavior"
"W2783584148","topic:voters","abstract","voting behavior"
"W2783584148","country:united-kingdom","title","brexit"
"W2783584148","country:united-kingdom","abstract","united kingdom"
"W2783584148","country:united-kingdom","abstract","uk"
"W2783584148","country:united-kingdom","abstract","brexit"
"W2783584148","country:united-states","title","trump"
"W2783584148","country:united-states","abstract","united states"
"W2783584148","country:united-states","abstract","trump"
"W2783584148","country:united-states","abstract","u s"
"W2783584148","region:europe","rule","from the country named"
"W2783584148","region:north-america","rule","from the country named"
"W2789734169","topic:spatial","abstract","urban rural"
"W2789734169","topic:spatial","abstract","rural"
"W2789734169","country:italy","abstract","italy"
"W2789734169","region:europe","rule","from the country named"
"W2790536059","topic:international","title","euroscepticism"
"W2790536059","topic:international","abstract","eurosceptic"
"W2790536059","topic:international","abstract","transnational"
"W2790536059","topic:parties","abstract","parties"
"W2790536059","topic:voters","abstract","demand side"
"W2790536059","topic:voters","abstract","voters"
"W2790536059","topic:migration","abstract","refugee"
"W2790536059","region:europe","title","european"
"W2790536059","region:europe","abstract","europe"
"W2790536059","region:europe","abstract","european"
"W2947379364","approach:performative","abstract","political style"
"W2970270861","topic:parties","abstract","party"
"W2970270861","topic:parties","abstract","parties"
"W2970270861","topic:religion","abstract","christian"
"W2970270861","topic:religion","abstract","islam"
"W2970270861","region:europe","abstract","european"
"W2970270861","region:europe","abstract","europe"
"W2970270861","country:netherlands","abstract","netherlands"
"W2970270861","country:netherlands","abstract","pvv"
"W2970270861","country:netherlands","abstract","wilders"
"W2995934180","topic:parties","title","populist right"
"W2995934180","topic:economy-welfare","title","neoliberalism"
"W2995934180","topic:economy-welfare","title","social policy"
"W2995934180","topic:economy-welfare","abstract","social policy"
"W2995934180","topic:economy-welfare","abstract","neoliberalism"
"W2995934180","topic:economy-welfare","abstract","neoliberal"
"W2995934180","topic:economy-welfare","abstract","social policies"
"W2995934180","topic:gender","abstract","women"
"W2995934180","topic:gender","abstract","misogynist"
"W3080212263","topic:voters","title","populist attitudes"
"W3080212263","topic:voters","abstract","citizens"
"W3080212263","topic:voters","abstract","populist attitudes"
"W3080212263","topic:voters","abstract","attitudes"
"W3080212263","topic:media-communication","title","media"
"W3080212263","topic:media-communication","abstract","media"
"W3080212263","topic:media-communication","abstract","journalistic"
"W3080212263","method:survey","abstract","online survey"
"W3119443521","country:turkey","abstract","turkey"
"W3119443521","country:turkey","abstract","erdogan"
"W3119443521","country:united-states","abstract","united states"
"W3119443521","country:united-states","abstract","trump"
"W3119443521","region:europe","rule","from the country named"
"W3119443521","region:north-america","rule","from the country named"
"W3210356120","topic:parties","title","right wing populism"
"W3210356120","topic:voters","abstract","attitudes"
"W3210356120","topic:migration","abstract","immigration"
"W3210356120","topic:migration","abstract","migration"
"W4213416266","topic:parties","abstract","far right"
"W4213416266","topic:parties","abstract","populist movements"
"W1979219610","country:austria","title","austria"
"W1979219610","country:italy","title","italy"
"W1979219610","country:switzerland","title","switzerland"
"W1979219610","region:europe","rule","from the country named"
"W2040647877","country:new-zealand","title","new zealand"
"W2040647877","region:asia-pacific","rule","from the country named"
"W2094462732","topic:parties","title","radical right"
"W2094462732","topic:parties","title","party"
"W2094462732","topic:parties","abstract","radical right"
"W2094462732","topic:parties","abstract","parties"
"W2094462732","method:survey","abstract","world values survey"
"W2803352068","topic:international","abstract","eu"
"W2803352068","topic:parties","abstract","right wing populism"
"W2803352068","topic:economy-welfare","abstract","economic"
"W2803352068","region:europe","title","european"
"W2803352068","region:europe","abstract","eu"
"W2884432370","topic:parties","title","right wing populist"
"W2884432370","topic:parties","abstract","right wing populist"
"W2884432370","topic:parties","abstract","parties"
"W2884432370","region:europe","title","europe"
"W2884432370","region:europe","abstract","europe"
"W2884432370","region:europe","abstract","western european"
"W2884432370","region:europe","abstract","eastern europe"
"W2921325125","topic:voters","abstract","supporters"
"W2921325125","topic:voters","abstract","voting behaviour"
"W2921325125","topic:spatial","title","rural"
"W2921325125","topic:spatial","abstract","rural"
"W2921325125","topic:economy-welfare","abstract","economy"
"W2921325125","topic:economy-welfare","abstract","economic"
"W2921325125","topic:democracy-institutions","title","authoritarian"
"W2921325125","topic:democracy-institutions","abstract","authoritarian"
"W2921325125","country:russia","title","russia"
"W2921325125","country:russia","title","putin"
"W2921325125","country:russia","abstract","putin"
"W2921325125","region:europe","rule","from the country named"
"W2982060846","topic:democracy-institutions","title","constitutionalism"
"W3034878272","topic:defence-security","title","war"
"W3034878272","topic:voters","title","public opinion"
"W3034878272","topic:voters","abstract","populist attitudes"
"W3034878272","country:philippines","title","philippines"
"W3034878272","country:philippines","abstract","philippines"
"W3034878272","country:philippines","abstract","duterte"
"W3034878272","region:asia-pacific","rule","from the country named"
"W4206116016","todo:check-record","rule","DOI accepted by reading, not by the automatic rule"
"W4221076408","topic:parties","abstract","right wing populist"
"W4221076408","topic:parties","abstract","parties"
"W4221076408","topic:government","title","populism in power"
"W4221076408","topic:government","abstract","in government"
"W4221076408","topic:government","abstract","populism in power"
"W4221076408","topic:government","abstract","populists in government"
"W4289745336","topic:parties","title","right wing populism"
"W4289745336","topic:parties","abstract","right wing populist"
"W4289745336","topic:parties","abstract","radical right"
"W4289745336","topic:parties","abstract","right wing populism"
"W4289745336","topic:parties","abstract","parties"
"W4289745336","topic:migration","title","nativist"
"W4289745336","topic:democracy-institutions","title","authoritarian"
"W4289745336","region:latin-america","title","latin america"
"W4289745336","region:latin-america","abstract","latin america"
"W4289745336","country:argentina","abstract","argentina"
"W4289745336","country:argentina","abstract","milei"
"W4289745336","country:brazil","abstract","brazil"
"W4289745336","country:brazil","abstract","bolsonaro"
"W4307633520","topic:media-communication","abstract","rhetoric"
"W4307633520","topic:religion","abstract","religious"
"W4307633520","topic:religion","abstract","religion"
"W4307633520","region:europe","abstract","europe"
"W4307633520","region:europe","abstract","european"
"W4395673331","approach:other","abstract","theories of populism"
"W4395673331","topic:media-communication","title","rhetoric"
"W1965639974","topic:economy-welfare","abstract","economic"
"W1965639974","topic:economy-welfare","abstract","neoliberals"
"W1965639974","country:canada","title","canada"
"W1965639974","country:australia","title","australia"
"W1965639974","region:north-america","rule","from the country named"
"W1965639974","region:asia-pacific","rule","from the country named"
"W2041909678","topic:migration","title","xenophobia"
"W2041909678","country:bulgaria","title","bulgaria"
"W2041909678","region:europe","rule","from the country named"
"W2539409489","todo:check-outlet","journal","Journal of Democracy"
"W2539409489","topic:parties","abstract","party"
"W2539409489","topic:parties","abstract","far right"
"W2539409489","region:europe","abstract","european"
"W2539409489","region:europe","abstract","europe"
"W2539409489","country:france","title","france"
"W2539409489","country:france","abstract","france"
"W2539409489","country:france","abstract","le pen"
"W2539409489","country:france","abstract","french (+ political word)"
"W2612129448","topic:parties","abstract","parties"
"W2612129448","topic:parties","abstract","right wing populist"
"W2612129448","topic:parties","abstract","party"
"W2612129448","topic:religion","title","islam"
"W2612129448","topic:religion","abstract","islam"
"W2612129448","topic:religion","abstract","religion"
"W2612129448","method:qualitative","abstract","critical discourse analysis"
"W2612129448","country:austria","title","austrian (+ political word)"
"W2612129448","country:austria","abstract","austria"
"W2612129448","country:austria","abstract","freedom party of austria"
"W2612129448","region:europe","rule","from the country named"
"W2794941111","topic:democracy-institutions","title","rule of law"
"W2794941111","region:europe","title","europe"
"W2795305638","topic:parties","title","right wing populist"
"W2795305638","topic:parties","abstract","right wing populist"
"W2795305638","topic:parties","abstract","right wing populism"
"W2795305638","topic:media-communication","title","media"
"W2795305638","topic:media-communication","abstract","media"
"W2795305638","country:india","abstract","modi"
"W2795305638","country:india","abstract","indian (+ political word)"
"W2795305638","region:asia-pacific","rule","from the country named"
"W2899796902","topic:parties","title","right wing populism"
"W2899796902","topic:parties","abstract","right wing populist"
"W2899796902","topic:parties","abstract","parties"
"W2899796902","topic:parties","abstract","right wing populism"
"W2899796902","topic:voters","abstract","attitudes"
"W2899796902","topic:voters","abstract","citizens"
"W2899796902","method:survey","abstract","european social survey"
"W2899796902","region:europe","title","european"
"W2899796902","region:europe","abstract","european"
"W2900299918","topic:economy-welfare","abstract","welfare"
"W2900299918","topic:economy-welfare","abstract","economic"
"W2900299918","region:europe","abstract","northern europe"
"W2900299918","region:europe","abstract","southern europe"
"W2903212003","topic:government","title","populist government"
"W2903212003","region:europe","title","western europe"
"W2903212003","country:italy","title","italian (+ political word)"
"W2989771152","topic:parties","title","radical right"
"W2989771152","topic:parties","abstract","radical right"
"W2989771152","topic:parties","abstract","parties"
"W2989771152","topic:parties","abstract","party"
"W2989771152","topic:voters","abstract","voters"
"W2989771152","topic:voters","abstract","respondents"
"W2989771152","method:experiment","title","experimental study"
"W2989771152","method:experiment","abstract","randomized"
"W2999080999","topic:parties","abstract","parties"
"W2999080999","topic:parties","abstract","left wing populist"
"W2999080999","topic:parties","abstract","right wing populist"
"W2999080999","topic:economy-welfare","title","globalization"
"W2999080999","topic:economy-welfare","abstract","globalization"
"W2999080999","topic:economy-welfare","abstract","economic"
"W2999080999","region:europe","title","europe"
"W2999080999","region:europe","abstract","european"
"W2999080999","region:europe","abstract","eu"
"W3001099922","topic:media-communication","title","twitter"
"W3001099922","topic:media-communication","title","communication"
"W3001099922","topic:media-communication","abstract","twitter"
"W3001099922","topic:media-communication","abstract","communication"
"W3001099922","topic:media-communication","abstract","tweets"
"W3001099922","country:united-states","title","trump"
"W3001099922","country:united-states","abstract","trump"
"W3001099922","country:united-states","abstract","american (+ political word)"
"W3001099922","region:north-america","rule","from the country named"
"W3005585103","topic:voters","abstract","populist attitudes"
"W3005585103","topic:voters","abstract","citizens"
"W3005585103","topic:economy-welfare","abstract","economic"
"W3005585103","topic:economy-welfare","abstract","inequality"
"W3005585103","topic:religion","title","islamists"
"W3005585103","topic:religion","abstract","islamism"
"W3005585103","topic:religion","abstract","religio"
"W3005585103","topic:religion","abstract","islamist"
"W3005585103","country:indonesia","title","indonesia"
"W3005585103","country:indonesia","abstract","indonesia"
"W3005585103","country:indonesia","abstract","indonesian (+ political word)"
"W3005585103","region:asia-pacific","rule","from the country named"
"W3175347536","topic:parties","title","radical right"
"W3175347536","topic:parties","title","parties"
"W3175347536","topic:parties","abstract","radical right"
"W3175347536","topic:parties","abstract","parties"
"W3175347536","topic:parties","abstract","party"
"W3175347536","topic:migration","abstract","nativism"
"W3175347536","topic:democracy-institutions","abstract","authoritarianism"
"W3175347536","method:survey","abstract","survey data"
"W4229035998","topic:parties","abstract","far right"
"W4229035998","topic:parties","abstract","party"
"W4229035998","topic:economy-welfare","title","financial crisis"
"W4392647488","topic:parties","title","radical right"
"W4392647488","topic:parties","title","parties"
"W4392647488","topic:parties","abstract","radical right"
"W4392647488","topic:parties","abstract","parties"
"W4392647488","topic:parties","abstract","party"
"W4392647488","method:qualitative","abstract","interviews"
"W4392647488","country:sweden","abstract","sweden"
"W4392647488","country:sweden","abstract","sweden democrats"
"W4392647488","region:europe","rule","from the country named"
"W2063713019","country:poland","title","poland"
"W2063713019","region:europe","rule","from the country named"
"W2089932477","topic:media-communication","abstract","media"
"W2089932477","method:qualitative","abstract","interviews"
"W2089932477","method:qualitative","abstract","qualitative"
"W2475396316","topic:parties","title","right wing populist"
"W2475396316","topic:parties","abstract","right wing populist"
"W2475396316","topic:parties","abstract","parties"
"W2475396316","topic:government","title","in government"
"W2475396316","country:italy","title","italy"
"W2475396316","country:italy","abstract","lega nord"
"W2475396316","country:italy","abstract","forza italia"
"W2475396316","region:europe","rule","from the country named"
"W2768576307","topic:international","abstract","eu"
"W2768576307","topic:international","abstract","supranational"
"W2768576307","topic:migration","abstract","asylum"
"W2768576307","topic:migration","abstract","refugee"
"W2768576307","topic:migration","abstract","refugees"
"W2768576307","topic:migration","abstract","immigration"
"W2768576307","region:europe","title","european"
"W2768576307","region:europe","abstract","europe"
"W2768576307","region:europe","abstract","eu"
"W2783729217","approach:discursive","abstract","laclau"
"W2783729217","topic:parties","abstract","party"
"W2783729217","topic:parties","abstract","social movement"
"W2783729217","topic:parties","abstract","populist movement"
"W2783729217","topic:media-communication","abstract","media"
"W2783729217","topic:media-communication","abstract","television"
"W2783729217","method:qualitative","abstract","critical discourse analysis"
"W2783729217","method:qualitative","abstract","interviews"
"W2783729217","country:spain","title","podemos"
"W2783729217","country:spain","abstract","spain"
"W2783729217","country:spain","abstract","pablo iglesias"
"W2783729217","country:spain","abstract","podemos"
"W2783729217","region:europe","rule","from the country named"
"W2786313941","topic:democracy-institutions","title","constitutionalism"
"W2786313941","country:hungary","title","hungary"
"W2786313941","region:europe","rule","from the country named"
"W2804593094","approach:other","abstract","conceptualisation of populism"
"W2804593094","topic:parties","abstract","parties"
"W2804593094","country:netherlands","title","netherlands"
"W2804593094","region:europe","rule","from the country named"
"W2889072896","topic:international","abstract","brexit"
"W2889072896","topic:voters","abstract","citizens"
"W2889072896","topic:voters","abstract","attitudes"
"W2889072896","topic:migration","title","migrants"
"W2889072896","topic:migration","title","anti immigrant"
"W2889072896","topic:migration","abstract","migrants"
"W2889072896","topic:migration","abstract","anti immigrant"
"W2889072896","region:europe","title","europe"
"W2889072896","region:europe","abstract","european"
"W2889072896","region:europe","abstract","europe"
"W2889072896","country:united-kingdom","abstract","britain"
"W2889072896","country:united-kingdom","abstract","england"
"W2889072896","country:united-kingdom","abstract","brexit"
"W2889072896","country:united-kingdom","abstract","uk"
"W2889072896","country:united-kingdom","abstract","british (+ political word)"
"W2890747098","topic:parties","title","parties"
"W2890747098","topic:parties","abstract","parties"
"W2890747098","topic:gender","title","gender"
"W2890747098","topic:gender","title","feminist"
"W2890747098","topic:gender","abstract","feminist"
"W2890747098","topic:gender","abstract","gender"
"W2890747098","country:netherlands","title","netherlands"
"W2890747098","country:netherlands","abstract","netherlands"
"W2890747098","region:europe","rule","from the country named"
"W2974513868","topic:parties","title","radical right"
"W2974513868","topic:parties","abstract","parties"
"W2974513868","topic:parties","abstract","party systems"
"W2974513868","topic:parties","abstract","party system"
"W2974513868","topic:parties","abstract","radical right"
"W2974513868","topic:parties","abstract","party"
"W2974513868","topic:voters","title","attitudes"
"W2974513868","topic:voters","abstract","attitudes"
"W2974513868","topic:voters","abstract","electorates"
"W2974513868","topic:voters","abstract","supporters"
"W2974513868","topic:democracy-institutions","title","authoritarian"
"W2974513868","topic:democracy-institutions","abstract","authoritarian"
"W2974513868","topic:democracy-institutions","abstract","illiberal"
"W2974513868","topic:democracy-institutions","abstract","liberal democracies"
"W2974513868","country:united-states","abstract","us"
"W2974513868","country:united-states","abstract","trump"
"W2974513868","region:north-america","rule","from the country named"
"W3088221106","approach:discursive","title","discursive approach"
"W3088221106","approach:performative","title","performative"
"W1554748786","topic:parties","title","parties"
"W1554748786","topic:parties","abstract","parties"
"W1554748786","topic:parties","abstract","party"
"W1554748786","topic:parties","abstract","populist movements"
"W1554748786","topic:media-communication","title","press coverage"
"W1554748786","topic:media-communication","abstract","media"
"W1554748786","topic:media-communication","abstract","journalistic"
"W1554748786","topic:media-communication","abstract","newspapers"
"W1554748786","region:europe","title","nordic"
"W1554748786","country:denmark","abstract","denmark"
"W1554748786","country:denmark","abstract","danish people s party"
"W1554748786","country:denmark","abstract","danish (+ political word)"
"W1554748786","country:finland","abstract","finland"
"W1554748786","country:finland","abstract","finns party"
"W1554748786","country:norway","abstract","norway"
"W1554748786","country:sweden","abstract","sweden"
"W1554748786","country:sweden","abstract","sweden democrats"
"W1978854451","topic:parties","title","radical right"
"W1978854451","topic:parties","title","parties"
"W1978854451","topic:parties","abstract","radical right"
"W1978854451","topic:parties","abstract","parties"
"W1978854451","topic:parties","abstract","party"
"W1978854451","region:europe","title","eastern europe"
"W1978854451","region:europe","abstract","eastern europe"
"W1978854451","region:europe","abstract","european"
"W1978854451","country:hungary","abstract","hungary"
"W1978854451","country:hungary","abstract","jobbik"
"W1978854451","country:slovakia","abstract","slovakia"
"W1978854451","country:slovakia","abstract","slovak (+ political word)"
"W2036855664","topic:parties","title","radical right"
"W2036855664","topic:parties","abstract","radical right"
"W2036855664","topic:parties","abstract","party"
"W2036855664","topic:gender","title","feminist"
"W2036855664","topic:gender","abstract","masculinities"
"W2036855664","topic:gender","abstract","gender"
"W2036855664","topic:gender","abstract","feminist"
"W2036855664","country:sweden","title","sweden"
"W2036855664","country:sweden","title","swedish (+ political word)"
"W2036855664","country:sweden","abstract","sweden"
"W2036855664","country:sweden","abstract","sweden democrats"
"W2036855664","country:sweden","abstract","swedish (+ political word)"
"W2036855664","region:europe","rule","from the country named"
"W2321602900","topic:parties","abstract","populist movements"
"W2321602900","topic:parties","abstract","social movements"
"W2321602900","topic:parties","abstract","populist leader"
"W2321602900","region:latin-america","title","latin america"
"W2587279667","topic:parties","title","radical right"
"W2587279667","topic:parties","abstract","radical right"
"W2587279667","topic:parties","abstract","parties"
"W2587279667","topic:parties","abstract","party"
"W2587279667","topic:voters","title","attitudes"
"W2587279667","topic:voters","abstract","attitudes"
"W2587279667","topic:voters","abstract","electorate"
"W2587279667","topic:religion","abstract","islam"
"W2587279667","topic:religion","abstract","religion"
"W2587279667","method:survey","abstract","representative survey"
"W2791068694","topic:voters","abstract","citizens"
"W2791068694","topic:voters","abstract","populist attitudes"
"W2791068694","topic:media-communication","title","communication"
"W2791068694","topic:media-communication","abstract","communication"
"W2791068694","topic:media-communication","abstract","media"
"W2791068694","method:experiment","abstract","two experiments"
"W2796081815","topic:parties","title","populist right"
"W2796081815","topic:democracy-institutions","title","illiberalism"
"W2796081815","region:europe","title","central europe"
"W2801606948","approach:performative","title","populist style"
"W2801606948","topic:media-communication","title","tweets"
"W2801606948","country:netherlands","title","wilders"
"W2801606948","country:united-kingdom","title","farage"
"W2801606948","country:united-states","title","trump"
"W2801606948","country:india","title","modi"
"W2801606948","region:global","rule","three or more regions named: europe, north-america, asia-pacific"
"W2924083701","topic:economy-welfare","abstract","economic"
"W2924083701","topic:economy-welfare","abstract","neoliberal"
"W2924083701","topic:media-communication","abstract","rhetoric"
"W2924083701","topic:media-communication","abstract","rhetorical"
"W2924083701","topic:democracy-institutions","title","authoritarian"
"W2924083701","topic:democracy-institutions","abstract","authoritarian"
"W2924083701","country:bolivia","title","bolivia"
"W2924083701","country:bolivia","abstract","bolivia"
"W2924083701","country:ecuador","title","ecuador"
"W2924083701","country:ecuador","abstract","ecuador"
"W2924083701","region:latin-america","rule","from the country named"
"W2945411649","topic:defence-security","title","terrorist"
"W2945411649","topic:defence-security","abstract","terrorist"
"W2945411649","topic:international","title","eurosceptics"
"W2945411649","topic:international","abstract","euroscepticism"
"W2945411649","topic:international","abstract","european union"
"W2945411649","topic:international","abstract","eu"
"W2945411649","topic:migration","abstract","anti immigration"
"W2945411649","topic:migration","abstract","refugee"
"W2945411649","region:europe","abstract","europe"
"W2945411649","region:europe","abstract","european"
"W2945411649","region:europe","abstract","eu"
"W2976835149","topic:parties","title","radical right"
"W2976835149","topic:parties","title","party"
"W2976835149","topic:parties","abstract","parties"
"W2976835149","topic:parties","abstract","radical right"
"W2976835149","topic:voters","abstract","supporters"
"W2976835149","topic:voters","abstract","voter"
"W2976835149","topic:voters","abstract","electoral support"
"W2976835149","topic:voters","abstract","voters"
"W2976835149","topic:economy-welfare","title","welfare"
"W2976835149","topic:economy-welfare","abstract","economic"
"W2976835149","topic:economy-welfare","abstract","welfare"
"W2976835149","topic:migration","title","migration"
"W3015743236","todo:check-outlet","journal","Journal of Democracy"
"W3015743236","approach:ideational","abstract","thin ideology"
"W3015743236","country:turkey","title","turkey"
"W3015743236","country:turkey","abstract","turkey"
"W3015743236","country:turkey","abstract","erdogan"
"W3015743236","region:europe","rule","from the country named"
"W3199123563","topic:parties","title","radical right"
"W3199123563","topic:parties","title","parties"
"W3199123563","topic:parties","title","party"
"W3199123563","topic:parties","abstract","radical right"
"W3199123563","topic:parties","abstract","parties"
"W3199123563","topic:parties","abstract","party"
"W3199123563","topic:parties","abstract","partisan"
"W3199123563","topic:voters","abstract","voters"
"W3199123563","topic:voters","abstract","supporters"
"W3199123563","topic:voters","abstract","electorate"
"W3199123563","topic:voters","abstract","demand side"
"W3199123563","topic:media-communication","title","media"
"W3199123563","topic:media-communication","abstract","communication"
"W3199123563","topic:media-communication","abstract","facebook"
"W3199123563","topic:media-communication","abstract","media"
"W3199123563","topic:migration","abstract","nativist"
"W3199123563","topic:migration","abstract","nativism"
"W3199123563","country:hungary","title","jobbik"
"W3199123563","country:hungary","abstract","jobbik"
"W3199123563","region:europe","rule","from the country named"
"W4206068785","topic:religion","title","religion"
"W4206068785","topic:religion","title","islam"
"W4206068785","country:turkey","title","turkey"
"W4206068785","region:europe","rule","from the country named"
"W4396968564","topic:parties","abstract","parties"
"W4396968564","topic:voters","abstract","voters"
"W4396968564","topic:voters","abstract","support for populist"
"W4396968564","topic:economy-welfare","title","austerity"
"W4396968564","topic:economy-welfare","title","economic"
"W4396968564","topic:economy-welfare","abstract","fiscal"
"W4396968564","topic:economy-welfare","abstract","austerity"
"W4396968564","topic:economy-welfare","abstract","economic"
"W4399222094","topic:parties","abstract","parties"
"W4399222094","topic:media-communication","title","media"
"W4399222094","topic:media-communication","abstract","media"
"W4399222094","topic:media-communication","abstract","communication"
"W4399222094","topic:media-communication","abstract","communications"
"W4399222094","country:france","abstract","france"
"W4399222094","country:france","abstract","le pen"
"W4399222094","country:france","abstract","front national"
"W4399222094","country:france","abstract","french (+ political word)"
"W4399222094","region:europe","rule","from the country named"
"W4412900153","topic:parties","title","right wing populism"
"W1986833666","topic:parties","abstract","party"
"W1986833666","topic:parties","abstract","parties"
"W1986833666","topic:economy-welfare","abstract","unemployment"
"W1986833666","topic:economy-welfare","abstract","economic"
"W1986833666","topic:migration","title","xenophobic"
"W1986833666","topic:migration","abstract","xenophobic"
"W1986833666","topic:migration","abstract","migrants"
"W1986833666","topic:migration","abstract","migration"
"W1986833666","country:france","abstract","france"
"W1986833666","country:france","abstract","french (+ political word)"
"W1986833666","country:australia","abstract","australia"
"W1986833666","country:australia","abstract","pauline hanson"
"W1986833666","country:australia","abstract","one nation"
"W1986833666","region:europe","rule","from the country named"
"W1986833666","region:asia-pacific","rule","from the country named"
"W2066686046","topic:parties","title","party"
"W2066686046","topic:parties","abstract","party"
"W2066686046","country:italy","abstract","berlusconi"
"W2066686046","country:italy","abstract","forza italia"
"W2066686046","region:europe","rule","from the country named"
"W2074580382","topic:economy-welfare","abstract","economic"
"W2074580382","region:mena","title","arab"
"W2074580382","region:mena","abstract","middle east"
"W2074580382","region:mena","abstract","arab"
"W2074580382","country:iran","abstract","iran"
"W2150830662","topic:parties","title","radical right"
"W2150830662","topic:gender","title","gender"
"W2150830662","topic:migration","title","nativism"
"W2180546107","topic:parties","title","radical right"
"W2180546107","topic:parties","title","party"
"W2180546107","country:germany","title","germany"
"W2180546107","country:netherlands","title","netherlands"
"W2180546107","region:europe","rule","from the country named"
"W2239476370","country:venezuela","title","venezuela"
"W2239476370","country:venezuela","title","chavismo"
"W2239476370","country:venezuela","abstract","venezuela"
"W2239476370","country:venezuela","abstract","chavismo"
"W2239476370","region:latin-america","rule","from the country named"
"W2759645924","topic:democracy-institutions","abstract","constitutional"
"W2759645924","topic:democracy-institutions","abstract","court"
"W2759645924","country:south-korea","abstract","south korea"
"W2759645924","country:south-korea","abstract","south (+ political word)"
"W2759645924","region:asia-pacific","rule","from the country named"
"W2894875760","topic:voters","title","attitudes"
"W2894875760","topic:voters","abstract","populist attitudes"
"W2894875760","topic:voters","abstract","citizens"
"W2894875760","topic:voters","abstract","attitudes"
"W2894875760","topic:economy-welfare","title","economic"
"W2894875760","topic:economy-welfare","abstract","economic"
"W2894875760","country:greece","title","greece"
"W2894875760","country:greece","abstract","greece"
"W2894875760","region:europe","rule","from the country named"
"W2901229005","topic:parties","abstract","candidates"
"W2901229005","topic:media-communication","title","twitter"
"W2901229005","topic:media-communication","abstract","media"
"W2901229005","topic:media-communication","abstract","rhetoric"
"W2901229005","topic:media-communication","abstract","tweets"
"W2901229005","country:united-states","title","american (+ political word)"
"W2901229005","country:united-states","abstract","trump"
"W2901229005","country:united-states","abstract","us"
"W2901229005","country:united-states","abstract","bernie sanders"
"W2901229005","country:united-states","abstract","sanders"
"W2901229005","region:north-america","rule","from the country named"
"W3037178108","approach:ideational","abstract","host ideology"
"W3037178108","topic:parties","abstract","populist actors"
"W3037178108","topic:democracy-institutions","title","quality of democracy"
"W3037178108","topic:democracy-institutions","abstract","quality of democracy"
"W3037178108","topic:democracy-institutions","abstract","rule of law"
"W3037178108","topic:democracy-institutions","abstract","democratic quality"
"W3042662420","topic:parties","title","party"
"W3042662420","topic:voters","abstract","populist attitudes"
"W3042662420","method:quantitative","abstract","regression"
"W3046097027","topic:media-communication","title","misinformation"
"W3046097027","topic:media-communication","abstract","fake news"
"W3046097027","topic:media-communication","abstract","media"
"W3046097027","topic:media-communication","abstract","misinformation"
"W3160787910","topic:parties","abstract","right wing populist"
"W3160787910","topic:parties","abstract","parties"
"W3160787910","topic:spatial","abstract","geography of"
"W3160787910","topic:spatial","abstract","left behind places"
"W3160787910","country:germany","title","germany"
"W3160787910","region:europe","rule","from the country named"
"W1989504880","topic:international","title","euroscepticism"
"W2104110569","topic:parties","abstract","populist movements"
"W2104110569","topic:parties","abstract","party"
"W2104110569","topic:media-communication","title","media"
"W2104110569","topic:media-communication","abstract","framing"
"W2104110569","topic:media-communication","abstract","media"
"W2104110569","country:netherlands","title","netherlands"
"W2104110569","country:netherlands","abstract","netherlands"
"W2104110569","country:netherlands","abstract","pvv"
"W2104110569","country:united-states","title","united states"
"W2104110569","country:united-states","abstract","united states"
"W2104110569","country:united-states","abstract","tea party"
"W2104110569","region:europe","rule","from the country named"
"W2104110569","region:north-america","rule","from the country named"
"W2580985111","topic:international","abstract","european union"
"W2580985111","topic:parties","abstract","right wing populist"
"W2580985111","topic:parties","abstract","parties"
"W2580985111","topic:parties","abstract","party"
"W2580985111","topic:economy-welfare","title","globalization"
"W2580985111","topic:economy-welfare","abstract","globalization"
"W2580985111","method:survey","abstract","survey data"
"W2580985111","region:europe","abstract","european"
"W2580985111","country:united-kingdom","title","great britain"
"W2580985111","country:united-kingdom","abstract","united kingdom"
"W2970971369","topic:parties","abstract","parties"
"W2970971369","topic:parties","abstract","political leaders"
"W2970971369","topic:parties","abstract","party"
"W2970971369","topic:democracy-institutions","abstract","liberal democracy"
"W2970971369","topic:democracy-institutions","abstract","democratic backsliding"
"W2970971369","country:turkey","title","turkey"
"W2970971369","country:turkey","abstract","turkey"
"W2970971369","country:turkey","abstract","erdogan"
"W2970971369","country:turkey","abstract","turkish (+ political word)"
"W2970971369","region:europe","rule","from the country named"
"W3000560693","topic:migration","title","migration"
"W3000560693","topic:migration","abstract","migration"
"W3000560693","region:europe","abstract","eastern europe"
"W3000560693","region:europe","abstract","europe"
"W3000560693","country:hungary","title","hungary"
"W3000560693","country:hungary","abstract","hungary"
"W3000560693","country:hungary","abstract","hungarian (+ political word)"
"W3033433406","method:qualitative","abstract","qualitative"
"W3128520027","todo:check-record","rule","DOI accepted by reading, not by the automatic rule"
"W3128520027","topic:parties","abstract","party system"
"W3128520027","topic:parties","abstract","parties"
"W3128520027","topic:parties","abstract","party"
"W3128520027","topic:migration","abstract","refugee"
"W3128520027","topic:migration","abstract","nativist"
"W3128520027","topic:migration","abstract","immigration"
"W3128520027","region:europe","title","western europe"
"W3128520027","country:germany","abstract","germany"
"W3128520027","country:germany","abstract","die linke"
"W3128520027","country:germany","abstract","alternative for germany"
"W3128520027","country:germany","abstract","afd"
"W3131132446","topic:international","title","euroscepticism"
"W3131132446","topic:international","abstract","european parliament"
"W3131132446","topic:international","abstract","eurosceptic"
"W3131132446","topic:parties","abstract","parties"
"W3131132446","topic:parties","abstract","party"
"W3131132446","topic:parties","abstract","party systems"
"W3131132446","region:europe","title","european"
"W3206012450","topic:parties","title","parties"
"W3206012450","topic:parties","abstract","parties"
"W3206012450","topic:voters","title","support for populist"
"W3206012450","topic:voters","abstract","support for populist"
"W3206012450","topic:voters","abstract","support for populists"
"W3206012450","topic:economy-welfare","title","inequality"
"W3206012450","topic:economy-welfare","abstract","inequality"
"W3206012450","topic:economy-welfare","abstract","economic"
"W3206012450","method:survey","abstract","european social survey"
"W3206012450","region:europe","abstract","europe"
"W3206012450","region:europe","abstract","european"
"W4396671305","topic:voters","abstract","voters"
"W4396671305","topic:voters","abstract","voter"
"W4396671305","topic:voters","abstract","vote choice"
"W4396671305","topic:media-communication","abstract","media"
"W4396671305","topic:media-communication","abstract","misinformation"
"W4396671305","method:survey","abstract","national survey"
"W4396671305","country:united-states","abstract","biden"
"W4396671305","country:united-states","abstract","trump"
"W4396671305","region:north-america","rule","from the country named"
"W2714282260","topic:parties","abstract","parties"
"W2714282260","topic:parties","abstract","party"
"W2714282260","topic:parties","abstract","radical right"
"W2714282260","country:spain","title","podemos"
"W2714282260","region:europe","rule","from the country named"
"W2897846713","topic:parties","title","party"
"W2897846713","topic:economy-welfare","title","austerity"
"W2897846713","country:united-kingdom","title","scottish (+ political word)"
"W2897846713","region:europe","rule","from the country named"
"W2959816727","topic:parties","title","radical right"
"W2959816727","topic:parties","title","parties"
"W2959816727","topic:parties","abstract","radical right"
"W2959816727","topic:parties","abstract","parties"
"W2959816727","topic:parties","abstract","manifestos"
"W2959816727","topic:parties","abstract","party"
"W2959816727","topic:voters","abstract","voters"
"W2959816727","topic:voters","abstract","voting behaviour"
"W2959816727","country:austria","title","fpo"
"W2959816727","country:germany","title","afd"
"W2959816727","country:germany","abstract","germany"
"W2959816727","country:germany","abstract","alternative for germany"
"W2959816727","country:germany","abstract","afd"
"W2959816727","region:europe","rule","from the country named"
"W2982657821","topic:voters","abstract","citizens"
"W2982657821","topic:media-communication","abstract","rhetoric"
"W2982657821","topic:media-communication","abstract","rhetorical"
"W2982657821","topic:democracy-institutions","title","constitutional"
"W2982657821","topic:democracy-institutions","title","constitutionalism"
"W2982657821","topic:democracy-institutions","abstract","constitutional"
"W2982657821","topic:democracy-institutions","abstract","authoritarian"
"W2982657821","topic:democracy-institutions","abstract","constitutionalism"
"W2982657821","topic:democracy-institutions","abstract","checks and balances"
"W2982657821","topic:democracy-institutions","abstract","constitution"
"W2982657821","topic:democracy-institutions","abstract","referendums"
"W3010134845","topic:parties","title","party"
"W3010134845","topic:parties","abstract","parties"
"W3010134845","topic:parties","abstract","party system"
"W3010134845","topic:voters","abstract","support for populist"
"W3010134845","country:czech-republic","title","czech republic"
"W3010134845","region:europe","rule","from the country named"
"W3015607687","topic:international","abstract","european union"
"W3015607687","topic:international","abstract","eu"
"W3015607687","topic:parties","title","radical right"
"W3015607687","topic:parties","title","parties"
"W3015607687","topic:parties","abstract","radical right"
"W3015607687","topic:parties","abstract","parties"
"W3015607687","topic:parties","abstract","partisanship"
"W3015607687","topic:economy-welfare","title","welfare"
"W3015607687","topic:economy-welfare","abstract","inequalities"
"W3015607687","topic:economy-welfare","abstract","welfare"
"W3015607687","topic:economy-welfare","abstract","economy"
"W3015607687","topic:democracy-institutions","abstract","constitution"
"W3015607687","topic:democracy-institutions","abstract","constitutional"
"W3015607687","topic:democracy-institutions","abstract","judicial"
"W3015607687","region:europe","title","europe"
"W3015607687","region:europe","abstract","europe"
"W3015607687","region:europe","abstract","european"
"W3015607687","region:europe","abstract","eu"
"W3027244790","topic:parties","title","right wing populism"
"W3027244790","topic:parties","abstract","radical right"
"W3027244790","topic:parties","abstract","parties"
"W3027244790","topic:parties","abstract","far right"
"W3027244790","topic:media-communication","abstract","media"
"W3027244790","country:belgium","title","belgium"
"W3027244790","country:belgium","title","wallonia"
"W3027244790","country:belgium","abstract","belgium"
"W3027244790","country:belgium","abstract","flanders"
"W3027244790","country:belgium","abstract","wallonia"
"W3027244790","country:belgium","abstract","belgian (+ political word)"
"W3027244790","region:europe","rule","from the country named"
"W3094309186","topic:parties","title","party"
"W3094309186","topic:parties","abstract","right wing populism"
"W3094309186","topic:parties","abstract","parties"
"W3094309186","topic:voters","title","attitudes"
"W3094309186","topic:voters","abstract","attitudes"
"W3094309186","topic:voters","abstract","support for populist"
"W3094309186","topic:media-communication","title","media"
"W3094309186","topic:media-communication","abstract","media"
"W3094309186","topic:media-communication","abstract","rhetoric"
"W3094309186","topic:media-communication","abstract","television"
"W3094309186","topic:migration","title","anti immigration"
"W3094309186","topic:migration","abstract","anti immigration"
"W3094309186","topic:migration","abstract","migration"
"W3094309186","topic:migration","abstract","immigration"
"W3094309186","topic:migration","abstract","anti immigrant"
"W3094309186","method:survey","abstract","panel survey"
"W3167081605","topic:parties","title","far right"
"W3167081605","topic:parties","abstract","populist actors"
"W3167081605","topic:parties","abstract","populist movement"
"W3167081605","topic:media-communication","abstract","frames"
"W3167081605","topic:media-communication","abstract","rhetoric"
"W3167081605","topic:religion","title","religious"
"W3167081605","topic:religion","title","islamist"
"W3167081605","topic:religion","abstract","religious"
"W3167081605","topic:religion","abstract","islamic"
"W3167081605","topic:religion","abstract","islam"
"W3167081605","topic:religion","abstract","islamist"
"W3167081605","topic:religion","abstract","muslims"
"W3167081605","topic:religion","abstract","religion"
"W3167081605","topic:religion","abstract","religio"
"W3167081605","country:indonesia","title","indonesia"
"W3167081605","country:indonesia","abstract","indonesia"
"W3167081605","country:indonesia","abstract","indonesian (+ political word)"
"W3167081605","region:asia-pacific","rule","from the country named"
"W4241332420","country:brazil","title","brazil"
"W4241332420","country:brazil","abstract","brazil"
"W4241332420","region:latin-america","rule","from the country named"
"W4256713637","topic:international","title","eu"
"W4256713637","topic:international","abstract","eurosceptics"
"W4256713637","topic:international","abstract","european union"
"W4256713637","topic:voters","abstract","citizens"
"W4256713637","topic:voters","abstract","attitudes"
"W4256713637","region:europe","title","european"
"W4256713637","region:europe","title","eu"
"W4256713637","region:europe","abstract","europe"
"W4256713637","region:europe","abstract","european"
"W4256713637","country:hungary","title","hungary"
"W4285331607","approach:ideational","abstract","host ideologies"
"W4285331607","topic:parties","abstract","party"
"W4285331607","topic:democracy-institutions","title","constitutional"
"W4285331607","topic:democracy-institutions","abstract","constitutional"
"W4285331607","topic:democracy-institutions","abstract","authoritarian"
"W4285331607","topic:democracy-institutions","abstract","hybrid regimes"
"W4285331607","topic:democracy-institutions","abstract","constitutionalism"
"W4285331607","topic:democracy-institutions","abstract","democratization"
"W4388769166","topic:democracy-institutions","title","constitutionalism"
"W4388769166","topic:democracy-institutions","title","judicial"
"W4388769166","topic:democracy-institutions","abstract","constitutional"
"W4388769166","topic:democracy-institutions","abstract","judicial"
"W4388769166","topic:democracy-institutions","abstract","judiciary"
"W4388769166","country:israel","title","israel"
"W4388769166","country:israel","abstract","israel"
"W4388769166","country:israel","abstract","israeli (+ political word)"
"W4388769166","region:mena","rule","from the country named"
"W2146932553","topic:religion","title","secular"
"W2146932553","topic:religion","abstract","muslim"
"W2146932553","topic:religion","abstract","secularization"
"W2146932553","topic:religion","abstract","religion"
"W2146932553","topic:religion","abstract","secularism"
"W2146932553","topic:religion","abstract","islamist"
"W2146932553","topic:religion","abstract","secularist"
"W2146932553","topic:religion","abstract","secular"
"W2146932553","country:turkey","title","turkey"
"W2146932553","country:turkey","abstract","turkey"
"W2146932553","region:europe","rule","from the country named"
"W2787889998","topic:parties","abstract","parties"
"W2787889998","topic:parties","abstract","populist leaders"
"W2787889998","topic:parties","abstract","political leaders"
"W2787889998","topic:media-communication","abstract","media"
"W2787889998","topic:media-communication","abstract","communication"
"W2787889998","topic:democracy-institutions","title","direct democracy"
"W2787889998","topic:democracy-institutions","abstract","direct democracy"
"W2790180295","topic:voters","abstract","electorate"
"W2899215701","topic:parties","title","parties"
"W2899215701","topic:parties","title","radical right"
"W2899215701","topic:parties","abstract","parties"
"W2899215701","topic:parties","abstract","radical right"
"W2899215701","topic:parties","abstract","party"
"W2899215701","topic:migration","abstract","migration"
"W2899215701","topic:migration","abstract","migrants"
"W2911792950","topic:parties","title","party systems"
"W2911792950","topic:parties","title","radical right"
"W2911792950","topic:parties","abstract","party"
"W2911792950","topic:parties","abstract","radical right"
"W2911792950","topic:parties","abstract","party systems"
"W2911792950","topic:parties","abstract","party system"
"W2911792950","topic:parties","abstract","parties"
"W2911792950","topic:migration","abstract","immigration"
"W2911792950","topic:migration","abstract","refugee"
"W2911792950","country:estonia","title","estonia"
"W2911792950","country:estonia","abstract","estonia"
"W2911792950","country:estonia","abstract","ekre"
"W2911792950","country:latvia","title","latvia"
"W2911792950","country:latvia","abstract","latvia"
"W2911792950","country:latvia","abstract","latvian (+ political word)"
"W2911792950","region:europe","rule","from the country named"
"W2920790148","topic:foreign-policy","abstract","foreign policy"
"W2920790148","country:united-states","abstract","united states"
"W2920790148","country:united-states","abstract","us"
"W2920790148","country:united-states","abstract","trump"
"W2920790148","country:united-states","abstract","american (+ political word)"
"W2920790148","region:north-america","rule","from the country named"
"W3014933278","topic:media-communication","title","media"
"W3014933278","topic:media-communication","abstract","media"
"W3014933278","topic:media-communication","abstract","journalism"
"W3014933278","country:india","title","india"
"W3014933278","country:india","abstract","india"
"W3014933278","region:asia-pacific","rule","from the country named"
"W3023242510","topic:parties","title","populist leadership"
"W3023242510","topic:parties","abstract","parties"
"W3023242510","topic:parties","abstract","populist leadership"
"W3023242510","topic:parties","abstract","party"
"W3023242510","topic:parties","abstract","political leader"
"W3023242510","topic:parties","abstract","political leadership"
"W3023242510","country:united-states","title","trump"
"W3023242510","region:north-america","rule","from the country named"
"W3126093777","topic:parties","abstract","parties"
"W3126093777","topic:voters","title","populist attitudes"
"W3126093777","topic:voters","title","voting behaviour"
"W3126093777","topic:voters","abstract","demand side"
"W3126093777","topic:voters","abstract","populist attitudes"
"W3126093777","method:survey","abstract","survey data"
"W3126093777","country:portugal","title","portugal"
"W3126093777","country:portugal","abstract","portugal"
"W3126093777","region:europe","rule","from the country named"
"W3133990149","topic:parties","title","parties"
"W3133990149","topic:parties","abstract","parties"
"W3133990149","topic:government","title","in power"
"W3133990149","topic:government","abstract","incumbent"
"W3133990149","topic:government","abstract","populists in power"
"W3133990149","topic:government","abstract","in power"
"W3133990149","topic:media-communication","title","communication"
"W3133990149","topic:media-communication","abstract","rhetoric"
"W3133990149","topic:media-communication","abstract","facebook"
"W3158178632","topic:religion","title","religions"
"W3158178632","topic:religion","abstract","religion"
"W3158178632","topic:religion","abstract","islam"
"W3158178632","topic:religion","abstract","hinduism"
"W3158178632","topic:religion","abstract","christianity"
"W3158178632","topic:religion","abstract","christian"
"W3158178632","topic:religion","abstract","religious"
"W3158178632","region:global","title","around the world"
"W4235453935","approach:economic","title","economic populism"
"W4235453935","approach:economic","abstract","economic populism"
"W4235453935","topic:economy-welfare","title","economic"
"W4235453935","topic:economy-welfare","abstract","inequality"
"W4235453935","topic:economy-welfare","abstract","economic"
"W4376957144","topic:parties","title","radical right"
"W4376957144","topic:parties","abstract","radical right"
"W4376957144","topic:parties","abstract","parties"
"W4376957144","topic:parties","abstract","party"
"W4376957144","topic:voters","abstract","citizens"
"W4376957144","topic:voters","abstract","attitudes"
"W4376957144","topic:gender","title","masculinity"
"W4376957144","topic:gender","abstract","gender"
"W4376957144","topic:gender","abstract","women"
"W4376957144","topic:gender","abstract","masculinity"
"W4376957144","country:spain","abstract","spain"
"W4376957144","country:spain","abstract","spanish (+ political word)"
"W4376957144","region:europe","rule","from the country named"
"W2147312398","country:new-zealand","title","new zealand"
"W2147312398","region:asia-pacific","rule","from the country named"
"W2158815946","topic:parties","title","far right"
"W2158815946","topic:parties","title","parties"
"W2158815946","topic:parties","abstract","right wing populist"
"W2158815946","topic:parties","abstract","parties"
"W2158815946","topic:parties","abstract","far right"
"W2158815946","topic:economy-welfare","title","welfare"
"W2158815946","topic:economy-welfare","title","social policy"
"W2158815946","topic:economy-welfare","abstract","welfare"
"W2158815946","topic:economy-welfare","abstract","social policy"
"W2158815946","topic:economy-welfare","abstract","redistributive"
"W2789333762","topic:parties","title","right wing populists"
"W2789333762","topic:parties","abstract","candidates"
"W2789333762","country:united-states","title","trump"
"W2789333762","country:united-states","abstract","trump"
"W2789333762","country:united-states","abstract","us"
"W2789333762","region:north-america","rule","from the country named"
"W2844791000","topic:parties","abstract","party"
"W2844791000","topic:parties","abstract","parties"
"W2844791000","topic:voters","abstract","populist attitudes"
"W2844791000","topic:voters","abstract","voting behaviour"
"W2844791000","topic:voters","abstract","voters"
"W2844791000","topic:voters","abstract","electorate"
"W2844791000","topic:voters","abstract","attitudes"
"W2844791000","country:poland","title","polish (+ political word)"
"W2844791000","country:poland","abstract","polish (+ political word)"
"W2844791000","region:europe","rule","from the country named"
"W2892765569","topic:parties","title","radical right"
"W2892765569","topic:parties","abstract","radical right"
"W2892765569","topic:economy-welfare","title","social policy"
"W2892765569","topic:economy-welfare","title","welfare"
"W2892765569","topic:economy-welfare","abstract","social policy"
"W2892765569","topic:economy-welfare","abstract","welfare"
"W2922432493","topic:parties","abstract","party"
"W2922432493","topic:media-communication","title","media"
"W2922432493","topic:media-communication","abstract","media"
"W2922432493","topic:media-communication","abstract","television"
"W2922432493","country:turkey","title","turkey"
"W2922432493","country:turkey","abstract","turkey"
"W2922432493","country:turkey","abstract","justice and development party"
"W2922432493","region:europe","rule","from the country named"
"W2952406758","topic:parties","title","right wing populism"
"W2952406758","topic:parties","abstract","radical right"
"W2952406758","topic:parties","abstract","party"
"W2952406758","topic:migration","abstract","refugee"
"W2952406758","topic:migration","abstract","immigration"
"W2952406758","country:estonia","title","estonia"
"W2952406758","country:estonia","title","ekre"
"W2952406758","country:estonia","abstract","estonia"
"W2952406758","country:estonia","abstract","ekre"
"W2952406758","country:estonia","abstract","estonian (+ political word)"
"W2952406758","region:europe","rule","from the country named"
"W3003030954","topic:parties","title","radical right"
"W3003030954","topic:parties","title","parties"
"W3003030954","topic:parties","abstract","parties"
"W3003030954","topic:parties","abstract","radical right"
"W3003030954","topic:parties","abstract","manifestos"
"W3003030954","topic:parties","abstract","party"
"W3003030954","topic:media-communication","title","communication"
"W3003030954","topic:religion","title","religion"
"W3003030954","topic:religion","title","religious"
"W3003030954","topic:religion","abstract","religiosity"
"W3003030954","topic:religion","abstract","religious"
"W3003030954","topic:religion","abstract","religion"
"W3003030954","topic:religion","abstract","christianity"
"W3003030954","topic:religion","abstract","muslim"
"W3003030954","topic:religion","abstract","islam"
"W3003030954","topic:religion","abstract","christian"
"W3003030954","topic:religion","abstract","secularism"
"W3003030954","method:qta","abstract","dictionary based"
"W3003030954","region:europe","title","western europe"
"W3016879203","topic:media-communication","abstract","rhetoric"
"W3016879203","topic:media-communication","abstract","television"
"W3016879203","topic:media-communication","abstract","media"
"W3016879203","country:united-states","title","trump"
"W3016879203","country:united-states","abstract","u s"
"W3016879203","country:united-states","abstract","trump"
"W3016879203","region:north-america","rule","from the country named"
"W3119934141","topic:voters","abstract","attitudes"
"W3119934141","method:survey","title","survey data"
"W3119934141","region:europe","title","europe"
"W3119934141","country:united-states","title","us"
"W3119934141","country:united-states","abstract","us"
"W3119934141","region:north-america","rule","from the country named"
"W3132341862","topic:international","title","european parliament"
"W3132341862","topic:international","abstract","european parliament"
"W3132341862","topic:parties","title","party"
"W3132341862","topic:parties","title","radical right"
"W3132341862","topic:parties","abstract","radical right"
"W3132341862","method:qualitative","abstract","qualitative"
"W3132341862","method:qualitative","abstract","interview"
"W3132341862","method:quantitative","abstract","roll call"
"W3132341862","region:europe","title","european"
"W3132341862","region:europe","abstract","european"
"W3169565026","topic:voters","abstract","support for populist"
"W3169565026","topic:voters","abstract","citizens"
"W3169565026","topic:voters","abstract","attitudes"
"W3169565026","topic:economy-welfare","abstract","economic"
"W3169565026","topic:economy-welfare","abstract","inequalities"
"W3169565026","region:europe","abstract","europe"
"W3169565026","region:europe","abstract","european"
"W3185221164","topic:parties","abstract","right wing populist"
"W3185221164","topic:parties","abstract","party"
"W3185221164","topic:democracy-institutions","title","authoritarian"
"W3185221164","topic:democracy-institutions","abstract","authoritarian"
"W3185221164","country:finland","abstract","finland"
"W3185221164","country:finland","abstract","finns party"
"W3185221164","region:europe","rule","from the country named"
"W3208961202","topic:international","title","eu"
"W3208961202","topic:economy-welfare","title","economic"
"W3208961202","region:europe","title","eu"
"W1524180963","approach:discursive","abstract","discursive constructions"
"W1524180963","topic:parties","title","right wing populism"
"W1524180963","topic:media-communication","abstract","journalistic"
"W1524180963","topic:media-communication","abstract","rhetoric"
"W1524180963","country:united-kingdom","title","farage"
"W1524180963","country:united-kingdom","abstract","united kingdom"
"W1524180963","country:united-kingdom","abstract","uk"
"W1524180963","country:united-kingdom","abstract","ukip"
"W1524180963","country:united-kingdom","abstract","farage"
"W1524180963","region:europe","rule","from the country named"
"W2066317733","topic:parties","title","right wing populist"
"W2066317733","topic:parties","title","parties"
"W2066317733","topic:parties","abstract","right wing populist"
"W2066317733","topic:parties","abstract","parties"
"W2066317733","topic:parties","abstract","party"
"W2066317733","topic:parties","abstract","party system"
"W2066317733","topic:voters","title","electoral support"
"W2066317733","topic:voters","abstract","electoral support"
"W2066317733","topic:economy-welfare","abstract","economic"
"W2066317733","topic:economy-welfare","abstract","unemployment"
"W2066317733","country:austria","title","austria"
"W2066317733","country:austria","abstract","austria"
"W2066317733","country:austria","abstract","fpo"
"W2066317733","country:switzerland","title","switzerland"
"W2066317733","country:switzerland","abstract","switzerland"
"W2066317733","region:europe","rule","from the country named"
"W2084729728","todo:check-record","rule","the registry's title has broken characters: the title in Zotero is to be corrected by hand"
"W2084729728","todo:check-outlet","journal","Journal of Democracy"
"W2084729728","region:asia-pacific","title","east asia"
"W2084729728","country:thailand","title","thailand"
"W2793078159","region:europe","abstract","europe"
"W2793078159","country:united-states","abstract","trump"
"W2793078159","country:united-states","abstract","us"
"W2793078159","region:north-america","rule","from the country named"
"W2796838010","topic:parties","title","radical right"
"W2796838010","topic:parties","abstract","party"
"W2796838010","topic:parties","abstract","radical right"
"W2796838010","topic:media-communication","abstract","media"
"W2796838010","topic:media-communication","abstract","communication"
"W2796838010","country:estonia","title","estonian (+ political word)"
"W2796838010","country:estonia","abstract","estonia"
"W2796838010","country:estonia","abstract","ekre"
"W2796838010","region:europe","rule","from the country named"
"W2859225613","topic:international","abstract","eu"
"W2859225613","topic:parties","title","parties"
"W2859225613","topic:parties","abstract","party"
"W2859225613","topic:parties","abstract","radical right"
"W2859225613","topic:parties","abstract","parties"
"W2859225613","topic:parties","abstract","far right"
"W2859225613","topic:migration","title","migration"
"W2859225613","topic:migration","abstract","refugees"
"W2859225613","topic:migration","abstract","migration"
"W2859225613","topic:migration","abstract","immigrants"
"W2859225613","topic:migration","abstract","xenophobia"
"W2859225613","region:europe","title","visegrad"
"W2859225613","region:europe","title","central europe"
"W2859225613","region:europe","abstract","visegrad"
"W2859225613","region:europe","abstract","eu"
"W2897018481","region:europe","title","european"
"W3009908428","topic:parties","title","radical right"
"W3009908428","topic:parties","abstract","radical right"
"W3009908428","topic:parties","abstract","parties"
"W3009908428","topic:parties","abstract","party"
"W3009908428","region:europe","title","europe"
"W3009908428","region:europe","title","eastern europe"
"W3009908428","region:europe","abstract","eastern european"
"W3009908428","region:europe","abstract","western europe"
"W3009908428","region:europe","abstract","eastern europe"
"W3115363626","topic:parties","title","right wing populism"
"W3115363626","topic:gender","title","feminism"
"W3115363626","topic:gender","title","patriarchy"
"W3115363626","topic:gender","abstract","women"
"W3115363626","topic:gender","abstract","gender"
"W3115363626","topic:gender","abstract","feminism"
"W3129284341","topic:defence-security","title","securitization"
"W3129284341","topic:defence-security","abstract","securitization"
"W3129284341","topic:defence-security","abstract","securitizing"
"W3129284341","topic:parties","title","party"
"W3129284341","topic:parties","title","far right"
"W3129284341","topic:parties","abstract","party"
"W3129284341","topic:parties","abstract","far right"
"W3129284341","topic:religion","title","islamist"
"W3129284341","topic:religion","title","secularist"
"W3129284341","topic:religion","abstract","islamist"
"W3129284341","topic:religion","abstract","secularist"
"W3129284341","topic:democracy-institutions","title","authoritarian"
"W3129284341","topic:democracy-institutions","abstract","authoritarian"
"W3129284341","country:turkey","abstract","turkey"
"W3129284341","country:turkey","abstract","justice and development party"
"W3129284341","country:turkey","abstract","akp"
"W3129284341","region:europe","rule","from the country named"
"W3175010580","topic:spatial","title","rural"
"W3175010580","topic:spatial","abstract","rural"
"W3175010580","topic:democracy-institutions","title","authoritarian"
"W3175010580","topic:democracy-institutions","abstract","authoritarian"
"W3175010580","topic:democracy-institutions","abstract","authoritarianism"
"W3215337830","topic:parties","title","radical right"
"W3215337830","topic:parties","abstract","radical right"
"W3215337830","topic:parties","abstract","parties"
"W3215337830","topic:gender","title","gender"
"W3215337830","country:spain","title","spain"
"W3215337830","country:spain","abstract","spain"
"W3215337830","country:spain","abstract","vox"
"W3215337830","region:europe","rule","from the country named"
"W4280490635","topic:parties","title","radical right"
"W4280490635","topic:parties","title","party"
"W4280490635","topic:parties","abstract","radical right"
"W4280490635","topic:parties","abstract","parties"
"W4280490635","topic:parties","abstract","party"
"W4280490635","country:germany","title","germany"
"W4280490635","country:germany","title","alternative for germany"
"W4280490635","country:germany","abstract","germany"
"W4280490635","country:germany","abstract","alternative for germany"
"W4280490635","country:germany","abstract","afd"
"W4280490635","region:europe","rule","from the country named"
"W4307251021","method:qualitative","abstract","qualitative"
"W4307251021","country:norway","title","norway"
"W4307251021","region:europe","rule","from the country named"
"W4394889023","topic:gender","abstract","women"
"W4394889023","topic:gender","abstract","lgbtq"
"W2004668918","region:latin-america","title","latin america"
"W2029114885","topic:media-communication","abstract","media"
"W2071411495","topic:parties","title","party"
"W2071411495","topic:parties","abstract","party"
"W2071411495","topic:economy-welfare","abstract","economic"
"W2083914252","topic:parties","title","parties"
"W2083914252","topic:parties","abstract","parties"
"W2083914252","region:europe","title","european"
"W2105385319","topic:democracy-institutions","title","populism and democracy"
"W2105385319","country:ecuador","title","ecuador"
"W2105385319","region:latin-america","rule","from the country named"
"W2169363755","topic:parties","abstract","left wing populists"
"W2169363755","topic:parties","abstract","populist leaders"
"W2169363755","topic:voters","abstract","citizens"
"W2169363755","topic:voters","abstract","public opinion"
"W2169363755","method:qualitative","abstract","qualitative"
"W2169363755","country:venezuela","title","venezuela"
"W2169363755","country:venezuela","title","bolivarian"
"W2169363755","country:venezuela","abstract","venezuela"
"W2169363755","country:venezuela","abstract","chavez"
"W2169363755","country:venezuela","abstract","venezuelan (+ political word)"
"W2169363755","region:latin-america","rule","from the country named"
"W2573077493","approach:discursive","abstract","laclau"
"W2573077493","approach:discursive","abstract","populist logic"
"W2606664150","approach:discursive","abstract","discourse theory"
"W2606664150","topic:parties","title","radical right"
"W2606664150","topic:parties","abstract","radical right"
"W2606664150","topic:parties","abstract","parties"
"W2734244349","topic:democracy-institutions","title","democratization"
"W2789812765","approach:discursive","abstract","laclau"
"W2789812765","topic:parties","abstract","populist movements"
"W2789812765","topic:parties","abstract","parties"
"W2789812765","topic:parties","abstract","populist leaders"
"W2789812765","topic:economy-welfare","title","neoliberalism"
"W2789812765","topic:economy-welfare","abstract","neoliberalism"
"W2789812765","topic:media-communication","abstract","communication"
"W2789812765","topic:media-communication","abstract","media"
"W2789812765","topic:media-communication","abstract","newspapers"
"W2789812765","topic:media-communication","abstract","television"
"W2789812765","country:united-states","title","trump"
"W2789812765","country:united-states","abstract","trump"
"W2789812765","region:north-america","rule","from the country named"
"W2885597557","topic:international","title","brexit"
"W2885597557","topic:international","abstract","eu"
"W2885597557","topic:international","abstract","brexit"
"W2885597557","topic:religion","title","religion"
"W2885597557","topic:religion","title","church"
"W2885597557","topic:religion","abstract","evangelical"
"W2885597557","topic:religion","abstract","christians"
"W2885597557","topic:religion","abstract","religion"
"W2885597557","topic:religion","abstract","religious"
"W2885597557","topic:religion","abstract","church"
"W2885597557","topic:religion","abstract","evangelicals"
"W2885597557","topic:democracy-institutions","abstract","referendum"
"W2885597557","region:europe","abstract","eu"
"W2885597557","country:united-kingdom","title","england"
"W2885597557","country:united-kingdom","title","brexit"
"W2885597557","country:united-kingdom","abstract","great britain"
"W2885597557","country:united-kingdom","abstract","england"
"W2885597557","country:united-kingdom","abstract","uk"
"W2885597557","country:united-kingdom","abstract","brexit"
"W2885597557","country:united-states","abstract","us"
"W2885597557","country:united-states","abstract","trump"
"W2885597557","region:north-america","rule","from the country named"
"W2918842755","topic:international","abstract","european union"
"W2918842755","topic:parties","title","right wing populism"
"W2918842755","topic:parties","abstract","party"
"W2918842755","topic:gender","title","gendering"
"W2918842755","topic:gender","title","feminist"
"W2918842755","topic:gender","abstract","women"
"W2918842755","topic:gender","abstract","feminist"
"W2918842755","topic:gender","abstract","feminism"
"W2918842755","topic:gender","abstract","gender"
"W2918842755","topic:gender","abstract","patriarchal"
"W2918842755","topic:democracy-institutions","abstract","authoritarianism"
"W2918842755","region:europe","abstract","european"
"W2918842755","country:poland","title","poland"
"W2918842755","country:poland","abstract","poland"
"W2918842755","country:poland","abstract","law and justice"
"W2918842755","country:poland","abstract","pis"
"W2941277233","topic:democracy-institutions","title","constitutionalism"
"W2941277233","topic:democracy-institutions","abstract","constitutional"
"W2941277233","topic:democracy-institutions","abstract","constitution"
"W2941277233","topic:democracy-institutions","abstract","constitutionalism"
"W2941277233","topic:democracy-institutions","abstract","constitutionalists"
"W2969364993","topic:international","title","transnational"
"W2969364993","topic:economy-welfare","title","economy"
"W2969364993","topic:economy-welfare","abstract","economy"
"W2969364993","topic:media-communication","abstract","facebook"
"W2969364993","topic:media-communication","abstract","media"
"W2969364993","method:mixed","abstract","qualitative and quantitative"
"W2969551896","topic:religion","title","evangelicals"
"W2969551896","topic:religion","abstract","religion"
"W2969551896","topic:religion","abstract","evangelicals"
"W2969551896","method:survey","title","american national election study"
"W2969551896","method:survey","abstract","american national election study"
"W2969551896","country:united-states","title","american (+ political word)"
"W2969551896","region:north-america","rule","from the country named"
"W3091916195","method:qualitative","abstract","critical discourse analysis"
"W3163567956","topic:parties","title","radical right"
"W3163567956","topic:parties","title","parties"
"W3163567956","topic:parties","abstract","radical right"
"W3163567956","topic:parties","abstract","parties"
"W3163567956","topic:government","title","ruling populist"
"W3163567956","topic:government","abstract","in office"
"W3163567956","topic:government","abstract","in government"
"W3163567956","topic:economy-welfare","title","social policy"
"W3163567956","topic:economy-welfare","abstract","social policies"
"W3163567956","topic:economy-welfare","abstract","economic"
"W3163567956","topic:economy-welfare","abstract","welfare"
"W3163567956","topic:economy-welfare","abstract","social policy"
"W3163567956","country:italy","title","italy"
"W3163567956","country:poland","title","poland"
"W3163567956","region:europe","rule","from the country named"
"W3177012962","topic:parties","title","right wing populism"
"W3177012962","region:asia-pacific","title","asia"
"W3215262343","topic:parties","abstract","candidates"
"W3215262343","topic:parties","abstract","candidate"
"W3215262343","topic:voters","title","voters"
"W3215262343","topic:voters","abstract","voters"
"W3215262343","topic:voters","abstract","populist attitudes"
"W3215262343","topic:voters","abstract","voter"
"W3215262343","method:survey","abstract","survey data"
"W4210380238","topic:parties","title","party"
"W4210380238","topic:parties","abstract","parties"
"W4210380238","topic:parties","abstract","party"
"W4210380238","topic:voters","abstract","voters"
"W4210380238","topic:voters","abstract","attitudes"
"W4210380238","topic:media-communication","abstract","media"
"W4210380238","topic:media-communication","abstract","rhetoric"
"W4210380238","method:qualitative","abstract","interviews"
"W4210380238","method:qualitative","abstract","interview"
"W4210380238","country:romania","title","romania"
"W4210380238","country:romania","abstract","romania"
"W4210380238","region:europe","rule","from the country named"
"W4220908927","topic:parties","title","radical right"
"W4220908927","topic:parties","abstract","radical right"
"W4220908927","topic:parties","abstract","party"
"W4220908927","topic:parties","abstract","party leader"
"W4220908927","method:qta","abstract","quantitative text analysis"
"W4220908927","method:mixed","abstract","qualitative and quantitative"
"W4220908927","country:portugal","title","chega"
"W4220908927","country:portugal","abstract","portugal"
"W4220908927","country:portugal","abstract","chega"
"W4220908927","region:europe","rule","from the country named"
"W4288415515","topic:voters","title","citizens"
"W4288415515","topic:media-communication","title","media"
"W4288415515","region:europe","title","europe"
"W4312191186","topic:voters","title","citizens"
"W4312191186","topic:voters","abstract","citizens"
"W4312191186","topic:democracy-institutions","abstract","threat to democracy"
"W4312191186","topic:democracy-institutions","abstract","populism and democracy"
"W4312191186","topic:democracy-institutions","abstract","democratic institutions"
"W4312191186","method:survey","abstract","nationally representative"
"W4312191186","region:europe","title","european"
"W4312191186","region:europe","abstract","european"
"W2637851506","topic:parties","abstract","social movement"
"W2637851506","topic:parties","abstract","social movements"
"W2637851506","topic:economy-welfare","abstract","neoliberalism"
"W2637851506","topic:economy-welfare","abstract","economy"
"W2637851506","region:latin-america","title","latin america"
"W2637851506","region:latin-america","abstract","latin america"
"W2637851506","country:argentina","title","argentina"
"W2637851506","country:brazil","title","brazil"
"W2900182105","topic:international","abstract","european union"
"W2900182105","topic:international","abstract","eu"
"W2900182105","topic:international","abstract","transnationalism"
"W2900182105","topic:parties","title","radical right"
"W2900182105","topic:parties","abstract","radical right"
"W2900182105","topic:parties","abstract","parties"
"W2900182105","topic:voters","title","electoral support"
"W2900182105","topic:economy-welfare","abstract","economic"
"W2900182105","topic:economy-welfare","abstract","economy"
"W2900182105","topic:migration","abstract","immigration"
"W2900182105","topic:migration","abstract","immigrants"
"W2900182105","region:europe","abstract","european"
"W2900182105","region:europe","abstract","eu"
"W2900182105","country:finland","title","finland"
"W3088692637","topic:parties","title","right wing populism"
"W3088692637","topic:parties","abstract","right wing populism"
"W3088692637","topic:parties","abstract","right wing populists"
"W3088692637","topic:religion","title","religion"
"W3088692637","topic:religion","abstract","islam"
"W3088692637","topic:religion","abstract","muslims"
"W3088692637","topic:religion","abstract","christianity"
"W3088692637","topic:religion","abstract","christianism"
"W3088692637","topic:religion","abstract","christian"
"W3088692637","topic:religion","abstract","religious"
"W3088692637","region:europe","title","europe"
"W3088692637","region:europe","abstract","western europe"
"W3088692637","region:europe","abstract","central europe"
"W3088692637","region:europe","abstract","europe"
"W3088692637","region:europe","abstract","european"
"W3088692637","country:united-states","title","usa"
"W3088692637","country:united-states","abstract","usa"
"W3088692637","region:north-america","rule","from the country named"
"W3175849173","topic:parties","abstract","populist leadership"
"W3175849173","topic:parties","abstract","populist leaders"
"W3175849173","topic:parties","abstract","right wing populism"
"W3216401155","topic:parties","title","right wing populist"
"W3216401155","topic:parties","title","party"
"W3216401155","topic:parties","abstract","party"
"W3216401155","topic:parties","abstract","right wing populist"
"W3216401155","topic:parties","abstract","party leader"
"W3216401155","topic:parties","abstract","parties"
"W3216401155","country:estonia","title","ekre"
"W3216401155","country:estonia","abstract","estonia"
"W3216401155","country:estonia","abstract","ekre"
"W3216401155","country:estonia","abstract","estonian (+ political word)"
"W3216401155","region:europe","rule","from the country named"
"W4205095908","topic:parties","title","radical right"
"W4205095908","topic:parties","abstract","radical right"
"W4205095908","topic:parties","abstract","far right"
"W4205095908","method:qualitative","abstract","qualitative"
"W4205095908","country:brazil","title","brazil"
"W4205095908","country:brazil","title","bolsonaro"
"W4205095908","country:brazil","abstract","brazil"
"W4205095908","country:brazil","abstract","bolsonaro"
"W4205095908","region:latin-america","rule","from the country named"
"W4381279427","topic:parties","title","radical right"
"W4381279427","topic:parties","title","parties"
"W4381279427","topic:parties","abstract","radical right"
"W4381279427","topic:parties","abstract","parties"
"W4381279427","topic:parties","abstract","party"
"W4381279427","topic:parties","abstract","manifestos"
"W4381279427","topic:parties","abstract","party system"
"W4381279427","region:europe","abstract","western europe"
"W4381279427","region:europe","abstract","western european"
"W2119171555","country:china","title","china"
"W2119171555","region:asia-pacific","rule","from the country named"
"W2478985555","topic:parties","title","parties"
"W2478985555","topic:parties","abstract","parties"
"W2478985555","topic:parties","abstract","party"
"W2478985555","topic:spatial","title","rural"
"W2478985555","topic:spatial","abstract","rural"
"W2807822992","topic:parties","title","right wing populism"
"W2807822992","topic:parties","abstract","right wing populism"
"W2807822992","topic:parties","abstract","right wing populist"
"W2807822992","topic:parties","abstract","party"
"W2807822992","topic:parties","abstract","right wing populists"
"W2807822992","topic:economy-welfare","title","neoliberalism"
"W2807822992","topic:economy-welfare","abstract","neoliberalism"
"W2807822992","topic:economy-welfare","abstract","economic"
"W2807822992","topic:economy-welfare","abstract","economy"
"W2807822992","topic:economy-welfare","abstract","neoliberal"
"W2807822992","topic:economy-welfare","abstract","inequality"
"W2807822992","topic:democracy-institutions","abstract","authoritarian"
"W2807822992","country:germany","title","germany"
"W2807822992","country:germany","title","afd"
"W2807822992","country:germany","abstract","germany"
"W2807822992","country:germany","abstract","alternative for germany"
"W2807822992","country:germany","abstract","afd"
"W2807822992","country:germany","abstract","german (+ political word)"
"W2807822992","region:europe","rule","from the country named"
"W2916909954","topic:parties","abstract","candidate"
"W2916909954","topic:parties","abstract","candidates"
"W2916909954","topic:parties","abstract","party"
"W2916909954","topic:voters","abstract","electorate"
"W2916909954","topic:voters","abstract","attitudes"
"W2916909954","method:survey","abstract","nationally representative"
"W2916909954","country:united-states","title","trump"
"W2916909954","country:united-states","abstract","trump"
"W2916909954","country:united-states","abstract","american (+ political word)"
"W2916909954","region:north-america","rule","from the country named"
"W2966318535","topic:parties","title","parties"
"W2966318535","topic:parties","abstract","parties"
"W2966318535","country:italy","abstract","italy"
"W2966318535","region:europe","rule","from the country named"
"W2968304670","topic:media-communication","abstract","communication"
"W2968304670","topic:media-communication","abstract","media"
"W2968304670","topic:media-communication","abstract","journalists"
"W2969919534","topic:voters","abstract","supporters"
"W2969919534","method:qualitative","abstract","ethnography"
"W2969919534","country:philippines","title","duterte"
"W2969919534","country:philippines","title","philippine (+ political word)"
"W2969919534","country:philippines","abstract","philippines"
"W2969919534","country:philippines","abstract","duterte"
"W2969919534","country:philippines","abstract","philippine (+ political word)"
"W2969919534","region:asia-pacific","rule","from the country named"
"W2977759166","topic:media-communication","title","rhetoric"
"W2977759166","topic:media-communication","abstract","rhetoric"
"W2977759166","topic:media-communication","abstract","rhetorical"
"W2977759166","country:united-states","title","trump"
"W2977759166","country:united-states","abstract","trump"
"W2977759166","country:united-states","abstract","american (+ political word)"
"W2977759166","region:north-america","rule","from the country named"
"W2989607320","topic:parties","abstract","parties"
"W2989607320","topic:parties","abstract","candidates"
"W2989607320","topic:democracy-institutions","title","authoritarian"
"W2989607320","country:turkey","title","turkey"
"W2989607320","country:turkey","abstract","turkey"
"W2989607320","region:europe","rule","from the country named"
"W3009580883","approach:discursive","abstract","discursive construction"
"W3009580883","topic:media-communication","abstract","communication"
"W3009580883","topic:religion","abstract","islam"
"W3009580883","topic:religion","abstract","muslims"
"W3009580883","topic:religion","abstract","religious"
"W3009580883","method:qualitative","abstract","critical discourse analysis"
"W3009580883","country:australia","title","pauline hanson"
"W3009580883","country:australia","abstract","australia"
"W3009580883","country:australia","abstract","pauline hanson"
"W3009580883","region:asia-pacific","rule","from the country named"
"W3123791306","topic:parties","title","radical right"
"W3123791306","topic:parties","abstract","radical right"
"W3123791306","topic:parties","abstract","party competition"
"W3123791306","topic:parties","abstract","populist right"
"W3123791306","method:quantitative","abstract","difference in differences"
"W3123791306","country:germany","abstract","alternative fur deutschland"
"W3123791306","country:germany","abstract","afd"
"W3123791306","region:europe","rule","from the country named"
"W3215639463","topic:parties","title","right wing populist"
"W3215639463","topic:parties","title","party"
"W3215639463","topic:parties","abstract","right wing populist"
"W3215639463","topic:parties","abstract","parties"
"W3215639463","topic:parties","abstract","party"
"W3215639463","region:europe","title","europe"
"W4200233386","topic:government","title","populism in power"
"W4200233386","topic:government","abstract","populism in power"
"W4200233386","topic:democracy-institutions","abstract","populism and democracy"
"W4200233386","topic:democracy-institutions","abstract","democratic erosion"
"W4200233386","region:latin-america","title","andes"
"W4200233386","region:latin-america","abstract","andes"
"W4200233386","region:latin-america","abstract","andean"
"W4239291897","topic:parties","abstract","right wing populist"
"W4239291897","topic:parties","abstract","parties"
"W4239291897","topic:parties","abstract","manifestos"
"W4239291897","topic:parties","abstract","populist movements"
"W4239291897","topic:economy-welfare","abstract","globalisation"
"W4239291897","topic:economy-welfare","abstract","international trade"
"W4239291897","topic:economy-welfare","abstract","financial crisis"
"W4239291897","topic:migration","abstract","xenophobia"
"W4239291897","topic:migration","abstract","refugee"
"W4239291897","topic:migration","abstract","nativist"
"W4239291897","method:qualitative","abstract","qualitative"
"W4239291897","method:qualitative","abstract","fieldwork"
"W4239291897","method:qualitative","abstract","interviews"
"W4239291897","region:europe","title","europe"
"W4239291897","region:europe","abstract","europe"
"W4239291897","region:europe","abstract","european"
"W4289520757","topic:spatial","title","rural"
"W4289520757","topic:spatial","abstract","rural"
"W4289520757","country:indonesia","title","indonesia"
"W4289520757","region:asia-pacific","rule","from the country named"
"W4294729571","topic:parties","abstract","parties"
"W4294729571","topic:parties","abstract","party"
"W4294729571","topic:parties","abstract","far right"
"W4294729571","topic:spatial","title","geography of"
"W4294729571","topic:spatial","abstract","geography of"
"W4294729571","topic:spatial","abstract","rural"
"W4294729571","country:france","title","france"
"W4294729571","country:france","abstract","france"
"W4294729571","country:france","abstract","french (+ political word)"
"W4294729571","region:europe","rule","from the country named"
"W4411330437","topic:parties","title","radical right"
"W4411330437","topic:parties","title","parties"
"W4411330437","topic:parties","title","party"
"W4411330437","topic:parties","abstract","radical right"
"W4411330437","topic:parties","abstract","parties"
"W4411330437","topic:parties","abstract","party"
"W4411330437","topic:voters","abstract","citizens"
"W4411330437","topic:voters","abstract","electorate"
"W4411330437","topic:media-communication","abstract","media"
"W4411330437","topic:media-communication","abstract","communication"
"W4411330437","method:qualitative","abstract","interviews"
"W1998562897","topic:international","title","euroscepticism"
"W1998562897","topic:international","abstract","euroscepticism"
"W1998562897","topic:international","abstract","eurosceptic"
"W1998562897","topic:international","abstract","european integration"
"W1998562897","topic:parties","abstract","party systems"
"W1998562897","topic:parties","abstract","parties"
"W1998562897","topic:parties","abstract","party system"
"W1998562897","topic:parties","abstract","party"
"W1998562897","topic:parties","abstract","political leadership"
"W1998562897","country:united-kingdom","title","britain"
"W1998562897","country:united-kingdom","abstract","britain"
"W1998562897","country:united-kingdom","abstract","british (+ political word)"
"W1998562897","region:europe","rule","from the country named"
"W2170497427","topic:economy-welfare","title","neoliberal"
"W2170497427","region:latin-america","title","latin america"
"W2170497427","country:brazil","title","lula"
"W2170497427","country:brazil","abstract","lula"
"W2170497427","country:venezuela","title","chavez"
"W2885113414","topic:parties","abstract","far right"
"W2885113414","topic:parties","abstract","populist politicians"
"W2885113414","topic:media-communication","title","media"
"W2885113414","topic:media-communication","abstract","media"
"W2885113414","topic:media-communication","abstract","communication"
"W2885113414","topic:media-communication","abstract","misinformation"
"W2979599025","topic:parties","title","party"
"W2979599025","topic:parties","title","radical right"
"W2979599025","topic:parties","abstract","radical right"
"W2979599025","topic:parties","abstract","parties"
"W2979599025","topic:parties","abstract","party"
"W2979599025","country:united-kingdom","title","uk"
"W2979599025","country:united-kingdom","abstract","united kingdom"
"W2979599025","country:united-kingdom","abstract","ukip"
"W2979599025","region:europe","rule","from the country named"
"W3106730257","topic:media-communication","title","media"
"W3106730257","topic:media-communication","abstract","media"
"W3106730257","topic:media-communication","abstract","communication"
"W3106730257","method:qualitative","abstract","critical discourse analysis"
"W3111770098","topic:government","abstract","in power"
"W3111770098","topic:government","abstract","presidency"
"W3111770098","country:france","title","macron"
"W3111770098","country:france","abstract","macron"
"W3111770098","region:europe","rule","from the country named"
"W3128835198","topic:democracy-institutions","title","populism and democracy"
"W4249249437","country:colombia","title","petro"
"W4249249437","region:latin-america","rule","from the country named"
"W1981314116","topic:economy-welfare","abstract","economic"
"W1981314116","topic:economy-welfare","abstract","inequality"
"W1981314116","topic:religion","title","islamic"
"W1981314116","topic:religion","title","islam"
"W1981314116","topic:religion","abstract","islamic"
"W1981314116","topic:religion","abstract","islam"
"W1981314116","topic:religion","abstract","muslims"
"W1981314116","topic:religion","abstract","muslim"
"W1981314116","topic:religion","abstract","islamism"
"W1981314116","topic:religion","abstract","islamist"
"W1981314116","topic:democracy-institutions","abstract","authoritarian"
"W1981314116","country:indonesia","title","indonesia"
"W1981314116","country:indonesia","abstract","indonesia"
"W1981314116","region:asia-pacific","rule","from the country named"
"W1981464620","country:norway","title","norway"
"W1981464620","region:europe","rule","from the country named"
"W2073687476","country:italy","title","italian (+ political word)"
"W2073687476","region:europe","rule","from the country named"
"W2078406542","topic:parties","title","radical right"
"W2078406542","country:united-kingdom","title","ukip"
"W2078406542","region:europe","rule","from the country named"
"W2085604790","topic:voters","abstract","public opinion"
"W2085604790","topic:voters","abstract","electoral support"
"W2085604790","country:united-kingdom","abstract","uk"
"W2085604790","region:europe","rule","from the country named"
"W2171049753","topic:government","title","presidency"
"W2171049753","country:united-states","abstract","united states"
"W2171049753","country:united-states","abstract","american (+ political word)"
"W2171049753","region:north-america","rule","from the country named"
"W2766453737","topic:parties","abstract","party"
"W2766453737","topic:parties","abstract","populist actors"
"W2766453737","topic:media-communication","title","media"
"W2766453737","topic:media-communication","abstract","media"
"W2766453737","topic:media-communication","abstract","fake news"
"W2898512041","country:belgium","title","belgium"
"W2898512041","country:belgium","title","vlaams belang"
"W2898512041","region:europe","rule","from the country named"
"W2899823989","topic:parties","title","right wing populism"
"W2899823989","topic:parties","abstract","right wing populism"
"W2899823989","topic:parties","abstract","party leadership"
"W2899823989","topic:voters","abstract","citizens"
"W2899823989","topic:voters","abstract","supporters"
"W2899823989","topic:media-communication","abstract","propaganda"
"W2899823989","topic:media-communication","abstract","rhetorical"
"W2899823989","method:qualitative","abstract","discourse analysis"
"W2899823989","country:united-kingdom","title","ukip"
"W2899823989","country:united-kingdom","abstract","ukip"
"W2899823989","country:united-kingdom","abstract","farage"
"W2899823989","region:europe","rule","from the country named"
"W3037039095","topic:parties","abstract","populist leaders"
"W3037039095","topic:democracy-institutions","title","constitutions"
"W3037039095","topic:democracy-institutions","abstract","constitutionalism"
"W3037039095","topic:democracy-institutions","abstract","constitutional"
"W3037039095","topic:democracy-institutions","abstract","judicial"
"W3037039095","topic:democracy-institutions","abstract","constitutions"
"W3203267910","topic:parties","title","radical right"
"W3203267910","topic:parties","abstract","radical right"
"W3203267910","topic:parties","abstract","parties"
"W3203267910","topic:spatial","title","geography of"
"W3203267910","topic:economy-welfare","abstract","globalization"
"W3203267910","topic:economy-welfare","abstract","economic"
"W3203267910","method:mixed","abstract","multimethod"
"W3203267910","method:mixed","abstract","quantitative and qualitative"
"W3203267910","country:france","title","france"
"W3203267910","region:europe","rule","from the country named"
"W3216927828","topic:parties","title","parties"
"W3216927828","topic:parties","abstract","parties"
"W3216927828","topic:parties","abstract","party leaders"
"W3216927828","topic:economy-welfare","title","economic"
"W3216927828","region:sub-saharan-africa","abstract","african"
"W3216927828","country:south-africa","title","south africa"
"W3216927828","country:south-africa","title","economic freedom fighters"
"W3216927828","country:south-africa","abstract","economic freedom fighters"
"W3216927828","country:south-africa","abstract","south (+ political word)"
"W4303649557","topic:parties","abstract","party"
"W4303649557","topic:voters","abstract","populist attitudes"
"W4303649557","topic:government","abstract","in power"
"W4382361340","topic:parties","title","far right"
"W4382361340","topic:parties","abstract","far right"
"W4382361340","topic:parties","abstract","parties"
"W4382361340","topic:parties","abstract","party"
"W4382361340","topic:media-communication","abstract","rhetorical"
"W4382361340","topic:media-communication","abstract","rhetoric"
"W4382361340","region:europe","title","european"
"W4382361340","region:europe","abstract","european"
"W4382361340","region:europe","abstract","eu"
"W4382361340","country:estonia","abstract","estonia"
"W4382361340","country:estonia","abstract","ekre"
"W4382361340","country:germany","abstract","germany"
"W4382361340","country:germany","abstract","alternative for germany"
"W4382361340","country:germany","abstract","afd"
"W4382361340","country:poland","abstract","poland"
"W4382361340","country:poland","abstract","law and justice"
"W4382361340","country:poland","abstract","pis"
"W4385693647","topic:parties","title","right wing populism"
"W4385693647","topic:parties","abstract","right wing populists"
"W4385693647","topic:parties","abstract","manifestos"
"W4385693647","topic:parties","abstract","party"
"W4385693647","topic:parties","abstract","parties"
"W4385693647","topic:government","title","populism in power"
"W4385693647","topic:government","abstract","in power"
"W4385693647","topic:government","abstract","in government"
"W4385693647","topic:media-communication","abstract","communication"
"W4385693647","topic:media-communication","abstract","framing"
"W4385693647","method:qualitative","abstract","semi structured"
"W4385693647","method:qualitative","abstract","interviews"
"W4385693647","country:hungary","abstract","hungary"
"W4385693647","country:hungary","abstract","fidesz"
"W4385693647","country:italy","abstract","italy"
"W4385693647","country:italy","abstract","lega"
"W4385693647","country:poland","abstract","poland"
"W4385693647","country:poland","abstract","law and justice"
"W4385693647","country:poland","abstract","pis"
"W4385693647","region:europe","rule","from the country named"
"W1973108592","topic:parties","title","party"
"W1973108592","topic:parties","abstract","party"
"W1973108592","topic:parties","abstract","party system"
"W1973108592","topic:parties","abstract","parties"
"W1973108592","country:germany","title","german (+ political word)"
"W1973108592","country:germany","abstract","german (+ political word)"
"W1973108592","region:europe","rule","from the country named"
"W2060236804","country:philippines","title","philippines"
"W2060236804","region:asia-pacific","rule","from the country named"
"W2082268509","topic:media-communication","title","media"
"W2082268509","topic:media-communication","abstract","media"
"W2082268509","method:qualitative","title","discourse analysis"
"W2082268509","method:qualitative","abstract","critical discourse analysis"
"W2082268509","country:australia","abstract","australia"
"W2082268509","country:australia","abstract","australian (+ political word)"
"W2082268509","region:asia-pacific","rule","from the country named"
"W2116081290","topic:economy-welfare","title","neoliberalism"
"W2116081290","topic:economy-welfare","abstract","neoliberalisation"
"W2116081290","topic:economy-welfare","abstract","economy"
"W2116081290","topic:economy-welfare","abstract","neoliberal"
"W2116081290","topic:economy-welfare","abstract","neoliberalism"
"W2116081290","topic:economy-welfare","abstract","welfare"
"W2116081290","topic:economy-welfare","abstract","austerity"
"W2116081290","country:poland","title","poland"
"W2116081290","country:poland","abstract","poland"
"W2116081290","country:poland","abstract","polish (+ political word)"
"W2116081290","region:europe","rule","from the country named"
"W2614455132","approach:other","abstract","theories of populism"
"W2614455132","topic:democracy-institutions","abstract","liberal democracies"
"W2614455132","topic:democracy-institutions","abstract","direct democracy"
"W2724592265","topic:parties","title","party"
"W2724592265","topic:voters","title","voters"
"W2724592265","topic:voters","abstract","voters"
"W2724592265","topic:voters","abstract","respondents"
"W2724592265","topic:voters","abstract","citizens"
"W2724592265","method:qualitative","abstract","interviews"
"W2751026099","country:philippines","title","philippine (+ political word)"
"W2751026099","country:philippines","abstract","duterte"
"W2751026099","country:philippines","abstract","philippine (+ political word)"
"W2751026099","region:asia-pacific","rule","from the country named"
"W2795171352","topic:international","title","euroscepticism"
"W2795171352","topic:international","abstract","brexit"
"W2795171352","topic:international","abstract","eurosceptic"
"W2795171352","topic:international","abstract","euroscepticism"
"W2795171352","topic:parties","title","party systems"
"W2795171352","topic:parties","abstract","parties"
"W2795171352","topic:parties","abstract","party systems"
"W2795171352","topic:parties","abstract","left wing populist"
"W2795171352","topic:parties","abstract","party system"
"W2795171352","topic:parties","abstract","radical left"
"W2795171352","topic:economy-welfare","abstract","economic"
"W2795171352","topic:economy-welfare","abstract","austerity"
"W2795171352","topic:economy-welfare","abstract","economic crisis"
"W2795171352","region:europe","abstract","european"
"W2795171352","region:europe","abstract","europe"
"W2795171352","country:spain","abstract","spain"
"W2795171352","country:spain","abstract","podemos"
"W2924870579","topic:parties","title","right wing populism"
"W2924870579","topic:parties","abstract","right wing populist"
"W2924870579","topic:parties","abstract","parties"
"W2924870579","topic:parties","abstract","right wing populism"
"W2924870579","topic:parties","abstract","right wing populists"
"W2980647259","region:europe","title","eastern europe"
"W2987666898","topic:parties","title","right wing populism"
"W2987666898","country:united-states","title","trump"
"W2987666898","region:north-america","rule","from the country named"
"W3087105295","topic:parties","title","right wing populism"
"W3087105295","topic:parties","abstract","parties"
"W3087105295","topic:parties","abstract","right wing populism"
"W3087105295","region:europe","abstract","european"
"W3087105295","country:italy","abstract","italy"
"W3087105295","country:italy","abstract","italian (+ political word)"
"W3124424757","topic:gender","title","gender"
"W3124424757","topic:gender","abstract","gender"
"W3124424757","topic:gender","abstract","masculinity"
"W3124424757","topic:gender","abstract","women"
"W3124424757","country:united-states","abstract","trump"
"W3124424757","country:united-states","abstract","u s"
"W3124424757","region:north-america","rule","from the country named"
"W3197583831","topic:parties","title","political leaders"
"W3197583831","topic:parties","abstract","political leaders"
"W3197583831","topic:parties","abstract","populist leaders"
"W3197583831","topic:parties","abstract","populist politicians"
"W3197583831","topic:media-communication","title","tweet"
"W3197583831","topic:media-communication","abstract","media"
"W3197583831","topic:media-communication","abstract","communication"
"W3197583831","topic:media-communication","abstract","rhetoric"
"W3197583831","country:united-kingdom","abstract","boris johnson"
"W3197583831","country:united-kingdom","abstract","british (+ political word)"
"W3197583831","country:united-states","title","trump"
"W3197583831","country:united-states","abstract","us"
"W3197583831","country:united-states","abstract","trump"
"W3197583831","region:europe","rule","from the country named"
"W3197583831","region:north-america","rule","from the country named"
"W3200985320","country:poland","title","poland"
"W3200985320","region:europe","rule","from the country named"
"W4239150042","region:europe","title","eastern europe"
"W4294792117","topic:media-communication","title","communication"
"W4294792117","topic:media-communication","abstract","media"
"W4294792117","topic:media-communication","abstract","communication"
"W4294792117","topic:media-communication","abstract","communications"
"W4322493336","topic:parties","title","parties"
"W4322493336","topic:parties","abstract","parties"
"W4322493336","topic:parties","abstract","right wing populist"
"W2017489938","topic:economy-welfare","abstract","welfare"
"W2017489938","topic:economy-welfare","abstract","neoliberal"
"W2017489938","region:europe","abstract","western europe"
"W2017489938","region:europe","abstract","western european"
"W2017489938","country:belgium","title","belgium"
"W2017489938","country:belgium","abstract","belgium"
"W2017489938","country:belgium","abstract","flanders"
"W2017489938","country:belgium","abstract","wallonia"
"W2043494215","topic:parties","title","party system"
"W2043494215","topic:parties","abstract","party"
"W2043494215","topic:parties","abstract","parties"
"W2043494215","country:canada","title","canadian (+ political word)"
"W2043494215","region:north-america","rule","from the country named"
"W2057292289","topic:parties","title","party"
"W2057292289","topic:parties","abstract","party"
"W2057292289","country:united-states","title","tea party"
"W2057292289","country:united-states","title","us"
"W2057292289","country:united-states","abstract","tea party"
"W2057292289","region:north-america","rule","from the country named"
"W2245326365","topic:voters","title","voters"
"W2313027923","topic:parties","title","party"
"W2589237116","topic:parties","title","radical right"
"W2589237116","topic:parties","title","parties"
"W2589237116","topic:parties","abstract","radical right"
"W2589237116","topic:parties","abstract","parties"
"W2589237116","topic:parties","abstract","party"
"W2589237116","topic:gender","abstract","women"
"W2589237116","topic:gender","abstract","gender"
"W2589237116","country:bulgaria","title","bulgaria"
"W2589237116","region:europe","rule","from the country named"
"W2603598803","topic:media-communication","title","media"
"W2603598803","topic:media-communication","title","framing"
"W2603598803","topic:media-communication","abstract","communication"
"W2603598803","topic:media-communication","abstract","media"
"W2603598803","topic:media-communication","abstract","journalistic"
"W2603598803","topic:media-communication","abstract","journalists"
"W2603598803","topic:media-communication","abstract","newspapers"
"W2603598803","topic:media-communication","abstract","journalism"
"W2740913178","topic:parties","abstract","party"
"W2740913178","topic:parties","abstract","social movement"
"W2740913178","topic:economy-welfare","title","neoliberalism"
"W2740913178","country:bulgaria","title","bulgarian (+ political word)"
"W2740913178","region:europe","rule","from the country named"
"W2886438758","topic:media-communication","abstract","framing"
"W2886438758","topic:media-communication","abstract","newspapers"
"W2886438758","topic:gender","title","feminism"
"W2886438758","method:qualitative","abstract","qualitative"
"W2896281885","topic:parties","title","right wing populists"
"W3001927837","topic:parties","title","radical right"
"W3001927837","topic:parties","abstract","radical right"
"W3001927837","topic:parties","abstract","parties"
"W3001927837","method:survey","abstract","election study"
"W3087398910","topic:parties","title","radical right"
"W3087398910","topic:parties","abstract","radical right"
"W3087398910","topic:voters","abstract","respondents"
"W3087398910","topic:voters","abstract","attitudes"
"W3087398910","topic:migration","title","immigrant"
"W3087398910","topic:migration","abstract","immigration"
"W3087398910","topic:migration","abstract","immigrant"
"W3087398910","method:survey","abstract","survey data"
"W3087398910","country:france","title","france"
"W3087398910","country:france","title","front national"
"W3087398910","country:france","abstract","france"
"W3087398910","country:france","abstract","front national"
"W3087398910","region:europe","rule","from the country named"
"W3190185033","topic:parties","title","radical right"
"W3190185033","topic:parties","abstract","far right"
"W3190185033","topic:parties","abstract","party"
"W3190185033","topic:parties","abstract","radical right"
"W3190185033","topic:gender","title","gender"
"W3190185033","topic:gender","abstract","gender"
"W3190185033","topic:gender","abstract","women"
"W3190185033","topic:gender","abstract","lgbt"
"W3190185033","country:italy","title","lega nord"
"W3190185033","country:italy","abstract","italy"
"W3190185033","country:italy","abstract","lega"
"W3190185033","country:italy","abstract","salvini"
"W3190185033","region:europe","rule","from the country named"
"W3205889478","topic:parties","abstract","radical left"
"W3205889478","topic:parties","abstract","radical right"
"W3205889478","topic:parties","abstract","party"
"W3205889478","topic:voters","title","voters"
"W3205889478","topic:voters","abstract","electorates"
"W3205889478","topic:voters","abstract","voters"
"W3205889478","topic:voters","abstract","supporters"
"W3205889478","method:survey","abstract","survey data"
"W4283267407","topic:international","abstract","eu"
"W4283267407","topic:parties","title","party"
"W4283267407","topic:voters","title","voters"
"W4283267407","topic:voters","abstract","vote choice"
"W4283267407","topic:voters","abstract","attitudes"
"W4283267407","topic:migration","abstract","anti immigrant"
"W4283267407","topic:migration","abstract","migration"
"W4283267407","method:survey","abstract","election study"
"W4283267407","region:europe","abstract","eu"
"W4283267407","country:germany","title","germany"
"W4283267407","country:germany","title","alternative for germany"
"W4283267407","country:germany","title","afd"
"W4283267407","country:germany","abstract","germany"
"W4283267407","country:germany","abstract","alternative for germany"
"W4283267407","country:germany","abstract","afd"
"W1166642991","topic:government","title","presidency"
"W1166642991","country:russia","title","russia"
"W1166642991","country:russia","title","putin"
"W1166642991","region:europe","rule","from the country named"
"W1515854992","todo:check-record","rule","DOI accepted by reading, not by the automatic rule"
"W2017483816","country:venezuela","title","venezuela"
"W2017483816","country:venezuela","title","chavista"
"W2017483816","country:venezuela","abstract","venezuela"
"W2017483816","country:venezuela","abstract","chavez"
"W2017483816","country:venezuela","abstract","chavista"
"W2017483816","region:latin-america","rule","from the country named"
"W2033105225","country:united-kingdom","abstract","england"
"W2033105225","country:united-kingdom","abstract","wales"
"W2033105225","region:europe","rule","from the country named"
"W2138559741","topic:democracy-institutions","title","constitutional"
"W2201097259","country:china","title","chinese (+ political word)"
"W2201097259","country:china","abstract","china"
"W2201097259","country:china","abstract","xi jinping"
"W2201097259","region:asia-pacific","rule","from the country named"
"W2215109853","approach:discursive","abstract","laclauian"
"W2215109853","country:turkey","title","turkey"
"W2215109853","region:europe","rule","from the country named"
"W2807653476","approach:performative","abstract","populist performances"
"W2807653476","topic:parties","abstract","party"
"W2807653476","topic:parties","abstract","parties"
"W2807653476","topic:parties","abstract","populist actors"
"W2807653476","topic:media-communication","title","communication"
"W2807653476","topic:media-communication","title","media"
"W2807653476","topic:media-communication","abstract","media"
"W2807653476","method:mixed","abstract","mixed methods"
"W2807653476","country:united-kingdom","abstract","ukip"
"W2807653476","country:united-kingdom","abstract","uk"
"W2807653476","country:south-africa","abstract","south africa"
"W2807653476","country:south-africa","abstract","economic freedom fighters"
"W2807653476","region:europe","rule","from the country named"
"W2807653476","region:sub-saharan-africa","rule","from the country named"
"W2946341195","topic:parties","title","radical right"
"W2946341195","topic:parties","abstract","radical right"
"W2946341195","topic:parties","abstract","far right"
"W2946341195","topic:parties","abstract","parties"
"W2946341195","topic:parties","abstract","party"
"W2946341195","topic:migration","title","migration"
"W2946341195","topic:migration","abstract","refugee"
"W2946341195","topic:migration","abstract","asylum"
"W2946341195","topic:migration","abstract","refugees"
"W2946341195","topic:migration","abstract","migration"
"W2946341195","country:austria","title","austria"
"W2946341195","country:austria","abstract","austria"
"W2946341195","country:germany","title","germany"
"W2946341195","country:germany","abstract","germany"
"W2946341195","region:europe","rule","from the country named"
"W3087660472","topic:international","title","eu"
"W3087660472","topic:international","title","european integration"
"W3087660472","topic:economy-welfare","title","economics"
"W3087660472","region:europe","title","european"
"W3087660472","region:europe","title","eu"
"W3133165281","topic:parties","title","right wing populist"
"W3133165281","topic:parties","abstract","right wing populist"
"W3133165281","topic:parties","abstract","party"
"W3133165281","method:quantitative","abstract","quantitative analysis"
"W3133165281","country:germany","title","germany"
"W3133165281","country:germany","abstract","pegida"
"W3133165281","region:europe","rule","from the country named"
"W3163242136","topic:government","abstract","populists in power"
"W3163242136","topic:government","abstract","presidency"
"W3163242136","topic:government","abstract","in power"
"W3163242136","topic:religion","title","religion"
"W3163242136","topic:religion","title","islamist"
"W3163242136","topic:religion","abstract","religion"
"W3163242136","topic:religion","abstract","religious"
"W3163242136","topic:religion","abstract","islamists"
"W3163242136","topic:religion","abstract","islamist"
"W3163242136","topic:religion","abstract","muslim"
"W3163242136","topic:democracy-institutions","abstract","authoritarian"
"W3163242136","country:turkey","title","turkey"
"W3163242136","country:turkey","abstract","turkey"
"W3163242136","country:turkey","abstract","erdogan"
"W3163242136","country:turkey","abstract","turkish (+ political word)"
"W3163242136","region:europe","rule","from the country named"
"W3168397032","topic:parties","abstract","candidate"
"W3168397032","topic:parties","abstract","populist leader"
"W3168397032","topic:democracy-institutions","abstract","authoritarian"
"W3179832075","topic:parties","title","parties"
"W3179832075","topic:parties","abstract","parties"
"W3179832075","topic:government","title","in government"
"W3179832075","topic:government","abstract","in government"
"W3179832075","topic:government","abstract","populists in government"
"W4221086857","topic:parties","title","right wing populism"
"W4221086857","topic:parties","abstract","right wing populism"
"W4221086857","topic:parties","abstract","populist politicians"
"W4221086857","country:united-states","abstract","u s"
"W4221086857","country:united-states","abstract","us"
"W4221086857","country:united-states","abstract","trump"
"W4221086857","region:north-america","rule","from the country named"
"W4234443533","region:global","title","around the world"
"W4281732741","topic:parties","abstract","party"
"W4281732741","topic:parties","abstract","radical right"
"W4281732741","topic:parties","abstract","parties"
"W4281732741","topic:voters","title","supporters"
"W4281732741","topic:voters","abstract","attitudes"
"W4281732741","topic:voters","abstract","supporters"
"W4281732741","topic:voters","abstract","citizens"
"W4281732741","topic:migration","title","nativist"
"W4281732741","method:survey","abstract","original survey"
"W4281732741","country:india","title","india"
"W4281732741","country:india","title","bjp"
"W4281732741","country:india","abstract","india"
"W4281732741","country:india","abstract","bharatiya janata"
"W4281732741","country:india","abstract","bjp"
"W4281732741","country:india","abstract","modi"
"W4281732741","country:india","abstract","indian (+ political word)"
"W4281732741","region:asia-pacific","rule","from the country named"
"W4283028884","approach:ideational","title","host ideology"
"W4283028884","approach:ideational","abstract","thin ideology"
"W4283028884","approach:ideational","abstract","thick ideologies"
"W4283028884","topic:parties","title","candidate"
"W4283028884","topic:voters","abstract","vote choice"
"W4283028884","topic:voters","abstract","voters"
"W4283028884","topic:voters","abstract","populist attitudes"
"W4283028884","method:experiment","abstract","conjoint"
"W4283028884","country:united-states","title","us"
"W4283028884","region:north-america","rule","from the country named"
"W4289877261","country:mexico","title","mexico"
"W4289877261","region:latin-america","rule","from the country named"
"W4290666521","topic:voters","title","populist attitudes"
"W4290666521","topic:voters","abstract","populist attitudes"
"W4290666521","topic:voters","abstract","attitudes"
"W4290666521","topic:voters","abstract","citizens"
"W4290666521","method:survey","title","nationally representative"
"W4290666521","method:survey","abstract","nationally representative"
"W4290666521","country:switzerland","title","switzerland"
"W4290666521","country:switzerland","abstract","switzerland"
"W4290666521","region:europe","rule","from the country named"
"W4382774791","topic:parties","title","partisanship"
"W4382774791","topic:parties","title","parties"
"W4382774791","topic:parties","abstract","parties"
"W4382774791","topic:parties","abstract","right wing populists"
"W4382774791","topic:parties","abstract","partisanship"
"W4382774791","topic:voters","title","citizens"
"W4382774791","topic:voters","abstract","public opinion"
"W4382774791","topic:voters","abstract","citizens"
"W4382774791","topic:democracy-institutions","abstract","liberal democracy"
"W4382774791","topic:democracy-institutions","abstract","direct democracy"
"W4382774791","topic:democracy-institutions","abstract","authoritarian"
"W1977448560","topic:parties","title","populist movement"
"W1977448560","topic:democracy-institutions","title","court"
"W1989428349","region:asia-pacific","title","asian"
"W1992061777","topic:voters","abstract","voters"
"W1992061777","topic:voters","abstract","supporters"
"W1992061777","country:india","abstract","india"
"W1992061777","country:india","abstract","indian (+ political word)"
"W1992061777","region:asia-pacific","rule","from the country named"
"W2013140493","topic:parties","title","parties"
"W2013140493","topic:parties","abstract","right wing populist"
"W2013140493","topic:parties","abstract","parties"
"W2013140493","topic:parties","abstract","party"
"W2013140493","topic:parties","abstract","left wing populism"
"W2013140493","topic:parties","abstract","party system"
"W2013140493","country:germany","title","germany"
"W2013140493","country:germany","abstract","germany"
"W2013140493","country:germany","abstract","german (+ political word)"
"W2013140493","region:europe","rule","from the country named"
"W2021123521","topic:parties","title","party"
"W2021123521","topic:parties","abstract","party"
"W2021123521","topic:parties","abstract","party system"
"W2021123521","country:czech-republic","title","czech republic"
"W2021123521","country:czech-republic","abstract","czech republic"
"W2021123521","region:europe","rule","from the country named"
"W2088465607","topic:parties","title","radical right"
"W2088465607","topic:parties","title","party"
"W2235203904","topic:parties","title","right wing populism"
"W2235203904","topic:parties","abstract","parties"
"W2235203904","topic:parties","abstract","right wing populist"
"W2235203904","topic:parties","abstract","party"
"W2235203904","topic:parties","abstract","populist actors"
"W2235203904","topic:parties","abstract","radical right"
"W2235203904","country:austria","title","austria"
"W2235203904","country:austria","abstract","fpo"
"W2235203904","country:austria","abstract","austrian (+ political word)"
"W2235203904","region:europe","rule","from the country named"
"W2413191685","topic:parties","title","radical right"
"W2413191685","topic:parties","abstract","radical right"
"W2413191685","topic:parties","abstract","parties"
"W2413191685","topic:gender","abstract","women"
"W2413191685","topic:gender","abstract","gender"
"W2413191685","topic:gender","abstract","patriarchal"
"W2413191685","topic:gender","abstract","gendered"
"W2595851020","topic:parties","abstract","parties"
"W2595851020","topic:parties","abstract","candidates"
"W2595851020","topic:parties","abstract","populist movements"
"W2595851020","topic:parties","abstract","party"
"W2595851020","topic:spatial","abstract","geography of"
"W2595851020","topic:spatial","abstract","geographical"
"W2595851020","country:italy","title","italy"
"W2595851020","country:italy","abstract","italy"
"W2595851020","country:italy","abstract","berlusconi"
"W2595851020","country:italy","abstract","italian (+ political word)"
"W2595851020","region:europe","rule","from the country named"
"W2605453220","todo:check-outlet","journal","Journal of Democracy"
"W2605453220","topic:parties","abstract","parties"
"W2605453220","topic:economy-welfare","abstract","financial crisis"
"W2605453220","topic:economy-welfare","abstract","economic"
"W2605453220","topic:democracy-institutions","abstract","liberal democracy"
"W2605453220","topic:democracy-institutions","abstract","authoritarianism"
"W2605453220","country:united-states","abstract","united states"
"W2605453220","region:north-america","rule","from the country named"
"W2773651208","approach:discursive","abstract","laclau"
"W2773651208","country:bolivia","title","bolivia"
"W2773651208","country:bolivia","title","evo morales"
"W2773651208","country:bolivia","abstract","bolivia"
"W2773651208","country:bolivia","abstract","evo morales"
"W2773651208","country:bolivia","abstract","morales"
"W2773651208","region:latin-america","rule","from the country named"
"W2895547347","topic:parties","title","social movements"
"W2895547347","topic:parties","abstract","social movements"
"W2895547347","topic:parties","abstract","right wing populism"
"W2895547347","topic:parties","abstract","left wing populism"
"W2895547347","topic:parties","abstract","parties"
"W2895547347","topic:migration","abstract","migrants"
"W2895547347","topic:migration","abstract","migration"
"W2895547347","topic:democracy-institutions","abstract","liberal democracy"
"W2895547347","topic:democracy-institutions","abstract","hybrid regimes"
"W2895547347","region:europe","abstract","european"
"W2895547347","region:europe","abstract","southern europe"
"W2951831902","approach:economic","title","economic populism"
"W2951831902","approach:economic","abstract","economic populism"
"W2951831902","topic:parties","title","radical right"
"W2951831902","topic:parties","title","parties"
"W2951831902","topic:parties","abstract","radical right"
"W2951831902","topic:parties","abstract","parties"
"W2951831902","topic:economy-welfare","title","economic"
"W2951831902","topic:economy-welfare","abstract","economic"
"W2951831902","method:qualitative","abstract","qualitative"
"W2951831902","region:europe","title","european"
"W2951831902","region:europe","abstract","european"
"W2965801663","topic:international","title","regionalism"
"W2965801663","topic:international","abstract","regionalism"
"W2965801663","topic:parties","abstract","radical right"
"W2965801663","topic:migration","abstract","nativist"
"W2965801663","topic:migration","abstract","migrants"
"W2965801663","country:italy","title","lega nord"
"W2965801663","country:italy","abstract","lega nord"
"W2965801663","country:italy","abstract","northern league"
"W2965801663","region:europe","rule","from the country named"
"W2976193795","approach:other","abstract","conceptualization of populism"
"W2976193795","region:latin-america","title","latin america"
"W2982688269","topic:voters","title","populist attitudes"
"W2987938255","approach:discursive","abstract","discourse theory"
"W2990564951","topic:parties","abstract","far right"
"W2990564951","topic:parties","abstract","party"
"W2990564951","topic:parties","abstract","left wing populism"
"W2990564951","topic:economy-welfare","abstract","economic"
"W2990564951","topic:economy-welfare","abstract","economy"
"W2990564951","method:quantitative","title","regression"
"W2990564951","country:brazil","title","brazil"
"W2990564951","country:brazil","abstract","brazil"
"W2990564951","country:brazil","abstract","lula"
"W2990564951","region:latin-america","rule","from the country named"
"W3011936991","topic:parties","title","right wing populism"
"W3011936991","topic:parties","abstract","right wing populism"
"W3011936991","topic:parties","abstract","right wing populist"
"W3011936991","topic:economy-welfare","title","economy"
"W3011936991","region:global","abstract","around the world"
"W3011936991","region:global","abstract","global north"
"W3011936991","region:global","abstract","global south"
"W3022643869","topic:gender","abstract","women"
"W3022643869","topic:gender","abstract","feminist"
"W3022643869","country:switzerland","abstract","swiss (+ political word)"
"W3022643869","region:europe","rule","from the country named"
"W3034490491","topic:government","abstract","populist governance"
"W3034490491","topic:government","abstract","incumbent"
"W3034490491","topic:economy-welfare","title","economy"
"W3034490491","topic:economy-welfare","abstract","economy"
"W3034490491","topic:economy-welfare","abstract","inequality"
"W3034490491","topic:economy-welfare","abstract","economic"
"W3034490491","topic:economy-welfare","abstract","economics"
"W3034490491","topic:economy-welfare","abstract","fiscal"
"W3159793566","approach:discursive","abstract","laclauian"
"W3159793566","topic:parties","title","radical right"
"W3159793566","topic:parties","abstract","radical right"
"W3159793566","topic:religion","title","christianity"
"W3159793566","topic:religion","abstract","christian"
"W3159793566","topic:religion","abstract","christianity"
"W3159793566","topic:religion","abstract","religion"
"W3159793566","region:europe","abstract","european"
"W3159793566","country:hungary","title","orban"
"W3159793566","country:hungary","abstract","orban"
"W3207335848","topic:parties","title","parties"
"W3207335848","topic:parties","abstract","parties"
"W3207335848","topic:voters","title","populist attitudes"
"W3207335848","topic:voters","abstract","populist attitudes"
"W3207335848","topic:voters","abstract","citizens"
"W3207335848","topic:voters","abstract","respondents"
"W3207335848","topic:voters","abstract","attitudes"
"W3207335848","method:experiment","title","survey experiment"
"W3207335848","method:experiment","abstract","survey experiment"
"W3207335848","region:europe","abstract","european"
"W4205291068","topic:economy-welfare","abstract","neoliberalism"
"W4205291068","method:qualitative","abstract","discourse analysis"
"W4220801626","todo:check-record","rule","DOI accepted by reading, not by the automatic rule"
"W4220801626","topic:parties","abstract","parties"
"W4220801626","topic:democracy-institutions","title","constitutional"
"W4220801626","topic:democracy-institutions","abstract","constitutional"
"W4220801626","region:global","abstract","around the world"
"W4296041569","topic:parties","title","radical right"
"W4296041569","topic:parties","title","parties"
"W4296041569","topic:parties","abstract","radical right"
"W4296041569","topic:parties","abstract","parties"
"W4296041569","topic:voters","abstract","electorate"
"W4296041569","topic:voters","abstract","voters"
"W4296041569","topic:voters","abstract","voter"
"W4296041569","topic:gender","title","women"
"W4296041569","topic:gender","abstract","gender"
"W4296041569","topic:gender","abstract","women"
"W4296041569","method:quantitative","abstract","logit"
"W4311758674","topic:parties","title","radical right"
"W4311758674","topic:parties","abstract","radical right"
"W4311758674","topic:parties","abstract","parties"
"W4311758674","topic:parties","abstract","party"
"W4311758674","topic:spatial","title","geographical"
"W4311758674","topic:spatial","abstract","geographical"
"W4311758674","topic:spatial","abstract","spatial"
"W4311758674","topic:migration","title","nativist"
"W4311758674","topic:migration","abstract","nativist"
"W4311758674","region:europe","abstract","eastern european"
"W4311758674","region:europe","abstract","european"
"W4311758674","country:czech-republic","title","czech (+ political word)"
"W4311758674","country:czech-republic","abstract","czechia"
"W4311758674","country:czech-republic","abstract","czech (+ political word)"
"W4389608317","topic:parties","title","radical right"
"W4389608317","topic:parties","title","parties"
"W4389608317","topic:parties","abstract","radical right"
"W4389608317","topic:parties","abstract","parties"
"W4389608317","topic:parties","abstract","party"
"W4389608317","topic:parties","abstract","partisanship"
"W4389608317","topic:voters","title","attitudes"
"W4389608317","topic:voters","abstract","attitudes"
"W4389608317","topic:voters","abstract","public opinion"
"W4389608317","topic:migration","title","immigration"
"W4389608317","topic:migration","abstract","immigration"
"W4389608317","topic:migration","abstract","anti immigration"
"W4399069919","topic:parties","abstract","party system"
"W4399069919","topic:parties","abstract","party"
"W4399069919","topic:parties","abstract","far right"
"W4399069919","topic:parties","abstract","manifesto"
"W4399069919","topic:voters","abstract","voter"
"W4399069919","topic:voters","abstract","populist attitudes"
"W4399069919","topic:economy-welfare","abstract","economic"
"W4399069919","topic:media-communication","abstract","communication"
"W4399069919","topic:media-communication","abstract","framing"
"W4399069919","topic:democracy-institutions","title","authoritarian"
"W4399069919","method:mixed","abstract","quantitative and qualitative"
"W4399069919","country:germany","title","wagenknecht"
"W4399069919","country:germany","abstract","germany"
"W4399069919","country:germany","abstract","wagenknecht"
"W4399069919","country:germany","abstract","alternative for germany"
"W4399069919","country:germany","abstract","afd"
"W4399069919","country:germany","abstract","die linke"
"W4399069919","region:europe","rule","from the country named"
"W1910308738","country:uganda","title","uganda"
"W1910308738","region:sub-saharan-africa","rule","from the country named"
"W1980237456","topic:migration","title","xenophobia"
"W1980237456","method:qualitative","abstract","interviews"
"W1980237456","country:italy","title","italy"
"W1980237456","region:europe","rule","from the country named"
"W1997750407","topic:parties","title","radical right"
"W1997750407","topic:government","title","in government"
"W2000093581","country:australia","abstract","one nation"
"W2000093581","region:asia-pacific","rule","from the country named"
"W2265626737","country:russia","title","putin"
"W2265626737","country:russia","abstract","russia"
"W2265626737","country:russia","abstract","putin"
"W2265626737","region:europe","rule","from the country named"
"W2319617055","topic:media-communication","abstract","media"
"W2733691078","approach:other","abstract","conceptualisation of populism"
"W2733691078","topic:parties","title","radical right"
"W2733691078","topic:parties","abstract","radical right"
"W2733691078","topic:parties","abstract","parties"
"W2733691078","topic:parties","abstract","party"
"W2733691078","topic:parties","abstract","social movements"
"W2733691078","topic:media-communication","abstract","frames"
"W2733691078","topic:media-communication","abstract","newspapers"
"W2733691078","country:germany","title","germany"
"W2733691078","country:italy","title","italy"
"W2733691078","region:europe","rule","from the country named"
"W2781900942","approach:performative","abstract","political style"
"W2917646730","topic:media-communication","title","media"
"W2917646730","topic:media-communication","abstract","media"
"W2969059771","topic:parties","title","right wing populist"
"W2969059771","topic:parties","abstract","right wing populist"
"W2969059771","topic:parties","abstract","populist politicians"
"W2969059771","topic:voters","abstract","citizens"
"W2969059771","topic:voters","abstract","electorate"
"W2969059771","topic:media-communication","abstract","framing"
"W2969059771","topic:media-communication","abstract","media"
"W2969059771","topic:migration","title","refugee"
"W2969059771","topic:migration","abstract","refugee"
"W2969059771","topic:migration","abstract","refugees"
"W2969059771","topic:migration","abstract","immigrants"
"W2969059771","topic:migration","abstract","migrants"
"W2969059771","topic:migration","abstract","anti immigration"
"W2969059771","method:qualitative","abstract","qualitative"
"W2969059771","region:europe","title","european"
"W2969970099","topic:economy-welfare","abstract","economics"
"W2969970099","topic:democracy-institutions","title","authoritarian"
"W2969970099","topic:democracy-institutions","abstract","authoritarian"
"W2969970099","country:hungary","title","orban"
"W2969970099","country:hungary","abstract","hungary"
"W2969970099","country:hungary","abstract","orban"
"W2969970099","region:europe","rule","from the country named"
"W2975217153","topic:parties","title","partisan"
"W2975217153","topic:parties","abstract","party systems"
"W2975217153","topic:parties","abstract","parties"
"W2975217153","topic:economy-welfare","abstract","economic"
"W2975217153","topic:economy-welfare","abstract","economy"
"W2975217153","topic:economy-welfare","abstract","inequality"
"W2975217153","topic:economy-welfare","abstract","austerity"
"W2975217153","region:europe","title","western europe"
"W2982687415","topic:international","abstract","eu"
"W2982687415","topic:international","abstract","eurosceptics"
"W2982687415","topic:parties","abstract","parties"
"W2982687415","topic:parties","abstract","party"
"W2982687415","topic:economy-welfare","title","economic"
"W2982687415","topic:migration","title","migration"
"W2982687415","region:europe","abstract","eu"
"W2982687415","country:spain","title","podemos"
"W2982687415","country:united-kingdom","title","ukip"
"W3084327443","topic:parties","title","left wing populist"
"W3084327443","topic:parties","title","parties"
"W3084327443","topic:parties","abstract","parties"
"W3084327443","topic:parties","abstract","left wing populist"
"W3084327443","topic:voters","abstract","populist attitudes"
"W3084327443","topic:economy-welfare","abstract","economic"
"W3084327443","topic:economy-welfare","abstract","redistribution"
"W3084327443","country:spain","title","spain"
"W3084327443","region:europe","rule","from the country named"
"W3088315632","topic:parties","title","radical right"
"W3088315632","topic:parties","abstract","radical right"
"W3088315632","topic:parties","abstract","parties"
"W3088315632","topic:parties","abstract","party"
"W3088315632","topic:voters","title","electoral support"
"W3088315632","topic:voters","abstract","voters"
"W3088315632","topic:voters","abstract","electoral support"
"W3088315632","topic:economy-welfare","title","economic"
"W3088315632","topic:economy-welfare","abstract","economic"
"W3088315632","method:survey","abstract","original survey"
"W3088315632","country:france","abstract","france"
"W3088315632","country:france","abstract","rassemblement national"
"W3088315632","country:switzerland","abstract","swiss people s party"
"W3088315632","country:switzerland","abstract","swiss (+ political word)"
"W3088315632","region:europe","rule","from the country named"
"W3137047565","topic:voters","title","populist attitudes"
"W3137047565","topic:voters","abstract","populist attitudes"
"W3137047565","topic:voters","abstract","attitudes"
"W3137047565","topic:media-communication","title","framing"
"W3137047565","topic:media-communication","abstract","communication"
"W3137047565","topic:media-communication","abstract","frames"
"W3137047565","region:europe","title","europe"
"W2052913326","topic:media-communication","title","framing"
"W2052913326","topic:media-communication","abstract","framing"
"W2052913326","topic:media-communication","abstract","frames"
"W2052913326","country:united-states","abstract","united states"
"W2052913326","region:north-america","rule","from the country named"
"W2112016491","topic:parties","title","party"
"W2112016491","topic:parties","abstract","party"
"W2112016491","topic:parties","abstract","social movement"
"W2112016491","topic:parties","abstract","right wing populist"
"W2112016491","topic:economy-welfare","title","neoliberalism"
"W2112016491","topic:economy-welfare","abstract","neoliberalism"
"W2112016491","topic:economy-welfare","abstract","economic"
"W2112016491","topic:economy-welfare","abstract","neoliberal"
"W2112016491","topic:media-communication","title","media"
"W2112016491","topic:media-communication","abstract","media"
"W2112016491","topic:media-communication","abstract","framing"
"W2112016491","country:united-states","title","tea party"
"W2112016491","country:united-states","abstract","united states"
"W2112016491","country:united-states","abstract","obama"
"W2112016491","country:united-states","abstract","tea party"
"W2112016491","region:north-america","rule","from the country named"
"W2119638681","topic:voters","abstract","citizens"
"W2119638681","topic:spatial","title","spatial"
"W2119638681","topic:spatial","abstract","spatial"
"W2119638681","topic:economy-welfare","title","neoliberalism"
"W2119638681","topic:economy-welfare","abstract","neoliberalism"
"W2119638681","topic:economy-welfare","abstract","neoliberal"
"W2119638681","country:brazil","title","brazil"
"W2119638681","region:latin-america","rule","from the country named"
"W2534208397","topic:religion","abstract","religious"
"W2534208397","topic:democracy-institutions","abstract","democratisation"
"W2534208397","topic:democracy-institutions","abstract","authoritarianism"
"W2534208397","topic:democracy-institutions","abstract","quality of democracy"
"W2534208397","region:mena","abstract","middle east"
"W2534208397","region:mena","abstract","north africa"
"W2534208397","region:mena","abstract","mena"
"W2619928299","topic:parties","title","right wing populist"
"W2619928299","topic:media-communication","title","facebook"
"W2619928299","topic:media-communication","abstract","social network"
"W2619928299","topic:media-communication","abstract","facebook"
"W2765820970","approach:discursive","title","essex school"
"W2765820970","approach:discursive","abstract","laclau"
"W2765820970","approach:discursive","abstract","essex school"
"W2765820970","approach:discursive","abstract","equivalential"
"W2765820970","approach:discursive","abstract","empty signifier"
"W2765820970","approach:discursive","abstract","logic of equivalence"
"W2765820970","approach:discursive","abstract","populist logic"
"W2765820970","method:qualitative","abstract","discourse analysis"
"W2765820970","country:germany","title","germany"
"W2765820970","country:germany","title","alternative for germany"
"W2765820970","country:germany","title","afd"
"W2765820970","country:germany","abstract","germany"
"W2765820970","country:germany","abstract","alternative for germany"
"W2765820970","country:germany","abstract","afd"
"W2765820970","region:europe","rule","from the country named"
"W2772449434","topic:parties","abstract","parties"
"W2772449434","topic:parties","abstract","party"
"W2772449434","topic:government","title","ruling populists"
"W2772449434","topic:government","abstract","ruling populist"
"W2772449434","topic:government","abstract","ruling populists"
"W2772449434","topic:religion","title","religion"
"W2772449434","topic:religion","abstract","religion"
"W2772449434","topic:religion","abstract","religious"
"W2772449434","topic:religion","abstract","religiously"
"W2772449434","topic:democracy-institutions","abstract","checks and balances"
"W2772449434","topic:democracy-institutions","abstract","rule of law"
"W2772449434","country:turkey","title","turkey"
"W2772449434","country:turkey","abstract","turkey"
"W2772449434","country:turkey","abstract","justice and development party"
"W2772449434","region:europe","rule","from the country named"
"W2962977137","topic:parties","title","parties"
"W2962977137","topic:parties","abstract","parties"
"W2962977137","topic:parties","abstract","right wing populist"
"W2980696468","topic:parties","title","radical right"
"W2980696468","topic:parties","title","parties"
"W2980696468","topic:parties","abstract","radical right"
"W2980696468","topic:parties","abstract","parties"
"W2980696468","topic:voters","title","support for populist"
"W2980696468","topic:voters","abstract","support for populist"
"W2980696468","topic:voters","abstract","attitudes"
"W2980696468","topic:voters","abstract","populist attitudes"
"W2980696468","topic:migration","abstract","anti immigration"
"W2980696468","country:germany","title","germany"
"W2980696468","country:germany","abstract","germany"
"W2980696468","country:germany","abstract","alternative fur deutschland"
"W2980696468","country:germany","abstract","afd"
"W2980696468","country:united-states","title","united states"
"W2980696468","country:united-states","abstract","united states"
"W2980696468","country:united-states","abstract","trump"
"W2980696468","region:europe","rule","from the country named"
"W2980696468","region:north-america","rule","from the country named"
"W2981453007","region:europe","title","central europe"
"W3004284445","topic:economy-welfare","title","neoliberal"
"W3004284445","topic:economy-welfare","title","social policies"
"W3004284445","topic:economy-welfare","abstract","economic crisis"
"W3004284445","topic:economy-welfare","abstract","neoliberal"
"W3004284445","topic:economy-welfare","abstract","social policies"
"W3004284445","topic:economy-welfare","abstract","social policy"
"W3004284445","topic:economy-welfare","abstract","neoliberalism"
"W3004284445","country:turkey","title","turkey"
"W3004284445","country:turkey","title","akp"
"W3004284445","country:turkey","abstract","turkey"
"W3004284445","country:turkey","abstract","akp"
"W3004284445","region:europe","rule","from the country named"
"W3014587980","approach:other","abstract","understandings of populism"
"W3014587980","topic:parties","abstract","party"
"W3014587980","topic:parties","abstract","parties"
"W3014587980","topic:parties","abstract","populist right"
"W3014587980","method:survey","abstract","cross national survey"
"W3133775567","topic:media-communication","abstract","newspaper"
"W3133775567","topic:media-communication","abstract","framing"
"W3133775567","topic:media-communication","abstract","newspapers"
"W3133775567","topic:media-communication","abstract","frames"
"W3133775567","topic:religion","abstract","islam"
"W3133775567","topic:religion","abstract","islamisation"
"W3133775567","topic:migration","title","immigration"
"W3133775567","topic:migration","abstract","immigration"
"W3133775567","topic:migration","abstract","refugee"
"W3133775567","topic:migration","abstract","xenophobic"
"W3133775567","method:qualitative","abstract","critical discourse analysis"
"W3133775567","country:sweden","title","sweden"
"W3133775567","region:europe","rule","from the country named"
"W3160204740","topic:parties","title","parties"
"W3160204740","topic:media-communication","title","communication"
"W3178145888","topic:parties","abstract","populist movements"
"W3178145888","topic:parties","abstract","parties"
"W3178145888","topic:parties","abstract","right wing populists"
"W3198071497","topic:parties","title","right wing populist"
"W3198071497","topic:parties","title","parties"
"W3198071497","topic:parties","abstract","parties"
"W3198071497","topic:economy-welfare","title","economic"
"W3198071497","topic:economy-welfare","abstract","economic"
"W3198071497","topic:migration","abstract","immigration"
"W3198071497","topic:migration","abstract","immigrants"
"W3198071497","method:survey","abstract","european social survey"
"W3198071497","region:europe","title","europe"
"W3198071497","region:europe","abstract","european"
"W3210074048","todo:check-outlet","journal","Journal of Democracy"
"W3210074048","topic:parties","abstract","parties"
"W3210074048","topic:parties","abstract","party"
"W3210074048","topic:parties","abstract","radical right"
"W3210074048","topic:voters","abstract","supporters"
"W3210074048","topic:democracy-institutions","abstract","liberal democracy"
"W3210074048","topic:democracy-institutions","abstract","democratic norms"
"W3210074048","method:survey","abstract","original survey"
"W4206167706","country:brazil","abstract","bolsonaro"
"W4206167706","country:brazil","abstract","brazilian (+ political word)"
"W4206167706","region:latin-america","rule","from the country named"
"W4313418462","approach:socio-cultural","abstract","socio cultural dimension"
"W4313418462","topic:democracy-institutions","title","hybrid regime"
"W4313418462","topic:democracy-institutions","title","democratic backsliding"
"W4313418462","topic:democracy-institutions","abstract","democratic backsliding"
"W4313418462","topic:democracy-institutions","abstract","democratisation"
"W4313418462","country:hungary","title","hungary"
"W4313418462","country:tunisia","title","tunisia"
"W4313418462","region:europe","rule","from the country named"
"W4313418462","region:mena","rule","from the country named"
"W4367396110","approach:discursive","title","discursive construction"
"W4367396110","approach:discursive","abstract","discursively constructed"
"W4367396110","topic:gender","title","misogynist"
"W4367396110","topic:gender","title","women"
"W4367396110","topic:gender","abstract","women"
"W4367396110","topic:gender","abstract","misogynist"
"W4367396110","topic:gender","abstract","misogyny"
"W4367396110","method:qualitative","abstract","critical discourse analysis"
"W4367396110","country:china","title","china"
"W4367396110","country:china","abstract","china"
"W4367396110","country:china","abstract","chinese (+ political word)"
"W4367396110","region:asia-pacific","rule","from the country named"
"W4387539062","topic:parties","title","radical right"
"W4387539062","topic:parties","abstract","radical right"
"W4387539062","topic:parties","abstract","parties"
"W4387539062","topic:parties","abstract","party"
"W4387539062","method:qualitative","abstract","interviews"
"W4387539062","country:switzerland","abstract","swiss people s party"
"W4387539062","country:switzerland","abstract","svp"
"W4387539062","country:switzerland","abstract","swiss (+ political word)"
"W4387539062","region:europe","rule","from the country named"
"W1482749198","topic:parties","abstract","parties"
"W1482749198","country:bulgaria","title","bulgaria"
"W1482749198","region:europe","rule","from the country named"
"W1604583892","topic:parties","title","radical right"
"W1604583892","topic:gender","title","masculinities"
"W1604583892","country:sweden","title","sweden"
"W1604583892","region:europe","rule","from the country named"
"W1843933460","topic:parties","abstract","parties"
"W1843933460","topic:government","abstract","incumbent"
"W1843933460","topic:government","abstract","administration"
"W1843933460","country:indonesia","title","jokowi"
"W1843933460","country:indonesia","abstract","indonesia"
"W1843933460","country:indonesia","abstract","widodo"
"W1843933460","country:indonesia","abstract","jokowi"
"W1843933460","region:asia-pacific","rule","from the country named"
"W2151724750","topic:parties","title","radical right"
"W2151724750","topic:parties","abstract","far right"
"W2151724750","topic:parties","abstract","party"
"W2151724750","topic:parties","abstract","radical right"
"W2151724750","region:europe","title","europe"
"W2151724750","region:europe","abstract","europe"
"W2151724750","region:europe","abstract","european"
"W2151724750","region:europe","abstract","western europe"
"W2539452641","country:netherlands","title","netherlands"
"W2539452641","country:netherlands","title","dutch (+ political word)"
"W2539452641","country:netherlands","abstract","dutch (+ political word)"
"W2539452641","region:europe","rule","from the country named"
"W2548511990","country:united-states","title","american (+ political word)"
"W2548511990","country:united-states","abstract","us"
"W2548511990","country:united-states","abstract","american (+ political word)"
"W2548511990","region:north-america","rule","from the country named"
"W2741516817","approach:ideational","abstract","thin centred"
"W2741516817","topic:parties","title","radical right"
"W2741516817","topic:parties","abstract","radical right"
"W2741516817","topic:parties","abstract","party"
"W2741516817","topic:economy-welfare","abstract","inequalities"
"W2741516817","topic:economy-welfare","abstract","welfare"
"W2741516817","topic:gender","abstract","gendered"
"W2741516817","topic:gender","abstract","gender"
"W2741516817","topic:gender","abstract","patriarchal"
"W2741516817","country:sweden","title","sweden"
"W2741516817","country:sweden","abstract","sweden"
"W2741516817","country:sweden","abstract","sweden democrats"
"W2741516817","country:sweden","abstract","sverigedemokraterna"
"W2741516817","country:sweden","abstract","swedish (+ political word)"
"W2741516817","region:europe","rule","from the country named"
"W2807178407","topic:democracy-institutions","title","threat to democracy"
"W2810107859","approach:ideational","abstract","thin ideology"
"W2810107859","topic:media-communication","title","journalists"
"W2810107859","topic:media-communication","abstract","media"
"W2810107859","topic:media-communication","abstract","communication"
"W2810107859","topic:media-communication","abstract","journalists"
"W2889600401","topic:economy-welfare","abstract","inequalities"
"W2889600401","topic:economy-welfare","abstract","economic"
"W2942461736","topic:parties","abstract","populist leaders"
"W2942461736","topic:parties","abstract","left wing populisms"
"W2942461736","topic:parties","abstract","right wing populism"
"W2942461736","topic:economy-welfare","abstract","welfare"
"W2942461736","topic:economy-welfare","abstract","economy"
"W2942461736","topic:democracy-institutions","abstract","constitutionalism"
"W2942461736","topic:democracy-institutions","abstract","judicial"
"W2942461736","topic:democracy-institutions","abstract","constitutional"
"W2954427765","topic:migration","abstract","nativism"
"W2954427765","topic:migration","abstract","xenophobia"
"W2954427765","topic:democracy-institutions","abstract","authoritarianism"
"W2954427765","topic:democracy-institutions","abstract","courts"
"W3007946124","approach:discursive","abstract","laclau"
"W3007946124","topic:parties","abstract","parties"
"W3007946124","topic:parties","abstract","party"
"W3007946124","topic:economy-welfare","title","neoliberalism"
"W3007946124","topic:economy-welfare","abstract","neoliberal"
"W3007946124","topic:economy-welfare","abstract","welfare"
"W3007946124","topic:democracy-institutions","title","illiberalism"
"W3007946124","topic:democracy-institutions","abstract","direct democracy"
"W3007946124","topic:democracy-institutions","abstract","illiberalism"
"W3007946124","country:czech-republic","title","czech republic"
"W3007946124","region:europe","rule","from the country named"
"W3024405016","topic:international","abstract","brexit"
"W3024405016","topic:international","abstract","eu"
"W3024405016","topic:media-communication","title","twitter"
"W3024405016","topic:media-communication","abstract","media"
"W3024405016","topic:media-communication","abstract","twitter"
"W3024405016","topic:media-communication","abstract","tweets"
"W3024405016","method:qualitative","abstract","qualitative"
"W3024405016","country:united-kingdom","abstract","brexit"
"W3024405016","country:united-kingdom","abstract","farage"
"W3024405016","country:united-kingdom","abstract","corbyn"
"W3024405016","country:united-kingdom","abstract","british (+ political word)"
"W3024405016","region:europe","rule","from the country named"
"W3117278891","topic:parties","abstract","parties"
"W3117278891","topic:religion","title","religious"
"W3117278891","topic:religion","abstract","religion"
"W3117278891","topic:religion","abstract","religious"
"W3117278891","topic:religion","abstract","secular"
"W3117278891","country:israel","title","israel"
"W3117278891","country:israel","abstract","israel"
"W3117278891","country:israel","abstract","likud"
"W3117278891","country:israel","abstract","israeli (+ political word)"
"W3117278891","region:mena","rule","from the country named"
"W3128338314","approach:performative","abstract","populist performance"
"W3128338314","topic:parties","abstract","populist actors"
"W3128338314","topic:parties","abstract","parties"
"W3128338314","topic:economy-welfare","abstract","economic"
"W3128338314","country:italy","title","italy"
"W3128338314","country:italy","abstract","italy"
"W3128338314","country:italy","abstract","lega"
"W3128338314","region:europe","rule","from the country named"
"W3172875308","topic:parties","abstract","populist leaders"
"W3172875308","topic:voters","title","support for populism"
"W3172875308","topic:voters","abstract","citizens"
"W3172875308","topic:voters","abstract","populist attitudes"
"W3172875308","topic:voters","abstract","support for populism"
"W3189469684","topic:economy-welfare","abstract","inequalities"
"W3189469684","topic:economy-welfare","abstract","neoliberal"
"W3189469684","topic:economy-welfare","abstract","globalisation"
"W3189469684","topic:economy-welfare","abstract","economy"
"W3189469684","topic:democracy-institutions","title","authoritarian"
"W3189469684","country:indonesia","title","indonesia"
"W3189469684","region:asia-pacific","rule","from the country named"
"W3192946602","topic:media-communication","title","twitter"
"W3192946602","method:qta","abstract","semantic text analysis"
"W3192946602","country:united-states","abstract","trump"
"W3192946602","country:brazil","abstract","bolsonaro"
"W3192946602","region:north-america","rule","from the country named"
"W3192946602","region:latin-america","rule","from the country named"
"W3200285506","topic:parties","abstract","right wing populist"
"W3200285506","topic:parties","abstract","parties"
"W3200285506","topic:voters","abstract","supporters"
"W3200285506","method:qualitative","abstract","semi structured"
"W3200285506","method:qualitative","abstract","interviews"
"W3200285506","country:france","abstract","france"
"W3200285506","country:france","abstract","front national"
"W3200285506","country:germany","abstract","germany"
"W3200285506","country:germany","abstract","alternative for germany"
"W3200285506","country:germany","abstract","afd"
"W3200285506","region:europe","rule","from the country named"
"W4210758034","topic:economy-welfare","title","neoliberalism"
"W4210758034","topic:economy-welfare","abstract","neoliberalism"
"W4210758034","method:mixed","abstract","mixed method"
"W4210758034","country:hungary","title","hungary"
"W4210758034","country:hungary","title","orban"
"W4210758034","country:hungary","abstract","hungary"
"W4210758034","country:hungary","abstract","orban"
"W4210758034","region:europe","rule","from the country named"
"W4213083777","topic:parties","title","populist leaders"
"W4213083777","topic:media-communication","title","twitter"
"W4213083777","topic:media-communication","abstract","fake news"
"W4213083777","topic:media-communication","abstract","tweets"
"W4213083777","country:united-states","abstract","trump"
"W4213083777","country:united-states","abstract","biden"
"W4213083777","region:north-america","rule","from the country named"
"W4308078544","country:italy","title","italy"
"W4308078544","region:europe","rule","from the country named"
"W1590602432","approach:discursive","abstract","populism as discourse"
"W1590602432","approach:discursive","abstract","poststructuralist"
"W1590602432","approach:discursive","abstract","laclau"
"W1590602432","approach:measurement","abstract","how to measure"
"W1967966435","todo:check-outlet","journal","SAIS Review of International Affairs"
"W1967966435","topic:parties","abstract","parties"
"W1967966435","topic:parties","abstract","populist movement"
"W1967966435","region:latin-america","rule","from the country named"
"W1967966435","region:asia-pacific","rule","from the country named"
"W1969531376","topic:parties","abstract","party"
"W1969531376","topic:parties","abstract","parties"
"W1969531376","topic:voters","abstract","citizens"
"W1969531376","topic:government","abstract","presidency"
"W1969531376","topic:government","abstract","in office"
"W1969531376","topic:democracy-institutions","abstract","referendum"
"W1969531376","topic:democracy-institutions","abstract","constitutional"
"W1969531376","topic:democracy-institutions","abstract","court"
"W1969531376","country:colombia","title","colombia"
"W1969531376","country:colombia","title","uribe"
"W1969531376","country:colombia","abstract","colombia"
"W1969531376","country:colombia","abstract","uribe"
"W1969531376","region:latin-america","rule","from the country named"
"W2010527367","topic:parties","title","radical right"
"W2010527367","topic:parties","abstract","radical right"
"W2010527367","topic:parties","abstract","parties"
"W2010527367","topic:voters","title","electorate"
"W2010527367","topic:voters","abstract","electorate"
"W2010527367","topic:voters","abstract","attitudes"
"W2010527367","topic:migration","abstract","immigration"
"W2010527367","topic:migration","abstract","anti immigrant"
"W2010527367","method:quantitative","abstract","regression"
"W2010527367","method:survey","abstract","european social survey"
"W2010527367","region:europe","abstract","european"
"W2010527367","country:finland","title","finnish (+ political word)"
"W2010527367","country:finland","abstract","finland"
"W2010527367","country:finland","abstract","finnish (+ political word)"
"W2031729215","todo:check-outlet","journal","Western Political Quarterly (on none of the journal lists that OpenAlex records)"
"W2031729215","country:colombia","title","colombia"
"W2031729215","region:latin-america","rule","from the country named"
"W2082442437","approach:economic","title","economic populism"
"W2082442437","topic:parties","title","party"
"W2082442437","topic:parties","title","parties"
"W2082442437","topic:economy-welfare","title","economic"
"W2082442437","country:united-states","title","u s"
"W2082442437","region:north-america","rule","from the country named"
"W2156552469","country:china","abstract","china"
"W2156552469","region:asia-pacific","rule","from the country named"
"W2331239615","topic:spatial","abstract","rural"
"W2331239615","country:thailand","title","thailand"
"W2331239615","country:thailand","abstract","thailand"
"W2331239615","country:thailand","abstract","thai (+ political word)"
"W2331239615","region:asia-pacific","rule","from the country named"
"W2523453569","approach:discursive","abstract","laclau"
"W2523453569","topic:parties","abstract","populist movements"
"W2523453569","topic:parties","abstract","party"
"W2523453569","topic:media-communication","abstract","media"
"W2523453569","topic:media-communication","abstract","journalistic"
"W2523453569","region:europe","title","nordic"
"W2523453569","region:europe","abstract","nordic"
"W2523453569","region:europe","abstract","northern european"
"W2542756029","approach:discursive","abstract","laclau"
"W2542756029","topic:parties","abstract","party"
"W2542756029","topic:media-communication","abstract","media"
"W2542756029","country:spain","title","podemos"
"W2542756029","country:spain","abstract","spain"
"W2542756029","country:spain","abstract","podemos"
"W2542756029","region:europe","rule","from the country named"
"W2590392587","topic:parties","title","right wing populism"
"W2590392587","topic:gender","title","gender"
"W2590392587","topic:gender","abstract","women"
"W2590392587","topic:gender","abstract","gendered"
"W2590392587","topic:gender","abstract","gender"
"W2590392587","topic:migration","title","immigrant"
"W2590392587","topic:migration","abstract","immigrant"
"W2590392587","topic:migration","abstract","immigration"
"W2590392587","topic:migration","abstract","anti immigrant"
"W2590392587","country:france","title","france"
"W2590392587","country:france","abstract","france"
"W2590392587","country:france","abstract","front national"
"W2590392587","country:france","abstract","french (+ political word)"
"W2590392587","region:europe","rule","from the country named"
"W2766539074","approach:economic","abstract","economic populism"
"W2766539074","topic:parties","title","party"
"W2766539074","topic:parties","abstract","radical right"
"W2766539074","topic:parties","abstract","parties"
"W2766539074","topic:parties","abstract","party"
"W2766539074","topic:voters","title","citizens"
"W2766539074","topic:media-communication","title","communication"
"W2766539074","topic:media-communication","abstract","communication"
"W2766539074","topic:media-communication","abstract","newspaper"
"W2766539074","method:quantitative","abstract","quantitative analysis"
"W2766539074","country:italy","abstract","lega"
"W2766539074","country:switzerland","title","switzerland"
"W2766539074","country:switzerland","title","swiss people s party"
"W2766539074","country:switzerland","title","swiss (+ political word)"
"W2766539074","country:switzerland","abstract","switzerland"
"W2766539074","country:switzerland","abstract","swiss people s party"
"W2766539074","country:switzerland","abstract","svp"
"W2766539074","country:switzerland","abstract","blocher"
"W2766539074","country:switzerland","abstract","swiss (+ political word)"
"W2766539074","region:europe","rule","from the country named"
"W2791337052","topic:economy-welfare","title","economy"
"W2792880782","country:venezuela","title","venezuela"
"W2792880782","region:latin-america","rule","from the country named"
"W2792881310","topic:parties","abstract","populist right"
"W2792881310","topic:parties","abstract","party"
"W2792881310","topic:voters","abstract","citizens"
"W2792881310","region:europe","title","scandinavian"
"W2792881310","region:europe","abstract","scandinavia"
"W2792881310","region:europe","abstract","western europe"
"W2792881310","country:norway","abstract","norway"
"W2792881310","country:norway","abstract","norwegian (+ political word)"
"W2794001204","topic:economy-welfare","abstract","globalisation"
"W2794001204","topic:economy-welfare","abstract","inequality"
"W2794001204","country:united-states","title","american (+ political word)"
"W2794001204","region:north-america","rule","from the country named"
"W2797731256","topic:spatial","title","spatial"
"W2806943974","topic:media-communication","title","rhetoric"
"W2806943974","topic:media-communication","abstract","rhetoric"
"W2806943974","topic:democracy-institutions","title","constitutional"
"W2806943974","topic:democracy-institutions","abstract","constitutional"
"W2806943974","topic:democracy-institutions","abstract","rule of law"
"W2806943974","topic:democracy-institutions","abstract","referendum"
"W2806943974","country:hungary","abstract","hungary"
"W2806943974","country:hungary","abstract","orban"
"W2806943974","region:europe","rule","from the country named"
"W2884926151","topic:democracy-institutions","title","constitutional"
"W2884926151","topic:democracy-institutions","abstract","constitutional"
"W2884926151","topic:democracy-institutions","abstract","constitutionalism"
"W2884926151","topic:democracy-institutions","abstract","authoritarian"
"W2916454074","topic:parties","title","right wing populist"
"W2916454074","topic:parties","title","parties"
"W2916454074","topic:parties","abstract","parties"
"W2916454074","topic:parties","abstract","party"
"W2916454074","topic:parties","abstract","right wing populist"
"W2916454074","topic:economy-welfare","abstract","globalization"
"W2916454074","topic:religion","title","religion"
"W2916454074","topic:religion","abstract","religious"
"W2916454074","topic:religion","abstract","secular"
"W2916454074","topic:religion","abstract","religion"
"W2916454074","topic:religion","abstract","muslims"
"W2916454074","region:europe","abstract","european"
"W2916454074","region:europe","abstract","eu"
"W2916454074","country:italy","title","italian (+ political word)"
"W2916454074","country:italy","abstract","lega nord"
"W2916454074","country:italy","abstract","italian (+ political word)"
"W2942436651","topic:democracy-institutions","title","judicial"
"W2942436651","topic:democracy-institutions","abstract","constitutional"
"W2942436651","topic:democracy-institutions","abstract","courts"
"W2942436651","topic:democracy-institutions","abstract","judicial"
"W2942436651","topic:democracy-institutions","abstract","judicially"
"W2964755843","topic:parties","abstract","right wing populism"
"W2964755843","topic:parties","abstract","social movements"
"W2964755843","topic:democracy-institutions","title","authoritarian"
"W2964755843","region:north-america","title","north america"
"W2981771238","approach:measurement","abstract","operationalising populism"
"W2981771238","topic:parties","title","manifestoes"
"W2981771238","topic:parties","abstract","manifestos"
"W2981771238","topic:parties","abstract","party"
"W2981771238","topic:parties","abstract","parties"
"W2981771238","country:germany","title","afd"
"W2981771238","country:germany","abstract","germany"
"W2981771238","country:germany","abstract","alternative fur deutschland"
"W2981771238","country:germany","abstract","afd"
"W2981771238","country:united-kingdom","title","ukip"
"W2981771238","country:united-kingdom","abstract","united kingdom"
"W2981771238","country:united-kingdom","abstract","britain"
"W2981771238","country:united-kingdom","abstract","ukip"
"W2981771238","country:united-kingdom","abstract","british (+ political word)"
"W2981771238","region:europe","rule","from the country named"
"W2982549326","topic:economy-welfare","title","neoliberalism"
"W2982549326","topic:economy-welfare","abstract","neoliberalism"
"W2982549326","topic:economy-welfare","abstract","neoliberal"
"W2982549326","topic:economy-welfare","abstract","neoliberalisation"
"W2982549326","country:poland","title","poland"
"W2982549326","country:poland","abstract","poland"
"W2982549326","country:poland","abstract","law and justice"
"W2982549326","region:europe","rule","from the country named"
"W3042518433","topic:parties","title","party"
"W3042518433","topic:parties","abstract","parties"
"W3042518433","topic:parties","abstract","party"
"W3042518433","topic:voters","title","citizens"
"W3042518433","topic:democracy-institutions","title","democratic institutions"
"W3042518433","topic:democracy-institutions","abstract","democratic quality"
"W3042518433","method:survey","abstract","survey data"
"W3042518433","method:survey","abstract","european social survey"
"W3042518433","region:europe","abstract","european"
"W3082968139","country:new-zealand","title","new zealand"
"W3082968139","region:asia-pacific","rule","from the country named"
"W3139108178","approach:discursive","abstract","discourse theoretical"
"W3139108178","approach:performative","abstract","performative"
"W3149179329","topic:parties","abstract","radical right"
"W3149179329","topic:parties","abstract","party"
"W3149179329","topic:parties","abstract","parties"
"W3149179329","country:italy","title","italy"
"W3149179329","country:italy","title","salvini"
"W3149179329","country:italy","abstract","lega"
"W3149179329","country:italy","abstract","salvini"
"W3149179329","country:italy","abstract","italian (+ political word)"
"W3149179329","region:europe","rule","from the country named"
"W3157847847","topic:parties","title","far right"
"W3157847847","topic:parties","abstract","populist leaders"
"W3157847847","topic:parties","abstract","party"
"W3157847847","topic:parties","abstract","candidate"
"W3157847847","topic:parties","abstract","populist politicians"
"W3157847847","topic:media-communication","title","rhetoric"
"W3157847847","topic:media-communication","abstract","twitter"
"W3157847847","topic:media-communication","abstract","media"
"W3157847847","topic:media-communication","abstract","tweets"
"W3157847847","topic:media-communication","abstract","newspapers"
"W3157847847","topic:media-communication","abstract","rhetoric"
"W3157847847","topic:media-communication","abstract","disinformation"
"W3157847847","method:mixed","abstract","quantitative and qualitative"
"W3157847847","country:united-states","title","trump"
"W3157847847","country:united-states","title","us"
"W3157847847","country:united-states","abstract","us"
"W3157847847","country:united-states","abstract","trump"
"W3157847847","country:united-states","abstract","biden"
"W3157847847","region:north-america","rule","from the country named"
"W3163075098","approach:measurement","abstract","new measure"
"W3163075098","topic:parties","title","party system"
"W3163075098","topic:parties","title","right wing populism"
"W3163075098","topic:parties","abstract","party system"
"W3163075098","topic:parties","abstract","party"
"W3163075098","topic:parties","abstract","partisan"
"W3163075098","topic:parties","abstract","parties"
"W3163075098","country:brazil","title","brazil"
"W3163075098","region:latin-america","rule","from the country named"
"W3175297857","topic:parties","title","right wing populist"
"W3175297857","topic:parties","abstract","right wing populist"
"W3175297857","topic:parties","abstract","party"
"W3175297857","topic:parties","abstract","right wing populism"
"W3175297857","topic:spatial","title","rural"
"W3175297857","topic:spatial","title","spatial"
"W3175297857","topic:spatial","abstract","rural"
"W3175297857","country:germany","title","germany"
"W3175297857","country:germany","abstract","germany"
"W3175297857","country:germany","abstract","alternative fur deutschland"
"W3175297857","country:germany","abstract","afd"
"W3175297857","country:germany","abstract","german (+ political word)"
"W3175297857","region:europe","rule","from the country named"
"W3198191731","topic:economy-welfare","abstract","economy"
"W3198191731","topic:economy-welfare","abstract","free trade"
"W4206221202","approach:ideational","abstract","ideational definition"
"W4206221202","approach:economic","title","economic populism"
"W4206221202","approach:economic","abstract","economic populism"
"W4206221202","topic:economy-welfare","title","economy"
"W4206221202","topic:economy-welfare","title","economic"
"W4206221202","topic:economy-welfare","abstract","economic"
"W4206221202","topic:economy-welfare","abstract","redistributive"
"W4212990716","approach:discursive","title","discursive construction"
"W4212990716","approach:discursive","abstract","discursive construction"
"W4212990716","region:europe","title","europe"
"W4212990716","region:europe","abstract","european"
"W4212990716","region:europe","abstract","eu"
"W4226070206","topic:parties","title","right wing populist"
"W4226070206","topic:parties","title","partisanship"
"W4226070206","topic:parties","abstract","right wing populist"
"W4226070206","topic:parties","abstract","partisanship"
"W4226070206","topic:media-communication","title","media"
"W4226070206","method:qta","abstract","topic modeling"
"W4280606789","topic:parties","abstract","parties"
"W4280606789","topic:parties","abstract","party"
"W4280606789","country:estonia","title","estonia"
"W4280606789","country:estonia","abstract","estonia"
"W4280606789","country:estonia","abstract","ekre"
"W4280606789","country:estonia","abstract","estonian (+ political word)"
"W4280606789","country:italy","title","italy"
"W4280606789","region:europe","rule","from the country named"
"W4300872360","topic:international","title","brexit"
"W4300872360","topic:economy-welfare","title","globalisation"
"W4300872360","country:united-kingdom","title","brexit"
"W4300872360","country:united-states","title","trump"
"W4300872360","region:europe","rule","from the country named"
"W4300872360","region:north-america","rule","from the country named"
"W4301658225","country:france","title","france"
"W4301658225","region:europe","rule","from the country named"
"W4366390446","topic:parties","title","radical right"
"W4366390446","topic:parties","title","parties"
"W4366390446","topic:parties","abstract","radical right"
"W4366390446","topic:parties","abstract","parties"
"W4366390446","topic:parties","abstract","party"
"W4366390446","method:qualitative","abstract","interviews"
"W4366390446","country:sweden","abstract","sweden"
"W4366390446","country:sweden","abstract","sweden democrats"
"W4366390446","region:europe","rule","from the country named"
"W4388533617","topic:international","abstract","eu"
"W4388533617","topic:parties","title","right wing populism"
"W4388533617","topic:parties","abstract","right wing populist"
"W4388533617","topic:parties","abstract","parties"
"W4388533617","topic:parties","abstract","right wing populism"
"W4388533617","topic:voters","abstract","voters"
"W4388533617","topic:voters","abstract","supporters"
"W4388533617","topic:spatial","title","geographies of"
"W4388533617","topic:spatial","abstract","territorial inequalities"
"W4388533617","topic:spatial","abstract","subnational"
"W4388533617","topic:spatial","abstract","geographies of"
"W4388533617","topic:economy-welfare","title","economic"
"W4388533617","topic:economy-welfare","abstract","inequalities"
"W4388533617","topic:economy-welfare","abstract","economic"
"W4388533617","method:quantitative","abstract","panel data"
"W4388533617","method:quantitative","abstract","regressions"
"W4388533617","region:europe","title","europe"
"W4388533617","region:europe","abstract","eu"
"W4389948676","approach:discursive","abstract","discursive construction"
"W4389948676","topic:parties","abstract","party"
"W4389948676","topic:parties","abstract","social movement"
"W4389948676","topic:media-communication","title","framing"
"W4389948676","topic:media-communication","abstract","communication"
"W4389948676","topic:media-communication","abstract","media"
"W4390839200","approach:discursive","abstract","laclauian"
"W4390839200","approach:discursive","abstract","poststructuralist"
"W4390839200","approach:discursive","abstract","discourse theory"
"W4390839200","topic:international","title","international cooperation"
"W4390839200","topic:international","abstract","international cooperation"
"W4390839200","topic:parties","title","radical right"
"W4390839200","topic:parties","abstract","radical right"
"W4390839200","topic:economy-welfare","abstract","economic"
"W4390839200","topic:economy-welfare","abstract","globalisation"
"W4390839200","method:qualitative","abstract","discourse analysis"
"W4390839200","region:europe","abstract","europe"
"W2038466834","topic:economy-welfare","title","neoliberalisation"
"W2038466834","topic:economy-welfare","abstract","neoliberal"
"W2038466834","topic:economy-welfare","abstract","neoliberalisation"
"W2038466834","topic:economy-welfare","abstract","neoliberalism"
"W2038466834","country:poland","title","poland"
"W2038466834","country:poland","abstract","poland"
"W2038466834","country:poland","abstract","kaczynski"
"W2038466834","region:europe","rule","from the country named"
"W2040238504","topic:economy-welfare","abstract","redistributive"
"W2040238504","topic:economy-welfare","abstract","economics"
"W2109128873","topic:parties","abstract","parties"
"W2109128873","topic:parties","abstract","populist leaders"
"W2110792978","topic:media-communication","abstract","rhetoric"
"W2110792978","topic:media-communication","abstract","rhetorical"
"W2141459730","country:new-zealand","abstract","new zealand"
"W2141459730","region:asia-pacific","rule","from the country named"
"W2551781462","topic:democracy-institutions","title","liberal democracy"
"W2551781462","topic:democracy-institutions","abstract","liberal democracy"
"W2803893298","approach:ideational","abstract","ideational approach"
"W2803893298","topic:economy-welfare","title","economic"
"W2939711891","approach:discursive","abstract","laclau"
"W2939711891","topic:democracy-institutions","title","authoritarian"
"W2941643284","topic:parties","title","right wing populism"
"W2942720448","topic:economy-welfare","title","economic"
"W2942720448","topic:economy-welfare","abstract","economic"
"W2942720448","region:europe","title","european"
"W2951223538","topic:international","title","brexit"
"W2951223538","topic:international","abstract","euroscepticism"
"W2951223538","topic:international","abstract","brexit"
"W2951223538","topic:international","abstract","eu"
"W2951223538","topic:parties","abstract","parties"
"W2951223538","topic:parties","abstract","party"
"W2951223538","topic:parties","abstract","party systematically"
"W2951223538","topic:economy-welfare","abstract","economic"
"W2951223538","country:united-kingdom","title","brexit"
"W2951223538","country:united-kingdom","abstract","britain"
"W2951223538","country:united-kingdom","abstract","brexit"
"W2951223538","country:united-kingdom","abstract","british (+ political word)"
"W2951223538","region:europe","rule","from the country named"
"W3023332809","topic:parties","title","parties"
"W3023332809","topic:parties","abstract","radical right"
"W3023332809","topic:parties","abstract","parties"
"W3023332809","topic:parties","abstract","party"
"W3023332809","topic:voters","abstract","voters"
"W3023332809","topic:voters","abstract","attitudes"
"W3023332809","topic:voters","abstract","supporters"
"W3023332809","topic:democracy-institutions","abstract","illiberal"
"W3023332809","topic:democracy-institutions","abstract","liberal democracy"
"W3023332809","topic:democracy-institutions","abstract","authoritarian"
"W3023332809","method:survey","abstract","world values survey"
"W3023332809","country:austria","abstract","austria"
"W3023332809","country:austria","abstract","fpo"
"W3023332809","country:germany","abstract","germany"
"W3023332809","country:germany","abstract","afd"
"W3023332809","region:europe","rule","from the country named"
"W3105768432","topic:economy-welfare","abstract","economic"
"W3105768432","topic:economy-welfare","abstract","globalization"
"W3105768432","topic:economy-welfare","abstract","neoliberalism"
"W3105768432","country:brazil","title","brazil"
"W3105768432","country:india","title","india"
"W3105768432","region:latin-america","rule","from the country named"
"W3105768432","region:asia-pacific","rule","from the country named"
"W3129518049","topic:voters","title","attitudes"
"W3129518049","topic:voters","abstract","respondents"
"W3129518049","topic:voters","abstract","attitudes"
"W3129518049","topic:migration","title","nativist"
"W3129518049","topic:migration","abstract","nativism"
"W3129518049","topic:migration","abstract","nativist"
"W3129518049","topic:migration","abstract","refugees"
"W3129518049","topic:migration","abstract","immigrants"
"W3129518049","topic:migration","abstract","immigration"
"W3129518049","method:survey","abstract","survey respondents"
"W3138221385","approach:ideational","abstract","ideational definitions"
"W3138221385","approach:ideational","abstract","ideational approach"
"W3138221385","approach:performative","abstract","performative"
"W3138221385","topic:voters","title","populist attitudes"
"W3138221385","topic:voters","abstract","populist attitudes"
"W3138221385","topic:voters","abstract","attitudes"
"W3138221385","topic:voters","abstract","voting behaviour"
"W3138221385","topic:media-communication","abstract","communication"
"W3201867957","topic:voters","title","citizens"
"W3201867957","topic:voters","abstract","citizens"
"W3201867957","topic:voters","abstract","populist attitudes"
"W3201867957","topic:voters","abstract","public opinion"
"W3201867957","topic:democracy-institutions","title","referendums"
"W3201867957","topic:democracy-institutions","abstract","referendums"
"W3201867957","topic:democracy-institutions","abstract","referendum"
"W3201867957","method:survey","abstract","survey data"
"W4223976628","approach:ideational","abstract","thin ideology"
"W4223976628","approach:measurement","abstract","operationalizing populism"
"W4223976628","topic:economy-welfare","title","economic"
"W4223976628","topic:economy-welfare","abstract","economic"
"W4375949870","topic:foreign-policy","title","foreign policy"
"W4375949870","topic:foreign-policy","abstract","foreign policy"
"W4375949870","topic:foreign-policy","abstract","foreign policies"
"W4375949870","topic:parties","abstract","parties"
"W4375949870","topic:parties","abstract","party"
"W4375949870","topic:religion","abstract","islamist"
"W4375949870","topic:religion","abstract","religious"
"W4375949870","topic:religion","abstract","islamic"
"W4375949870","region:mena","abstract","middle east"
"W4375949870","country:turkey","title","turkey"
"W4375949870","country:turkey","abstract","turkey"
"W4375949870","country:turkey","abstract","justice and development party"
"W4375949870","country:turkey","abstract","akp"
"W4375949870","country:turkey","abstract","erdogan"
"W4375949870","country:turkey","abstract","turkish (+ political word)"
"W4375949870","region:europe","rule","from the country named"
"W1991369349","method:qualitative","abstract","discourse analysis"
"W2002431917","topic:parties","abstract","party"
"W2002431917","topic:parties","abstract","party system"
"W2002431917","topic:economy-welfare","title","redistributive"
"W2002431917","topic:economy-welfare","abstract","economic"
"W2002431917","country:peru","title","peru"
"W2002431917","country:peru","abstract","peru"
"W2002431917","country:peru","abstract","peruvian (+ political word)"
"W2002431917","region:latin-america","rule","from the country named"
"W2019172286","topic:religion","abstract","religious"
"W2019172286","topic:religion","abstract","secular"
"W2087104035","todo:check-record","rule","DOI accepted by reading, not by the automatic rule"
"W2575242861","topic:democracy-institutions","title","authoritarian"
"W2575242861","topic:democracy-institutions","abstract","authoritarian"
"W2575242861","region:asia-pacific","title","asia"
"W2575242861","country:united-states","title","trump"
"W2575242861","country:united-states","abstract","trump"
"W2575242861","country:united-states","abstract","usa"
"W2575242861","country:united-states","abstract","us"
"W2575242861","region:north-america","rule","from the country named"
"W2805116181","topic:parties","title","left wing populist"
"W2805116181","topic:parties","title","parties"
"W2805116181","topic:parties","abstract","left wing populist"
"W2805116181","topic:parties","abstract","parties"
"W2805116181","topic:parties","abstract","populist left"
"W2805116181","topic:voters","title","electoral support"
"W2805116181","topic:voters","abstract","supporters"
"W2805116181","topic:voters","abstract","citizens"
"W2805116181","topic:voters","abstract","attitudes"
"W2805116181","topic:economy-welfare","title","globalization"
"W2805116181","topic:economy-welfare","abstract","globalization"
"W2805116181","region:europe","title","europe"
"W2805116181","region:europe","abstract","european"
"W2805116181","region:europe","abstract","eu"
"W2899211444","topic:international","title","european union"
"W2899211444","topic:international","abstract","european union"
"W2899211444","topic:international","abstract","eurosceptic"
"W2899211444","topic:parties","title","right wing populism"
"W2899211444","topic:parties","abstract","right wing populist"
"W2899211444","topic:parties","abstract","parties"
"W2899211444","topic:parties","abstract","populist movement"
"W2899211444","topic:parties","abstract","party"
"W2899211444","topic:religion","title","religion"
"W2899211444","topic:religion","title","christian"
"W2899211444","topic:religion","abstract","religious"
"W2899211444","topic:religion","abstract","religion"
"W2899211444","topic:religion","abstract","church"
"W2899211444","method:quantitative","abstract","time series"
"W2899211444","method:quantitative","abstract","regression"
"W2899211444","region:europe","title","european"
"W2899211444","country:italy","title","italy"
"W2911973147","approach:discursive","abstract","laclau"
"W2913537420","approach:economic","title","economic populism"
"W2913537420","approach:economic","abstract","economic populism"
"W2913537420","topic:parties","title","right wing populist"
"W2913537420","topic:parties","title","parties"
"W2913537420","topic:parties","abstract","right wing populism"
"W2913537420","topic:parties","abstract","right wing populists"
"W2913537420","topic:parties","abstract","right wing populist"
"W2913537420","topic:parties","abstract","parties"
"W2913537420","topic:parties","abstract","party"
"W2913537420","topic:economy-welfare","title","economic"
"W2913537420","topic:economy-welfare","abstract","economic"
"W2913537420","topic:economy-welfare","abstract","economics"
"W2913537420","topic:economy-welfare","abstract","economy"
"W2913537420","topic:media-communication","abstract","frames"
"W2913537420","region:europe","title","european"
"W2913537420","region:europe","abstract","europe"
"W2913537420","country:united-states","abstract","united states"
"W2913537420","country:united-states","abstract","tea party"
"W2913537420","country:united-states","abstract","trump"
"W2913537420","region:north-america","rule","from the country named"
"W2965967886","approach:measurement","title","measuring populism"
"W2965967886","approach:measurement","title","measurement invariance"
"W2965967886","approach:measurement","abstract","measure populist"
"W2965967886","approach:measurement","abstract","measurement of populist"
"W2965967886","approach:measurement","abstract","measurement invariance"
"W2965967886","topic:parties","abstract","parties"
"W2965967886","topic:parties","abstract","populist actors"
"W2965967886","topic:parties","abstract","right wing populism"
"W2965967886","topic:voters","title","populist attitudes"
"W2965967886","topic:voters","abstract","voter"
"W2965967886","topic:voters","abstract","support for populist"
"W2965967886","topic:voters","abstract","voters"
"W2965967886","topic:voters","abstract","attitudes"
"W2965967886","topic:voters","abstract","populist attitudes"
"W2965967886","method:survey","abstract","cross national survey"
"W2976035612","topic:economy-welfare","abstract","economic"
"W2979939938","topic:media-communication","title","media"
"W2979939938","topic:media-communication","abstract","media"
"W2979939938","country:united-states","abstract","us"
"W2979939938","country:united-states","abstract","trump"
"W2979939938","region:north-america","rule","from the country named"
"W2989740247","topic:parties","abstract","populist politicians"
"W2989740247","topic:parties","abstract","populist actors"
"W2989740247","topic:voters","abstract","populist attitudes"
"W2989740247","topic:media-communication","title","facebook"
"W2989740247","topic:media-communication","abstract","social networking"
"W2989740247","topic:media-communication","abstract","facebook"
"W2989740247","topic:media-communication","abstract","communication"
"W2989740247","method:experiment","abstract","experimental design"
"W3039905014","approach:economic","title","economic populism"
"W3039905014","topic:economy-welfare","title","economic"
"W3039905014","topic:economy-welfare","abstract","economy"
"W3039905014","topic:economy-welfare","abstract","economic"
"W3039905014","topic:economy-welfare","abstract","trade policy"
"W3039905014","topic:media-communication","abstract","media"
"W3039905014","topic:media-communication","abstract","framing"
"W3039905014","method:qualitative","abstract","process tracing"
"W3039905014","method:qualitative","abstract","interviews"
"W3046498008","topic:international","title","eu"
"W3046498008","topic:international","abstract","eu"
"W3046498008","region:europe","title","eu"
"W3046498008","region:europe","abstract","european"
"W3046498008","region:europe","abstract","eu"
"W3136827583","topic:media-communication","title","communication"
"W3190303097","topic:parties","title","populist right"
"W3190303097","topic:parties","abstract","populist right"
"W3190303097","topic:parties","abstract","party"
"W3190303097","topic:voters","abstract","voter"
"W3190303097","topic:voters","abstract","citizens"
"W3190303097","topic:spatial","abstract","spatial"
"W3190303097","region:europe","abstract","europe"
"W3190303097","region:europe","abstract","european"
"W3205018635","topic:parties","title","right wing populist"
"W3205018635","topic:parties","title","parties"
"W3205018635","topic:parties","abstract","right wing populist"
"W3205018635","topic:parties","abstract","parties"
"W3205018635","topic:voters","abstract","voters"
"W3205018635","topic:voters","abstract","attitudes"
"W3205018635","topic:economy-welfare","abstract","economic"
"W3205018635","method:survey","abstract","european social survey"
"W3205018635","region:europe","title","europe"
"W4296695970","topic:voters","title","demand side"
"W4296695970","topic:voters","title","populist attitudes"
"W4296695970","topic:voters","abstract","populist attitudes"
"W4377989041","topic:parties","title","radical right"
"W4377989041","topic:parties","abstract","radical right"
"W4377989041","topic:parties","abstract","party"
"W4377989041","region:europe","abstract","european"
"W4377989041","country:chile","title","chile"
"W4377989041","region:latin-america","rule","from the country named"
"W1579043515","topic:economy-welfare","title","austerity"
"W1579043515","topic:economy-welfare","abstract","financial crisis"
"W1579043515","topic:economy-welfare","abstract","neoliberal"
"W1579043515","topic:economy-welfare","abstract","austerity"
"W1579043515","topic:economy-welfare","abstract","economic crisis"
"W1579043515","country:canada","title","canada"
"W1579043515","region:north-america","rule","from the country named"
"W2058554430","country:philippines","title","philippine (+ political word)"
"W2058554430","country:philippines","abstract","estrada"
"W2058554430","region:asia-pacific","rule","from the country named"
"W2063014397","topic:democracy-institutions","abstract","constitutionalism"
"W2063014397","topic:democracy-institutions","abstract","liberal democracy"
"W2063014397","topic:democracy-institutions","abstract","checks and balances"
"W2063014397","topic:democracy-institutions","abstract","judicialized"
"W2133272997","topic:media-communication","abstract","media"
"W2133272997","country:china","title","china"
"W2133272997","country:china","abstract","china"
"W2133272997","region:asia-pacific","rule","from the country named"
"W2144378143","country:cuba","title","cuba"
"W2144378143","country:cuba","abstract","cuba"
"W2144378143","region:latin-america","rule","from the country named"
"W2167547669","topic:international","abstract","regional integration"
"W2167547669","topic:international","abstract","regionalism"
"W2167547669","topic:international","abstract","eu"
"W2167547669","topic:economy-welfare","abstract","development policy"
"W2167547669","topic:economy-welfare","abstract","economy"
"W2167547669","topic:economy-welfare","abstract","economic"
"W2167547669","country:taiwan","title","taiwan"
"W2167547669","country:taiwan","abstract","taiwan"
"W2167547669","region:asia-pacific","rule","from the country named"
"W2315036344","topic:parties","abstract","party"
"W2315036344","topic:democracy-institutions","abstract","authoritarian"
"W2315036344","country:china","title","china"
"W2315036344","country:china","abstract","china"
"W2315036344","region:asia-pacific","rule","from the country named"
"W2607364323","topic:parties","title","radical right"
"W2607364323","topic:parties","title","parties"
"W2607364323","topic:voters","title","electoral support"
"W2899779659","topic:parties","title","radical right"
"W2899779659","topic:parties","abstract","radical right"
"W2899779659","topic:parties","abstract","party"
"W2899779659","topic:economy-welfare","abstract","economic"
"W2899779659","method:quantitative","abstract","regression"
"W2899779659","method:survey","abstract","survey data"
"W2899779659","country:netherlands","title","pvv"
"W2899779659","country:netherlands","abstract","netherlands"
"W2899779659","country:netherlands","abstract","pvv"
"W2899779659","country:netherlands","abstract","dutch (+ political word)"
"W2899779659","region:europe","rule","from the country named"
"W2905165757","country:venezuela","title","venezuela"
"W2905165757","country:venezuela","abstract","venezuela"
"W2905165757","country:venezuela","abstract","venezuelan (+ political word)"
"W2905165757","region:latin-america","rule","from the country named"
"W2911463409","approach:performative","abstract","performative"
"W2911463409","topic:parties","title","parties"
"W2911463409","topic:parties","abstract","parties"
"W2911463409","topic:parties","abstract","right wing populist"
"W2911463409","topic:parties","abstract","radical right"
"W2911463409","topic:parties","abstract","party"
"W2911463409","topic:government","title","governing populist"
"W2911463409","topic:government","abstract","in government"
"W2911463409","topic:government","abstract","populists in government"
"W2911463409","region:europe","title","central europe"
"W2911463409","region:europe","abstract","european"
"W2911463409","region:europe","abstract","central europe"
"W2911463409","country:hungary","title","hungary"
"W2911463409","country:hungary","abstract","fidesz"
"W2911463409","country:hungary","abstract","hungarian (+ political word)"
"W2912840787","topic:government","abstract","administration"
"W2912840787","topic:government","abstract","populist rule"
"W2912840787","country:colombia","title","petro"
"W2912840787","country:ecuador","title","ecuador"
"W2912840787","country:ecuador","abstract","ecuador"
"W2912840787","country:ecuador","abstract","correa"
"W2912840787","region:latin-america","rule","from the country named"
"W2965513915","topic:economy-welfare","abstract","neoliberalism"
"W2965513915","topic:economy-welfare","abstract","welfare"
"W2965513915","topic:democracy-institutions","abstract","authoritarian"
"W2965513915","topic:democracy-institutions","abstract","liberal democracies"
"W2972604720","topic:economy-welfare","title","austerity"
"W2982386266","topic:parties","title","parties"
"W3003570527","topic:parties","abstract","right wing populist"
"W3003570527","topic:parties","abstract","parties"
"W3003570527","topic:parties","abstract","party"
"W3003570527","topic:voters","title","public support"
"W3003570527","topic:voters","abstract","electoral support"
"W3003570527","topic:voters","abstract","attitudes"
"W3003570527","topic:voters","abstract","citizens"
"W3003570527","topic:religion","title","religious"
"W3003570527","topic:religion","title","christian"
"W3003570527","topic:religion","title","religiosity"
"W3003570527","topic:religion","abstract","religion"
"W3003570527","topic:religion","abstract","religiosity"
"W3003570527","topic:religion","abstract","religious"
"W3003570527","topic:religion","abstract","church"
"W3003570527","topic:religion","abstract","secularisation"
"W3003570527","topic:migration","abstract","anti immigrant"
"W3003570527","method:survey","abstract","election study"
"W3003570527","country:germany","title","germany"
"W3003570527","country:germany","title","alternative for germany"
"W3003570527","country:germany","abstract","germany"
"W3003570527","region:europe","rule","from the country named"
"W3006562678","topic:parties","title","far right"
"W3006562678","topic:parties","abstract","party"
"W3006562678","topic:parties","abstract","far right"
"W3006562678","country:germany","abstract","alternative fur deutschland"
"W3006562678","country:germany","abstract","afd"
"W3006562678","country:germany","abstract","german (+ political word)"
"W3006562678","region:europe","rule","from the country named"
"W3027903446","topic:democracy-institutions","title","authoritarian"
"W3027903446","topic:democracy-institutions","abstract","authoritarian"
"W3044946653","topic:spatial","title","subnational"
"W3044946653","topic:spatial","abstract","subnational"
"W3044946653","country:italy","abstract","movimento 5 stelle"
"W3044946653","country:italy","abstract","m5s"
"W3044946653","country:italy","abstract","five star movement"
"W3044946653","region:europe","rule","from the country named"
"W3080310700","topic:parties","title","right wing populist"
"W3080310700","topic:parties","title","parties"
"W3080310700","topic:parties","title","party"
"W3080310700","topic:parties","abstract","right wing populist"
"W3080310700","topic:parties","abstract","party"
"W3080310700","topic:parties","abstract","parties"
"W3080310700","country:austria","abstract","austria"
"W3080310700","country:austria","abstract","freedom party of austria"
"W3080310700","region:europe","rule","from the country named"
"W3154722533","topic:parties","title","candidate"
"W3154722533","topic:parties","abstract","candidate"
"W3154722533","topic:parties","abstract","party"
"W3154722533","topic:parties","abstract","parties"
"W3154722533","method:mixed","abstract","mixed methods"
"W3154722533","region:europe","title","southern european"
"W3154722533","country:italy","title","m5s"
"W3154722533","country:italy","abstract","italy"
"W3154722533","country:italy","abstract","movimento 5 stelle"
"W3154722533","country:italy","abstract","m5s"
"W3154722533","country:italy","abstract","five star movement"
"W3154722533","country:spain","title","podemos"
"W3154722533","country:spain","abstract","spain"
"W3154722533","country:spain","abstract","podemos"
"W3176496536","topic:parties","abstract","parties"
"W3176496536","topic:government","title","in government"
"W3187148509","topic:media-communication","title","framing"
"W3187148509","topic:media-communication","abstract","framing"
"W3187148509","topic:media-communication","abstract","facebook"
"W3187148509","topic:media-communication","abstract","frames"
"W3187148509","topic:media-communication","abstract","communication"
"W3187148509","country:brazil","title","brazil"
"W3187148509","region:latin-america","rule","from the country named"
"W3200700592","topic:economy-welfare","title","neoliberalism"
"W3200700592","topic:economy-welfare","abstract","neoliberal"
"W3200700592","topic:economy-welfare","abstract","economic"
"W3200700592","topic:economy-welfare","abstract","welfare"
"W3200700592","topic:democracy-institutions","abstract","liberal democracy"
"W3200700592","topic:democracy-institutions","abstract","illiberalism"
"W3200700592","region:europe","title","visegrad"
"W3202632903","topic:parties","title","party"
"W3202632903","topic:parties","title","manifestos"
"W3202632903","topic:parties","title","parties"
"W3202632903","topic:parties","abstract","party"
"W3202632903","topic:parties","abstract","parties"
"W3202632903","topic:parties","abstract","manifestos"
"W3202632903","topic:parties","abstract","manifesto"
"W3202632903","topic:religion","title","hinduism"
"W3202632903","topic:religion","title","hindutva"
"W3202632903","topic:religion","title","hindu"
"W3202632903","topic:religion","abstract","hindu"
"W3202632903","topic:religion","abstract","hinduism"
"W3202632903","topic:religion","abstract","hindutva"
"W3202632903","country:india","title","india"
"W3202632903","country:india","title","hindutva"
"W3202632903","country:india","abstract","india"
"W3202632903","country:india","abstract","bharatiya janata"
"W3202632903","country:india","abstract","bjp"
"W3202632903","country:india","abstract","modi"
"W3202632903","country:india","abstract","hindutva"
"W3202632903","region:asia-pacific","rule","from the country named"
"W4233279329","topic:parties","title","right wing populism"
"W4233279329","topic:parties","abstract","right wing populism"
"W4280573882","topic:parties","title","radical right"
"W4280573882","topic:parties","abstract","radical right"
"W4280573882","topic:gender","title","gender"
"W4280573882","topic:gender","abstract","gender"
"W4280573882","topic:religion","title","religion"
"W4280573882","topic:religion","abstract","religious"
"W4280573882","topic:religion","abstract","religion"
"W4309418201","approach:discursive","abstract","discursive approach"
"W4309418201","topic:parties","title","far right"
"W4309418201","topic:parties","abstract","far right"
"W4309418201","topic:parties","abstract","parties"
"W4309418201","method:mixed","abstract","mixed methods"
"W4391850805","topic:parties","abstract","right wing populism"
"W4391850805","topic:parties","abstract","right wing populists"
"W4394884515","topic:parties","title","radical right"
"W4394884515","topic:parties","abstract","radical right"
"W4394884515","topic:parties","abstract","parties"
"W4394884515","topic:voters","abstract","citizens"
"W4394884515","topic:voters","abstract","attitudes"
"W4394884515","method:survey","abstract","survey data"
"W1973577524","topic:economy-welfare","abstract","economic"
"W1973577524","country:peru","title","peruvian (+ political word)"
"W1973577524","country:peru","abstract","peru"
"W1973577524","country:peru","abstract","fujimori"
"W1973577524","region:latin-america","rule","from the country named"
"W2004807800","topic:parties","title","party"
"W2004807800","topic:parties","abstract","radical right"
"W2004807800","topic:parties","abstract","parties"
"W2004807800","topic:parties","abstract","party"
"W2004807800","topic:migration","abstract","immigrant"
"W2004807800","topic:migration","abstract","anti immigrant"
"W2004807800","method:quantitative","abstract","regression"
"W2004807800","country:switzerland","abstract","swiss people s party"
"W2004807800","country:switzerland","abstract","svp"
"W2004807800","country:switzerland","abstract","swiss (+ political word)"
"W2004807800","region:europe","rule","from the country named"
"W2014870128","topic:religion","title","religious"
"W2014870128","topic:religion","abstract","religion"
"W2014870128","topic:religion","abstract","christian"
"W2014870128","topic:religion","abstract","church"
"W2014870128","topic:religion","abstract","religious"
"W2014870128","country:greece","title","greek (+ political word)"
"W2014870128","country:greece","abstract","greece"
"W2014870128","country:greece","abstract","greek (+ political word)"
"W2014870128","region:europe","rule","from the country named"
"W2053010734","topic:religion","title","islam"
"W2053010734","topic:democracy-institutions","abstract","democratization"
"W2053010734","region:mena","title","arab"
"W2053010734","region:mena","abstract","arab"
"W2059423402","topic:parties","title","party"
"W2059423402","country:united-kingdom","title","british (+ political word)"
"W2059423402","region:europe","rule","from the country named"
"W2067693821","country:belarus","title","belarus"
"W2067693821","country:belarus","abstract","belarus"
"W2067693821","country:belarus","abstract","belarusian (+ political word)"
"W2067693821","region:europe","rule","from the country named"
"W2101711469","approach:political-strategic","abstract","plebiscitarianism"
"W2101711469","topic:parties","abstract","parties"
"W2101711469","country:canada","title","canada"
"W2101711469","country:canada","abstract","canada"
"W2101711469","region:north-america","rule","from the country named"
"W2128619752","topic:parties","title","party"
"W2128619752","topic:parties","abstract","parties"
"W2128619752","topic:parties","abstract","party"
"W2128619752","topic:migration","title","immigration"
"W2128619752","topic:migration","title","asylum"
"W2128619752","topic:migration","abstract","immigration"
"W2128619752","topic:migration","abstract","asylum"
"W2137748781","topic:media-communication","title","media"
"W2137748781","topic:media-communication","abstract","media"
"W2137748781","method:qualitative","title","ethnography"
"W2137748781","method:qualitative","abstract","ethnography"
"W2151034644","topic:economy-welfare","title","welfare"
"W2254482192","topic:international","title","eu"
"W2254482192","topic:international","abstract","european union"
"W2254482192","topic:international","abstract","european integration"
"W2254482192","topic:democracy-institutions","title","referendum"
"W2254482192","topic:democracy-institutions","abstract","referendum"
"W2254482192","region:europe","title","eu"
"W2254482192","region:europe","abstract","european"
"W2254482192","country:united-kingdom","abstract","britain"
"W2254482192","country:united-kingdom","abstract","british (+ political word)"
"W2324852815","todo:check-outlet","journal","SEER (on none of the journal lists that OpenAlex records)"
"W2324852815","topic:parties","title","right wing populism"
"W2324852815","country:hungary","title","hungary"
"W2324852815","region:europe","rule","from the country named"
"W2541523414","approach:discursive","abstract","discursively constructed"
"W2541523414","topic:parties","title","far right"
"W2541523414","topic:parties","abstract","far right"
"W2541523414","topic:parties","abstract","parties"
"W2541523414","topic:gender","title","women"
"W2541523414","topic:gender","title","gendered"
"W2541523414","topic:gender","abstract","feminist"
"W2541523414","topic:gender","abstract","gendered"
"W2541523414","topic:gender","abstract","gender"
"W2541523414","topic:gender","abstract","women"
"W2541523414","topic:religion","title","muslim"
"W2541523414","region:europe","abstract","europe"
"W2541523414","country:netherlands","title","netherlands"
"W2541523414","country:netherlands","abstract","netherlands"
"W2795371096","approach:discursive","abstract","laclau"
"W2922230753","topic:spatial","title","rural"
"W2922230753","topic:economy-welfare","abstract","economic crisis"
"W2922230753","topic:economy-welfare","abstract","austerity"
"W2922230753","country:spain","title","spain"
"W2922230753","region:europe","rule","from the country named"
"W2971641501","topic:parties","abstract","candidates"
"W2971641501","topic:parties","abstract","party systems"
"W2971641501","topic:parties","abstract","right wing populist"
"W2971641501","topic:parties","abstract","right wing populists"
"W2972352173","topic:economy-welfare","abstract","globalization"
"W2972352173","topic:economy-welfare","abstract","fiscal"
"W2972352173","country:hungary","title","orban"
"W2972352173","country:hungary","title","hungarian (+ political word)"
"W2972352173","region:europe","rule","from the country named"
"W2977735717","topic:parties","title","radical right"
"W2977735717","topic:parties","title","parties"
"W2977735717","topic:parties","abstract","radical right"
"W2977735717","topic:parties","abstract","parties"
"W2977735717","topic:parties","abstract","party"
"W2977735717","topic:voters","title","support for populist"
"W2977735717","topic:media-communication","title","media"
"W2977735717","topic:media-communication","abstract","media"
"W2977735717","method:quantitative","abstract","regression"
"W2977735717","country:germany","abstract","germany"
"W2977735717","country:germany","abstract","alternative for germany"
"W2977735717","country:germany","abstract","afd"
"W2977735717","region:europe","rule","from the country named"
"W3033956033","approach:other","abstract","definitions of populism"
"W3048952685","topic:religion","title","muslim"
"W3048952685","topic:religion","abstract","muslim"
"W3048952685","topic:religion","abstract","islamist"
"W3048952685","country:turkey","title","turkey"
"W3048952685","country:turkey","abstract","turkey"
"W3048952685","country:turkey","abstract","erdogan"
"W3048952685","country:turkey","abstract","turkish (+ political word)"
"W3048952685","region:europe","rule","from the country named"
"W3112592445","topic:parties","abstract","populist leader"
"W3112592445","topic:parties","abstract","party leadership"
"W3112592445","country:italy","title","italy"
"W3112592445","country:italy","title","berlusconi"
"W3112592445","country:italy","abstract","italy"
"W3112592445","country:italy","abstract","berlusconi"
"W3112592445","country:italy","abstract","salvini"
"W3112592445","country:italy","abstract","italian (+ political word)"
"W3112592445","region:europe","rule","from the country named"
"W3207675906","approach:ideational","abstract","populism as a thin"
"W3207675906","topic:voters","title","populist attitudes"
"W3207675906","topic:voters","abstract","populist attitudes"
"W3207675906","topic:voters","abstract","citizens"
"W4213261070","topic:parties","abstract","party"
"W4213261070","topic:voters","title","populist attitudes"
"W4213261070","topic:voters","abstract","citizens"
"W4213261070","topic:voters","abstract","attitudes"
"W4213261070","topic:voters","abstract","populist attitudes"
"W4213261070","topic:voters","abstract","voter"
"W4213261070","country:spain","title","spanish (+ political word)"
"W4213261070","region:europe","rule","from the country named"
"W4214928811","topic:democracy-institutions","abstract","authoritarian"
"W4214928811","topic:democracy-institutions","abstract","authoritarianism"
"W4225697218","topic:parties","title","parties"
"W4225697218","topic:parties","abstract","party"
"W4225697218","topic:parties","abstract","parties"
"W4225697218","method:quantitative","abstract","regression"
"W4225697218","method:survey","abstract","european social survey"
"W4225697218","region:europe","title","europe"
"W4234936896","todo:check-record","rule","DOI accepted by reading, not by the automatic rule"
"W4234936896","topic:parties","abstract","parties"
"W4234936896","region:europe","abstract","europe"
"W4234936896","country:united-kingdom","abstract","brexit"
"W4234936896","country:united-kingdom","abstract","uk"
"W4284880129","topic:parties","abstract","radical right"
"W4284880129","topic:parties","abstract","parties"
"W4284880129","country:germany","title","germany"
"W4284880129","country:germany","title","afd"
"W4284880129","country:germany","abstract","germany"
"W4284880129","country:germany","abstract","afd"
"W4284880129","region:europe","rule","from the country named"
"W4391384768","approach:ideational","abstract","ideational definition"
"W4391384768","approach:economic","abstract","economic populism"
"W4391384768","topic:government","title","populist rule"
"W4391384768","topic:government","abstract","populist rule"
"W4391384768","topic:government","abstract","populist governance"
"W4391384768","topic:government","abstract","populist governments"
"W4391384768","topic:economy-welfare","title","economy"
"W4391384768","topic:economy-welfare","abstract","economic"
"W4391384768","topic:economy-welfare","abstract","welfare"
"W4391384768","topic:economy-welfare","abstract","redistribution"
"W4391384768","topic:economy-welfare","abstract","redistributive"
"W4391384768","topic:economy-welfare","abstract","social policy"
"W4391384768","topic:economy-welfare","abstract","economy"
"W4391384768","country:hungary","title","hungary"
"W4391384768","country:hungary","abstract","hungary"
"W4391384768","country:poland","title","poland"
"W4391384768","country:poland","abstract","poland"
"W4391384768","region:europe","rule","from the country named"
"W4391817403","topic:parties","title","far right"
"W4391817403","topic:parties","abstract","far right"
"W4391817403","topic:parties","abstract","parties"
"W4391817403","topic:media-communication","abstract","communication"
"W4391817403","topic:media-communication","abstract","frames"
"W4391817403","topic:gender","title","anti gender"
"W4391817403","topic:gender","title","gender"
"W4391817403","topic:gender","abstract","anti gender"
"W4391817403","topic:gender","abstract","women"
"W4391817403","topic:gender","abstract","feminist"
"W4391817403","topic:gender","abstract","gender"
"W4391817403","topic:religion","title","catholicism"
"W4391817403","topic:migration","title","anti immigration"
"W4391817403","topic:migration","abstract","migrant"
"W4391817403","topic:migration","abstract","anti immigration"
"W4391817403","topic:migration","abstract","migration"
"W4391817403","region:europe","abstract","europe"
"W4391817403","country:italy","title","meloni"
"W4391817403","country:italy","abstract","italy"
"W4391817403","country:italy","abstract","meloni"
"W1874704610","approach:ideational","abstract","populism as an ideology"
"W1874704610","topic:parties","title","political leadership"
"W1874704610","topic:parties","abstract","populist leader"
"W1874704610","topic:parties","abstract","political leadership"
"W1974766602","topic:religion","title","secular"
"W1974766602","topic:religion","title","muslim"
"W1974766602","topic:religion","title","secularism"
"W1974766602","topic:religion","abstract","secular"
"W1974766602","topic:religion","abstract","islamic"
"W1974766602","topic:religion","abstract","secularism"
"W1974766602","method:qualitative","abstract","qualitative"
"W1974766602","method:qualitative","abstract","discourse analysis"
"W1974766602","country:france","title","france"
"W1974766602","region:europe","rule","from the country named"
"W2118290726","topic:spatial","title","spatial"
"W2118290726","topic:economy-welfare","title","neoliberalism"
"W2118290726","country:taiwan","title","taiwan"
"W2118290726","region:asia-pacific","rule","from the country named"
"W2548687781","topic:parties","title","party"
"W2548687781","topic:parties","abstract","right wing populist"
"W2548687781","topic:parties","abstract","parties"
"W2548687781","topic:parties","abstract","party"
"W2806407261","topic:parties","title","right wing populism"
"W2806407261","topic:parties","abstract","parties"
"W2806407261","topic:parties","abstract","right wing populism"
"W2806407261","topic:parties","abstract","right wing populists"
"W2806407261","topic:migration","abstract","nativist"
"W2806407261","topic:migration","abstract","immigration"
"W2806407261","country:portugal","abstract","portugal"
"W2806407261","country:portugal","abstract","portuguese (+ political word)"
"W2806407261","region:europe","rule","from the country named"
"W2886240460","topic:parties","title","populist right"
"W2886240460","country:poland","title","poland"
"W2886240460","region:europe","rule","from the country named"
"W2909297410","topic:parties","title","parties"
"W2909297410","topic:parties","abstract","parties"
"W2909297410","topic:parties","abstract","manifestos"
"W2909297410","topic:media-communication","abstract","rhetoric"
"W2909297410","topic:media-communication","abstract","rhetorical"
"W2909297410","region:europe","abstract","european"
"W2909297410","region:europe","abstract","southern european"
"W2909297410","country:portugal","title","portuguese (+ political word)"
"W2909297410","country:portugal","abstract","portugal"
"W2909297410","country:portugal","abstract","portuguese (+ political word)"
"W3006243999","topic:defence-security","title","militarism"
"W3006243999","method:qualitative","abstract","interviews"
"W3006243999","country:united-states","abstract","united states"
"W3006243999","country:united-states","abstract","u s"
"W3006243999","region:north-america","rule","from the country named"
"W3044673335","topic:parties","title","radical right"
"W3044673335","topic:parties","abstract","radical right"
"W3044673335","topic:parties","abstract","parties"
"W3044673335","topic:parties","abstract","party leaders"
"W3044673335","topic:voters","abstract","voter"
"W3044673335","topic:voters","abstract","voting behavior"
"W3044673335","topic:voters","abstract","voters"
"W3044673335","topic:voters","abstract","support for populist"
"W3044673335","method:survey","abstract","election studies"
"W3044673335","region:europe","title","western europe"
"W3177664365","topic:religion","title","hindu"
"W3177664365","country:india","title","india"
"W3177664365","region:asia-pacific","rule","from the country named"
"W3183807072","topic:parties","title","left wing populist"
"W3183807072","topic:parties","title","parties"
"W3183807072","topic:parties","abstract","left wing populist"
"W3183807072","topic:parties","abstract","parties"
"W3183807072","topic:parties","abstract","populist right"
"W3183807072","topic:parties","abstract","populist left"
"W3183807072","topic:parties","abstract","party"
"W3183807072","topic:economy-welfare","abstract","economic"
"W3183807072","topic:economy-welfare","abstract","inequality"
"W3183807072","country:germany","title","germany"
"W3183807072","country:germany","abstract","germany"
"W3183807072","country:germany","abstract","afd"
"W3183807072","region:europe","rule","from the country named"
"W3189243650","todo:check-outlet","journal","Journal of Democracy"
"W3189243650","topic:parties","abstract","parties"
"W3189243650","topic:parties","abstract","candidates"
"W3189243650","topic:voters","abstract","voters"
"W3189243650","region:latin-america","title","latin america"
"W3189243650","country:peru","title","peru"
"W3189243650","country:peru","abstract","peru"
"W3189243650","country:peru","abstract","fujimori"
"W4200493707","topic:voters","abstract","citizens"
"W4200493707","topic:voters","abstract","populist attitudes"
"W4200493707","region:europe","title","european"
"W4200493707","region:europe","abstract","europe"
"W4200493707","region:europe","abstract","eu"
"W4210579999","approach:ideational","abstract","ideational perspective"
"W4210579999","topic:parties","title","party"
"W4210579999","topic:parties","abstract","party"
"W4210579999","topic:parties","abstract","parties"
"W4210579999","method:quantitative","abstract","expert survey"
"W4318184591","approach:economic","abstract","economic populism"
"W4318184591","topic:voters","abstract","attitudes"
"W4318184591","topic:voters","abstract","respondents"
"W4318184591","topic:voters","abstract","supporters"
"W4318184591","topic:economy-welfare","abstract","economic"
"W4318184591","method:experiment","abstract","survey experiments"
"W4318184591","country:united-states","abstract","trump"
"W4318184591","country:united-states","abstract","us"
"W4318184591","country:china","abstract","china"
"W4318184591","region:north-america","rule","from the country named"
"W4318184591","region:asia-pacific","rule","from the country named"
"W4362608423","topic:parties","title","right wing populist"
"W4362608423","topic:parties","abstract","right wing populist"
"W4362608423","topic:parties","abstract","parties"
"W4362608423","topic:parties","abstract","right wing populists"
"W4362608423","topic:government","title","populist governments"
"W4362608423","topic:government","abstract","populist government"
"W4362608423","topic:government","abstract","populist governments"
"W4362608423","method:qualitative","abstract","interview"
"W4406334646","topic:parties","title","parties"
"W4406334646","topic:parties","title","radical right"
"W4406334646","topic:parties","abstract","party"
"W4406334646","topic:parties","abstract","parties"
"W4406334646","topic:parties","abstract","radical right"
"W4406334646","topic:parties","abstract","left wing populism"
"W4406334646","topic:media-communication","title","misinformation"
"W4406334646","topic:media-communication","abstract","misinformation"
"W4406334646","topic:media-communication","abstract","tweets"
"W1576325157","topic:media-communication","abstract","media"
"W1576325157","method:qualitative","abstract","critical discourse analysis"
"W1576325157","country:turkey","abstract","turkey"
"W1576325157","country:turkey","abstract","turkish (+ political word)"
"W1576325157","region:europe","rule","from the country named"
"W1975553869","todo:check-outlet","journal","SAIS Review of International Affairs"
"W1975553869","topic:parties","abstract","parties"
"W1975553869","topic:parties","abstract","party systems"
"W1975553869","topic:migration","abstract","xenophobic"
"W1975553869","topic:migration","abstract","anti immigrant"
"W1975553869","region:europe","title","europe"
"W1975553869","region:europe","abstract","europe"
"W1975553869","region:europe","abstract","european"
"W1992723983","country:brazil","title","brazil"
"W1992723983","region:latin-america","rule","from the country named"
"W2015765444","country:belgium","title","flanders"
"W2015765444","country:belgium","title","belgium"
"W2015765444","region:europe","rule","from the country named"
"W2313707735","country:japan","title","japan"
"W2313707735","country:japan","abstract","japanese (+ political word)"
"W2313707735","region:asia-pacific","rule","from the country named"
"W2597758793","topic:economy-welfare","abstract","globalisation"
"W2597758793","topic:economy-welfare","abstract","neoliberalism"
"W2597758793","topic:economy-welfare","abstract","economic"
"W2597758793","topic:economy-welfare","abstract","inequalities"
"W2729966955","topic:defence-security","abstract","military"
"W2729966955","topic:government","abstract","in power"
"W2729966955","topic:government","abstract","populist presidents"
"W2729966955","region:latin-america","title","latin america"
"W2729966955","country:argentina","abstract","peronism"
"W2729966955","country:argentina","abstract","peron"
"W2729966955","country:venezuela","abstract","chavez"
"W2755242486","topic:parties","title","populist right"
"W2755242486","topic:parties","title","parties"
"W2755242486","topic:parties","abstract","populist right"
"W2755242486","topic:parties","abstract","parties"
"W2755242486","topic:voters","title","electoral support"
"W2755242486","topic:voters","abstract","electoral support"
"W2755242486","topic:voters","abstract","support for populist"
"W2755242486","topic:economy-welfare","title","welfare"
"W2755242486","topic:economy-welfare","abstract","welfare"
"W2755242486","topic:economy-welfare","abstract","labor market"
"W2755242486","topic:migration","title","refugee"
"W2755242486","topic:migration","abstract","refugee"
"W2755242486","topic:migration","abstract","refugees"
"W2755242486","method:quantitative","abstract","panel data"
"W2791771513","topic:economy-welfare","title","neoliberal"
"W2791771513","topic:economy-welfare","title","economic"
"W2791771513","topic:economy-welfare","abstract","neoliberal"
"W2791771513","topic:economy-welfare","abstract","inequality"
"W2791771513","topic:economy-welfare","abstract","economic"
"W2791771513","topic:economy-welfare","abstract","welfare"
"W2791771513","country:united-states","title","us"
"W2791771513","country:united-states","abstract","united states"
"W2791771513","country:united-states","abstract","us"
"W2791771513","country:united-states","abstract","usa"
"W2791771513","country:united-states","abstract","american (+ political word)"
"W2791771513","region:north-america","rule","from the country named"
"W2811307302","topic:international","title","liberal order"
"W2811307302","topic:international","abstract","international order"
"W2811307302","topic:economy-welfare","abstract","trade policies"
"W2811307302","topic:economy-welfare","abstract","tariff"
"W2811307302","topic:economy-welfare","abstract","economy"
"W2811307302","topic:migration","abstract","immigration"
"W2811307302","region:europe","abstract","europe"
"W2811307302","region:europe","abstract","european"
"W2811307302","country:japan","title","japan"
"W2811307302","country:japan","abstract","japan"
"W2811307302","country:japan","abstract","japanese (+ political word)"
"W2811307302","region:asia-pacific","rule","from the country named"
"W2891220364","region:europe","title","european"
"W2892529781","topic:parties","abstract","party"
"W2892529781","topic:parties","abstract","partisan"
"W2892529781","topic:government","title","in government"
"W2892529781","country:italy","abstract","five star movement"
"W2892529781","country:italy","abstract","berlusconi"
"W2892529781","country:italy","abstract","di maio"
"W2892529781","country:italy","abstract","salvini"
"W2892529781","country:italy","abstract","italian (+ political word)"
"W2892529781","region:europe","rule","from the country named"
"W2914157852","topic:parties","title","right wing populism"
"W2914157852","topic:media-communication","title","facebook"
"W2914157852","country:france","title","french (+ political word)"
"W2914157852","region:europe","rule","from the country named"
"W2946051686","approach:discursive","abstract","laclau"
"W2946547638","region:europe","title","europe"
"W2979734822","topic:parties","title","radical right"
"W2979734822","topic:parties","title","party"
"W2979734822","topic:parties","abstract","radical right"
"W2979734822","topic:parties","abstract","parties"
"W2979734822","topic:parties","abstract","party"
"W2979734822","topic:voters","title","voter"
"W2979734822","topic:voters","abstract","voter"
"W2979734822","topic:voters","abstract","voters"
"W2979734822","topic:migration","abstract","nativism"
"W2979734822","topic:migration","abstract","immigration"
"W2979734822","topic:democracy-institutions","abstract","authoritarianism"
"W2979734822","topic:democracy-institutions","abstract","authoritarian"
"W2979734822","region:europe","title","western europe"
"W2979734822","region:europe","abstract","european"
"W3080341811","topic:voters","title","populist attitudes"
"W3080341811","topic:voters","title","citizens"
"W3080341811","topic:voters","abstract","voters"
"W3080341811","topic:voters","abstract","populist attitudes"
"W3080341811","topic:democracy-institutions","title","liberal democracy"
"W3080341811","topic:democracy-institutions","abstract","populism and democracy"
"W3080341811","topic:democracy-institutions","abstract","rule of law"
"W3080341811","topic:democracy-institutions","abstract","liberal democracy"
"W3119734776","topic:parties","title","parties"
"W3119734776","topic:parties","abstract","parties"
"W3119734776","topic:spatial","abstract","places that don t matter"
"W3119734776","topic:spatial","abstract","spatial"
"W3119734776","topic:spatial","abstract","urban rural"
"W3119734776","country:italy","title","italian (+ political word)"
"W3119734776","country:italy","abstract","italy"
"W3119734776","country:italy","abstract","lega"
"W3119734776","country:italy","abstract","movimento 5 stelle"
"W3119734776","country:italy","abstract","m5s"
"W3119734776","region:europe","rule","from the country named"
"W3183886286","topic:parties","title","radical right"
"W3183886286","topic:parties","abstract","radical right"
"W3183886286","topic:parties","abstract","parties"
"W3183886286","topic:parties","abstract","party"
"W3183886286","method:qualitative","abstract","interview"
"W3183886286","method:quantitative","abstract","expert surveys"
"W3183886286","country:denmark","title","denmark"
"W3183886286","country:denmark","abstract","denmark"
"W3183886286","country:denmark","abstract","danish people s party"
"W3183886286","country:denmark","abstract","dansk folkeparti"
"W3183886286","country:denmark","abstract","danish (+ political word)"
"W3183886286","country:sweden","title","sweden"
"W3183886286","country:sweden","abstract","sweden"
"W3183886286","country:sweden","abstract","sweden democrats"
"W3183886286","country:sweden","abstract","sverigedemokraterna"
"W3183886286","region:europe","rule","from the country named"
"W3199362673","topic:religion","title","religion"
"W3199362673","topic:religion","title","islamist"
"W3199362673","topic:religion","abstract","religion"
"W3199362673","topic:religion","abstract","islamist"
"W3199362673","topic:religion","abstract","islamism"
"W3199362673","topic:religion","abstract","religious"
"W3199362673","method:qualitative","abstract","discourse analysis"
"W3199362673","country:pakistan","title","pakistan"
"W3199362673","country:pakistan","title","imran khan"
"W3199362673","country:pakistan","abstract","pakistan"
"W3199362673","country:pakistan","abstract","imran khan"
"W3199362673","region:asia-pacific","rule","from the country named"
"W3203540148","topic:parties","abstract","party"
"W3203540148","topic:parties","abstract","partisan"
"W3203540148","topic:parties","abstract","parties"
"W3203540148","region:europe","title","europe"
"W3203540148","country:italy","title","northern league"
"W3203540148","country:italy","abstract","lega nord"
"W3203540148","country:italy","abstract","northern league"
"W3203540148","country:italy","abstract","salvini"
"W3203540148","country:italy","abstract","lega"
"W3208120998","topic:parties","abstract","parties"
"W3208120998","topic:parties","abstract","party"
"W3208120998","topic:migration","title","migration"
"W3208120998","country:italy","abstract","italy"
"W3208120998","country:italy","abstract","lega"
"W3208120998","country:italy","abstract","italian (+ political word)"
"W3208120998","region:europe","rule","from the country named"
"W3211636242","topic:voters","abstract","public support"
"W3211636242","topic:voters","abstract","populist attitudes"
"W3211636242","topic:voters","abstract","supporters"
"W3211636242","method:survey","title","panel survey"
"W3211636242","method:survey","abstract","panel surveys"
"W3213926024","topic:parties","abstract","populist movements"
"W3213926024","topic:parties","abstract","political leader"
"W3213926024","topic:parties","abstract","populist leaders"
"W3213926024","topic:voters","title","supporters"
"W3213926024","topic:voters","abstract","supporters"
"W3213926024","topic:media-communication","abstract","tweets"
"W3213926024","topic:media-communication","abstract","rhetoric"
"W3213926024","country:united-states","title","trump"
"W3213926024","region:north-america","rule","from the country named"
"W4255959845","topic:economy-welfare","abstract","economic"
"W4255959845","topic:economy-welfare","abstract","globalization"
"W4255959845","topic:democracy-institutions","title","liberal democracy"
"W4255959845","country:united-kingdom","abstract","brexit"
"W4255959845","country:united-kingdom","abstract","uk"
"W4255959845","country:united-states","abstract","trump"
"W4255959845","country:united-states","abstract","us"
"W4255959845","region:europe","rule","from the country named"
"W4255959845","region:north-america","rule","from the country named"
"W4289525165","topic:parties","title","radical right"
"W4289525165","topic:parties","abstract","radical right"
"W4289525165","topic:parties","abstract","party"
"W4289525165","topic:spatial","title","subnational"
"W4289525165","country:italy","title","italian (+ political word)"
"W4289525165","country:italy","abstract","italy"
"W4289525165","country:italy","abstract","meloni"
"W4289525165","country:italy","abstract","brothers of italy"
"W4289525165","country:italy","abstract","salvini"
"W4289525165","country:italy","abstract","italian (+ political word)"
"W4289525165","region:europe","rule","from the country named"
"W4315778520","topic:international","title","brexit"
"W4315778520","topic:international","abstract","european union"
"W4315778520","topic:international","abstract","brexit"
"W4315778520","topic:international","abstract","eu"
"W4315778520","topic:international","abstract","european integration"
"W4315778520","topic:media-communication","abstract","newspapers"
"W4315778520","topic:media-communication","abstract","rhetoric"
"W4315778520","topic:media-communication","abstract","media"
"W4315778520","topic:migration","abstract","migrants"
"W4315778520","topic:migration","abstract","immigrants"
"W4315778520","topic:migration","abstract","nativism"
"W4315778520","topic:democracy-institutions","title","referendum"
"W4315778520","topic:democracy-institutions","abstract","referendum"
"W4315778520","method:qualitative","abstract","critical discourse analysis"
"W4315778520","region:europe","abstract","european"
"W4315778520","region:europe","abstract","eastern european"
"W4315778520","region:europe","abstract","eu"
"W4315778520","country:united-kingdom","title","uk"
"W4315778520","country:united-kingdom","title","brexit"
"W4315778520","country:united-kingdom","abstract","uk"
"W4315778520","country:united-kingdom","abstract","brexit"
"W4324026111","topic:media-communication","title","rhetoric"
"W4324026111","topic:media-communication","abstract","rhetoric"
"W4324026111","topic:media-communication","abstract","frames"
"W4324026111","topic:gender","title","lgbtq"
"W4324026111","topic:gender","abstract","lgbtq"
"W4324026111","method:qualitative","abstract","interviews"
"W4324026111","method:qualitative","abstract","critical discourse analysis"
"W4324026111","country:hungary","title","hungary"
"W4324026111","country:hungary","title","orban"
"W4324026111","country:hungary","title","hungarian (+ political word)"
"W4324026111","country:hungary","abstract","orban"
"W4324026111","country:hungary","abstract","hungarian (+ political word)"
"W4324026111","region:europe","rule","from the country named"
"W4391293343","topic:parties","abstract","candidate"
"W4391293343","topic:parties","abstract","populist politicians"
"W4391293343","topic:media-communication","abstract","media"
"W4391293343","topic:media-communication","abstract","communication"
"W4391293343","country:united-states","abstract","trump"
"W4391293343","country:united-states","abstract","u s"
"W4391293343","region:north-america","rule","from the country named"
"W2004019491","topic:gender","title","women"
"W2004019491","topic:gender","abstract","women"
"W2004019491","topic:gender","abstract","feminist"
"W2004019491","country:peru","title","peru"
"W2004019491","country:peru","title","fujimori"
"W2004019491","country:peru","abstract","fujimori"
"W2004019491","country:peru","abstract","peruvian (+ political word)"
"W2004019491","region:latin-america","rule","from the country named"
"W2036638285","topic:economy-welfare","title","redistribution"
"W2036638285","topic:economy-welfare","title","economy"
"W2036638285","region:latin-america","title","latin america"
"W2049403094","todo:check-outlet","journal","Western Political Quarterly (on none of the journal lists that OpenAlex records)"
"W2120858160","country:venezuela","title","venezuela"
"W2120858160","country:venezuela","abstract","venezuela"
"W2120858160","country:venezuela","abstract","chavez"
"W2120858160","region:latin-america","rule","from the country named"
"W2609492268","topic:international","title","brexit"
"W2609492268","country:united-kingdom","title","brexit"
"W2609492268","country:united-states","title","trump"
"W2609492268","region:europe","rule","from the country named"
"W2609492268","region:north-america","rule","from the country named"
"W2751962297","topic:economy-welfare","abstract","economic"
"W2751962297","region:latin-america","title","latin america"
"W2751962297","country:united-states","title","trump"
"W2751962297","country:united-states","abstract","trump"
"W2751962297","country:united-states","abstract","american (+ political word)"
"W2751962297","country:ecuador","abstract","ecuador"
"W2751962297","country:ecuador","abstract","correa"
"W2751962297","country:venezuela","abstract","venezuela"
"W2751962297","country:venezuela","abstract","chavez"
"W2751962297","region:north-america","rule","from the country named"
"W2765253319","topic:media-communication","title","journalism"
"W2765253319","topic:media-communication","abstract","journalists"
"W2765253319","topic:media-communication","abstract","journalism"
"W2765253319","country:united-states","title","trump"
"W2765253319","country:united-states","abstract","us"
"W2765253319","country:united-states","abstract","trump"
"W2765253319","region:north-america","rule","from the country named"
"W2796120350","todo:check-outlet","journal","The Journal of Negro History (on none of the journal lists that OpenAlex records)"
"W2808542627","topic:parties","title","radical right"
"W2808542627","topic:parties","abstract","radical right"
"W2808542627","topic:parties","abstract","parties"
"W2808542627","topic:parties","abstract","party"
"W2808542627","topic:parties","abstract","manifestos"
"W2808542627","topic:economy-welfare","title","social policy"
"W2808542627","topic:economy-welfare","abstract","welfare"
"W2808542627","topic:economy-welfare","abstract","social policy"
"W2808542627","topic:media-communication","title","framing"
"W2808542627","topic:media-communication","abstract","framing"
"W2808542627","region:europe","abstract","northern european"
"W2808542627","region:europe","abstract","eastern europe"
"W2808542627","region:europe","abstract","northern europe"
"W2808542627","country:hungary","title","hungary"
"W2808542627","country:hungary","abstract","hungary"
"W2808542627","country:hungary","abstract","fidesz"
"W2808542627","country:hungary","abstract","jobbik"
"W2884828123","topic:international","title","eu"
"W2884828123","topic:international","abstract","european union"
"W2884828123","topic:international","abstract","eu"
"W2884828123","topic:parties","title","right wing populism"
"W2884828123","topic:parties","abstract","populist movements"
"W2884828123","topic:parties","abstract","right wing populism"
"W2884828123","topic:parties","abstract","parties"
"W2884828123","topic:religion","abstract","islam"
"W2884828123","topic:migration","abstract","immigration"
"W2884828123","topic:migration","abstract","migration"
"W2884828123","topic:migration","abstract","refugees"
"W2884828123","topic:migration","abstract","migrants"
"W2884828123","method:qualitative","abstract","fieldwork"
"W2884828123","region:europe","title","europe"
"W2884828123","region:europe","title","eu"
"W2884828123","region:europe","abstract","european"
"W2884828123","region:europe","abstract","europe"
"W2884828123","region:europe","abstract","eu"
"W2884828123","country:turkey","title","turkey"
"W2884828123","country:turkey","abstract","turkey"
"W2899445354","topic:parties","title","populist right"
"W2899445354","topic:parties","title","parties"
"W2899445354","topic:parties","title","party"
"W2899445354","topic:parties","abstract","populist right"
"W2899445354","topic:parties","abstract","parties"
"W2899445354","topic:parties","abstract","candidate"
"W2899445354","topic:parties","abstract","party"
"W2899445354","topic:voters","title","electoral support"
"W2899445354","topic:voters","abstract","support for populist"
"W2899445354","topic:voters","abstract","voters"
"W2899445354","topic:voters","abstract","electoral support"
"W2899445354","method:survey","abstract","election study"
"W2899445354","region:europe","title","eastern europe"
"W2899445354","country:estonia","title","estonia"
"W2899445354","country:estonia","abstract","estonia"
"W2899445354","country:estonia","abstract","estonian (+ political word)"
"W2904609945","topic:voters","title","populist attitudes"
"W2904609945","topic:voters","abstract","demand side"
"W2904609945","topic:voters","abstract","citizens"
"W2904609945","topic:voters","abstract","support for populist"
"W2904609945","topic:voters","abstract","attitudes"
"W2904609945","topic:voters","abstract","populist attitudes"
"W2904609945","method:survey","abstract","representative survey"
"W2904609945","country:switzerland","title","switzerland"
"W2904609945","country:switzerland","abstract","swiss (+ political word)"
"W2904609945","region:europe","rule","from the country named"
"W2909046043","approach:performative","title","political style"
"W2909046043","approach:performative","abstract","performative"
"W2909046043","topic:media-communication","title","communication"
"W2909046043","topic:media-communication","abstract","communication"
"W2936719553","topic:parties","title","parties"
"W2936719553","country:croatia","title","croatia"
"W2936719553","country:serbia","title","serbia"
"W2936719553","region:europe","rule","from the country named"
"W2966750755","approach:political-strategic","abstract","plebiscitarian"
"W2966750755","topic:parties","title","radical right"
"W2966750755","topic:parties","abstract","radical right"
"W2966750755","topic:parties","abstract","parties"
"W2966750755","topic:parties","abstract","party"
"W2966750755","method:qualitative","abstract","qualitative"
"W2966750755","region:europe","title","western europe"
"W2970310378","approach:other","abstract","conceptions of populism"
"W2970310378","topic:gender","title","feminist"
"W2970310378","topic:gender","abstract","feminist"
"W2970310378","topic:gender","abstract","feminism"
"W2970310378","topic:gender","abstract","feminists"
"W2981888024","approach:discursive","abstract","discursively construct"
"W2981888024","approach:performative","abstract","populist style"
"W2981888024","region:europe","title","europe"
"W3003775298","approach:discursive","abstract","laclau"
"W3003775298","topic:parties","title","social movements"
"W3003775298","topic:parties","abstract","party"
"W3003775298","method:qualitative","abstract","semi structured"
"W3003775298","method:qualitative","abstract","interviews"
"W3003775298","country:spain","title","indignados"
"W3003775298","country:spain","title","podemos"
"W3003775298","country:spain","abstract","spain"
"W3003775298","country:spain","abstract","podemos"
"W3003775298","region:europe","rule","from the country named"
"W3081308774","approach:socio-cultural","abstract","socio cultural approach"
"W3082045874","topic:parties","title","partisanship"
"W3082045874","topic:parties","abstract","partisanship"
"W3082045874","topic:parties","abstract","partisans"
"W3082045874","topic:parties","abstract","party"
"W3082045874","topic:voters","title","support for populism"
"W3082045874","topic:voters","abstract","populist attitudes"
"W3082045874","topic:voters","abstract","public opinion"
"W3082045874","topic:voters","abstract","support for populism"
"W3082045874","topic:government","title","populism in power"
"W3082045874","topic:government","abstract","populism in power"
"W3082045874","topic:government","abstract","in power"
"W3082045874","method:survey","abstract","survey evidence"
"W3089928967","topic:economy-welfare","title","neoliberalism"
"W3089928967","topic:democracy-institutions","title","autocratization"
"W3089928967","topic:democracy-institutions","abstract","democratization"
"W3089928967","topic:democracy-institutions","abstract","autocratization"
"W3089928967","topic:democracy-institutions","abstract","authoritarian"
"W3089928967","topic:democracy-institutions","abstract","authoritarianism"
"W3089928967","country:turkey","title","turkey"
"W3089928967","country:turkey","abstract","turkey"
"W3089928967","country:turkey","abstract","justice and development party"
"W3089928967","country:turkey","abstract","turkish (+ political word)"
"W3089928967","region:europe","rule","from the country named"
"W3111055392","topic:parties","title","right wing populism"
"W3111055392","topic:parties","abstract","right wing populism"
"W3111055392","topic:parties","abstract","right wing populist"
"W3120835274","topic:gender","title","masculinities"
"W3120835274","topic:gender","abstract","gender"
"W3120835274","topic:gender","abstract","masculinity"
"W3120835274","topic:gender","abstract","masculinities"
"W3120835274","topic:gender","abstract","masculine"
"W3120835274","country:united-kingdom","title","britain"
"W3120835274","region:europe","rule","from the country named"
"W3156022915","topic:voters","title","supporters"
"W3156022915","topic:voters","abstract","supporters"
"W3156022915","topic:media-communication","abstract","media"
"W3156022915","topic:media-communication","abstract","communication"
"W3162159387","topic:international","title","eu"
"W3162159387","topic:international","abstract","eu"
"W3162159387","topic:parties","title","parties"
"W3162159387","topic:parties","abstract","parties"
"W3162159387","topic:parties","abstract","right wing populist"
"W3162159387","topic:parties","abstract","left wing populist"
"W3162159387","topic:government","title","in government"
"W3162159387","topic:government","abstract","in government"
"W3162159387","topic:government","abstract","in power"
"W3162159387","topic:government","abstract","populist government"
"W3162159387","topic:government","abstract","populist governments"
"W3162159387","region:europe","title","eu"
"W3162159387","region:europe","abstract","eastern europe"
"W3162159387","region:europe","abstract","southern europe"
"W3162159387","region:europe","abstract","eu"
"W3205849342","approach:discursive","abstract","poststructuralist"
"W3205849342","topic:parties","title","radical right"
"W3205849342","topic:parties","abstract","radical right"
"W3205849342","topic:parties","abstract","parties"
"W3205849342","topic:parties","abstract","party"
"W3205849342","topic:gender","title","gender"
"W3205849342","topic:gender","abstract","gender"
"W3205849342","topic:religion","title","religion"
"W3205849342","topic:religion","abstract","religion"
"W3205849342","topic:religion","abstract","christianity"
"W3205849342","topic:religion","abstract","secularised"
"W3205849342","topic:religion","abstract","secular"
"W3205849342","region:europe","title","nordic"
"W3205849342","country:finland","abstract","finland"
"W3205849342","country:finland","abstract","finns party"
"W3205849342","country:finland","abstract","perussuomalaiset"
"W3205849342","country:sweden","abstract","sweden"
"W3205849342","country:sweden","abstract","sweden democrats"
"W3205849342","country:sweden","abstract","sverigedemokraterna"
"W4213020269","topic:media-communication","title","fake news"
"W4213020269","topic:media-communication","title","misinformation"
"W4213020269","topic:media-communication","abstract","fake news"
"W4213020269","topic:media-communication","abstract","disinformation"
"W4213020269","topic:media-communication","abstract","misinformation"
"W4213020269","topic:media-communication","abstract","communication"
"W4220678058","topic:parties","title","right wing populist"
"W4220678058","topic:parties","abstract","right wing populist"
"W4220678058","topic:parties","abstract","parties"
"W4220678058","method:qualitative","abstract","critical discourse analysis"
"W4220678058","region:europe","title","european"
"W4220678058","region:europe","abstract","european"
"W4220678058","region:europe","abstract","europe"
"W4221074330","topic:parties","title","right wing populists"
"W4221074330","topic:parties","abstract","right wing populists"
"W4221074330","topic:parties","abstract","right wing populist"
"W4221074330","topic:parties","abstract","parties"
"W4221074330","topic:economy-welfare","title","economic"
"W4221074330","topic:economy-welfare","abstract","economic"
"W4221074330","country:germany","abstract","germany"
"W4221074330","country:germany","abstract","afd"
"W4221074330","region:europe","rule","from the country named"
"W4223637274","approach:ideational","abstract","thin ideology"
"W4223637274","topic:voters","abstract","attitudes"
"W4240945425","topic:economy-welfare","title","economic"
"W4240945425","topic:economy-welfare","abstract","financial crisis"
"W4240945425","topic:economy-welfare","abstract","economic"
"W4240945425","topic:economy-welfare","abstract","economy"
"W4240945425","country:united-states","abstract","us"
"W4240945425","country:united-states","abstract","trump"
"W4240945425","region:north-america","rule","from the country named"
"W4282552716","topic:parties","title","right wing populism"
"W4282552716","topic:voters","abstract","attitudes"
"W4282552716","topic:voters","abstract","voter"
"W4282552716","topic:voters","abstract","support for populist"
"W4282552716","topic:economy-welfare","title","economic"
"W4282552716","topic:economy-welfare","abstract","economic"
"W4282552716","topic:economy-welfare","abstract","inequality"
"W4292411517","topic:parties","abstract","populist politicians"
"W4292411517","topic:parties","abstract","parties"
"W4292411517","topic:parties","abstract","party systems"
"W4292411517","topic:parties","abstract","radical right"
"W4292411517","topic:parties","abstract","party"
"W4292411517","topic:migration","abstract","migration"
"W4292411517","topic:migration","abstract","nativist"
"W4292411517","region:europe","title","european"
"W4292411517","country:czech-republic","title","czech (+ political word)"
"W4292411517","country:czech-republic","abstract","czech republic"
"W4292411517","country:czech-republic","abstract","czech (+ political word)"
"W4308885757","topic:international","abstract","transnational"
"W4308885757","topic:international","abstract","transnationalism"
"W4308885757","topic:international","abstract","transnationally"
"W4308885757","topic:parties","abstract","parties"
"W4308885757","topic:migration","title","migrants"
"W4308885757","topic:migration","abstract","migrant"
"W4308885757","topic:migration","abstract","migrants"
"W4308885757","topic:migration","abstract","migratory"
"W4320913050","topic:parties","abstract","party"
"W4320913050","topic:parties","abstract","parties"
"W4320913050","topic:economy-welfare","title","economic"
"W4320913050","topic:economy-welfare","abstract","economic"
"W4320913050","topic:economy-welfare","abstract","inequality"
"W4320913050","method:survey","abstract","european social survey"
"W4320913050","region:europe","title","europe"
"W4320913050","region:europe","abstract","europe"
"W4320913050","region:europe","abstract","european"
"W1997879376","country:india","title","india"
"W1997879376","region:asia-pacific","rule","from the country named"
"W2059641780","topic:parties","title","parties"
"W2059641780","topic:parties","title","right wing populist"
"W2059641780","topic:parties","abstract","parties"
"W2059641780","topic:parties","abstract","right wing populist"
"W2059641780","topic:parties","abstract","party"
"W2059641780","topic:economy-welfare","abstract","economic"
"W2059641780","country:united-states","abstract","usa"
"W2059641780","country:united-states","abstract","tea party"
"W2059641780","country:united-states","abstract","obama"
"W2059641780","region:north-america","rule","from the country named"
"W2090268626","topic:economy-welfare","abstract","economic"
"W2090268626","topic:economy-welfare","abstract","protectionism"
"W2090268626","region:europe","title","european"
"W2090268626","region:europe","abstract","western europe"
"W2090268626","region:europe","abstract","eastern europe"
"W2090268626","country:ukraine","title","ukraine"
"W2164861374","topic:gender","title","gender"
"W2164861374","topic:gender","abstract","gender"
"W2530635846","approach:ideational","abstract","thin centered"
"W2530635846","topic:parties","title","parties"
"W2530635846","topic:parties","abstract","parties"
"W2530635846","topic:government","title","incumbent"
"W2530635846","topic:government","abstract","incumbent"
"W2530635846","topic:religion","title","islamic"
"W2530635846","topic:religion","abstract","islamic"
"W2530635846","topic:religion","abstract","secular"
"W2530635846","topic:religion","abstract","islam"
"W2530635846","country:turkey","title","turkey"
"W2530635846","country:turkey","abstract","turkey"
"W2530635846","country:turkey","abstract","akp"
"W2530635846","country:morocco","title","morocco"
"W2530635846","region:europe","rule","from the country named"
"W2530635846","region:mena","rule","from the country named"
"W2767832895","topic:parties","abstract","parties"
"W2767832895","topic:parties","abstract","populist movement"
"W2767832895","region:europe","title","nordic"
"W2892318130","topic:parties","title","radical right"
"W2892318130","topic:parties","title","party"
"W2892318130","country:denmark","title","denmark"
"W2892318130","region:europe","rule","from the country named"
"W2962740339","approach:measurement","abstract","operationalizing populist"
"W2962740339","topic:voters","title","citizens"
"W3034771662","topic:parties","title","party"
"W3034771662","topic:parties","abstract","party"
"W3034771662","topic:gender","title","feminist"
"W3034771662","topic:gender","abstract","feminist"
"W3034771662","topic:gender","abstract","gendered"
"W3034771662","topic:gender","abstract","gender"
"W3034771662","topic:gender","abstract","masculine"
"W3034771662","country:spain","title","podemos"
"W3034771662","country:spain","title","spanish (+ political word)"
"W3034771662","country:spain","abstract","podemos"
"W3034771662","country:spain","abstract","spanish (+ political word)"
"W3034771662","region:europe","rule","from the country named"
"W3044793119","topic:democracy-institutions","abstract","authoritarian"
"W3044793119","country:spain","title","spain"
"W3044793119","country:united-kingdom","title","uk"
"W3044793119","country:canada","title","canada"
"W3044793119","country:united-states","title","us"
"W3044793119","country:chile","title","chile"
"W3044793119","region:global","rule","three or more regions named: europe, north-america, latin-america"
"W3093231576","topic:parties","title","far right"
"W3093231576","topic:parties","abstract","right wing populist"
"W3093231576","topic:parties","abstract","parties"
"W3093231576","topic:parties","abstract","far right"
"W3093231576","topic:media-communication","title","frames"
"W3093231576","topic:media-communication","title","twitter"
"W3093231576","topic:media-communication","abstract","tweets"
"W3093231576","topic:media-communication","abstract","twitter"
"W3093231576","topic:media-communication","abstract","frames"
"W3093231576","region:europe","abstract","europe"
"W3093231576","region:europe","abstract","european"
"W3093231576","country:germany","title","german (+ political word)"
"W3119006214","topic:media-communication","abstract","communication"
"W3119006214","topic:media-communication","abstract","rhetoric"
"W3119006214","country:united-states","title","trump"
"W3119006214","country:united-states","abstract","trump"
"W3119006214","country:united-states","abstract","us"
"W3119006214","region:north-america","rule","from the country named"
"W3197886633","approach:discursive","abstract","discourse theory"
"W3197886633","topic:parties","title","party"
"W3197886633","topic:religion","title","islam"
"W3197886633","topic:religion","title","religion"
"W3197886633","topic:religion","abstract","religion"
"W3197886633","topic:religion","abstract","secular"
"W3197886633","topic:religion","abstract","religious"
"W3197886633","country:turkey","title","justice and development party"
"W3197886633","country:turkey","abstract","turkey"
"W3197886633","country:turkey","abstract","justice and development party"
"W3197886633","country:turkey","abstract","akp"
"W3197886633","region:europe","rule","from the country named"
"W3200508842","topic:international","title","brexit"
"W3200508842","topic:parties","abstract","radical right"
"W3200508842","topic:parties","abstract","populist movements"
"W3200508842","topic:parties","abstract","party"
"W3200508842","topic:spatial","title","rural urban"
"W3200508842","topic:spatial","abstract","geographical"
"W3200508842","topic:spatial","abstract","rural"
"W3200508842","topic:spatial","abstract","rural urban"
"W3200508842","topic:spatial","abstract","left behind places"
"W3200508842","method:qualitative","abstract","qualitative"
"W3200508842","region:europe","title","europe"
"W3200508842","region:europe","abstract","europe"
"W3200508842","region:europe","abstract","european"
"W3200508842","country:united-kingdom","title","brexit"
"W3215693302","approach:ideational","abstract","thin centered"
"W3215693302","topic:parties","title","right wing populist"
"W3215693302","topic:parties","abstract","right wing populism"
"W3215693302","topic:parties","abstract","right wing populist"
"W3215693302","topic:parties","abstract","parties"
"W3215693302","topic:parties","abstract","party"
"W3217190905","topic:parties","title","radical right"
"W3217190905","topic:parties","title","parties"
"W3217190905","topic:parties","abstract","radical right"
"W3217190905","topic:parties","abstract","parties"
"W3217190905","topic:parties","abstract","party"
"W3217190905","region:europe","title","western european"
"W4243926380","topic:media-communication","title","communication"
"W4283395339","topic:parties","title","right wing populists"
"W4283395339","topic:parties","abstract","right wing populism"
"W4283395339","topic:economy-welfare","title","globalization"
"W4283395339","topic:economy-welfare","abstract","neoliberalism"
"W4283395339","topic:economy-welfare","abstract","economy"
"W4283395339","topic:economy-welfare","abstract","economic"
"W4283395339","country:turkey","title","turkey"
"W4283395339","country:india","title","india"
"W4283395339","region:europe","rule","from the country named"
"W4283395339","region:asia-pacific","rule","from the country named"
"W4287461170","topic:parties","title","right wing populism"
"W4287461170","topic:parties","abstract","right wing populism"
"W4287461170","topic:parties","abstract","radical right"
"W4287461170","topic:parties","abstract","parties"
"W4287461170","topic:voters","abstract","voting behavior"
"W4287461170","topic:voters","abstract","public support"
"W4287461170","topic:migration","title","refugee"
"W4287461170","topic:migration","abstract","refugee"
"W4287461170","topic:migration","abstract","asylum"
"W4287461170","topic:migration","abstract","anti immigration"
"W4298145281","approach:discursive","abstract","discursive approach"
"W4298145281","topic:democracy-institutions","title","authoritarian"
"W4298145281","topic:democracy-institutions","abstract","authoritarian"
"W4298145281","country:brazil","title","brazil"
"W4298145281","country:brazil","title","bolsonaro"
"W4298145281","country:brazil","abstract","brazil"
"W4298145281","country:brazil","abstract","bolsonaro"
"W4298145281","country:brazil","abstract","brazilian (+ political word)"
"W4298145281","region:latin-america","rule","from the country named"
"W4308141868","topic:parties","title","populist leadership"
"W4308141868","topic:parties","abstract","populist leaders"
"W4308141868","topic:parties","abstract","populist leadership"
"W4313592362","topic:voters","title","populist attitudes"
"W4313592362","topic:voters","abstract","citizens"
"W4313592362","topic:voters","abstract","attitudes"
"W4313592362","topic:voters","abstract","public opinion"
"W4313592362","topic:voters","abstract","populist attitudes"
"W4320724217","topic:parties","title","radical right"
"W4320724217","topic:parties","title","parties"
"W4320724217","topic:parties","abstract","radical right"
"W4320724217","topic:parties","abstract","parties"
"W4320724217","topic:parties","abstract","manifestos"
"W4320724217","method:qualitative","abstract","qualitative"
"W4320724217","region:europe","title","western european"
"W4320724217","region:europe","abstract","european"
"W4320724217","region:europe","abstract","western european"
"W4378212752","topic:parties","title","right wing populism"
"W4378212752","topic:parties","abstract","right wing populism"
"W4378212752","topic:parties","abstract","left wing populism"
"W4378212752","topic:parties","abstract","right wing populist"
"W4386570056","topic:voters","title","supporters"
"W4386570056","topic:voters","abstract","supporters"
"W4386570056","topic:media-communication","title","journalism"
"W4386570056","topic:media-communication","abstract","journalism"
"W4386570056","topic:media-communication","abstract","rhetoric"
"W4386570056","topic:media-communication","abstract","media"
"W4386570056","method:qualitative","abstract","interviews"
"W4395484698","topic:parties","title","radical right"
"W4395484698","topic:parties","abstract","radical right"
"W4395484698","topic:parties","abstract","parties"
"W4395484698","topic:voters","abstract","citizens"
"W4395484698","topic:voters","abstract","electorates"
"W4395484698","topic:migration","abstract","immigration"
"W4395484698","topic:migration","abstract","migration"
"W4395484698","method:qualitative","abstract","interviews"
"W4403356458","topic:international","title","global governance"
"W4403356458","topic:international","abstract","global governance"
"W4403356458","topic:international","abstract","international organizations"
"W4403356458","topic:international","abstract","international institutions"
"W1890730244","topic:parties","abstract","far right"
"W1890730244","topic:parties","abstract","parties"
"W1890730244","topic:media-communication","abstract","rhetoric"
"W1890730244","method:qualitative","abstract","qualitative"
"W1890730244","method:quantitative","abstract","quantitative analyses"
"W1890730244","country:greece","title","greece"
"W1890730244","region:europe","rule","from the country named"
"W2017415040","topic:media-communication","title","rhetoric"
"W2017415040","topic:migration","title","migration"
"W2017415040","country:germany","title","german (+ political word)"
"W2017415040","region:europe","rule","from the country named"
"W2034175897","topic:parties","title","radical right"
"W2034175897","topic:parties","abstract","radical right"
"W2034175897","topic:parties","abstract","candidates"
"W2034175897","topic:parties","abstract","populist leaders"
"W2034175897","topic:gender","abstract","gendered"
"W2034175897","topic:gender","abstract","masculinities"
"W2034175897","country:romania","title","romania"
"W2034175897","region:europe","rule","from the country named"
"W2062641546","topic:spatial","abstract","rural"
"W2062641546","region:europe","title","eastern europe"
"W2067958178","topic:parties","title","parties"
"W2067958178","topic:parties","abstract","parties"
"W2067958178","topic:parties","abstract","party"
"W2067958178","topic:parties","abstract","party system"
"W2067958178","topic:migration","title","immigration"
"W2067958178","topic:migration","abstract","immigration"
"W2067958178","country:italy","abstract","italy"
"W2067958178","country:italy","abstract","northern league"
"W2067958178","country:italy","abstract","italian (+ political word)"
"W2067958178","region:europe","rule","from the country named"
"W2070637468","topic:democracy-institutions","abstract","authoritarianism"
"W2070637468","topic:democracy-institutions","abstract","authoritarian"
"W2070637468","country:egypt","title","egypt"
"W2070637468","country:egypt","abstract","egypt"
"W2070637468","country:egypt","abstract","egyptian (+ political word)"
"W2070637468","region:mena","rule","from the country named"
"W2072779680","topic:international","title","eu"
"W2072779680","topic:international","abstract","eu"
"W2072779680","topic:parties","title","parties"
"W2072779680","topic:parties","abstract","parties"
"W2072779680","topic:parties","abstract","party"
"W2072779680","topic:parties","abstract","party system"
"W2072779680","method:quantitative","abstract","quantitative study"
"W2072779680","region:europe","title","eu"
"W2072779680","region:europe","abstract","european"
"W2072779680","region:europe","abstract","eu"
"W2319278556","topic:parties","title","party"
"W2319278556","topic:parties","abstract","party"
"W2319278556","topic:media-communication","title","media"
"W2319278556","topic:media-communication","abstract","media"
"W2319278556","topic:media-communication","abstract","communication"
"W2319278556","country:united-kingdom","title","uk"
"W2319278556","country:united-kingdom","abstract","britain"
"W2319278556","country:united-kingdom","abstract","uk"
"W2319278556","region:europe","rule","from the country named"
"W2332365536","country:france","title","france"
"W2332365536","country:italy","title","italy"
"W2332365536","region:europe","rule","from the country named"
"W2342392741","method:qualitative","abstract","ethnographic"
"W2342392741","country:paraguay","abstract","paraguay"
"W2342392741","region:latin-america","rule","from the country named"
"W2414863834","approach:discursive","title","laclau"
"W2414863834","approach:discursive","abstract","laclau"
"W2414863834","topic:media-communication","abstract","rhetorical"
"W2414863834","topic:media-communication","abstract","media"
"W2414863834","country:new-zealand","abstract","new zealand"
"W2414863834","region:asia-pacific","rule","from the country named"
"W2767965519","topic:international","title","european union"
"W2767965519","topic:parties","abstract","parties"
"W2767965519","topic:parties","abstract","right wing populism"
"W2767965519","topic:parties","abstract","left wing populism"
"W2767965519","topic:parties","abstract","party"
"W2767965519","topic:parties","abstract","left wing populist"
"W2767965519","topic:media-communication","abstract","communication"
"W2767965519","topic:migration","abstract","immigrants"
"W2767965519","region:europe","title","european"
"W2767965519","region:europe","abstract","european"
"W2767965519","country:spain","title","podemos"
"W2767965519","country:spain","abstract","podemos"
"W2767965519","country:spain","abstract","spanish (+ political word)"
"W2809730738","topic:democracy-institutions","abstract","authoritarian"
"W2809730738","country:belarus","abstract","belarus"
"W2809730738","country:belarus","abstract","lukashenko"
"W2809730738","country:russia","title","putin"
"W2809730738","country:russia","abstract","russia"
"W2809730738","country:russia","abstract","putin"
"W2809730738","country:russia","abstract","kremlin"
"W2809730738","region:europe","rule","from the country named"
"W2885589533","topic:democracy-institutions","title","constitutional"
"W2885589533","country:iran","title","iran"
"W2885589533","region:mena","rule","from the country named"
"W288610387","topic:democracy-institutions","title","authoritarian"
"W2900983909","topic:parties","title","parties"
"W2900983909","topic:parties","abstract","parties"
"W2900983909","topic:parties","abstract","right wing populist"
"W2900983909","topic:media-communication","title","media"
"W2900983909","topic:media-communication","title","communication"
"W2900983909","topic:media-communication","abstract","media"
"W2900983909","topic:media-communication","abstract","communication"
"W2900983909","country:slovenia","title","slovenia"
"W2900983909","region:europe","rule","from the country named"
"W2901315279","topic:parties","title","radical right"
"W2901315279","topic:parties","abstract","party"
"W2901315279","topic:parties","abstract","radical right"
"W2901315279","topic:voters","abstract","voter"
"W2901315279","topic:voters","abstract","electoral support"
"W2901315279","region:europe","abstract","european"
"W2901315279","country:germany","abstract","germany"
"W2901315279","country:germany","abstract","alternative for germany"
"W2901315279","country:germany","abstract","afd"
"W2901315279","country:germany","abstract","german (+ political word)"
"W2904378564","topic:parties","title","right wing populist"
"W2904378564","topic:parties","abstract","right wing populist"
"W2904378564","topic:parties","abstract","party"
"W2904378564","topic:parties","abstract","parties"
"W2904378564","topic:voters","title","attitudes"
"W2904378564","topic:voters","abstract","attitudes"
"W2904378564","topic:voters","abstract","voters"
"W2904378564","topic:religion","title","islamic"
"W2904378564","topic:religion","title","muslims"
"W2904378564","topic:religion","abstract","islamic"
"W2904378564","topic:religion","abstract","muslims"
"W2904378564","method:experiment","abstract","online experiment"
"W2924611062","topic:parties","title","party"
"W2924611062","topic:parties","abstract","populist politicians"
"W2924611062","topic:parties","abstract","parties"
"W2924611062","topic:parties","abstract","party"
"W2924611062","topic:parties","abstract","populist actors"
"W2924611062","topic:media-communication","abstract","communication"
"W2924611062","topic:media-communication","abstract","rhetoric"
"W2924611062","method:quantitative","abstract","difference in differences"
"W2924611062","country:italy","abstract","italian (+ political word)"
"W2924611062","region:europe","rule","from the country named"
"W2941942228","topic:democracy-institutions","title","constitutionalism"
"W2941942228","topic:democracy-institutions","abstract","constitutionalists"
"W2941942228","topic:democracy-institutions","abstract","democratic institutions"
"W2941942228","topic:democracy-institutions","abstract","constitutional"
"W2941942228","topic:democracy-institutions","abstract","constitution"
"W2941942228","topic:democracy-institutions","abstract","constitutionally"
"W2941942228","topic:democracy-institutions","abstract","liberal democracy"
"W2945003371","topic:parties","title","party system"
"W2945003371","topic:parties","abstract","party"
"W2945003371","topic:parties","abstract","parties"
"W2945003371","topic:parties","abstract","party system"
"W2945003371","country:france","title","front national"
"W2945003371","country:france","title","french (+ political word)"
"W2945003371","country:france","abstract","france"
"W2945003371","country:france","abstract","front national"
"W2945003371","country:france","abstract","french (+ political word)"
"W2945003371","region:europe","rule","from the country named"
"W2981838206","topic:democracy-institutions","title","rule of law"
"W2994264175","topic:parties","title","party"
"W2994264175","topic:parties","abstract","parties"
"W2994264175","topic:parties","abstract","party systems"
"W2994264175","topic:media-communication","abstract","rhetorical"
"W3005808266","topic:parties","title","right wing populism"
"W3005808266","topic:migration","title","immigration"
"W3005808266","region:europe","title","western europe"
"W3012474964","approach:ideational","title","populism as a thin"
"W3012474964","approach:ideational","abstract","thin ideology"
"W3012474964","approach:ideational","abstract","thick ideologies"
"W3012474964","approach:ideational","abstract","thick ideology"
"W3039303147","approach:performative","abstract","political style"
"W3039303147","topic:parties","abstract","parties"
"W3039303147","topic:parties","abstract","party"
"W3039303147","country:romania","title","romania"
"W3039303147","country:romania","abstract","romania"
"W3039303147","country:romania","abstract","romanian (+ political word)"
"W3039303147","region:europe","rule","from the country named"
"W3091590395","topic:parties","title","right wing populism"
"W3091590395","topic:parties","abstract","party"
"W3091590395","topic:gender","title","gender"
"W3091590395","topic:gender","abstract","gender"
"W3091590395","topic:gender","abstract","women"
"W3091590395","topic:gender","abstract","lgbtiq"
"W3091590395","topic:gender","abstract","anti gender"
"W3091590395","topic:gender","abstract","gendered"
"W3091590395","region:europe","abstract","europe"
"W3091590395","country:turkey","title","turkey"
"W3091590395","country:turkey","abstract","turkey"
"W3091590395","country:turkey","abstract","akp"
"W3091590395","country:turkey","abstract","justice and development party"
"W3143429898","region:europe","abstract","eastern europe"
"W3143429898","region:europe","abstract","western europe"
"W3154970240","topic:migration","title","migrants"
"W3154970240","topic:migration","abstract","migration"
"W3154970240","topic:migration","abstract","migrants"
"W3154970240","region:europe","title","europe"
"W3154970240","region:europe","abstract","europe"
"W3154970240","region:europe","abstract","european"
"W3208251375","todo:check-outlet","journal","Journal of Democracy"
"W3208251375","topic:parties","title","parties"
"W3208251375","topic:parties","abstract","party systems"
"W3208251375","topic:parties","abstract","party"
"W3208251375","region:latin-america","abstract","latin america"
"W3209408436","topic:parties","title","radical right"
"W3209408436","topic:parties","abstract","radical right"
"W3209408436","topic:parties","abstract","parties"
"W3209408436","topic:economy-welfare","title","economic"
"W3209408436","topic:economy-welfare","abstract","economy"
"W3209408436","topic:economy-welfare","abstract","economic"
"W3209408436","topic:migration","abstract","immigration"
"W3209408436","method:survey","abstract","election study"
"W3209408436","region:europe","abstract","european"
"W3209408436","region:europe","abstract","western european"
"W4206631925","approach:political-strategic","abstract","political strategic"
"W4206631925","approach:political-strategic","abstract","populism as a strategy"
"W4206631925","approach:political-strategic","abstract","populism as a political strategy"
"W4206631925","topic:parties","abstract","populist leaders"
"W4206631925","topic:parties","abstract","populist actors"
"W4206631925","topic:religion","title","religion"
"W4206631925","topic:religion","abstract","islamic"
"W4206631925","country:indonesia","title","indonesia"
"W4206631925","country:indonesia","abstract","indonesia"
"W4206631925","country:indonesia","abstract","indonesian (+ political word)"
"W4206631925","region:asia-pacific","rule","from the country named"
"W4282831076","approach:discursive","abstract","equivalential"
"W4282831076","topic:parties","abstract","manifestos"
"W4282831076","topic:parties","abstract","radical right"
"W4282831076","topic:parties","abstract","parties"
"W4282831076","topic:parties","abstract","party"
"W4282831076","country:united-kingdom","abstract","ukip"
"W4282831076","country:united-kingdom","abstract","brexit party"
"W4282831076","region:europe","rule","from the country named"
"W4283733327","topic:government","abstract","ruling populists"
"W4283733327","topic:government","abstract","populists in power"
"W4283733327","topic:democracy-institutions","abstract","liberal democracy"
"W4283733327","topic:democracy-institutions","abstract","constitutional"
"W4291900777","topic:voters","abstract","support for populism"
"W4291900777","topic:voters","abstract","populist attitudes"
"W4291900777","topic:voters","abstract","citizens"
"W4291900777","method:survey","abstract","election study"
"W4309090202","topic:parties","title","right wing populism"
"W4309090202","topic:parties","abstract","populist leader"
"W4309090202","topic:parties","abstract","political leadership"
"W4309090202","topic:parties","abstract","right wing populists"
"W4309090202","topic:voters","abstract","citizens"
"W4309090202","topic:voters","abstract","supporters"
"W4309090202","topic:economy-welfare","abstract","economic"
"W4309090202","topic:migration","title","anti immigration"
"W4309090202","topic:migration","abstract","immigration"
"W4309090202","topic:migration","abstract","migration"
"W4309090202","topic:migration","abstract","nativism"
"W4309090202","country:united-states","title","united states"
"W4309090202","country:united-states","title","trump"
"W4309090202","country:united-states","abstract","united states"
"W4309090202","country:united-states","abstract","trump"
"W4309090202","country:united-states","abstract","usa"
"W4309090202","country:united-states","abstract","trumpism"
"W4309090202","country:united-states","abstract","american (+ political word)"
"W4309090202","region:north-america","rule","from the country named"
"W4309531624","topic:parties","abstract","parties"
"W4309531624","topic:parties","abstract","party"
"W4380905446","topic:economy-welfare","title","globalization"
"W4384695853","topic:parties","title","party"
"W4384695853","topic:parties","title","radical right"
"W4384695853","topic:parties","abstract","partisan"
"W4384695853","topic:parties","abstract","parties"
"W4384695853","topic:parties","abstract","radical right"
"W4384695853","topic:parties","abstract","party"
"W4384695853","method:qualitative","abstract","interviews"
"W4384695853","region:europe","abstract","western europe"
"W4384695853","region:europe","abstract","european"
"W4384695853","country:switzerland","abstract","swiss people s party"
"W4384695853","country:switzerland","abstract","swiss (+ political word)"
"W1978669071","topic:economy-welfare","abstract","economic"
"W1978669071","topic:economy-welfare","abstract","economy"
"W1978669071","topic:economy-welfare","abstract","economics"
"W1978669071","topic:religion","title","islamist"
"W1978669071","region:mena","title","maghreb"
"W1990327249","topic:parties","title","parties"
"W1990327249","topic:parties","abstract","far right"
"W1990327249","topic:parties","abstract","parties"
"W1990327249","topic:parties","abstract","party"
"W1990327249","topic:parties","abstract","political leader"
"W1990327249","topic:migration","abstract","anti immigration"
"W1990327249","topic:migration","abstract","asylum"
"W1990327249","country:italy","title","italy"
"W1990327249","country:italy","abstract","italy"
"W1990327249","country:italy","abstract","lega nord"
"W1990327249","country:italy","abstract","northern league"
"W1990327249","country:italy","abstract","berlusconi"
"W1990327249","country:australia","title","australia"
"W1990327249","country:australia","abstract","australia"
"W1990327249","country:australia","abstract","pauline hanson"
"W1990327249","country:australia","abstract","one nation"
"W1990327249","country:australia","abstract","australian (+ political word)"
"W1990327249","region:europe","rule","from the country named"
"W1990327249","region:asia-pacific","rule","from the country named"
"W2318585859","topic:parties","title","radical right"
"W2318585859","topic:parties","title","parties"
"W2320994002","country:indonesia","title","indonesia"
"W2320994002","country:indonesia","abstract","indonesia"
"W2320994002","country:indonesia","abstract","indonesian (+ political word)"
"W2320994002","region:asia-pacific","rule","from the country named"
"W2330664459","topic:international","abstract","international institutions"
"W2330664459","topic:international","abstract","imf"
"W2330664459","topic:economy-welfare","abstract","economic crisis"
"W2330664459","topic:economy-welfare","abstract","globalization"
"W2330664459","topic:economy-welfare","abstract","economic"
"W2330664459","topic:economy-welfare","abstract","economy"
"W2330664459","country:thailand","title","thailand"
"W2330664459","country:thailand","abstract","thailand"
"W2330664459","country:thailand","abstract","thai (+ political word)"
"W2330664459","region:asia-pacific","rule","from the country named"
"W2592727022","topic:government","abstract","populism in power"
"W2592727022","topic:government","abstract","presidency"
"W2592727022","topic:democracy-institutions","title","constitution"
"W2592727022","topic:democracy-institutions","abstract","constitution"
"W2592727022","topic:democracy-institutions","abstract","constitutional"
"W2592727022","country:united-states","title","united states"
"W2592727022","country:united-states","title","trump"
"W2592727022","country:united-states","abstract","united states"
"W2592727022","country:united-states","abstract","trump"
"W2592727022","region:north-america","rule","from the country named"
"W2731346386","topic:parties","title","right wing populism"
"W2731346386","region:europe","title","eastern europe"
"W2746009971","topic:democracy-institutions","title","democratization"
"W2746009971","region:europe","title","europe"
"W2750869620","country:thailand","title","thailand"
"W2750869620","country:thailand","abstract","thaksin"
"W2750869620","country:thailand","abstract","shinawatra"
"W2750869620","region:asia-pacific","rule","from the country named"
"W2792757043","topic:government","abstract","administration"
"W2792757043","topic:economy-welfare","abstract","economic"
"W2792757043","topic:economy-welfare","abstract","globalization"
"W2792757043","topic:economy-welfare","abstract","free trade"
"W2792757043","country:united-states","abstract","trump"
"W2792757043","region:north-america","rule","from the country named"
"W2801709265","topic:parties","title","radical right"
"W2801709265","topic:parties","title","parties"
"W2801709265","topic:parties","abstract","radical right"
"W2801709265","topic:parties","abstract","parties"
"W2801709265","method:qualitative","abstract","qualitative"
"W2801709265","country:romania","title","romania"
"W2801709265","country:romania","abstract","romania"
"W2801709265","country:romania","abstract","romanian (+ political word)"
"W2801709265","region:europe","rule","from the country named"
"W2911079088","topic:parties","title","right wing populism"
"W2911079088","topic:media-communication","abstract","disinformation"
"W2911079088","topic:media-communication","abstract","twitter"
"W2911079088","topic:media-communication","abstract","media"
"W2911079088","topic:religion","abstract","islam"
"W2911079088","topic:religion","abstract","muslims"
"W2911079088","topic:religion","abstract","islamic"
"W2911079088","country:united-states","abstract","us"
"W2911079088","country:united-states","abstract","trump"
"W2911079088","region:north-america","rule","from the country named"
"W2913278942","topic:parties","abstract","social movements"
"W2913278942","topic:parties","abstract","populist leaders"
"W2913278942","topic:spatial","abstract","rural"
"W2913278942","topic:economy-welfare","abstract","economic"
"W2913278942","topic:economy-welfare","abstract","globalization"
"W2913278942","topic:democracy-institutions","abstract","authoritarian"
"W2913278942","topic:democracy-institutions","abstract","authoritarianism"
"W2960067145","region:europe","title","european"
"W2960067145","region:europe","abstract","european"
"W2960067145","region:europe","abstract","europe"
"W2980408946","topic:parties","title","right wing populism"
"W2980408946","method:survey","abstract","european social survey"
"W2980408946","method:survey","abstract","nationally representative"
"W2980408946","region:europe","title","european"
"W2994916617","topic:spatial","abstract","rural"
"W2994916617","topic:democracy-institutions","title","authoritarian"
"W2994916617","topic:democracy-institutions","abstract","authoritarian"
"W2994916617","country:united-states","title","united states"
"W2994916617","country:united-states","abstract","trump"
"W2994916617","country:united-states","abstract","us"
"W2994916617","region:north-america","rule","from the country named"
"W2997484528","topic:parties","title","party system"
"W2997484528","topic:parties","abstract","candidates"
"W2997484528","topic:parties","abstract","party"
"W2997484528","topic:government","abstract","presidency"
"W2997484528","topic:government","abstract","administration"
"W2997484528","topic:democracy-institutions","abstract","referendum"
"W2997484528","topic:democracy-institutions","abstract","authoritarian"
"W2997484528","country:philippines","title","philippines"
"W2997484528","country:philippines","title","duterte"
"W2997484528","country:philippines","abstract","duterte"
"W2997484528","country:philippines","abstract","philippine (+ political word)"
"W2997484528","region:asia-pacific","rule","from the country named"
"W3002394972","topic:media-communication","abstract","facebook"
"W3002394972","topic:media-communication","abstract","media"
"W3002394972","method:mixed","abstract","mixed methods"
"W3002394972","country:philippines","title","duterte"
"W3002394972","country:philippines","abstract","philippines"
"W3002394972","country:philippines","abstract","duterte"
"W3002394972","region:asia-pacific","rule","from the country named"
"W3009033143","approach:ideational","abstract","populism as a thin"
"W3009033143","approach:discursive","abstract","laclau"
"W3010242576","topic:parties","title","radical right"
"W3010242576","topic:parties","title","party leadership"
"W3010242576","topic:parties","abstract","parties"
"W3010242576","topic:parties","abstract","radical right"
"W3010242576","topic:parties","abstract","party leadership"
"W3010242576","topic:parties","abstract","party"
"W3010242576","topic:government","abstract","in office"
"W3089270916","topic:international","title","brexit"
"W3089270916","country:united-kingdom","title","brexit"
"W3089270916","country:united-kingdom","title","uk"
"W3089270916","region:europe","rule","from the country named"
"W3094123758","topic:spatial","title","rural"
"W3094123758","country:united-states","title","trump"
"W3094123758","region:north-america","rule","from the country named"
"W3108885074","topic:international","title","eurosceptic"
"W3108885074","topic:international","title","european parliament"
"W3108885074","topic:international","abstract","eurosceptic"
"W3108885074","topic:international","abstract","european parliament"
"W3108885074","topic:international","abstract","brexit"
"W3108885074","topic:parties","title","parties"
"W3108885074","topic:parties","abstract","candidates"
"W3108885074","topic:parties","abstract","parties"
"W3108885074","topic:parties","abstract","party"
"W3108885074","topic:parties","abstract","right wing populist"
"W3108885074","method:qualitative","abstract","critical discourse analysis"
"W3108885074","region:europe","title","european"
"W3108885074","country:czech-republic","title","czech republic"
"W3108885074","country:italy","title","italy"
"W3108885074","country:slovakia","title","slovakia"
"W3108885074","country:slovakia","abstract","slovakia"
"W3108885074","country:united-kingdom","title","uk"
"W3108885074","country:united-kingdom","abstract","united kingdom"
"W3108885074","country:united-kingdom","abstract","brexit party"
"W3131746116","topic:parties","title","right wing populist"
"W3131746116","topic:parties","abstract","right wing populist"
"W3131746116","topic:parties","abstract","parties"
"W3131746116","topic:parties","abstract","party"
"W3131746116","topic:parties","abstract","right wing populism"
"W3131746116","topic:economy-welfare","abstract","economic"
"W3131746116","method:survey","abstract","original survey"
"W3131746116","country:germany","title","germany"
"W3131746116","country:germany","title","afd"
"W3131746116","country:germany","abstract","afd"
"W3131746116","country:germany","abstract","german (+ political word)"
"W3131746116","region:europe","rule","from the country named"
"W3167823257","topic:parties","abstract","right wing populist"
"W3167823257","topic:parties","abstract","parties"
"W3167823257","topic:gender","abstract","gender"
"W3167823257","topic:gender","abstract","lgbt"
"W3167823257","topic:religion","title","religion"
"W3167823257","country:italy","title","italy"
"W3167823257","country:turkey","title","turkey"
"W3167823257","country:israel","title","israel"
"W3167823257","region:europe","rule","from the country named"
"W3167823257","region:mena","rule","from the country named"
"W3171866037","approach:discursive","abstract","populist logic"
"W3171866037","topic:parties","abstract","far right"
"W3171866037","topic:parties","abstract","parties"
"W3171866037","topic:parties","abstract","manifestos"
"W3171866037","topic:parties","abstract","party"
"W3171866037","topic:media-communication","abstract","communications"
"W3171866037","topic:media-communication","abstract","rhetoric"
"W3171866037","method:mixed","abstract","quantitative and qualitative"
"W3171866037","country:spain","abstract","spain"
"W3171866037","country:spain","abstract","podemos"
"W3171866037","country:spain","abstract","spanish (+ political word)"
"W3171866037","region:europe","rule","from the country named"
"W4205164354","topic:parties","abstract","right wing populist"
"W4205164354","topic:parties","abstract","right wing populism"
"W4205164354","country:italy","abstract","italy"
"W4205164354","country:italy","abstract","salvini"
"W4205164354","country:brazil","abstract","brazil"
"W4205164354","country:brazil","abstract","bolsonaro"
"W4205164354","region:europe","rule","from the country named"
"W4205164354","region:latin-america","rule","from the country named"
"W4220936453","topic:defence-security","title","terrorists"
"W4220936453","topic:parties","title","right wing populist"
"W4220936453","topic:voters","title","public opinion"
"W4220936453","topic:media-communication","title","media"
"W4220936453","topic:media-communication","abstract","media"
"W4220936453","country:poland","title","poland"
"W4220936453","country:poland","abstract","poland"
"W4220936453","country:poland","abstract","law and justice"
"W4220936453","country:poland","abstract","pis"
"W4220936453","country:poland","abstract","polish (+ political word)"
"W4220936453","region:europe","rule","from the country named"
"W4223961402","topic:parties","title","party"
"W4223961402","country:united-kingdom","title","boris johnson"
"W4223961402","region:europe","rule","from the country named"
"W4283330269","topic:parties","title","radical right"
"W4283330269","topic:parties","title","parties"
"W4283330269","topic:parties","abstract","radical right"
"W4283330269","topic:parties","abstract","parties"
"W4283330269","topic:parties","abstract","party"
"W4283330269","topic:voters","title","voters"
"W4283330269","topic:voters","abstract","voters"
"W4283330269","topic:voters","abstract","electorate"
"W4283330269","topic:voters","abstract","populist attitudes"
"W4283330269","topic:voters","abstract","voter"
"W4283330269","country:germany","title","germany"
"W4283330269","country:germany","abstract","afd"
"W4283330269","country:germany","abstract","german (+ political word)"
"W4283330269","region:europe","rule","from the country named"
"W4288365168","method:qualitative","abstract","discourse analysis"
"W4297224909","topic:parties","title","radical right"
"W4297224909","topic:parties","abstract","radical right"
"W4297224909","topic:parties","abstract","parties"
"W4297224909","topic:parties","abstract","party"
"W4297224909","topic:gender","title","masculinity"
"W4297224909","topic:gender","title","sexuality"
"W4297224909","topic:gender","abstract","masculinity"
"W4297224909","topic:gender","abstract","sexuality"
"W4297224909","topic:gender","abstract","gendered"
"W4297224909","topic:gender","abstract","gender"
"W4297224909","method:qualitative","abstract","critical discourse analysis"
"W4297224909","country:netherlands","abstract","fortuyn"
"W4297224909","country:netherlands","abstract","wilders"
"W4297224909","country:netherlands","abstract","baudet"
"W4297224909","country:netherlands","abstract","dutch (+ political word)"
"W4297224909","region:europe","rule","from the country named"
"W4309617492","topic:parties","abstract","populist politicians"
"W4311854323","topic:parties","title","radical right"
"W4311854323","topic:parties","abstract","radical right"
"W4311854323","topic:parties","abstract","parties"
"W4311854323","topic:government","abstract","populist prime ministers"
"W4311854323","topic:government","abstract","populist government"
"W4311854323","topic:government","abstract","populist prime minister"
"W4311854323","topic:democracy-institutions","title","liberal democracy"
"W4311854323","topic:democracy-institutions","abstract","threat to democracy"
"W4311854323","topic:democracy-institutions","abstract","liberal democracy"
"W4311854323","topic:democracy-institutions","abstract","democratic quality"
"W4311854323","region:europe","title","europe"
"W4366551354","topic:voters","abstract","voters"
"W4366551354","topic:economy-welfare","title","economic"
"W4366551354","topic:economy-welfare","abstract","economy"
"W4366551354","topic:economy-welfare","abstract","economic"
"W4366551354","method:qualitative","abstract","ethnographic"
"W4366551354","country:kenya","title","kenya"
"W4366551354","country:kenya","abstract","kenya"
"W4366551354","region:sub-saharan-africa","rule","from the country named"
"W4408934789","topic:parties","title","right wing populism"
"W4408934789","topic:government","abstract","incumbent"
"W1752568422","topic:economy-welfare","title","economy"
"W1752568422","topic:economy-welfare","abstract","economic"
"W1752568422","topic:economy-welfare","abstract","economy"
"W1760660954","region:europe","title","scandinavia"
"W1976066981","country:argentina","title","argentina"
"W1976066981","region:latin-america","rule","from the country named"
"W2009332486","topic:parties","title","right wing populists"
"W2009332486","topic:parties","abstract","radical right"
"W2009332486","topic:parties","abstract","right wing populist"
"W2009332486","topic:parties","abstract","parties"
"W2009332486","topic:religion","title","islamists"
"W2009332486","topic:religion","abstract","islamist"
"W2009332486","country:united-kingdom","title","uk"
"W2009332486","country:united-kingdom","abstract","uk"
"W2009332486","region:europe","rule","from the country named"
"W2029112027","country:china","title","chinese (+ political word)"
"W2029112027","country:china","abstract","chinese (+ political word)"
"W2029112027","region:asia-pacific","rule","from the country named"
"W2046920785","topic:gender","title","patriarchal"
"W2046920785","topic:gender","abstract","patriarchal"
"W2046920785","topic:gender","abstract","gender"
"W2046920785","region:global","rule","three or more regions named: asia-pacific, mena, sub-saharan-africa"
"W2050745676","topic:parties","abstract","parties"
"W2050745676","topic:government","title","populists in power"
"W2050745676","topic:media-communication","abstract","communication"
"W2050745676","country:italy","title","italian (+ political word)"
"W2050745676","country:italy","abstract","italy"
"W2050745676","country:italy","abstract","lega nord"
"W2050745676","country:italy","abstract","forza italia"
"W2050745676","country:italy","abstract","lega"
"W2050745676","country:switzerland","abstract","switzerland"
"W2050745676","country:switzerland","abstract","svp"
"W2050745676","region:europe","rule","from the country named"
"W2051377999","country:bolivia","title","bolivia"
"W2051377999","region:latin-america","rule","from the country named"
"W2063331769","topic:parties","title","parties"
"W2063331769","topic:parties","abstract","party"
"W2063331769","topic:parties","abstract","right wing populist"
"W2063331769","topic:parties","abstract","social movement"
"W2063331769","topic:parties","abstract","parties"
"W2063331769","topic:economy-welfare","title","globalization"
"W2063331769","country:united-states","abstract","tea party"
"W2063331769","country:united-states","abstract","obama"
"W2063331769","country:united-states","abstract","us"
"W2063331769","region:north-america","rule","from the country named"
"W2104031158","topic:media-communication","title","media"
"W2104031158","topic:media-communication","abstract","media"
"W2104031158","method:qualitative","abstract","interviews"
"W2104031158","method:qualitative","abstract","interview"
"W2104031158","country:sweden","title","swedish (+ political word)"
"W2104031158","region:europe","rule","from the country named"
"W2594340362","topic:defence-security","title","military"
"W2594340362","topic:defence-security","abstract","military"
"W2594340362","region:latin-america","title","latin america"
"W2613390838","approach:discursive","abstract","laclau"
"W2613390838","approach:discursive","abstract","empty signifiers"
"W2613390838","topic:parties","abstract","right wing populist"
"W2613390838","topic:parties","abstract","party"
"W2613390838","topic:parties","abstract","left wing populism"
"W2613390838","country:hungary","title","hungarian (+ political word)"
"W2613390838","region:europe","rule","from the country named"
"W2725039599","todo:check-outlet","journal","Journal of Democracy"
"W2725039599","topic:parties","abstract","parties"
"W2725039599","topic:democracy-institutions","abstract","referendums"
"W2725039599","topic:democracy-institutions","abstract","direct democracy"
"W2769049693","topic:parties","title","candidate"
"W2769049693","topic:parties","abstract","candidate"
"W2769049693","topic:parties","abstract","candidates"
"W2769049693","country:united-states","abstract","united states"
"W2769049693","country:united-states","abstract","trump"
"W2769049693","region:north-america","rule","from the country named"
"W2769247077","approach:other","abstract","definitions of populism"
"W2769247077","topic:parties","abstract","parties"
"W2769247077","topic:parties","abstract","party systems"
"W2769247077","topic:voters","abstract","voter"
"W2769247077","topic:voters","abstract","attitudes"
"W2769247077","topic:voters","abstract","voters"
"W2790911141","topic:democracy-institutions","title","authoritarian"
"W2790911141","country:turkey","title","turkey"
"W2790911141","region:europe","rule","from the country named"
"W2794487001","todo:check-record","rule","DOI accepted by reading, not by the automatic rule"
"W2794487001","topic:media-communication","title","media"
"W2885725546","topic:parties","title","right wing populism"
"W2885725546","topic:media-communication","title","media"
"W2885725546","topic:media-communication","abstract","media"
"W2885725546","country:poland","title","polish (+ political word)"
"W2885725546","country:poland","abstract","poland"
"W2885725546","country:poland","abstract","law and justice"
"W2885725546","country:poland","abstract","pis"
"W2885725546","region:europe","rule","from the country named"
"W2887677286","topic:international","title","european union"
"W2887677286","topic:international","abstract","european union"
"W2887677286","topic:international","abstract","supranational"
"W2887677286","region:europe","title","european"
"W2887677286","region:europe","abstract","european"
"W2914123510","approach:ideational","abstract","ideational approach"
"W2914123510","approach:political-strategic","abstract","political strategic"
"W2914123510","topic:parties","abstract","parties"
"W2914123510","topic:parties","abstract","populist politicians"
"W2914123510","topic:parties","abstract","party"
"W2914123510","topic:voters","abstract","populist attitudes"
"W2914123510","topic:voters","abstract","supporters"
"W2914123510","topic:voters","abstract","attitudes"
"W2914123510","topic:voters","abstract","voters"
"W2914123510","topic:voters","abstract","citizens"
"W2914123510","method:survey","title","online survey"
"W2914123510","method:survey","abstract","online survey"
"W2914123510","country:japan","abstract","japan"
"W2914123510","country:japan","abstract","japanese (+ political word)"
"W2914123510","region:asia-pacific","rule","from the country named"
"W2921986585","topic:international","title","international law"
"W2921986585","topic:international","abstract","international law"
"W2921986585","topic:government","title","populist governments"
"W2921986585","topic:government","abstract","populist governments"
"W2921986585","topic:government","abstract","populist governmental"
"W2967977315","topic:democracy-institutions","title","constitutionalism"
"W2967977315","topic:democracy-institutions","abstract","constitutional"
"W2967977315","topic:democracy-institutions","abstract","constitutionalism"
"W2984321528","topic:international","abstract","transnational"
"W2984321528","topic:democracy-institutions","title","authoritarian"
"W2984321528","country:hungary","abstract","fidesz"
"W2984321528","country:hungary","abstract","hungarian (+ political word)"
"W2984321528","region:europe","rule","from the country named"
"W2994954096","topic:media-communication","title","media"
"W2994954096","topic:media-communication","abstract","media"
"W2994954096","topic:gender","title","masculinity"
"W2994954096","topic:gender","abstract","masculinity"
"W2994954096","topic:gender","abstract","gender"
"W2994954096","method:qualitative","abstract","discourse analysis"
"W2994954096","country:russia","title","russian (+ political word)"
"W2994954096","country:russia","abstract","russia"
"W2994954096","country:russia","abstract","putin"
"W2994954096","country:russia","abstract","russian (+ political word)"
"W2994954096","country:united-states","title","us"
"W2994954096","country:united-states","abstract","us"
"W2994954096","country:united-states","abstract","trump"
"W2994954096","region:europe","rule","from the country named"
"W2994954096","region:north-america","rule","from the country named"
"W3002106874","todo:check-record","rule","DOI accepted by reading, not by the automatic rule"
"W3002106874","topic:parties","title","parties"
"W3002106874","topic:parties","abstract","far right"
"W3002106874","topic:parties","abstract","parties"
"W3002106874","topic:media-communication","abstract","communications"
"W3002106874","topic:media-communication","abstract","media"
"W3002106874","topic:media-communication","abstract","rhetoric"
"W3002106874","topic:gender","abstract","gender"
"W3002106874","topic:gender","abstract","sexuality"
"W3002106874","topic:religion","abstract","religion"
"W3002106874","topic:religion","abstract","religious"
"W3002106874","region:europe","title","europe"
"W3002106874","region:europe","abstract","nordic"
"W3002106874","region:europe","abstract","western european"
"W3023385829","topic:parties","title","right wing populism"
"W3023385829","topic:parties","abstract","parties"
"W3023385829","topic:parties","abstract","radical right"
"W3023385829","topic:parties","abstract","right wing populist"
"W3023385829","topic:voters","abstract","citizens"
"W3023385829","topic:voters","abstract","voters"
"W3023385829","topic:voters","abstract","support for populism"
"W3023385829","topic:economy-welfare","title","inequalities"
"W3032250840","topic:parties","abstract","parties"
"W3032250840","topic:parties","abstract","right wing populist"
"W3032250840","topic:parties","abstract","party"
"W3032250840","topic:voters","abstract","citizens"
"W3032250840","topic:voters","abstract","voters"
"W3032250840","topic:media-communication","title","rhetoric"
"W3032250840","topic:media-communication","abstract","media"
"W3032250840","topic:media-communication","abstract","journalistic"
"W3032250840","method:survey","abstract","panel survey"
"W3032250840","country:netherlands","abstract","netherlands"
"W3032250840","country:netherlands","abstract","pvv"
"W3032250840","country:netherlands","abstract","wilders"
"W3032250840","region:europe","rule","from the country named"
"W3042137190","topic:spatial","title","rural"
"W3042137190","topic:spatial","abstract","rural"
"W3042137190","topic:spatial","abstract","spatial"
"W3042137190","topic:democracy-institutions","title","authoritarian"
"W3042748144","topic:voters","abstract","citizens"
"W3042748144","topic:media-communication","abstract","media"
"W3042748144","topic:democracy-institutions","title","liberal democracies"
"W3042748144","topic:democracy-institutions","abstract","liberal democracies"
"W3042748144","region:europe","title","europe"
"W3042748144","region:europe","abstract","europe"
"W3081601848","topic:parties","title","parties"
"W3081601848","topic:parties","title","radical right"
"W3081601848","topic:parties","abstract","radical right"
"W3081601848","topic:parties","abstract","parties"
"W3081601848","topic:parties","abstract","far right"
"W3081601848","topic:media-communication","abstract","communication"
"W3081601848","topic:media-communication","abstract","twitter"
"W3081601848","region:europe","abstract","western european"
"W3091859096","todo:check-outlet","journal","Journal of Democracy"
"W3091859096","approach:performative","abstract","performative"
"W3091859096","topic:defence-security","abstract","military"
"W3091859096","country:brazil","title","brazil"
"W3091859096","country:brazil","abstract","brazil"
"W3091859096","country:brazil","abstract","bolsonaro"
"W3091859096","region:latin-america","rule","from the country named"
"W3101778840","todo:check-outlet","journal","Philippine Political Science Journal (on none of the journal lists that OpenAlex records)"
"W3101778840","topic:parties","title","populist leadership"
"W3101778840","topic:parties","abstract","populist leadership"
"W3101778840","country:philippines","title","philippines"
"W3101778840","country:philippines","title","duterte"
"W3101778840","country:philippines","abstract","duterte"
"W3101778840","region:asia-pacific","rule","from the country named"
"W3108875047","topic:voters","abstract","populist attitudes"
"W3108875047","method:survey","abstract","survey data"
"W3108875047","country:canada","title","canada"
"W3108875047","region:north-america","rule","from the country named"
"W3158532638","approach:discursive","title","laclauian"
"W3158532638","approach:discursive","abstract","laclau"
"W3158532638","approach:discursive","abstract","discourse theory"
"W3158532638","approach:discursive","abstract","discourse theorists"
"W3158532638","approach:discursive","abstract","laclauianpopulism"
"W3158532638","topic:parties","abstract","party systems"
"W3158532638","topic:parties","abstract","party"
"W3158532638","region:europe","abstract","european"
"W3158532638","country:spain","abstract","podemos"
"W3158717532","approach:ideational","title","ideational approaches"
"W3158717532","approach:discursive","title","post foundational"
"W3158717532","approach:discursive","title","discursive approaches"
"W3158717532","approach:discursive","abstract","post foundational"
"W3158717532","approach:discursive","abstract","discursive approaches"
"W3158717532","approach:discursive","abstract","laclau"
"W3186346809","topic:spatial","title","rural"
"W3186346809","topic:spatial","abstract","rural"
"W3186346809","country:france","title","france"
"W3186346809","country:italy","title","italy"
"W3186346809","region:europe","rule","from the country named"
"W3190897072","topic:parties","abstract","right wing populist"
"W3190897072","topic:parties","abstract","parties"
"W3190897072","method:survey","title","survey evidence"
"W3190897072","method:survey","abstract","survey data"
"W3195928305","topic:parties","abstract","populist leaders"
"W3195928305","topic:parties","abstract","social movements"
"W3195928305","topic:voters","abstract","citizens"
"W3195928305","topic:voters","abstract","voters"
"W3195928305","topic:gender","abstract","women"
"W3195928305","topic:gender","abstract","lgbt"
"W3195928305","topic:migration","title","nativist"
"W3195928305","topic:migration","abstract","nativist"
"W3195928305","country:united-kingdom","abstract","brexit"
"W3195928305","country:united-kingdom","abstract","british (+ political word)"
"W3195928305","region:europe","rule","from the country named"
"W3202804397","topic:economy-welfare","title","neoliberalism"
"W3202804397","topic:economy-welfare","abstract","neoliberal"
"W3202804397","topic:economy-welfare","abstract","economy"
"W3202804397","topic:economy-welfare","abstract","neoliberalism"
"W3202804397","country:poland","title","poland"
"W3202804397","country:poland","abstract","poland"
"W3202804397","country:poland","abstract","pis"
"W3202804397","region:europe","rule","from the country named"
"W3203740134","topic:voters","title","citizens"
"W3203740134","topic:voters","title","populist attitudes"
"W3203740134","topic:voters","abstract","voters"
"W3203740134","topic:voters","abstract","populist attitudes"
"W3203740134","topic:voters","abstract","attitudes"
"W3203740134","topic:voters","abstract","citizens"
"W3203740134","method:survey","abstract","panel survey"
"W4200332638","topic:democracy-institutions","abstract","constitutional"
"W4200332638","topic:democracy-institutions","abstract","constitutionalism"
"W4200332638","country:italy","title","italian (+ political word)"
"W4200332638","region:europe","rule","from the country named"
"W4206037556","topic:parties","title","right wing populists"
"W4206037556","topic:media-communication","title","media"
"W4206037556","country:germany","title","germany"
"W4206037556","country:germany","title","alternative for germany"
"W4206037556","region:europe","rule","from the country named"
"W4224468209","topic:parties","abstract","party"
"W4224468209","topic:parties","abstract","right wing populist"
"W4224468209","topic:voters","title","populist attitudes"
"W4224468209","topic:voters","abstract","populist attitudes"
"W4224468209","country:germany","abstract","germany"
"W4224468209","country:germany","abstract","afd"
"W4224468209","region:europe","rule","from the country named"
"W4246511616","topic:parties","title","radical right"
"W4246511616","topic:parties","abstract","radical right"
"W4246511616","topic:parties","abstract","far right"
"W4246511616","topic:parties","abstract","party"
"W4246511616","topic:parties","abstract","party leaders"
"W4246511616","topic:parties","abstract","social movements"
"W4246511616","topic:migration","abstract","nativism"
"W4246511616","topic:migration","abstract","xenophobia"
"W4246511616","topic:migration","abstract","immigration"
"W4246511616","country:germany","title","germany"
"W4246511616","country:germany","title","afd"
"W4246511616","country:germany","title","pegida"
"W4246511616","country:germany","abstract","germany"
"W4246511616","country:germany","abstract","afd"
"W4246511616","country:germany","abstract","alternative for germany"
"W4246511616","country:germany","abstract","pegida"
"W4246511616","country:germany","abstract","german (+ political word)"
"W4246511616","region:europe","rule","from the country named"
"W4283070285","topic:voters","title","attitudes"
"W4283363766","topic:parties","title","right wing populist"
"W4283363766","topic:parties","abstract","right wing populist"
"W4283363766","topic:parties","abstract","right wing populism"
"W4283363766","topic:parties","abstract","populist right"
"W4283363766","topic:media-communication","abstract","rhetoric"
"W4283363766","topic:media-communication","abstract","facebook"
"W4283363766","method:qta","abstract","dictionary based"
"W4283363766","country:germany","title","german (+ political word)"
"W4283363766","region:europe","rule","from the country named"
"W4285726201","topic:government","abstract","populists in power"
"W4285726201","topic:government","abstract","populist rule"
"W4285726201","topic:economy-welfare","title","economic"
"W4285726201","topic:economy-welfare","abstract","economics"
"W4285726201","topic:economy-welfare","abstract","economic"
"W4285726201","topic:economy-welfare","abstract","fiscal"
"W4285726201","topic:economy-welfare","abstract","protectionism"
"W4313591564","topic:parties","title","radical right"
"W4313591564","topic:religion","title","christian"
"W4313591564","country:brazil","title","brazil"
"W4313591564","country:brazil","title","bolsonaro"
"W4313591564","region:latin-america","rule","from the country named"
"W4319037047","topic:media-communication","title","journalism"
"W4319037047","topic:media-communication","abstract","media"
"W4319037047","topic:media-communication","abstract","journalism"
"W4319037047","topic:media-communication","abstract","rhetoric"
"W4319037047","method:qualitative","abstract","qualitative"
"W4319037047","country:brazil","title","brazil"
"W4319037047","country:brazil","title","bolsonaro"
"W4319037047","country:brazil","abstract","bolsonaro"
"W4319037047","country:brazil","abstract","brazilian (+ political word)"
"W4319037047","region:latin-america","rule","from the country named"
"W4386741809","topic:parties","title","radical right"
"W4386741809","topic:parties","title","parties"
"W4386741809","topic:parties","abstract","radical right"
"W4386741809","topic:parties","abstract","parties"
"W4386741809","topic:parties","abstract","party"
"W4386741809","topic:voters","abstract","public opinion"
"W4386741809","topic:voters","abstract","attitudes"
"W4386741809","method:quantitative","abstract","panel data"
"W4386741809","country:spain","title","spain"
"W4386741809","country:spain","title","vox"
"W4386741809","country:spain","abstract","vox"
"W4386741809","country:spain","abstract","spanish (+ political word)"
"W4386741809","region:europe","rule","from the country named"
"W4391772641","topic:democracy-institutions","title","illiberal"
"W4391772641","country:hungary","title","hungary"
"W4391772641","country:hungary","title","orban"
"W4391772641","country:hungary","abstract","hungary"
"W4391772641","country:hungary","abstract","orban"
"W4391772641","region:europe","rule","from the country named"
"W4392499312","todo:check-record","rule","the registry's title has broken characters: the title in Zotero is to be corrected by hand"
"W1980919070","topic:parties","abstract","parties"
"W1980919070","topic:parties","abstract","populist right"
"W1980919070","topic:parties","abstract","party"
"W1980919070","region:europe","title","central europe"
"W1980919070","region:europe","abstract","central europe"
"W1980919070","region:europe","abstract","central european"
"W1980919070","region:europe","abstract","european"
"W1980919070","country:austria","abstract","austria"
"W1980919070","country:hungary","abstract","hungary"
"W1980919070","country:italy","abstract","italy"
"W1980919070","country:italy","abstract","northern league"
"W1992819876","country:china","title","chinese (+ political word)"
"W1992819876","region:asia-pacific","rule","from the country named"
"W2123856732","topic:parties","title","party leader"
"W2123856732","topic:parties","title","candidate"
"W2123856732","topic:parties","title","right wing populist"
"W2123856732","topic:parties","abstract","populist right"
"W2123856732","topic:parties","abstract","parties"
"W2123856732","topic:parties","abstract","party"
"W2123856732","topic:parties","abstract","party leader"
"W2123856732","topic:parties","abstract","candidate"
"W2123856732","topic:parties","abstract","right wing populist"
"W2123856732","topic:parties","abstract","candidates"
"W2123856732","topic:voters","abstract","electorate"
"W2123856732","topic:voters","abstract","demand side"
"W2123856732","topic:voters","abstract","vote choice"
"W2123856732","method:survey","abstract","survey data"
"W2123856732","country:finland","title","finland"
"W2123856732","country:finland","abstract","finland"
"W2123856732","country:finland","abstract","true finns"
"W2123856732","region:europe","rule","from the country named"
"W2150036235","country:hungary","title","hungary"
"W2150036235","region:europe","rule","from the country named"
"W2315003900","topic:religion","title","religion"
"W2315003900","country:philippines","title","philippines"
"W2315003900","region:asia-pacific","rule","from the country named"
"W2316321217","topic:economy-welfare","title","neoliberalism"
"W2316321217","topic:economy-welfare","abstract","neoliberal"
"W2316321217","topic:economy-welfare","abstract","neoliberalism"
"W2316321217","topic:economy-welfare","abstract","financial crisis"
"W2316321217","topic:economy-welfare","abstract","neoliberalization"
"W2316321217","country:poland","title","poland"
"W2316321217","country:poland","abstract","poland"
"W2316321217","region:europe","rule","from the country named"
"W2324206277","topic:parties","title","populist leadership"
"W2324206277","topic:media-communication","abstract","television"
"W2324206277","topic:media-communication","abstract","media"
"W2324206277","country:venezuela","title","chavez"
"W2324206277","country:venezuela","abstract","chavez"
"W2324206277","country:venezuela","abstract","chavismo"
"W2324206277","region:latin-america","rule","from the country named"
"W2619803272","topic:economy-welfare","abstract","financial crisis"
"W2619803272","topic:economy-welfare","abstract","neoliberalism"
"W2619803272","topic:economy-welfare","abstract","globalisation"
"W2619803272","topic:economy-welfare","abstract","inequality"
"W2619803272","topic:economy-welfare","abstract","neoliberal"
"W2791795791","topic:democracy-institutions","title","constitutionalist"
"W2791795791","topic:democracy-institutions","abstract","constitutionalism"
"W2791795791","topic:democracy-institutions","abstract","constitutional"
"W2791795791","topic:democracy-institutions","abstract","constitutionalist"
"W2791795791","topic:democracy-institutions","abstract","constitutionalists"
"W2892989148","topic:spatial","title","subnational"
"W2892989148","topic:democracy-institutions","title","judicial"
"W2892989148","country:philippines","title","philippines"
"W2892989148","region:asia-pacific","rule","from the country named"
"W2912258293","topic:parties","title","manifesto"
"W2912258293","topic:democracy-institutions","title","authoritarian"
"W2912258293","topic:democracy-institutions","abstract","authoritarian"
"W2912258293","topic:democracy-institutions","abstract","constitution"
"W2912258293","country:united-states","abstract","united states"
"W2912258293","country:united-states","abstract","u s"
"W2912258293","region:north-america","rule","from the country named"
"W2913388897","topic:parties","title","radical right"
"W2913388897","topic:parties","abstract","radical right"
"W2913388897","topic:media-communication","abstract","communication"
"W2913388897","topic:media-communication","abstract","rhetoric"
"W2913388897","topic:media-communication","abstract","disinformation"
"W2913388897","topic:media-communication","abstract","journalistic"
"W2913388897","topic:media-communication","abstract","media"
"W2913388897","topic:migration","abstract","anti immigration"
"W2913388897","country:finland","title","finland"
"W2913388897","region:europe","rule","from the country named"
"W2924099246","topic:media-communication","title","rhetoric"
"W2924099246","topic:media-communication","abstract","rhetoric"
"W2924099246","country:czech-republic","title","czech (+ political word)"
"W2924099246","region:europe","rule","from the country named"
"W2982181319","topic:parties","abstract","populist politicians"
"W2982181319","topic:parties","abstract","populist leaders"
"W2982181319","topic:media-communication","abstract","media"
"W2982181319","topic:media-communication","abstract","communication"
"W3015060844","topic:parties","abstract","right wing populism"
"W3015060844","topic:parties","abstract","populist movements"
"W3015060844","topic:parties","abstract","populist movement"
"W3025293643","topic:media-communication","title","media"
"W3025293643","topic:media-communication","title","twitter"
"W3025293643","topic:media-communication","abstract","media"
"W3025293643","topic:media-communication","abstract","twitter"
"W3025293643","topic:migration","title","refugee"
"W3025293643","topic:migration","abstract","refugee"
"W3025293643","topic:migration","abstract","nativism"
"W3025293643","method:qualitative","abstract","discourse analysis"
"W3025293643","country:turkey","abstract","turkey"
"W3025293643","region:europe","rule","from the country named"
"W3025784478","topic:parties","abstract","right wing populism"
"W3025784478","topic:parties","abstract","party"
"W3025784478","topic:parties","abstract","right wing populist"
"W3025784478","topic:media-communication","title","rhetoric"
"W3025784478","topic:media-communication","abstract","communication"
"W3025784478","topic:media-communication","abstract","rhetoric"
"W3025784478","topic:media-communication","abstract","facebook"
"W3025784478","region:europe","abstract","europe"
"W3025784478","region:europe","abstract","eastern europe"
"W3025784478","country:hungary","title","hungarian (+ political word)"
"W3025784478","country:hungary","abstract","hungary"
"W3025784478","country:hungary","abstract","fidesz"
"W3025784478","country:hungary","abstract","orban"
"W3025784478","country:hungary","abstract","hungarian (+ political word)"
"W3037352620","topic:parties","title","parties"
"W3080268785","topic:parties","title","populist right"
"W3080268785","topic:parties","abstract","right wing populist"
"W3080268785","topic:parties","abstract","far right"
"W3080268785","country:brazil","title","brazil"
"W3080268785","country:brazil","abstract","brazil"
"W3080268785","country:brazil","abstract","bolsonaro"
"W3080268785","country:brazil","abstract","brazilian (+ political word)"
"W3080268785","region:latin-america","rule","from the country named"
"W3081353678","topic:parties","title","party"
"W3081353678","topic:parties","title","populist right"
"W3081353678","topic:parties","abstract","right wing populists"
"W3081353678","topic:parties","abstract","party"
"W3081353678","topic:parties","abstract","populist right"
"W3081353678","topic:media-communication","title","television"
"W3081353678","topic:media-communication","abstract","television"
"W3081353678","topic:media-communication","abstract","media"
"W3081353678","topic:media-communication","abstract","propaganda"
"W3081353678","country:poland","title","poland"
"W3081353678","country:poland","abstract","poland"
"W3081353678","country:poland","abstract","kaczynski"
"W3081353678","country:poland","abstract","law and justice"
"W3081353678","region:europe","rule","from the country named"
"W3089168717","topic:democracy-institutions","title","illiberalism"
"W3089168717","region:europe","abstract","central europe"
"W3089168717","country:hungary","title","hungary"
"W3108947510","topic:economy-welfare","abstract","economy"
"W3108947510","topic:economy-welfare","abstract","financial crisis"
"W3108947510","topic:economy-welfare","abstract","economic"
"W3111730722","approach:performative","title","populist style"
"W3111730722","approach:performative","title","performative"
"W3111730722","approach:performative","abstract","populist style"
"W3111730722","topic:foreign-policy","title","diplomacy"
"W3111730722","topic:foreign-policy","abstract","diplomacy"
"W3111730722","topic:media-communication","title","public diplomacy"
"W3111730722","topic:media-communication","title","twitter"
"W3111730722","topic:media-communication","abstract","public diplomacy"
"W3111730722","topic:media-communication","abstract","twitter"
"W3111730722","method:qualitative","abstract","discourse analysis"
"W3111730722","country:united-states","title","trump"
"W3111730722","country:united-states","abstract","us"
"W3111730722","country:united-states","abstract","trump"
"W3111730722","region:north-america","rule","from the country named"
"W3112301012","todo:check-record","rule","DOI accepted by reading, not by the automatic rule"
"W3112301012","topic:democracy-institutions","title","hybrid regimes"
"W3112301012","topic:democracy-institutions","abstract","hybrid regime"
"W3112301012","topic:democracy-institutions","abstract","authoritarian"
"W3112301012","topic:democracy-institutions","abstract","democratization"
"W3112301012","topic:democracy-institutions","abstract","checks and balances"
"W3112301012","country:georgia","title","georgia"
"W3112301012","country:georgia","abstract","georgia"
"W3112301012","region:europe","rule","from the country named"
"W3112380137","topic:economy-welfare","abstract","economic"
"W3112380137","region:latin-america","title","latin america"
"W3123075110","topic:economy-welfare","title","neoliberalism"
"W3123075110","topic:economy-welfare","abstract","neoliberalism"
"W3123075110","topic:economy-welfare","abstract","neoliberal"
"W3123075110","topic:economy-welfare","abstract","economic"
"W3123075110","topic:economy-welfare","abstract","inequality"
"W3123075110","topic:economy-welfare","abstract","economics"
"W3123075110","topic:democracy-institutions","abstract","liberal democracies"
"W3123075110","topic:democracy-institutions","abstract","authoritarian"
"W3159187393","topic:voters","title","populist attitudes"
"W3159187393","topic:voters","abstract","citizens"
"W3159187393","topic:voters","abstract","populist attitudes"
"W3159187393","topic:democracy-institutions","title","direct democracy"
"W3159187393","topic:democracy-institutions","abstract","referendums"
"W3159187393","topic:democracy-institutions","abstract","direct democracy"
"W3173717898","topic:parties","title","right wing populism"
"W3173717898","topic:parties","abstract","right wing populism"
"W3173717898","topic:parties","abstract","political leadership"
"W3173717898","topic:parties","abstract","right wing populists"
"W3173717898","topic:democracy-institutions","title","authoritarian"
"W3173717898","topic:democracy-institutions","abstract","authoritarianism"
"W3173717898","topic:democracy-institutions","abstract","authoritarian"
"W3196315757","topic:economy-welfare","title","neoliberalism"
"W3196315757","topic:economy-welfare","abstract","neoliberal"
"W3196315757","topic:economy-welfare","abstract","economic"
"W3196315757","topic:economy-welfare","abstract","neoliberalism"
"W3196315757","topic:democracy-institutions","title","authoritarian"
"W3196315757","topic:democracy-institutions","abstract","authoritarian"
"W3196315757","method:qualitative","abstract","interviews"
"W3196315757","method:qualitative","abstract","participant observation"
"W3196315757","country:brazil","title","brazil"
"W3196315757","country:brazil","title","bolsonaro"
"W3196315757","country:brazil","abstract","brazil"
"W3196315757","country:brazil","abstract","bolsonaro"
"W3196315757","region:latin-america","rule","from the country named"
"W3198559407","topic:parties","abstract","candidates"
"W3198559407","topic:media-communication","abstract","frames"
"W3198559407","topic:media-communication","abstract","communication"
"W3198559407","method:mixed","abstract","quantitative and qualitative"
"W3198559407","country:france","abstract","france"
"W3198559407","country:france","abstract","rassemblement national"
"W3198559407","country:hungary","abstract","hungary"
"W3198559407","country:hungary","abstract","orban"
"W3198559407","country:spain","abstract","spain"
"W3198559407","country:spain","abstract","podemos"
"W3198559407","country:spain","abstract","vox"
"W3198559407","country:united-kingdom","abstract","brexit"
"W3198559407","country:united-kingdom","abstract","uk"
"W3198559407","country:united-states","title","us"
"W3198559407","country:united-states","abstract","trump"
"W3198559407","country:united-states","abstract","usa"
"W3198559407","region:europe","rule","from the country named"
"W3198559407","region:north-america","rule","from the country named"
"W3209403802","topic:spatial","title","rural"
"W3209403802","topic:economy-welfare","abstract","neoliberal"
"W3209403802","topic:democracy-institutions","title","authoritarian"
"W3209403802","topic:democracy-institutions","title","illiberal"
"W3209403802","topic:democracy-institutions","abstract","authoritarian"
"W3209403802","topic:democracy-institutions","abstract","illiberal"
"W3209403802","country:hungary","title","hungary"
"W3209403802","region:europe","rule","from the country named"
"W4200136623","topic:parties","title","party"
"W4200136623","topic:parties","abstract","party"
"W4200136623","topic:voters","abstract","citizens"
"W4200136623","topic:voters","abstract","attitudes"
"W4200136623","topic:voters","abstract","populist attitudes"
"W4200136623","topic:voters","abstract","respondents"
"W4206487671","topic:voters","abstract","attitudes"
"W4206487671","topic:voters","abstract","public opinion"
"W4206487671","country:united-kingdom","abstract","united kingdom"
"W4206487671","country:united-kingdom","abstract","scotland"
"W4206487671","region:europe","rule","from the country named"
"W4212938632","approach:economic","abstract","macroeconomic populism"
"W4212938632","topic:economy-welfare","title","economic"
"W4212938632","topic:economy-welfare","abstract","economic"
"W4212938632","topic:economy-welfare","abstract","neoliberal"
"W4212938632","method:quantitative","abstract","quantitative data"
"W4212938632","region:europe","title","eastern europe"
"W4229040454","topic:voters","title","attitudes"
"W4229040454","topic:voters","title","voters"
"W4229040454","topic:voters","abstract","voters"
"W4229040454","topic:voters","abstract","attitudes"
"W4229040454","topic:voters","abstract","electorate"
"W4229040454","topic:migration","title","anti immigration"
"W4229040454","topic:migration","abstract","immigration"
"W4229040454","topic:migration","abstract","immigrants"
"W4229040454","topic:migration","abstract","anti immigration"
"W4229040454","country:italy","abstract","italy"
"W4229040454","country:italy","abstract","italian (+ political word)"
"W4229040454","region:europe","rule","from the country named"
"W4280590616","approach:other","abstract","conceptualization of populism"
"W4280590616","topic:parties","title","party competition"
"W4280590616","topic:parties","title","parties"
"W4280590616","topic:parties","abstract","parties"
"W4280590616","topic:parties","abstract","party competition"
"W4280590616","method:qta","abstract","automated text analysis"
"W4317890011","topic:voters","title","support for populists"
"W4317890011","topic:voters","title","voters"
"W4317890011","topic:voters","abstract","citizens"
"W4317890011","topic:voters","abstract","voters"
"W4377988975","topic:parties","title","radical right"
"W4377988975","region:europe","title","europe"
"W4377988975","region:europe","abstract","europe"
"W4377988975","region:europe","abstract","european"
"W4387407126","approach:performative","abstract","performative"
"W1972061977","topic:parties","title","party"
"W1972061977","topic:parties","abstract","parties"
"W1972061977","topic:parties","abstract","party"
"W2002251177","country:united-states","title","us"
"W2002251177","region:north-america","rule","from the country named"
"W2019515081","topic:economy-welfare","title","financial crisis"
"W2026394543","country:japan","title","japan"
"W2026394543","country:south-korea","title","south korea"
"W2026394543","region:asia-pacific","rule","from the country named"
"W2039041911","topic:parties","abstract","parties"
"W2039041911","topic:parties","abstract","party"
"W2039041911","country:belgium","title","vlaams belang"
"W2039041911","country:belgium","abstract","belgium"
"W2039041911","country:belgium","abstract","vlaams belang"
"W2039041911","region:europe","rule","from the country named"
"W2043748333","approach:discursive","abstract","laclau"
"W2074004608","topic:democracy-institutions","abstract","democratic institutions"
"W2074004608","topic:democracy-institutions","abstract","democratisation"
"W2074004608","topic:democracy-institutions","abstract","liberal democracy"
"W2074004608","region:europe","abstract","europe"
"W2074004608","region:europe","abstract","european"
"W2074203027","topic:migration","title","migrant"
"W2144836620","approach:ideational","abstract","populism as an ideology"
"W2144836620","topic:parties","abstract","party"
"W2144836620","country:italy","title","lega"
"W2144836620","region:europe","rule","from the country named"
"W2147220299","topic:democracy-institutions","abstract","constitutional"
"W2147220299","topic:democracy-institutions","abstract","democratisation"
"W2147220299","country:south-africa","title","south africa"
"W2147220299","country:south-africa","abstract","south africa"
"W2147220299","country:south-africa","abstract","south (+ political word)"
"W2147220299","region:sub-saharan-africa","rule","from the country named"
"W2342084232","topic:democracy-institutions","abstract","authoritarian"
"W2568324578","topic:parties","abstract","far right"
"W2568324578","topic:parties","abstract","party"
"W2568324578","topic:media-communication","title","media"
"W2568324578","topic:media-communication","abstract","media"
"W2568324578","country:united-states","title","american (+ political word)"
"W2568324578","country:united-states","abstract","trump"
"W2568324578","country:united-states","abstract","tea party"
"W2568324578","country:united-states","abstract","american (+ political word)"
"W2568324578","region:north-america","rule","from the country named"
"W2596195533","method:qualitative","abstract","qualitative"
"W2596195533","region:europe","title","nordic"
"W2596195533","region:europe","abstract","nordic"
"W2783017218","todo:check-outlet","journal","Journal of Democracy"
"W2783017218","topic:parties","abstract","parties"
"W2783017218","topic:migration","title","nativists"
"W2783017218","topic:migration","abstract","nativists"
"W2783017218","topic:migration","abstract","nativist"
"W2783017218","topic:migration","abstract","immigration"
"W2783017218","topic:democracy-institutions","abstract","illiberalism"
"W2783017218","topic:democracy-institutions","abstract","courts"
"W2783017218","topic:democracy-institutions","abstract","rule of law"
"W2783551209","todo:check-outlet","journal","Journal of Interamerican Studies and World Affairs (on none of the journal lists that OpenAlex records)"
"W2806551251","country:spain","abstract","spain"
"W2806551251","country:spain","abstract","spanish (+ political word)"
"W2806551251","region:europe","rule","from the country named"
"W2977761979","topic:parties","title","right wing populism"
"W2977761979","topic:economy-welfare","abstract","neoliberal"
"W2977761979","method:qualitative","abstract","interviews"
"W2996435245","topic:parties","title","party leaders"
"W2996435245","topic:parties","abstract","party leader"
"W2996435245","topic:parties","abstract","parties"
"W2996435245","topic:parties","abstract","party"
"W2996435245","country:belgium","title","belgium"
"W2996435245","country:belgium","abstract","belgium"
"W2996435245","country:belgium","abstract","vlaams belang"
"W2996435245","country:belgium","abstract","belgian (+ political word)"
"W2996435245","region:europe","rule","from the country named"
"W3004800446","topic:economy-welfare","title","neoliberal"
"W3004800446","topic:economy-welfare","abstract","social policy"
"W3004800446","topic:economy-welfare","abstract","neoliberalism"
"W3004800446","topic:economy-welfare","abstract","neoliberal"
"W3028489032","topic:economy-welfare","title","economic"
"W3028489032","topic:economy-welfare","abstract","economic"
"W3028489032","topic:economy-welfare","abstract","economy"
"W3028489032","country:india","title","bjp"
"W3028489032","country:india","abstract","india"
"W3028489032","country:india","abstract","modi"
"W3028489032","country:india","abstract","bjp"
"W3028489032","region:asia-pacific","rule","from the country named"
"W3032508431","topic:parties","abstract","radical right"
"W3032508431","topic:parties","abstract","parties"
"W3032508431","topic:gender","title","gender"
"W3032508431","topic:gender","abstract","gender"
"W304767946","country:france","title","front national"
"W304767946","country:united-kingdom","title","ukip"
"W304767946","region:europe","rule","from the country named"
"W3047846560","topic:international","title","european union"
"W3047846560","topic:international","abstract","european union"
"W3047846560","topic:international","abstract","eu"
"W3047846560","topic:parties","title","right wing populism"
"W3047846560","topic:parties","abstract","right wing populist"
"W3047846560","topic:parties","abstract","social movement"
"W3047846560","topic:economy-welfare","abstract","economic"
"W3047846560","topic:economy-welfare","abstract","austerity"
"W3047846560","topic:media-communication","abstract","framing"
"W3047846560","topic:gender","title","feminist"
"W3047846560","topic:gender","abstract","feminist"
"W3047846560","topic:gender","abstract","women"
"W3047846560","topic:gender","abstract","gender"
"W3047846560","topic:gender","abstract","feminists"
"W3047846560","topic:gender","abstract","feminism"
"W3047846560","region:europe","title","european"
"W3047846560","region:europe","abstract","european"
"W3047846560","region:europe","abstract","europe"
"W3047846560","region:europe","abstract","eu"
"W3093285555","topic:parties","abstract","parties"
"W3093285555","topic:parties","abstract","party"
"W3093285555","country:netherlands","title","netherlands"
"W3093285555","country:netherlands","abstract","pvv"
"W3093285555","country:netherlands","abstract","dutch (+ political word)"
"W3093285555","region:europe","rule","from the country named"
"W3112515685","topic:defence-security","title","securitisation"
"W3112515685","topic:defence-security","abstract","securitisation"
"W3112515685","topic:parties","title","right wing populism"
"W3112515685","topic:parties","abstract","right wing populist"
"W3112515685","topic:parties","abstract","parties"
"W3112515685","topic:religion","abstract","islam"
"W3158600214","topic:parties","abstract","populist leaders"
"W3158600214","topic:parties","abstract","populist leadership"
"W3174248521","approach:performative","abstract","populist style"
"W3174248521","topic:parties","abstract","populist leadership"
"W3174248521","topic:parties","abstract","candidates"
"W3174248521","topic:media-communication","abstract","media"
"W3174248521","topic:media-communication","abstract","communication"
"W3174248521","topic:media-communication","abstract","rhetoric"
"W3174248521","country:united-states","title","trump"
"W3174248521","country:united-states","title","american (+ political word)"
"W3174248521","country:united-states","abstract","trump"
"W3174248521","region:north-america","rule","from the country named"
"W3181064788","topic:parties","title","right wing populism"
"W3181064788","topic:parties","abstract","right wing populists"
"W3181064788","topic:parties","abstract","right wing populist"
"W3181064788","topic:parties","abstract","party"
"W3181064788","topic:parties","abstract","right wing populism"
"W3181064788","topic:parties","abstract","party system"
"W3181064788","topic:parties","abstract","populist right"
"W3181064788","topic:religion","title","religious"
"W3181064788","topic:religion","title","christian"
"W3181064788","topic:religion","abstract","christianity"
"W3181064788","topic:religion","abstract","christian"
"W3181064788","topic:religion","abstract","church"
"W3181064788","topic:religion","abstract","religious"
"W3181064788","method:qualitative","abstract","qualitative"
"W3181064788","method:qualitative","abstract","interviews"
"W3181064788","method:survey","abstract","survey data"
"W3181064788","country:france","title","france"
"W3181064788","country:germany","title","germany"
"W3181064788","country:united-states","title","us"
"W3181064788","region:europe","rule","from the country named"
"W3181064788","region:north-america","rule","from the country named"
"W3205499110","topic:economy-welfare","abstract","inequality"
"W3205499110","topic:economy-welfare","abstract","neoliberal"
"W3205499110","topic:economy-welfare","abstract","neoliberalism"
"W3205499110","topic:economy-welfare","abstract","inequalities"
"W3205499110","topic:democracy-institutions","title","authoritarian"
"W3205499110","topic:democracy-institutions","abstract","authoritarian"
"W3210972605","topic:international","title","regionalism"
"W3210972605","topic:international","abstract","european union"
"W3210972605","topic:international","abstract","regionalism"
"W3210972605","topic:parties","title","radical right"
"W3210972605","topic:parties","abstract","radical right"
"W3210972605","topic:parties","abstract","populist leader"
"W3210972605","topic:parties","abstract","populist leaders"
"W3210972605","method:qualitative","abstract","critical discourse analysis"
"W3210972605","region:europe","title","europe"
"W3210972605","region:europe","abstract","european"
"W3210972605","region:europe","abstract","europe"
"W3210972605","region:europe","abstract","visegrad"
"W3210972605","country:hungary","abstract","orban"
"W3210972605","country:hungary","abstract","hungarian (+ political word)"
"W4220791858","topic:parties","abstract","populist leaders"
"W4220791858","topic:media-communication","abstract","media"
"W4220791858","topic:media-communication","abstract","tweets"
"W4220791858","topic:gender","title","patriarchal"
"W4220791858","topic:gender","title","women"
"W4220791858","topic:gender","abstract","patriarchal"
"W4220791858","topic:gender","abstract","women"
"W4220791858","topic:gender","abstract","gender"
"W4220791858","method:qualitative","abstract","interviews"
"W4220791858","country:united-states","abstract","united states"
"W4220791858","country:united-states","abstract","trump"
"W4220791858","region:north-america","rule","from the country named"
"W4236242605","approach:discursive","abstract","discursive construction"
"W4236242605","topic:media-communication","title","disinformation"
"W4236242605","topic:media-communication","title","communication"
"W4236242605","topic:media-communication","abstract","media"
"W4236242605","topic:media-communication","abstract","disinformation"
"W4236242605","topic:media-communication","abstract","communication"
"W4244887331","approach:discursive","title","discursive approaches"
"W4281780727","topic:voters","title","attitudes"
"W4281780727","topic:voters","abstract","populist attitudes"
"W4281780727","topic:voters","abstract","attitudes"
"W4306163994","approach:measurement","abstract","measure populism"
"W4306163994","topic:parties","abstract","parties"
"W4306163994","topic:voters","title","demand side"
"W4306163994","topic:voters","abstract","citizens"
"W4306163994","topic:voters","abstract","populist attitudes"
"W4306163994","method:survey","abstract","survey items"
"W4307893117","topic:media-communication","title","journalists"
"W4307893117","topic:media-communication","title","media"
"W4307893117","topic:media-communication","abstract","journalists"
"W4307893117","topic:media-communication","abstract","fake news"
"W4307893117","topic:media-communication","abstract","media"
"W4307893117","topic:media-communication","abstract","newspaper"
"W4307893117","topic:media-communication","abstract","communication"
"W4307893117","topic:media-communication","abstract","disinformation"
"W4307893117","method:qualitative","abstract","semi structured"
"W4307893117","method:qualitative","abstract","interviews"
"W4307893117","country:philippines","abstract","philippines"
"W4307893117","country:philippines","abstract","duterte"
"W4307893117","region:asia-pacific","rule","from the country named"
"W4311451157","approach:discursive","abstract","laclaudian"
"W4311451157","approach:discursive","abstract","equivalential"
"W4311451157","approach:discursive","abstract","laclau"
"W4317721649","topic:parties","abstract","party"
"W4317721649","topic:gender","title","women"
"W4317721649","topic:gender","abstract","feminist"
"W4317721649","topic:gender","abstract","gendered"
"W4317721649","topic:gender","abstract","feminism"
"W4317721649","topic:gender","abstract","women"
"W4317721649","topic:religion","title","hindutva"
"W4317721649","topic:religion","abstract","hindutva"
"W4317721649","topic:religion","abstract","hindu"
"W4317721649","country:india","title","hindutva"
"W4317721649","country:india","abstract","india"
"W4317721649","country:india","abstract","hindutva"
"W4317721649","region:asia-pacific","rule","from the country named"
"W4323658067","topic:parties","abstract","parties"
"W4328117353","approach:discursive","abstract","discursive construction"
"W4387514444","topic:voters","abstract","demand side"
"W4387514444","topic:voters","abstract","populist attitudes"
"W4387514444","topic:media-communication","abstract","media"
"W4389000340","topic:parties","abstract","parties"
"W4414662796","topic:parties","title","radical right"
"W4414662796","topic:parties","title","parties"
"W4414662796","topic:parties","abstract","radical right"
"W4414662796","topic:parties","abstract","parties"
"W4414662796","topic:parties","abstract","party"
"W4414662796","topic:parties","abstract","manifestos"
"W4414662796","topic:gender","title","women"
"W4414662796","topic:gender","abstract","women"
"W4414662796","topic:gender","abstract","gender"
"W1499509227","approach:discursive","abstract","laclau"
"W1499509227","approach:discursive","abstract","equivalential"
"W1499509227","approach:discursive","abstract","empty signifiers"
"W1499509227","approach:discursive","abstract","discursive construction"
"W1499509227","country:united-states","title","american (+ political word)"
"W1499509227","country:united-states","abstract","obama"
"W1499509227","country:united-states","abstract","american (+ political word)"
"W1499509227","region:north-america","rule","from the country named"
"W1828528630","topic:economy-welfare","title","neoliberal"
"W2004957538","topic:media-communication","abstract","rhetoric"
"W2004957538","topic:media-communication","abstract","newspaper"
"W2004957538","topic:gender","title","gender"
"W2004957538","topic:gender","title","sexualities"
"W2004957538","topic:gender","abstract","gender"
"W2004957538","topic:gender","abstract","sexuality"
"W2004957538","topic:gender","abstract","women"
"W2004957538","topic:religion","title","religious"
"W2004957538","topic:religion","abstract","muslim"
"W2004957538","topic:religion","abstract","islam"
"W2004957538","topic:migration","title","immigration"
"W2004957538","topic:migration","abstract","anti immigration"
"W2004957538","topic:migration","abstract","immigration"
"W2009747081","approach:performative","abstract","populist style"
"W2009747081","topic:parties","abstract","political leaders"
"W2009747081","topic:parties","abstract","populist movement"
"W2009747081","topic:parties","abstract","populist movements"
"W2009747081","country:argentina","abstract","argentina"
"W2009747081","country:argentina","abstract","menem"
"W2009747081","country:israel","abstract","israel"
"W2009747081","country:israel","abstract","netanyahu"
"W2009747081","region:latin-america","rule","from the country named"
"W2009747081","region:mena","rule","from the country named"
"W2029740224","topic:defence-security","abstract","military"
"W2029740224","topic:parties","title","party"
"W2029740224","topic:parties","abstract","party"
"W2029740224","topic:parties","abstract","parties"
"W2029740224","country:turkey","title","turkey"
"W2029740224","country:turkey","abstract","turkish (+ political word)"
"W2029740224","region:europe","rule","from the country named"
"W2077918418","country:china","title","china"
"W2077918418","country:china","title","chinese (+ political word)"
"W2077918418","country:china","abstract","china"
"W2077918418","country:china","abstract","chinese (+ political word)"
"W2077918418","region:asia-pacific","rule","from the country named"
"W2090090193","topic:religion","title","evangelicals"
"W2090090193","country:united-states","abstract","united states"
"W2090090193","country:united-states","abstract","obama"
"W2090090193","region:north-america","rule","from the country named"
"W2097233756","todo:check-outlet","journal","Journal of Democracy"
"W2097233756","country:nicaragua","title","nicaragua"
"W2097233756","country:nicaragua","abstract","nicaragua"
"W2097233756","country:nicaragua","abstract","nicaraguan (+ political word)"
"W2097233756","region:latin-america","rule","from the country named"
"W2113732057","region:sub-saharan-africa","abstract","africa"
"W2113732057","region:sub-saharan-africa","abstract","african"
"W2151026692","topic:migration","abstract","nativism"
"W2151026692","topic:migration","abstract","xenophobia"
"W2151026692","method:survey","abstract","survey evidence"
"W2154113804","topic:voters","abstract","public opinion"
"W2154113804","topic:voters","abstract","citizens"
"W2154113804","topic:democracy-institutions","abstract","liberal democracy"
"W2154113804","topic:democracy-institutions","abstract","democratic institutions"
"W2154113804","country:romania","title","romanian (+ political word)"
"W2154113804","region:europe","rule","from the country named"
"W2531881120","approach:discursive","abstract","discourse theoretical"
"W2531881120","approach:political-strategic","abstract","populism is a strategy"
"W2531881120","topic:parties","title","party"
"W2531881120","topic:parties","title","radical right"
"W2531881120","topic:parties","abstract","radical right"
"W2531881120","topic:parties","abstract","party"
"W2531881120","topic:media-communication","title","rhetoric"
"W2531881120","topic:media-communication","abstract","rhetoric"
"W2531881120","topic:media-communication","abstract","media"
"W2531881120","country:belgium","title","flemish (+ political word)"
"W2531881120","country:belgium","abstract","vlaams belang"
"W2531881120","country:belgium","abstract","flemish (+ political word)"
"W2531881120","region:europe","rule","from the country named"
"W2559783909","topic:international","title","eu"
"W2559783909","topic:international","abstract","eu"
"W2559783909","topic:international","abstract","supranational"
"W2559783909","topic:parties","title","right wing populism"
"W2559783909","topic:voters","abstract","voters"
"W2559783909","topic:economy-welfare","abstract","globalization"
"W2559783909","topic:migration","title","immigration"
"W2559783909","topic:migration","abstract","migration"
"W2559783909","topic:migration","abstract","immigration"
"W2559783909","topic:migration","abstract","migrant"
"W2559783909","topic:migration","abstract","immigrants"
"W2559783909","topic:migration","abstract","immigrant"
"W2559783909","region:europe","title","eu"
"W2559783909","region:europe","abstract","eu"
"W2568094234","topic:parties","abstract","party"
"W2568094234","country:spain","title","podemos"
"W2568094234","country:spain","abstract","podemos"
"W2568094234","country:spain","abstract","spanish (+ political word)"
"W2568094234","region:europe","rule","from the country named"
"W2916359489","topic:international","title","european parliament"
"W2916359489","topic:international","abstract","european parliament"
"W2916359489","topic:international","abstract","eu"
"W2916359489","topic:media-communication","abstract","media"
"W2916359489","topic:media-communication","abstract","journalistic"
"W2916359489","topic:media-communication","abstract","communication"
"W2916359489","region:europe","title","european"
"W2916359489","region:europe","abstract","european"
"W2916359489","region:europe","abstract","eu"
"W2921818121","topic:international","title","brexit"
"W2921818121","topic:international","abstract","eu"
"W2921818121","topic:international","abstract","eurosceptic"
"W2921818121","topic:parties","abstract","party"
"W2921818121","topic:parties","abstract","parties"
"W2921818121","topic:media-communication","abstract","rhetorically"
"W2921818121","topic:media-communication","abstract","media"
"W2921818121","topic:democracy-institutions","abstract","referendum"
"W2921818121","country:united-kingdom","title","ukip"
"W2921818121","country:united-kingdom","title","brexit"
"W2921818121","country:united-kingdom","abstract","uk"
"W2921818121","country:united-kingdom","abstract","ukip"
"W2921818121","region:europe","rule","from the country named"
"W2936787581","topic:parties","title","party"
"W2936787581","topic:parties","title","parties"
"W2936787581","topic:parties","abstract","parties"
"W2936787581","topic:parties","abstract","party"
"W2936787581","region:europe","title","southern european"
"W2943246275","topic:economy-welfare","abstract","neoliberal"
"W2943246275","topic:economy-welfare","abstract","economic"
"W2943246275","country:japan","title","japan"
"W2943246275","country:japan","abstract","japan"
"W2943246275","country:japan","abstract","koizumi"
"W2943246275","region:asia-pacific","rule","from the country named"
"W2966859098","topic:parties","title","parties"
"W2966859098","region:latin-america","title","andes"
"W2966859098","country:thailand","title","thailand"
"W2966859098","region:asia-pacific","rule","from the country named"
"W2980480651","topic:gender","title","gender"
"W2980480651","topic:gender","title","sexuality"
"W2980480651","topic:gender","abstract","gender"
"W2980480651","topic:gender","abstract","sexuality"
"W2988160625","topic:migration","abstract","refugees"
"W2988160625","topic:migration","abstract","asylum"
"W2988160625","topic:migration","abstract","immigrants"
"W3000301309","topic:parties","abstract","parties"
"W3000301309","topic:parties","abstract","party"
"W3000301309","topic:parties","abstract","manifestos"
"W3000301309","topic:parties","abstract","right wing populisms"
"W3000301309","topic:economy-welfare","abstract","austerity"
"W3000301309","topic:economy-welfare","abstract","neoliberal"
"W3000301309","topic:media-communication","abstract","communication"
"W3000301309","topic:media-communication","abstract","facebook"
"W3000301309","topic:media-communication","abstract","media"
"W3000301309","country:france","abstract","france"
"W3000301309","country:france","abstract","la france insoumise"
"W3000301309","country:germany","abstract","germany"
"W3000301309","country:germany","abstract","die linke"
"W3000301309","country:spain","abstract","spain"
"W3000301309","country:spain","abstract","podemos"
"W3000301309","country:spain","abstract","indignados"
"W3000301309","country:united-kingdom","abstract","uk"
"W3000301309","country:united-kingdom","abstract","corbyn"
"W3000301309","country:united-states","abstract","usa"
"W3000301309","country:united-states","abstract","bernie sanders"
"W3000301309","country:united-states","abstract","us"
"W3000301309","country:united-states","abstract","trump"
"W3000301309","region:europe","rule","from the country named"
"W3000301309","region:north-america","rule","from the country named"
"W3011335247","topic:international","title","eu"
"W3011335247","topic:international","abstract","eu"
"W3011335247","topic:parties","abstract","populist movements"
"W3011335247","topic:democracy-institutions","abstract","constitutional"
"W3011335247","region:europe","title","eu"
"W3011335247","region:europe","abstract","europe"
"W3011335247","region:europe","abstract","eu"
"W3017004602","approach:ideational","abstract","ideational approach"
"W3017004602","topic:democracy-institutions","title","constitutionalism"
"W3017004602","topic:democracy-institutions","abstract","constitutionalism"
"W3017004602","topic:democracy-institutions","abstract","constitutional"
"W3017004602","topic:democracy-institutions","abstract","constitutionalisation"
"W3017004602","topic:democracy-institutions","abstract","illiberal"
"W3017004602","country:germany","abstract","germany"
"W3017004602","country:germany","abstract","alternative for germany"
"W3017004602","country:peru","abstract","peru"
"W3017004602","country:peru","abstract","fujimori"
"W3017004602","region:europe","rule","from the country named"
"W3017004602","region:latin-america","rule","from the country named"
"W3036087273","topic:media-communication","title","framing"
"W3036087273","method:mixed","abstract","quantitative and qualitative"
"W3036087273","country:italy","title","italy"
"W3036087273","country:italy","abstract","italy"
"W3036087273","country:italy","abstract","lega"
"W3036087273","country:italy","abstract","salvini"
"W3036087273","region:europe","rule","from the country named"
"W3094570408","topic:parties","title","right wing populism"
"W3094570408","topic:parties","abstract","right wing populism"
"W3094570408","topic:spatial","title","rural"
"W3094570408","topic:spatial","abstract","rural"
"W3094570408","topic:economy-welfare","abstract","economic"
"W3094570408","topic:economy-welfare","abstract","inequality"
"W3094570408","region:europe","title","europe"
"W3094570408","country:germany","title","germany"
"W3094570408","country:spain","title","spain"
"W3094570408","country:ukraine","title","ukraine"
"W3094570408","country:united-kingdom","title","united kingdom"
"W3097375656","approach:ideational","abstract","populism as a thin"
"W3097375656","approach:ideational","abstract","thick ideologies"
"W3097375656","topic:parties","title","right wing populism"
"W3097375656","topic:parties","abstract","right wing populist"
"W3097375656","topic:parties","abstract","party"
"W3097375656","topic:voters","abstract","supporters"
"W3097375656","topic:migration","abstract","immigrants"
"W3097375656","method:quantitative","abstract","regression"
"W3097375656","method:survey","abstract","election study"
"W3097375656","country:canada","title","canada"
"W3097375656","country:canada","abstract","canada"
"W3097375656","country:canada","abstract","canadian (+ political word)"
"W3097375656","region:north-america","rule","from the country named"
"W3118974730","topic:voters","title","populist attitudes"
"W3118974730","topic:voters","abstract","populist attitudes"
"W3118974730","topic:voters","abstract","respondents"
"W3118974730","topic:economy-welfare","abstract","economic"
"W3118974730","topic:economy-welfare","abstract","economy"
"W3118974730","method:survey","abstract","election study"
"W3129825431","topic:parties","abstract","party"
"W3129825431","topic:religion","title","religious"
"W3129825431","topic:religion","abstract","religion"
"W3129825431","topic:religion","abstract","muslims"
"W3129825431","topic:religion","abstract","religious"
"W3129825431","country:pakistan","title","pakistan"
"W3129825431","region:asia-pacific","rule","from the country named"
"W3130785523","country:romania","title","romania"
"W3130785523","region:europe","rule","from the country named"
"W3172531678","topic:media-communication","title","rhetoric"
"W3172531678","topic:media-communication","abstract","rhetoric"
"W3195854023","topic:government","title","populist governments"
"W3195854023","topic:government","title","populist government"
"W3195854023","topic:government","abstract","populist government"
"W3195854023","topic:government","abstract","in government"
"W3195854023","country:hungary","title","hungarian (+ political word)"
"W3195854023","country:hungary","abstract","hungary"
"W3195854023","country:hungary","abstract","fidesz"
"W3195854023","region:europe","rule","from the country named"
"W3197572036","topic:parties","abstract","right wing populism"
"W3197572036","topic:parties","abstract","parties"
"W3197572036","topic:parties","abstract","right wing populist"
"W3197572036","topic:voters","title","attitudes"
"W3197572036","topic:voters","abstract","attitudes"
"W3197572036","topic:migration","title","anti immigrant"
"W3197572036","topic:migration","title","immigrants"
"W3197572036","topic:migration","abstract","immigrants"
"W3197572036","topic:migration","abstract","anti immigrant"
"W3197572036","topic:migration","abstract","refugee"
"W3197572036","topic:migration","abstract","migrant"
"W3197572036","topic:migration","abstract","migrants"
"W3197572036","topic:migration","abstract","migration"
"W3197572036","method:survey","abstract","european social survey"
"W3197572036","region:europe","title","europe"
"W3197572036","region:europe","abstract","european"
"W3197572036","region:europe","abstract","europe"
"W4221124622","topic:parties","abstract","parties"
"W4221124622","topic:government","abstract","in power"
"W4221124622","topic:government","abstract","incumbents"
"W4221124622","topic:economy-welfare","abstract","neoliberal"
"W4221124622","region:europe","title","europe"
"W4221124622","region:latin-america","title","latin america"
"W4225369248","approach:performative","abstract","performative"
"W4225369248","topic:media-communication","title","media"
"W4292833999","topic:government","abstract","administration"
"W4292833999","topic:government","abstract","presidency"
"W4292833999","topic:media-communication","abstract","framing"
"W4292833999","topic:media-communication","abstract","media"
"W4292833999","country:united-states","title","trump"
"W4292833999","country:united-states","abstract","us"
"W4292833999","country:united-states","abstract","trump"
"W4292833999","region:north-america","rule","from the country named"
"W4295122271","topic:parties","title","right wing populism"
"W4296700510","topic:democracy-institutions","title","illiberal"
"W4296700510","topic:democracy-institutions","title","liberal democracy"
"W4296700510","topic:democracy-institutions","abstract","illiberal"
"W4296700510","topic:democracy-institutions","abstract","illiberalism"
"W4309558192","approach:performative","abstract","populist style"
"W4309558192","topic:media-communication","title","media"
"W4309558192","topic:media-communication","abstract","media"
"W4309558192","topic:media-communication","abstract","twitter"
"W4317376842","topic:government","abstract","in power"
"W4317376842","topic:government","abstract","populist governments"
"W4317376842","topic:economy-welfare","title","inequality"
"W4317376842","topic:economy-welfare","abstract","redistribution"
"W4317376842","topic:economy-welfare","abstract","inequality"
"W4317376842","topic:economy-welfare","abstract","redistributive"
"W4317376842","topic:media-communication","title","rhetoric"
"W4317376842","region:latin-america","abstract","latin america"
"W4317376842","region:latin-america","abstract","caribbean"
"W4317786724","topic:parties","abstract","populist leadership"
"W4317786724","topic:parties","abstract","left wing populists"
"W4317786724","topic:parties","abstract","right wing populists"
"W4317786724","topic:government","title","populist rule"
"W4317786724","topic:economy-welfare","title","economic"
"W4317786724","topic:economy-welfare","abstract","economic"
"W4317786724","topic:economy-welfare","abstract","inequality"
"W4317786724","topic:economy-welfare","abstract","tariffs"
"W4317786724","topic:democracy-institutions","abstract","liberal democracy"
"W4317786724","topic:democracy-institutions","abstract","democratic institutions"
"W1564046855","approach:economic","title","economic populism"
"W1564046855","topic:economy-welfare","title","economic"
"W1564046855","region:latin-america","title","latin america"
"W1964668011","topic:parties","title","radical right"
"W1964668011","topic:parties","title","parties"
"W1964668011","topic:religion","title","religious"
"W1993832510","topic:parties","title","manifestos"
"W1993832510","topic:parties","title","parties"
"W1993832510","topic:parties","abstract","party"
"W1993832510","topic:parties","abstract","manifestos"
"W1993832510","topic:parties","abstract","parties"
"W1993832510","country:latvia","title","latvian (+ political word)"
"W1993832510","country:latvia","abstract","latvian (+ political word)"
"W1993832510","region:europe","rule","from the country named"
"W2031457658","country:france","title","france"
"W2031457658","region:europe","rule","from the country named"
"W2078632627","topic:defence-security","title","military"
"W2078632627","topic:defence-security","abstract","military"
"W2078632627","region:sub-saharan-africa","title","africa"
"W2078632627","region:sub-saharan-africa","abstract","african"
"W2078632627","region:sub-saharan-africa","abstract","africa"
"W2078632627","country:ghana","abstract","ghana"
"W2078632627","country:liberia","abstract","liberia"
"W2094569897","topic:economy-welfare","title","economic"
"W2100532863","region:latin-america","title","latin america"
"W2147407045","topic:gender","abstract","women"
"W2147407045","topic:democracy-institutions","title","direct democracy"
"W2147407045","topic:democracy-institutions","abstract","direct democracy"
"W2147407045","topic:democracy-institutions","abstract","referendum"
"W2613605229","topic:democracy-institutions","title","liberal democracies"
"W2730356660","region:mena","title","middle east"
"W2730356660","region:mena","title","north africa"
"W2735036507","topic:parties","abstract","political leadership"
"W2735036507","topic:parties","abstract","political leaders"
"W2735036507","topic:parties","abstract","populist leaders"
"W2735036507","topic:democracy-institutions","title","illiberal"
"W2735036507","topic:democracy-institutions","abstract","authoritarian"
"W2735036507","topic:democracy-institutions","abstract","illiberal"
"W2735036507","country:hungary","title","orban"
"W2735036507","country:hungary","abstract","orban"
"W2735036507","country:hungary","abstract","hungarian (+ political word)"
"W2735036507","country:italy","title","berlusconi"
"W2735036507","country:italy","abstract","berlusconi"
"W2735036507","region:europe","rule","from the country named"
"W2787493107","topic:economy-welfare","title","neoliberal"
"W2787493107","country:turkey","title","turkey"
"W2787493107","country:turkey","abstract","turkey"
"W2787493107","country:turkey","abstract","justice and development party"
"W2787493107","country:turkey","abstract","akp"
"W2787493107","region:europe","rule","from the country named"
"W2795837719","approach:discursive","title","laclau"
"W2795837719","approach:discursive","abstract","laclau"
"W2795837719","approach:discursive","abstract","equivalential"
"W2795837719","country:russia","title","putin"
"W2795837719","country:united-states","title","trump"
"W2795837719","region:europe","rule","from the country named"
"W2795837719","region:north-america","rule","from the country named"
"W2807211565","topic:parties","title","parties"
"W2807211565","topic:parties","abstract","party"
"W2807211565","topic:parties","abstract","parties"
"W2807211565","topic:voters","title","support for populist"
"W2807211565","topic:voters","abstract","citizens"
"W2807211565","topic:voters","abstract","attitudes"
"W2901346460","approach:other","abstract","definitions of populism"
"W2901346460","country:spain","abstract","catalonia"
"W2901346460","country:spain","abstract","spanish (+ political word)"
"W2901346460","region:europe","rule","from the country named"
"W2905090998","topic:voters","abstract","citizens"
"W2905090998","topic:voters","abstract","attitudes"
"W2905090998","topic:government","title","populist president"
"W2905090998","topic:democracy-institutions","title","authoritarianism"
"W2905090998","topic:democracy-institutions","abstract","authoritarian"
"W2905090998","country:philippines","title","philippines"
"W2905090998","country:philippines","abstract","philippines"
"W2905090998","country:philippines","abstract","duterte"
"W2905090998","region:asia-pacific","rule","from the country named"
"W2905429846","region:latin-america","title","latin america"
"W2912400931","topic:parties","abstract","party"
"W2912400931","topic:parties","abstract","parties"
"W2912400931","topic:voters","title","populist attitudes"
"W2912400931","topic:voters","title","voter"
"W2912400931","topic:voters","abstract","populist attitudes"
"W2912400931","topic:voters","abstract","voters"
"W2912400931","topic:voters","abstract","citizens"
"W2912400931","topic:voters","abstract","attitudes"
"W2913251526","topic:media-communication","abstract","rhetoric"
"W2913251526","topic:media-communication","abstract","framing"
"W2913251526","method:qualitative","abstract","discourse analysis"
"W2913251526","country:australia","abstract","australia"
"W2913251526","region:asia-pacific","rule","from the country named"
"W2981821973","approach:other","abstract","conceptualization of populism"
"W2981821973","topic:parties","title","right wing populism"
"W2981821973","topic:parties","abstract","populist leader"
"W2981821973","topic:parties","abstract","populist movements"
"W2981821973","country:brazil","abstract","brazil"
"W2981821973","country:brazil","abstract","bolsonaro"
"W2981821973","region:latin-america","rule","from the country named"
"W2999199509","topic:foreign-policy","title","foreign policy"
"W2999199509","topic:foreign-policy","abstract","foreign policy"
"W2999199509","topic:international","title","eu"
"W2999199509","topic:international","abstract","european union"
"W2999199509","topic:international","abstract","eu"
"W2999199509","topic:parties","abstract","parties"
"W2999199509","topic:parties","abstract","radical right"
"W2999199509","topic:government","abstract","in government"
"W2999199509","topic:democracy-institutions","title","illiberal"
"W2999199509","method:qualitative","abstract","in depth case studies"
"W2999199509","region:europe","title","eu"
"W2999199509","region:europe","abstract","european"
"W2999199509","region:europe","abstract","eu"
"W2999199509","country:hungary","abstract","fidesz"
"W2999199509","country:hungary","abstract","hungarian (+ political word)"
"W3087871387","topic:international","abstract","european union"
"W3087871387","topic:international","abstract","international order"
"W3087871387","topic:parties","title","right wing populism"
"W3087871387","topic:parties","abstract","populist right"
"W3087871387","topic:parties","abstract","right wing populism"
"W3087871387","method:qualitative","abstract","interviews"
"W3087871387","region:europe","abstract","european"
"W3109068957","topic:parties","abstract","populist movements"
"W3109068957","topic:parties","abstract","party"
"W3109068957","topic:voters","abstract","voters"
"W3109068957","country:turkey","title","turkey"
"W3109068957","country:turkey","abstract","turkey"
"W3109068957","country:turkey","abstract","justice and development party"
"W3109068957","country:turkey","abstract","akp"
"W3109068957","region:europe","rule","from the country named"
"W3123298653","topic:parties","abstract","parties"
"W3127852112","topic:gender","abstract","sexuality"
"W3127852112","topic:gender","abstract","gender"
"W3127852112","topic:religion","title","religion"
"W3127852112","topic:religion","title","catholic"
"W3127852112","topic:religion","abstract","religious"
"W3127852112","country:poland","title","poland"
"W3127852112","region:europe","rule","from the country named"
"W3129402060","topic:parties","title","right wing populism"
"W3129402060","topic:parties","abstract","right wing populist"
"W3129402060","topic:parties","abstract","party"
"W3129402060","topic:parties","abstract","partisan"
"W3129402060","topic:gender","abstract","gender"
"W3129402060","topic:gender","abstract","women"
"W3129402060","topic:gender","abstract","lgbt"
"W3129402060","topic:religion","abstract","evangelical"
"W3129402060","topic:religion","abstract","religious"
"W3129402060","topic:religion","abstract","religions"
"W3129402060","country:brazil","abstract","brazil"
"W3129402060","region:latin-america","rule","from the country named"
"W3155448345","topic:parties","title","radical right"
"W3155448345","topic:parties","title","parties"
"W3155448345","topic:parties","abstract","radical right"
"W3155448345","topic:parties","abstract","parties"
"W3155448345","topic:voters","title","support for populist"
"W3155448345","method:quantitative","abstract","regression"
"W3155448345","region:europe","title","eastern europe"
"W3155448345","region:europe","abstract","eastern europe"
"W3155448345","region:europe","abstract","european"
"W3155448345","region:europe","abstract","western europe"
"W3170557037","topic:parties","title","radical right"
"W3170557037","topic:parties","abstract","right wing populist"
"W3170557037","topic:parties","abstract","radical right"
"W3170557037","topic:media-communication","abstract","rhetoric"
"W3170557037","topic:media-communication","abstract","media"
"W3170557037","topic:media-communication","abstract","communication"
"W4200025292","topic:parties","title","party"
"W4200025292","topic:parties","abstract","party"
"W4200025292","topic:parties","abstract","parties"
"W4200025292","topic:parties","abstract","populist actors"
"W4200025292","topic:voters","abstract","attitudes"
"W4200025292","method:survey","abstract","european social survey"
"W4200025292","method:survey","abstract","world values survey"
"W4200025292","region:europe","title","european"
"W4205170744","country:united-states","title","trump"
"W4205170744","region:north-america","rule","from the country named"
"W4213087582","topic:parties","abstract","radical right"
"W4213087582","topic:media-communication","title","framing"
"W4213087582","topic:gender","title","gender"
"W4213087582","topic:religion","title","religious"
"W4213087582","topic:religion","title","catholic"
"W4213087582","topic:religion","title","church"
"W4213087582","topic:religion","abstract","catholic"
"W4213087582","topic:religion","abstract","church"
"W4213087582","topic:religion","abstract","religion"
"W4213087582","topic:religion","abstract","secular"
"W4213087582","topic:religion","abstract","religious"
"W4213087582","topic:religion","abstract","churches"
"W4281953034","country:mexico","title","mexico"
"W4281953034","region:latin-america","rule","from the country named"
"W4282913689","approach:political-strategic","abstract","populism as a political strategy"
"W4282913689","topic:parties","abstract","populist movements"
"W4282913689","topic:parties","abstract","party"
"W4282913689","topic:economy-welfare","abstract","economic"
"W4282913689","topic:economy-welfare","abstract","austerity"
"W4282913689","country:greece","abstract","greece"
"W4282913689","country:greece","abstract","syriza"
"W4282913689","country:spain","abstract","spain"
"W4282913689","country:spain","abstract","indignados"
"W4282913689","country:united-kingdom","abstract","united kingdom"
"W4282913689","country:united-kingdom","abstract","corbyn"
"W4282913689","country:united-states","abstract","united states"
"W4282913689","country:united-states","abstract","bernie sanders"
"W4282913689","country:united-states","abstract","american (+ political word)"
"W4282913689","region:europe","rule","from the country named"
"W4282913689","region:north-america","rule","from the country named"
"W4285728238","topic:parties","abstract","parties"
"W4285728238","topic:parties","abstract","radical right"
"W4285728238","topic:parties","abstract","partisan"
"W4285728238","topic:economy-welfare","title","welfare"
"W4285728238","topic:economy-welfare","abstract","welfare"
"W4285728238","topic:religion","abstract","christian"
"W4285728238","topic:migration","title","immigrant"
"W4285728238","topic:migration","abstract","immigrant"
"W4285728238","topic:migration","abstract","immigration"
"W4285728238","method:mixed","abstract","mixed method"
"W4293217774","topic:democracy-institutions","abstract","authoritarian"
"W4293217774","topic:democracy-institutions","abstract","liberal democracy"
"W4293217774","topic:democracy-institutions","abstract","rule of law"
"W4293217774","country:hungary","title","orban"
"W4293217774","country:hungary","abstract","hungary"
"W4293217774","country:hungary","abstract","orban"
"W4293217774","region:europe","rule","from the country named"
"W4367314387","topic:parties","title","radical right"
"W4367314387","topic:parties","abstract","radical right"
"W4367314387","topic:parties","abstract","parties"
"W4367314387","country:italy","title","italian (+ political word)"
"W4367314387","country:italy","abstract","italy"
"W4367314387","country:italy","abstract","lega"
"W4367314387","country:italy","abstract","fratelli d italia"
"W4367314387","country:italy","abstract","italian (+ political word)"
"W4367314387","region:europe","rule","from the country named"
"W4375949178","topic:parties","title","radical right"
"W4375949178","topic:parties","abstract","radical right"
"W4375949178","topic:parties","abstract","parties"
"W4375949178","topic:parties","abstract","party"
"W4375949178","topic:migration","abstract","nativism"
"W4375949178","topic:migration","abstract","immigrants"
"W4375949178","topic:migration","abstract","asylum"
"W4375949178","region:europe","abstract","europe"
"W4375949178","region:europe","abstract","european"
"W4375949178","country:australia","title","australia"
"W4375949178","country:australia","title","pauline hanson"
"W4375949178","country:australia","title","one nation"
"W4375949178","country:australia","abstract","australia"
"W4375949178","country:australia","abstract","pauline hanson"
"W4375949178","country:australia","abstract","one nation"
"W4375949178","country:australia","abstract","australian (+ political word)"
"W4375949178","region:asia-pacific","rule","from the country named"
"W4377108124","approach:discursive","abstract","discursive conceptions"
"W4377108124","approach:performative","abstract","populist performance"
"W4377108124","topic:international","title","eu"
"W4377108124","topic:international","abstract","eu"
"W4377108124","topic:international","abstract","eurosceptic"
"W4377108124","topic:international","abstract","imf"
"W4377108124","topic:international","abstract","supranational"
"W4377108124","topic:economy-welfare","abstract","economic crisis"
"W4377108124","topic:economy-welfare","abstract","economic"
"W4377108124","topic:economy-welfare","abstract","neoliberal"
"W4377108124","topic:religion","abstract","christianity"
"W4377108124","topic:religion","abstract","muslim"
"W4377108124","topic:migration","abstract","refugee"
"W4377108124","topic:migration","abstract","migrant"
"W4377108124","topic:democracy-institutions","abstract","democratic backsliding"
"W4377108124","topic:democracy-institutions","abstract","illiberal"
"W4377108124","topic:democracy-institutions","abstract","authoritarianism"
"W4377108124","method:qualitative","abstract","interviews"
"W4377108124","region:europe","title","europe"
"W4377108124","region:europe","title","eu"
"W4377108124","region:europe","abstract","europe"
"W4377108124","region:europe","abstract","european"
"W4377108124","region:europe","abstract","eu"
"W4377108124","country:hungary","title","hungarian (+ political word)"
"W4377108124","country:hungary","abstract","hungary"
"W4377108124","country:hungary","abstract","orban"
"W4398770315","country:mexico","title","mexican (+ political word)"
"W4398770315","region:latin-america","rule","from the country named"
"W4403114652","approach:ideational","abstract","thick ideology"
"W4403114652","topic:voters","title","populist attitudes"
"W4403114652","topic:voters","title","public support"
"W4403114652","topic:voters","abstract","supporters"
"W4403114652","topic:voters","abstract","public opinion"
"W4403114652","topic:voters","abstract","attitudes"
"W4403114652","method:survey","title","european social survey"
"W4403114652","method:survey","abstract","european social survey"
"W4403114652","region:europe","title","western europe"
"W4403114652","region:europe","title","european"
"W4403114652","region:europe","abstract","western europe"
"W4403114652","region:europe","abstract","european"
"W4403114652","region:europe","abstract","western european"
