"ref","tag","found_in","phrase"
"H0001","topic:voters","abstract","populist attitudes"
"H0001","topic:economy-welfare","title","economic"
"H0001","topic:economy-welfare","abstract","economic"
"H0001","topic:migration","title","nativism"
"H0001","topic:migration","abstract","nativism"
"H0001","method:quantitative","abstract","structural equation"
"H0001","method:survey","abstract","survey data"
"H0006","topic:voters","abstract","voters"
"H0006","topic:voters","abstract","voter"
"H0006","topic:government","abstract","in office"
"H0006","topic:government","abstract","incumbent"
"H0013","topic:international","title","international order"
"H0013","topic:voters","abstract","voters"
"H0013","topic:voters","abstract","supporters"
"H0014","topic:parties","title","parties"
"H0014","topic:parties","abstract","parties"
"H0014","topic:parties","abstract","party"
"H0014","topic:voters","title","support for populist"
"H0014","topic:voters","abstract","support for populist"
"H0014","topic:voters","abstract","voters"
"H0014","topic:voters","abstract","citizens"
"H0014","region:europe","title","europe"
"H0014","region:europe","abstract","europe"
"H0016","topic:parties","title","left wing populism"
"H0016","topic:parties","abstract","parties"
"H0016","topic:parties","abstract","left wing populism"
"H0016","region:europe","abstract","european"
"H0016","region:europe","abstract","europe"
"H0016","country:france","abstract","france"
"H0016","country:greece","abstract","greece"
"H0016","country:greece","abstract","syriza"
"H0016","country:spain","abstract","spain"
"H0016","country:spain","abstract","podemos"
"H0018","approach:performative","abstract","performative"
"H0018","approach:performative","abstract","bad manners"
"H0018","approach:socio-cultural","abstract","flaunting of the low"
"H0019","approach:performative","title","populist style"
"H0019","approach:performative","abstract","performative"
"H0019","approach:performative","abstract","populist style"
"H0019","approach:performative","abstract","populism as a style"
"H0019","approach:performative","abstract","performances of crisis"
"H0019","topic:parties","title","far right"
"H0019","topic:parties","abstract","far right"
"H0019","method:qualitative","abstract","comparative case study"
"H0019","country:france","title","le pen"
"H0019","country:france","abstract","le pen"
"H0019","country:united-states","title","trump"
"H0019","country:united-states","abstract","trump"
"H0019","region:europe","rule","from the country named"
"H0019","region:north-america","rule","from the country named"
"H0022","topic:parties","abstract","parties"
"H0022","topic:government","title","populists in power"
"H0022","topic:government","abstract","populists in power"
"H0022","topic:government","abstract","in office"
"H0022","method:qualitative","abstract","fieldwork"
"H0022","country:italy","abstract","italy"
"H0022","country:italy","abstract","lega nord"
"H0022","country:switzerland","abstract","switzerland"
"H0022","country:switzerland","abstract","svp"
"H0022","region:europe","rule","from the country named"
"H0023","topic:international","title","regionalism"
"H0023","topic:international","abstract","regionalism"
"H0023","topic:international","abstract","eu"
"H0023","topic:parties","abstract","party"
"H0023","topic:media-communication","abstract","facebook"
"H0023","topic:media-communication","abstract","communication"
"H0023","method:qualitative","abstract","interviews"
"H0023","country:italy","title","lega nord"
"H0023","country:italy","title","salvini"
"H0023","country:italy","abstract","lega nord"
"H0023","country:italy","abstract","salvini"
"H0023","country:italy","abstract","lega"
"H0023","region:europe","rule","from the country named"
"H0030","approach:discursive","title","discursive logic"
"H0030","approach:discursive","abstract","essex school"
"H0033","region:latin-america","title","latin america"
"H0033","country:venezuela","title","venezuela"
"H0033","country:venezuela","title","chavez"
"H0034","topic:international","title","eu"
"H0034","topic:international","abstract","eu"
"H0034","topic:international","abstract","international organizations"
"H0034","topic:democracy-institutions","title","illiberal"
"H0034","topic:democracy-institutions","abstract","illiberal"
"H0034","region:europe","title","eastern europe"
"H0034","region:europe","title","eu"
"H0034","region:europe","abstract","central europe"
"H0034","region:europe","abstract","eu"
"H0034","country:hungary","abstract","hungary"
"H0034","country:poland","abstract","poland"
"H0038","topic:international","title","transnational"
"H0038","topic:international","abstract","transnational"
"H0038","topic:international","abstract","european union"
"H0038","topic:voters","title","voting behaviour"
"H0038","topic:voters","abstract","citizens"
"H0038","topic:voters","abstract","voting behaviour"
"H0038","topic:voters","abstract","voters"
"H0038","topic:migration","title","diaspora"
"H0038","region:europe","abstract","europe"
"H0038","region:europe","abstract","european"
"H0038","country:turkey","title","turkish (+ political word)"
"H0038","country:turkey","abstract","turkey"
"H0038","country:turkey","abstract","akp"
"H0038","country:turkey","abstract","turkish (+ political word)"
"H0040","topic:international","title","eurosceptic"
"H0040","topic:parties","title","right wing populist"
"H0040","topic:parties","title","party"
"H0040","topic:parties","abstract","party"
"H0040","topic:parties","abstract","far right"
"H0040","topic:parties","abstract","right wing populist"
"H0040","country:germany","title","germany"
"H0040","country:germany","title","afd"
"H0040","country:germany","abstract","germany"
"H0040","country:germany","abstract","alternative for germany"
"H0040","country:germany","abstract","afd"
"H0040","region:europe","rule","from the country named"
"H0041","topic:foreign-policy","title","foreign policy"
"H0041","topic:foreign-policy","abstract","foreign policy"
"H0041","country:turkey","title","akp"
"H0041","country:turkey","title","turkish (+ political word)"
"H0041","country:turkey","abstract","akp"
"H0041","country:turkey","abstract","turkish (+ political word)"
"H0041","region:europe","rule","from the country named"
"H0043","approach:ideational","abstract","populism as a thin"
"H0043","approach:discursive","abstract","laclau"
"H0043","approach:discursive","abstract","populism as a discursive"
"H0045","approach:measurement","title","measuring populist"
"H0045","method:qta","title","semantic text analysis"
"H0046","topic:international","title","transnational"
"H0046","topic:international","abstract","transnational"
"H0046","topic:international","abstract","transnationally"
"H0046","topic:economy-welfare","abstract","economic"
"H0046","topic:media-communication","abstract","frames"
"H0046","topic:media-communication","abstract","framing"
"H0059","topic:parties","title","populist leaders"
"H0059","topic:parties","abstract","populist leaders"
"H0059","topic:parties","abstract","parties"
"H0059","topic:government","abstract","populist governance"
"H0059","topic:government","abstract","populist governments"
"H0059","topic:economy-welfare","abstract","social policy"
"H0059","method:qualitative","abstract","qualitative"
"H0060","approach:discursive","abstract","laclau"
"H0060","approach:discursive","abstract","populism as a political logic"
"H0060","approach:discursive","abstract","populist logic"
"H0060","topic:foreign-policy","title","foreign policy"
"H0060","topic:foreign-policy","abstract","foreign policy"
"H0060","topic:government","abstract","populist governments"
"H0060","topic:gender","abstract","gender"
"H0060","topic:religion","abstract","religion"
"H0060","topic:religion","abstract","muslims"
"H0060","topic:migration","title","refugee"
"H0060","topic:migration","abstract","refugee"
"H0060","topic:migration","abstract","refugees"
"H0060","country:india","title","india"
"H0060","country:india","abstract","india"
"H0060","country:india","abstract","bharatiya janata"
"H0060","country:india","abstract","bjp"
"H0060","region:asia-pacific","rule","from the country named"
"H0065","topic:international","title","brexit"
"H0065","country:united-kingdom","title","united kingdom"
"H0065","country:united-kingdom","title","brexit"
"H0065","region:europe","rule","from the country named"
"H0066","topic:defence-security","abstract","military"
"H0066","topic:democracy-institutions","abstract","liberal democracies"
"H0066","topic:democracy-institutions","abstract","democratisation"
"H0066","method:quantitative","abstract","large n"
"H0072","topic:foreign-policy","title","foreign policy"
"H0072","topic:foreign-policy","abstract","foreign policy"
"H0072","topic:parties","title","far right"
"H0072","topic:parties","abstract","far right"
"H0072","topic:parties","abstract","populist leaders"
"H0072","method:qualitative","abstract","within case"
"H0072","country:brazil","title","brazil"
"H0072","country:brazil","title","bolsonaro"
"H0072","country:brazil","abstract","brazil"
"H0072","country:brazil","abstract","bolsonaro"
"H0072","region:latin-america","rule","from the country named"
"H0073","topic:parties","title","right wing populist"
"H0073","topic:parties","abstract","right wing populist"
"H0073","topic:parties","abstract","party"
"H0073","method:mixed","abstract","mixed method"
"H0073","method:mixed","abstract","quantitative and qualitative"
"H0073","country:germany","title","germany"
"H0073","country:germany","title","afd"
"H0073","country:germany","abstract","germany"
"H0073","country:germany","abstract","alternative fur deutschland"
"H0073","country:germany","abstract","afd"
"H0073","region:europe","rule","from the country named"
"H0076","topic:parties","title","radical right"
"H0076","topic:parties","title","parties"
"H0076","topic:parties","abstract","radical right"
"H0076","topic:parties","abstract","parties"
"H0076","topic:government","abstract","in government"
"H0076","topic:economy-welfare","title","development policy"
"H0076","topic:economy-welfare","abstract","development policy"
"H0076","topic:economy-welfare","abstract","development aid"
"H0076","topic:media-communication","abstract","framing"
"H0076","topic:migration","abstract","migration"
"H0076","region:europe","title","europe"
"H0076","region:europe","abstract","european"
"H0080","todo:check-outlet","journal","Journal of Democracy"
"H0080","topic:parties","abstract","parties"
"H0080","topic:parties","abstract","populist right"
"H0080","topic:economy-welfare","abstract","economic"
"H0080","topic:economy-welfare","abstract","neoliberal"
"H0080","topic:economy-welfare","abstract","financial crisis"
"H0080","region:europe","abstract","europe"
"H0080","region:europe","abstract","eastern europe"
"H0083","topic:democracy-institutions","title","democratic backsliding"
"H0083","topic:democracy-institutions","abstract","democratic backsliding"
"H0083","topic:democracy-institutions","abstract","democratization"
"H0083","region:europe","abstract","central europe"
"H0083","region:europe","abstract","european"
"H0083","country:hungary","title","hungary"
"H0083","country:hungary","abstract","hungary"
"H0083","country:hungary","abstract","hungarian (+ political word)"
"H0083","country:poland","title","poland"
"H0083","country:poland","abstract","poland"
"H0083","country:poland","abstract","pis"
"H0084","topic:parties","title","right wing populism"
"H0084","topic:parties","abstract","right wing populism"
"H0084","topic:parties","abstract","party"
"H0084","topic:media-communication","title","communication"
"H0084","topic:media-communication","title","facebook"
"H0084","topic:media-communication","abstract","facebook"
"H0084","topic:media-communication","abstract","communication"
"H0084","topic:migration","abstract","migratory"
"H0084","topic:migration","abstract","migrations"
"H0084","topic:migration","abstract","migrants"
"H0084","country:italy","title","italy"
"H0084","country:italy","title","salvini"
"H0084","country:italy","abstract","italy"
"H0084","country:italy","abstract","salvini"
"H0084","region:europe","rule","from the country named"
"H0089","topic:media-communication","title","framing"
"H0089","topic:media-communication","abstract","framing"
"H0089","topic:media-communication","abstract","rhetoric"
"H0089","topic:media-communication","abstract","frames"
"H0089","method:qualitative","abstract","critical discourse analysis"
"H0089","country:united-states","title","trump"
"H0089","country:united-states","abstract","united states"
"H0089","country:united-states","abstract","trump"
"H0089","country:united-states","abstract","us"
"H0089","country:united-states","abstract","jacksonian"
"H0089","region:north-america","rule","from the country named"
"H0090","approach:discursive","abstract","discursive approach"
"H0090","topic:foreign-policy","title","foreign policy"
"H0090","topic:foreign-policy","abstract","foreign policy"
"H0090","method:qualitative","abstract","qualitative"
"H0090","country:united-states","title","trump"
"H0090","country:united-states","title","us"
"H0090","country:united-states","abstract","united states"
"H0090","country:united-states","abstract","trump"
"H0090","country:united-states","abstract","trumpian"
"H0090","country:united-states","abstract","biden"
"H0090","country:united-states","abstract","us"
"H0090","region:north-america","rule","from the country named"
"H0092","topic:parties","abstract","parties"
"H0092","topic:parties","abstract","party"
"H0092","topic:parties","abstract","manifestos"
"H0092","topic:parties","abstract","manifesto"
"H0092","topic:voters","abstract","voters"
"H0092","topic:voters","abstract","citizens"
"H0094","topic:international","title","transnational"
"H0094","topic:international","abstract","transnational"
"H0094","topic:democracy-institutions","title","constitutionalism"
"H0094","topic:democracy-institutions","abstract","constitutionalism"
"H0094","topic:democracy-institutions","abstract","constitutional"
"H0094","topic:democracy-institutions","abstract","liberal democracy"
"H0094","topic:democracy-institutions","abstract","democratization"
"H0094","region:europe","abstract","european"
"H0098","topic:parties","abstract","populist right"
"H0098","topic:parties","abstract","populist actors"
"H0098","topic:media-communication","abstract","framing"
"H0098","topic:media-communication","abstract","communication"
"H0098","method:qualitative","abstract","qualitative"
"H0098","country:france","abstract","france"
"H0098","country:france","abstract","le pen"
"H0098","country:france","abstract","melenchon"
"H0098","region:europe","rule","from the country named"
"H0099","topic:parties","title","left wing populism"
"H0099","country:france","abstract","france"
"H0099","country:france","abstract","melenchon"
"H0099","country:france","abstract","la france insoumise"
"H0099","region:europe","rule","from the country named"
"H0100","approach:discursive","abstract","populism as a discursive"
"H0100","approach:performative","title","populist style"
"H0100","topic:parties","abstract","candidates"
"H0100","topic:parties","abstract","candidate"
"H0100","method:qta","abstract","automated text analysis"
"H0100","country:united-states","title","american (+ political word)"
"H0100","country:united-states","abstract","us"
"H0100","country:united-states","abstract","american (+ political word)"
"H0100","region:north-america","rule","from the country named"
"H0102","topic:parties","abstract","radical right"
"H0102","topic:voters","abstract","attitudes"
"H0102","topic:voters","abstract","public support"
"H0102","topic:voters","abstract","supporters"
"H0102","topic:media-communication","abstract","journalistic"
"H0102","topic:media-communication","abstract","frames"
"H0102","topic:media-communication","abstract","media"
"H0102","topic:democracy-institutions","abstract","referendum"
"H0102","topic:democracy-institutions","abstract","authoritarianism"
"H0102","topic:democracy-institutions","abstract","democratic institutions"
"H0102","topic:democracy-institutions","abstract","authoritarian"
"H0102","country:united-states","abstract","united states"
"H0102","country:united-states","abstract","trump"
"H0102","region:north-america","rule","from the country named"
"H0110","approach:ideational","abstract","ideational approach"
"H0110","topic:foreign-policy","title","foreign policy"
"H0110","topic:foreign-policy","abstract","foreign policy"
"H0110","topic:parties","abstract","populist leader"
"H0110","topic:parties","abstract","populist leaders"
"H0110","topic:parties","abstract","partisan"
"H0110","topic:economy-welfare","title","tariff"
"H0110","topic:economy-welfare","abstract","tariffs"
"H0110","topic:economy-welfare","abstract","trade policy"
"H0110","topic:media-communication","title","rhetoric"
"H0110","topic:media-communication","abstract","social network"
"H0110","topic:media-communication","abstract","twitter"
"H0110","topic:media-communication","abstract","media"
"H0110","country:united-states","title","trump"
"H0110","country:united-states","abstract","trump"
"H0110","region:north-america","rule","from the country named"
"H0116","topic:parties","abstract","parties"
"H0116","topic:parties","abstract","party"
"H0116","topic:media-communication","abstract","communication"
"H0116","topic:media-communication","abstract","frames"
"H0116","method:mixed","abstract","mixed methods"
"H0116","country:united-kingdom","title","ukip"
"H0116","country:united-kingdom","abstract","united kingdom"
"H0116","country:united-kingdom","abstract","ukip"
"H0116","region:europe","rule","from the country named"
"H0117","topic:parties","abstract","right wing populist"
"H0117","topic:parties","abstract","parties"
"H0117","topic:parties","abstract","party"
"H0117","region:europe","abstract","europe"
"H0117","region:europe","abstract","eu"
"H0117","country:germany","title","afd"
"H0117","country:germany","abstract","alternative fur deutschland"
"H0117","country:germany","abstract","afd"
"H0117","country:united-kingdom","title","ukip"
"H0117","country:united-kingdom","abstract","united kingdom"
"H0117","country:united-kingdom","abstract","ukip"
"H0121","topic:foreign-policy","title","diplomacy"
"H0121","topic:foreign-policy","abstract","diplomatic"
"H0121","topic:foreign-policy","abstract","foreign policy"
"H0121","topic:defence-security","abstract","war"
"H0121","topic:defence-security","abstract","nato"
"H0121","topic:defence-security","abstract","military"
"H0121","topic:international","abstract","eu"
"H0121","topic:international","abstract","multilateral"
"H0121","region:europe","abstract","european"
"H0121","region:europe","abstract","eu"
"H0121","country:italy","title","italian (+ political word)"
"H0121","country:italy","abstract","italy"
"H0121","country:italy","abstract","meloni"
"H0121","country:ukraine","abstract","ukraine"
"H0122","topic:defence-security","title","war"
"H0122","topic:defence-security","abstract","war"
"H0122","topic:religion","title","religious"
"H0122","topic:religion","title","catholic"
"H0122","topic:religion","title","church"
"H0122","topic:religion","abstract","catholic"
"H0122","topic:religion","abstract","church"
"H0122","method:mixed","abstract","mixed method"
"H0126","topic:international","title","brexit"
"H0126","topic:international","abstract","brexit"
"H0126","topic:voters","abstract","voters"
"H0126","topic:voters","abstract","supporters"
"H0126","country:united-kingdom","title","brexit"
"H0126","country:united-kingdom","abstract","brexit"
"H0126","region:europe","rule","from the country named"
"H0129","topic:religion","abstract","islam"
"H0129","topic:religion","abstract","christianism"
"H0129","topic:religion","abstract","secularist"
"H0129","region:europe","title","european"
"H0129","region:europe","abstract","western europe"
"H0129","region:europe","abstract","european"
"H0129","region:europe","abstract","central europe"
"H0131","topic:economy-welfare","abstract","inequality"
"H0131","topic:economy-welfare","abstract","economic"
"H0136","approach:discursive","abstract","discursive approach"
"H0136","approach:discursive","abstract","populist logic"
"H0136","topic:international","abstract","european union"
"H0136","topic:international","abstract","international order"
"H0136","topic:international","abstract","eu"
"H0136","topic:economy-welfare","title","economic"
"H0136","topic:economy-welfare","abstract","free trade"
"H0136","topic:economy-welfare","abstract","economic"
"H0136","topic:economy-welfare","abstract","protectionism"
"H0136","topic:economy-welfare","abstract","protectionist"
"H0136","topic:economy-welfare","abstract","trade policy"
"H0136","region:europe","abstract","european"
"H0136","region:europe","abstract","eu"
"H0136","country:united-kingdom","abstract","united kingdom"
"H0136","country:united-kingdom","abstract","uk"
"H0136","country:united-states","abstract","united states"
"H0136","country:united-states","abstract","trump"
"H0136","country:united-states","abstract","trumpism"
"H0136","country:united-states","abstract","us"
"H0136","country:united-states","abstract","biden"
"H0136","region:north-america","rule","from the country named"
"H0138","approach:discursive","abstract","laclau"
"H0138","approach:discursive","abstract","empty signifiers"
"H0138","topic:parties","abstract","populist movements"
"H0139","approach:measurement","abstract","measures of populism"
"H0139","topic:foreign-policy","title","foreign policy"
"H0139","topic:foreign-policy","abstract","foreign policy"
"H0139","topic:parties","abstract","parties"
"H0139","topic:parties","abstract","party"
"H0139","topic:media-communication","abstract","communication"
"H0139","topic:religion","title","religion"
"H0139","topic:religion","abstract","religious"
"H0139","country:turkey","title","turkish (+ political word)"
"H0139","country:turkey","abstract","justice and development party"
"H0139","country:turkey","abstract","turkish (+ political word)"
"H0139","region:europe","rule","from the country named"
"H0144","approach:ideational","abstract","ideational framework"
"H0144","topic:parties","title","right wing populism"
"H0144","topic:media-communication","title","frames"
"H0144","topic:media-communication","abstract","framing"
"H0144","topic:migration","title","migrants"
"H0144","country:united-states","title","trump"
"H0144","country:united-states","abstract","united states"
"H0144","country:united-states","abstract","trump"
"H0144","region:north-america","rule","from the country named"
"H0145","topic:international","title","eu"
"H0145","topic:international","abstract","european union"
"H0145","topic:international","abstract","eu"
"H0145","topic:international","abstract","european parliament"
"H0145","topic:international","abstract","european integration"
"H0145","topic:international","abstract","transnational"
"H0145","topic:international","abstract","euroscepticism"
"H0145","topic:parties","title","radical right"
"H0145","topic:parties","abstract","radical right"
"H0145","topic:parties","abstract","parties"
"H0145","topic:parties","abstract","party"
"H0145","region:europe","title","eu"
"H0145","region:europe","abstract","european"
"H0145","region:europe","abstract","eu"
"H0146","topic:parties","title","party"
"H0146","topic:parties","abstract","right wing populist"
"H0146","topic:parties","abstract","parties"
"H0146","topic:parties","abstract","party"
"H0146","topic:government","abstract","in power"
"H0146","topic:religion","abstract","muslim"
"H0146","topic:religion","abstract","hindutva"
"H0146","topic:migration","title","diaspora"
"H0146","topic:migration","abstract","diaspora"
"H0146","topic:migration","abstract","diasporas"
"H0146","country:turkey","title","turkey"
"H0146","country:turkey","title","akp"
"H0146","country:turkey","abstract","turkey"
"H0146","country:turkey","abstract","akp"
"H0146","country:turkey","abstract","turkish (+ political word)"
"H0146","country:india","title","india"
"H0146","country:india","title","bjp"
"H0146","country:india","abstract","india"
"H0146","country:india","abstract","bjp"
"H0146","country:india","abstract","hindutva"
"H0146","country:india","abstract","indian (+ political word)"
"H0146","region:europe","rule","from the country named"
"H0146","region:asia-pacific","rule","from the country named"
"H0147","topic:parties","abstract","parties"
"H0147","topic:parties","abstract","party"
"H0147","topic:government","title","populist governments"
"H0147","topic:government","abstract","populist governments"
"H0147","topic:migration","title","immigration"
"H0147","topic:migration","abstract","immigration"
"H0149","topic:foreign-policy","abstract","foreign policy"
"H0149","topic:defence-security","title","military"
"H0149","topic:defence-security","abstract","security policy"
"H0149","topic:defence-security","abstract","military"
"H0149","topic:parties","abstract","radical right"
"H0149","topic:parties","abstract","party"
"H0149","topic:parties","abstract","parties"
"H0149","topic:parties","abstract","party system"
"H0149","topic:parties","abstract","partisan"
"H0149","topic:media-communication","abstract","rhetoric"
"H0149","topic:media-communication","abstract","frames"
"H0149","country:germany","title","afd"
"H0149","country:germany","title","german (+ political word)"
"H0149","country:germany","abstract","germany"
"H0149","country:germany","abstract","afd"
"H0149","country:germany","abstract","german (+ political word)"
"H0149","region:europe","rule","from the country named"
"H0154","topic:foreign-policy","title","foreign policy"
"H0154","country:poland","title","poland"
"H0154","country:poland","title","law and justice"
"H0154","region:europe","rule","from the country named"
"H0155","approach:discursive","abstract","post structuralist"
"H0155","topic:foreign-policy","title","foreign policy"
"H0155","topic:foreign-policy","abstract","foreign policy"
"H0155","topic:foreign-policy","abstract","diplomatic"
"H0155","country:poland","title","poland"
"H0155","country:poland","abstract","poland"
"H0155","country:poland","abstract","law and justice"
"H0155","country:poland","abstract","pis"
"H0155","region:europe","rule","from the country named"
"H0156","topic:foreign-policy","title","foreign policy"
"H0156","topic:foreign-policy","abstract","foreign policy"
"H0158","topic:parties","abstract","parties"
"H0158","topic:parties","abstract","party system"
"H0158","topic:economy-welfare","abstract","economic crisis"
"H0158","region:europe","abstract","europe"
"H0158","region:europe","abstract","european"
"H0170","topic:parties","title","party"
"H0170","topic:parties","abstract","party"
"H0170","topic:voters","abstract","voters"
"H0171","topic:international","title","international organizations"
"H0171","topic:international","abstract","international organizations"
"H0171","topic:international","abstract","international monetary fund"
"H0171","method:qualitative","abstract","archival"
"H0175","topic:parties","title","parties"
"H0175","topic:parties","abstract","party"
"H0175","topic:parties","abstract","party competition"
"H0175","topic:parties","abstract","parties"
"H0175","topic:migration","title","immigration"
"H0175","topic:migration","abstract","immigration"
"H0175","method:qualitative","abstract","qualitative"
"H0175","country:france","abstract","france"
"H0175","country:france","abstract","front national"
"H0175","country:italy","abstract","italy"
"H0175","country:italy","abstract","lega nord"
"H0175","country:united-kingdom","abstract","uk"
"H0175","country:united-kingdom","abstract","british (+ political word)"
"H0175","region:europe","rule","from the country named"
"H0176","topic:foreign-policy","title","foreign policy"
"H0176","topic:foreign-policy","abstract","foreign policy"
"H0176","topic:international","title","international order"
"H0176","topic:international","abstract","international order"
"H0176","topic:international","abstract","multilateralism"
"H0176","topic:international","abstract","regionalism"
"H0176","topic:parties","title","far right"
"H0176","topic:parties","abstract","radical right"
"H0176","topic:religion","abstract","religious"
"H0176","region:latin-america","abstract","latin america"
"H0176","country:brazil","title","bolsonaro"
"H0176","country:brazil","title","brazilian (+ political word)"
"H0176","country:brazil","abstract","brazil"
"H0176","country:brazil","abstract","bolsonaro"
"H0176","country:brazil","abstract","brazilian (+ political word)"
"H0178","topic:parties","abstract","populist actors"
"H0178","topic:parties","abstract","candidates"
"H0178","topic:media-communication","title","communication"
"H0178","topic:media-communication","abstract","communication"
"H0178","topic:media-communication","abstract","tweets"
"H0179","topic:voters","abstract","populist attitudes"
"H0181","topic:defence-security","title","defence policy"
"H0181","topic:defence-security","abstract","defence policy"
"H0181","topic:defence-security","abstract","defence policies"
"H0181","topic:parties","abstract","parties"
"H0181","topic:government","abstract","populist government"
"H0181","topic:government","abstract","in office"
"H0181","topic:migration","title","migration"
"H0181","topic:migration","abstract","migration"
"H0181","method:qualitative","abstract","semi structured"
"H0181","method:qualitative","abstract","interviews"
"H0184","topic:parties","abstract","party"
"H0184","topic:economy-welfare","title","neoliberalisation"
"H0184","topic:economy-welfare","abstract","neoliberalisation"
"H0184","topic:economy-welfare","abstract","economy"
"H0184","topic:democracy-institutions","title","authoritarianism"
"H0184","topic:democracy-institutions","abstract","authoritarian"
"H0184","topic:democracy-institutions","abstract","constitutional"
"H0184","country:india","title","india"
"H0184","country:india","abstract","india"
"H0184","country:india","abstract","bharatiya janata"
"H0184","region:asia-pacific","rule","from the country named"
"H0188","topic:international","title","european parliament"
"H0188","topic:international","abstract","european integration"
"H0188","topic:international","abstract","eu"
"H0188","topic:international","abstract","european parliament"
"H0188","topic:international","abstract","transnational"
"H0188","topic:parties","title","radical right"
"H0188","topic:parties","abstract","radical right"
"H0188","topic:parties","abstract","party"
"H0188","topic:democracy-institutions","title","democratic backsliding"
"H0188","method:quantitative","abstract","roll call"
"H0188","region:europe","title","european"
"H0188","region:europe","abstract","european"
"H0188","region:europe","abstract","eu"
"H0193","topic:foreign-policy","abstract","foreign policy"
"H0193","topic:foreign-policy","abstract","foreign policies"
"H0193","topic:parties","abstract","parties"
"H0193","topic:parties","abstract","radical right"
"H0193","topic:parties","abstract","populist left"
"H0193","region:europe","title","european"
"H0193","region:europe","abstract","western europe"
"H0193","region:europe","abstract","european"
"H0193","region:europe","abstract","eu"
"H0193","country:russia","title","russia"
"H0196","approach:discursive","abstract","populism as a discourse"
"H0196","approach:discursive","abstract","discursive logic"
"H0199","topic:foreign-policy","title","foreign policy"
"H0199","country:greece","title","syriza"
"H0199","country:greece","title","greek (+ political word)"
"H0199","region:europe","rule","from the country named"
"H0215","topic:parties","abstract","populist actors"
"H0215","topic:parties","abstract","right wing populist"
"H0215","topic:media-communication","title","media"
"H0215","topic:media-communication","abstract","media"
"H0215","topic:media-communication","abstract","disinformation"
"H0215","topic:media-communication","abstract","framing"
"H0215","topic:media-communication","abstract","frames"
"H0215","topic:migration","title","migration"
"H0215","topic:migration","abstract","migration"
"H0215","topic:migration","abstract","immigration"
"H0215","method:qualitative","abstract","process tracing"
"H0220","topic:foreign-policy","title","diplomacy"
"H0220","topic:foreign-policy","abstract","diplomacy"
"H0220","topic:foreign-policy","abstract","diplomats"
"H0220","topic:media-communication","title","public diplomacy"
"H0220","topic:media-communication","abstract","public diplomacy"
"H0221","topic:foreign-policy","title","diplomacy"
"H0221","topic:foreign-policy","abstract","diplomacy"
"H0221","topic:foreign-policy","abstract","diplomats"
"H0221","topic:voters","abstract","citizens"
"H0221","country:united-kingdom","abstract","britain"
"H0221","country:united-kingdom","abstract","brexit"
"H0221","country:united-states","abstract","united states"
"H0221","country:united-states","abstract","trump"
"H0221","region:europe","rule","from the country named"
"H0221","region:north-america","rule","from the country named"
"H0222","topic:international","title","international organizations"
"H0229","topic:foreign-policy","title","foreign policy"
"H0229","topic:foreign-policy","abstract","foreign policy"
"H0229","topic:parties","title","parties"
"H0229","topic:parties","abstract","parties"
"H0229","topic:parties","abstract","party"
"H0229","topic:parties","abstract","far right"
"H0229","country:italy","title","italy"
"H0229","country:italy","title","five star movement"
"H0229","country:italy","abstract","italy"
"H0229","country:italy","abstract","five star movement"
"H0229","region:europe","rule","from the country named"
"H0230","topic:foreign-policy","title","foreign policy"
"H0230","topic:foreign-policy","abstract","foreign policy"
"H0230","topic:foreign-policy","abstract","diplomats"
"H0230","topic:parties","abstract","parties"
"H0230","topic:voters","abstract","populist attitudes"
"H0230","topic:voters","abstract","public opinion"
"H0230","method:qualitative","abstract","interviews"
"H0230","country:italy","title","italy"
"H0230","country:italy","abstract","italy"
"H0230","country:italy","abstract","five star movement"
"H0230","country:italy","abstract","m5s"
"H0230","country:italy","abstract","northern league"
"H0230","country:italy","abstract","italian (+ political word)"
"H0230","region:europe","rule","from the country named"
"H0238","approach:ideational","abstract","thin centered"
"H0238","country:hungary","title","hungarian (+ political word)"
"H0238","country:hungary","abstract","hungary"
"H0238","country:hungary","abstract","orban"
"H0238","region:europe","rule","from the country named"
"H0239","approach:ideational","abstract","ideational approach"
"H0239","topic:international","title","eurosceptic"
"H0239","topic:international","abstract","european union"
"H0239","topic:international","abstract","eu"
"H0239","topic:international","abstract","eurosceptic"
"H0239","topic:international","abstract","euroscepticism"
"H0239","topic:parties","abstract","parties"
"H0239","topic:parties","abstract","party leaders"
"H0239","region:europe","abstract","european"
"H0239","region:europe","abstract","central european"
"H0239","region:europe","abstract","western european"
"H0239","region:europe","abstract","eu"
"H0239","country:hungary","title","hungary"
"H0239","country:hungary","abstract","hungary"
"H0239","country:hungary","abstract","orban"
"H0239","country:poland","title","poland"
"H0239","country:poland","abstract","poland"
"H0239","country:poland","abstract","kaczynski"
"H0246","topic:parties","title","radical left"
"H0246","topic:parties","title","parties"
"H0246","topic:parties","abstract","radical left"
"H0246","topic:parties","abstract","parties"
"H0246","method:qualitative","abstract","in depth case studies"
"H0246","method:qualitative","abstract","interviews"
"H0246","region:europe","title","western europe"
"H0246","region:europe","abstract","western europe"
"H0246","region:europe","abstract","european"
"H0252","approach:discursive","title","discourse theoretical"
"H0252","approach:discursive","abstract","poststructuralist"
"H0252","approach:discursive","abstract","discourse theory"
"H0252","approach:discursive","abstract","laclau"
"H0252","approach:discursive","abstract","discursively constructing"
"H0253","approach:discursive","abstract","laclau"
"H0253","approach:discursive","abstract","discourse theory"
"H0253","approach:discursive","abstract","discursively constructed"
"H0253","approach:discursive","abstract","discursive approach"
"H0253","approach:discursive","abstract","populist logic"
"H0253","topic:parties","abstract","radical left"
"H0253","topic:parties","abstract","party"
"H0253","country:united-kingdom","abstract","united kingdom"
"H0253","country:united-kingdom","abstract","ukip"
"H0253","region:europe","rule","from the country named"
"H0254","approach:other","abstract","conceptualization of populism"
"H0254","approach:other","abstract","conceptualizations of populism"
"H0255","topic:migration","title","migrant"
"H0255","topic:migration","abstract","migrant"
"H0255","topic:migration","abstract","refugee"
"H0255","topic:migration","abstract","nativisms"
"H0255","region:europe","title","europe"
"H0255","region:europe","abstract","european"
"H0255","region:europe","abstract","europe"
"H0257","todo:check-outlet","journal","SAIS Review of International Affairs"
"H0257","topic:democracy-institutions","abstract","democratization"
"H0257","topic:democracy-institutions","abstract","liberal democracy"
"H0257","topic:democracy-institutions","abstract","courts"
"H0257","country:united-states","abstract","us"
"H0257","country:venezuela","abstract","chavez"
"H0257","country:venezuela","abstract","bolivarian"
"H0257","region:north-america","rule","from the country named"
"H0257","region:latin-america","rule","from the country named"
"H0261","topic:foreign-policy","abstract","foreign policy"
"H0261","topic:foreign-policy","abstract","diplomats"
"H0261","topic:parties","title","right wing populist"
"H0261","country:brazil","title","brazil"
"H0261","country:brazil","abstract","brazil"
"H0261","country:brazil","abstract","bolsonaro"
"H0261","country:brazil","abstract","brazilian (+ political word)"
"H0261","region:latin-america","rule","from the country named"
"H0262","topic:foreign-policy","title","foreign policy"
"H0262","topic:parties","title","far right"
"H0262","topic:parties","abstract","far right"
"H0262","topic:parties","abstract","populist leaders"
"H0262","country:brazil","title","bolsonaro"
"H0262","country:brazil","abstract","bolsonaro"
"H0262","region:latin-america","rule","from the country named"
"H0269","topic:parties","abstract","party"
"H0269","topic:parties","abstract","radical right"
"H0269","topic:voters","abstract","public opinion"
"H0269","topic:voters","abstract","attitudes"
"H0269","topic:migration","title","immigration"
"H0269","topic:migration","abstract","migration"
"H0269","topic:migration","abstract","migrants"
"H0269","topic:migration","abstract","asylum"
"H0269","country:italy","title","lega"
"H0269","country:italy","title","salvini"
"H0269","country:italy","abstract","italy"
"H0269","country:italy","abstract","lega"
"H0269","country:italy","abstract","italian (+ political word)"
"H0269","region:europe","rule","from the country named"
"H0270","approach:ideational","abstract","populism as a thin"
"H0270","topic:international","abstract","global governance"
"H0270","topic:voters","title","populist attitudes"
"H0270","topic:voters","abstract","populist attitudes"
"H0270","topic:voters","abstract","attitudes"
"H0270","topic:economy-welfare","abstract","economic"
"H0270","topic:economy-welfare","abstract","economy"
"H0270","method:survey","abstract","original survey"
"H0270","method:experiment","title","experimental evidence"
"H0270","country:united-kingdom","title","united kingdom"
"H0270","country:united-kingdom","abstract","united kingdom"
"H0270","country:india","title","india"
"H0270","region:europe","rule","from the country named"
"H0270","region:asia-pacific","rule","from the country named"
"H0275","approach:ideational","abstract","populism as a thin"
"H0275","topic:foreign-policy","abstract","foreign policy"
"H0275","topic:international","title","international order"
"H0275","topic:international","abstract","world order"
"H0275","topic:international","abstract","international order"
"H0275","topic:international","abstract","liberal order"
"H0275","topic:government","abstract","populist governments"
"H0275","country:united-states","abstract","us"
"H0275","region:north-america","rule","from the country named"
"H0277","country:united-states","title","trumpism"
"H0277","country:united-states","title","american (+ political word)"
"H0277","country:united-states","abstract","trumpism"
"H0277","country:united-states","abstract","trump"
"H0277","region:north-america","rule","from the country named"
"H0280","topic:foreign-policy","title","diplomat"
"H0280","topic:foreign-policy","title","foreign policy"
"H0280","country:italy","title","italy"
"H0280","country:italy","title","berlusconi"
"H0280","region:europe","rule","from the country named"
"H0282","topic:foreign-policy","abstract","foreign policy"
"H0286","topic:foreign-policy","title","foreign policy"
"H0286","topic:foreign-policy","abstract","foreign policy"
"H0286","topic:government","title","administration"
"H0286","topic:government","abstract","administration"
"H0286","country:united-states","title","trump"
"H0286","country:united-states","abstract","trump"
"H0286","region:north-america","rule","from the country named"
"H0292","topic:defence-security","abstract","securitization"
"H0292","topic:defence-security","abstract","terrorism"
"H0292","topic:parties","abstract","populist leaders"
"H0292","topic:parties","abstract","right wing populist"
"H0292","topic:parties","abstract","populist leader"
"H0292","topic:gender","title","masculine"
"H0292","topic:gender","abstract","masculinity"
"H0292","topic:gender","abstract","gendered"
"H0292","country:hungary","title","hungary"
"H0292","country:hungary","abstract","orban"
"H0292","country:hungary","abstract","hungarian (+ political word)"
"H0292","country:india","title","india"
"H0292","country:india","abstract","modi"
"H0292","country:india","abstract","indian (+ political word)"
"H0292","region:europe","rule","from the country named"
"H0292","region:asia-pacific","rule","from the country named"
"H0295","topic:foreign-policy","title","foreign policy"
"H0295","topic:foreign-policy","abstract","foreign policy"
"H0295","topic:international","title","eu"
"H0295","topic:international","abstract","eu"
"H0295","region:europe","title","eu"
"H0295","region:europe","abstract","eu"
"H0295","country:poland","title","poland"
"H0295","country:poland","abstract","poland"
"H0295","country:poland","abstract","pis"
"H0295","country:poland","abstract","law and justice"
"H0295","country:poland","abstract","polish (+ political word)"
"H0298","approach:measurement","abstract","how to measure"
"H0298","topic:foreign-policy","title","foreign policy"
"H0298","topic:foreign-policy","abstract","foreign policy"
"H0298","topic:parties","title","radical right"
"H0298","topic:parties","title","party"
"H0298","topic:parties","abstract","radical right"
"H0298","topic:parties","abstract","parties"
"H0298","topic:parties","abstract","party"
"H0298","method:mixed","abstract","mixed methods"
"H0298","country:austria","title","austrian (+ political word)"
"H0298","country:austria","abstract","austria"
"H0298","country:austria","abstract","austrian (+ political word)"
"H0298","region:europe","rule","from the country named"
"H0301","topic:parties","title","radical right"
"H0301","topic:parties","abstract","radical right"
"H0301","topic:parties","abstract","parties"
"H0301","topic:parties","abstract","manifesto"
"H0301","topic:parties","abstract","party"
"H0301","topic:economy-welfare","abstract","economic"
"H0302","topic:foreign-policy","title","foreign policy"
"H0302","topic:foreign-policy","abstract","foreign policy"
"H0302","topic:parties","abstract","populist left"
"H0302","topic:parties","abstract","party"
"H0302","country:spain","title","podemos"
"H0302","country:spain","abstract","spain"
"H0302","country:spain","abstract","podemos"
"H0302","country:united-states","title","bernie sanders"
"H0302","country:united-states","abstract","united states"
"H0302","country:united-states","abstract","bernie sanders"
"H0302","region:europe","rule","from the country named"
"H0302","region:north-america","rule","from the country named"
"H0303","approach:performative","abstract","populist style"
"H0303","approach:performative","abstract","bad manners"
"H0303","approach:performative","abstract","performative"
"H0303","topic:parties","title","right wing populism"
"H0303","topic:parties","abstract","right wing populist"
"H0303","topic:parties","abstract","party"
"H0303","topic:parties","abstract","right wing populists"
"H0303","topic:media-communication","abstract","communication"
"H0303","topic:media-communication","abstract","rhetorical"
"H0303","topic:media-communication","abstract","television"
"H0303","method:qualitative","abstract","discourse analysis"
"H0303","country:france","abstract","france"
"H0303","country:france","abstract","french (+ political word)"
"H0303","country:united-kingdom","abstract","uk"
"H0303","country:united-kingdom","abstract","ukip"
"H0303","country:united-kingdom","abstract","farage"
"H0303","region:europe","rule","from the country named"
"H0304","approach:ideational","abstract","thin ideology"
"H0304","topic:parties","abstract","parties"
"H0304","topic:media-communication","abstract","rhetoric"
"H0304","method:quantitative","abstract","expert survey"
"H0304","region:europe","title","eastern europe"
"H0305","approach:political-strategic","abstract","political strategic"
"H0305","topic:parties","title","populist politicians"
"H0305","topic:voters","abstract","voters"
"H0305","topic:media-communication","title","media"
"H0305","topic:media-communication","abstract","media"
"H0305","topic:media-communication","abstract","communication"
"H0305","topic:media-communication","abstract","journalistic"
"H0308","topic:parties","abstract","parties"
"H0308","topic:media-communication","title","media"
"H0308","topic:media-communication","abstract","media"
"H0308","topic:media-communication","abstract","communication"
"H0308","topic:media-communication","abstract","facebook"
"H0308","topic:media-communication","abstract","twitter"
"H0310","topic:foreign-policy","title","foreign policy"
"H0310","topic:foreign-policy","abstract","foreign policy"
"H0310","topic:government","abstract","presidency"
"H0310","topic:government","abstract","administration"
"H0310","country:united-states","title","trump"
"H0310","country:united-states","abstract","trump"
"H0310","country:united-states","abstract","american (+ political word)"
"H0310","region:north-america","rule","from the country named"
"H0313","topic:international","title","european union"
"H0313","topic:international","abstract","eu"
"H0313","topic:migration","abstract","migration"
"H0313","region:europe","title","european"
"H0313","region:europe","abstract","eu"
"H0313","country:italy","title","italy"
"H0315","topic:foreign-policy","title","foreign policy"
"H0315","topic:international","title","eu"
"H0315","topic:international","abstract","european parliament"
"H0315","topic:international","abstract","eu"
"H0315","topic:international","abstract","eurosceptical"
"H0315","topic:parties","title","radical right"
"H0315","topic:parties","title","parties"
"H0315","topic:parties","abstract","radical right"
"H0315","topic:parties","abstract","parties"
"H0315","region:europe","title","eu"
"H0315","region:europe","abstract","european"
"H0315","region:europe","abstract","eu"
"H0317","approach:discursive","abstract","discourse theory"
"H0317","topic:international","title","transnational"
"H0317","topic:international","abstract","transnational"
"H0317","topic:international","abstract","european integration"
"H0317","region:europe","abstract","europe"
"H0317","region:europe","abstract","european"
"H0318","topic:international","title","world order"
"H0318","topic:international","abstract","international order"
"H0318","topic:international","abstract","multilateralism"
"H0318","topic:international","abstract","world order"
"H0318","country:brazil","abstract","brazil"
"H0318","country:brazil","abstract","bolsonaro"
"H0318","country:mexico","abstract","mexico"
"H0318","country:mexico","abstract","lopez obrador"
"H0318","country:venezuela","abstract","venezuela"
"H0318","country:venezuela","abstract","maduro"
"H0318","region:latin-america","rule","from the country named"
"H0320","topic:international","title","brexit"
"H0320","topic:international","abstract","eurosceptic"
"H0320","topic:international","abstract","european parliament"
"H0320","topic:international","abstract","brexit"
"H0320","topic:parties","abstract","party"
"H0320","topic:media-communication","abstract","communication"
"H0320","topic:media-communication","abstract","media"
"H0320","topic:migration","abstract","immigration"
"H0320","topic:migration","abstract","migrant"
"H0320","topic:democracy-institutions","abstract","referendum"
"H0320","region:europe","abstract","european"
"H0320","region:europe","abstract","europe"
"H0320","country:united-kingdom","title","brexit"
"H0320","country:united-kingdom","abstract","ukip"
"H0320","country:united-kingdom","abstract","brexit"
"H0320","country:united-kingdom","abstract","boris johnson"
"H0320","country:united-kingdom","abstract","farage"
"H0320","country:united-kingdom","abstract","british (+ political word)"
"H0323","topic:democracy-institutions","title","populism and democracy"
"H0323","topic:democracy-institutions","abstract","constitutional"
"H0323","topic:democracy-institutions","abstract","liberal democracy"
"H0329","todo:check-outlet","journal","Journal of Democracy"
"H0329","topic:democracy-institutions","abstract","authoritarian"
"H0329","topic:democracy-institutions","abstract","checks and balances"
"H0329","country:poland","title","poland"
"H0329","country:poland","abstract","poland"
"H0329","country:poland","abstract","law and justice"
"H0329","country:poland","abstract","pis"
"H0329","country:poland","abstract","polish (+ political word)"
"H0329","region:europe","rule","from the country named"
"H0330","topic:international","abstract","transnational"
"H0330","topic:parties","title","radical right"
"H0330","topic:parties","title","parties"
"H0330","topic:parties","abstract","radical right"
"H0330","topic:parties","abstract","parties"
"H0330","topic:parties","abstract","party"
"H0330","country:denmark","abstract","danish people s party"
"H0330","country:denmark","abstract","danish (+ political word)"
"H0330","region:europe","rule","from the country named"
"H0331","topic:parties","title","far right"
"H0331","topic:parties","abstract","far right"
"H0331","topic:parties","abstract","radical right"
"H0331","topic:media-communication","title","communication"
"H0331","topic:media-communication","abstract","communication"
"H0331","country:germany","title","germany"
"H0331","region:europe","rule","from the country named"
"H0333","approach:political-strategic","abstract","political strategic"
"H0333","topic:parties","title","populist leadership"
"H0333","method:qualitative","abstract","process tracing"
"H0333","method:qualitative","abstract","within case"
"H0333","country:argentina","title","kirchner"
"H0333","country:argentina","abstract","kirchner"
"H0333","country:argentina","abstract","argentine (+ political word)"
"H0333","region:latin-america","rule","from the country named"
"H0334","topic:foreign-policy","title","foreign policy"
"H0337","approach:performative","abstract","populist performance"
"H0337","approach:performative","abstract","populist performances"
"H0337","topic:parties","abstract","party"
"H0337","topic:parties","abstract","partisanship"
"H0337","country:zambia","title","zambia"
"H0337","country:zambia","title","sata"
"H0337","region:sub-saharan-africa","rule","from the country named"
"H0338","topic:parties","abstract","right wing populist"
"H0338","topic:parties","abstract","parties"
"H0338","topic:parties","abstract","right wing populism"
"H0338","topic:economy-welfare","abstract","energy policies"
"H0340","approach:ideational","title","populism as an ideology"
"H0340","topic:international","title","brexit"
"H0340","topic:international","abstract","european union"
"H0340","topic:international","abstract","eu"
"H0340","topic:democracy-institutions","title","referendum"
"H0340","region:europe","abstract","european"
"H0340","region:europe","abstract","eu"
"H0340","country:united-kingdom","title","brexit"
"H0343","topic:defence-security","title","military"
"H0343","topic:defence-security","abstract","military"
"H0343","topic:defence-security","abstract","armed forces"
"H0343","topic:democracy-institutions","abstract","illiberal"
"H0343","topic:democracy-institutions","abstract","authoritarian"
"H0343","country:czech-republic","title","czechia"
"H0343","region:europe","rule","from the country named"
"H0351","topic:parties","title","radical right"
"H0351","topic:parties","abstract","parties"
"H0351","topic:parties","abstract","radical right"
"H0351","country:italy","title","italian (+ political word)"
"H0351","country:italy","abstract","italy"
"H0351","country:italy","abstract","meloni"
"H0351","country:italy","abstract","italian (+ political word)"
"H0351","region:europe","rule","from the country named"
"H0357","topic:parties","abstract","populist movements"
"H0357","topic:parties","abstract","partisan"
"H0357","topic:economy-welfare","abstract","economic crisis"
"H0357","topic:economy-welfare","abstract","neoliberal"
"H0357","topic:media-communication","title","media"
"H0357","topic:media-communication","abstract","media"
"H0357","country:united-states","abstract","united states"
"H0357","country:united-states","abstract","trump"
"H0357","region:north-america","rule","from the country named"
"H0358","topic:democracy-institutions","title","authoritarianism"
"H0361","topic:parties","title","populist right"
"H0361","topic:parties","abstract","candidates"
"H0361","topic:parties","abstract","populist right"
"H0361","topic:parties","abstract","parties"
"H0361","topic:voters","abstract","support for populism"
"H0361","topic:economy-welfare","title","economic"
"H0361","topic:economy-welfare","abstract","economic"
"H0361","method:survey","abstract","cross national survey"
"H0363","topic:foreign-policy","title","foreign policy"
"H0363","topic:foreign-policy","abstract","foreign policy"
"H0363","topic:parties","abstract","right wing populists"
"H0363","topic:parties","abstract","parties"
"H0363","country:italy","title","italy"
"H0363","country:italy","abstract","italy"
"H0363","country:italy","abstract","italian (+ political word)"
"H0363","region:europe","rule","from the country named"
"H0364","topic:foreign-policy","title","foreign policy"
"H0365","topic:foreign-policy","title","foreign policy"
"H0366","topic:international","abstract","supranational"
"H0366","topic:international","abstract","international organizations"
"H0366","topic:international","abstract","european union"
"H0366","topic:international","abstract","eu"
"H0366","topic:international","abstract","brexit"
"H0366","topic:democracy-institutions","abstract","referendum"
"H0366","topic:democracy-institutions","abstract","constitutional"
"H0366","region:europe","title","southern europe"
"H0366","region:europe","abstract","european"
"H0366","region:europe","abstract","eu"
"H0366","country:italy","abstract","italy"
"H0366","country:spain","abstract","spain"
"H0368","topic:parties","abstract","radical left"
"H0368","topic:parties","abstract","party"
"H0368","topic:voters","abstract","voters"
"H0368","topic:economy-welfare","abstract","economic"
"H0368","topic:economy-welfare","abstract","economics"
"H0368","method:quantitative","abstract","large n"
"H0368","method:quantitative","abstract","regression"
"H0368","method:survey","abstract","survey data"
"H0368","country:germany","title","die linke"
"H0368","country:germany","abstract","germany"
"H0368","country:germany","abstract","die linke"
"H0368","region:europe","rule","from the country named"
"H0373","topic:defence-security","abstract","security policy"
"H0373","topic:defence-security","abstract","military"
"H0373","topic:defence-security","abstract","war"
"H0373","topic:defence-security","abstract","national security"
"H0373","topic:parties","title","radical right"
"H0373","topic:parties","abstract","radical right"
"H0373","topic:parties","abstract","parties"
"H0373","method:qualitative","abstract","qualitative"
"H0373","method:qualitative","abstract","comparative case studies"
"H0373","region:europe","title","european"
"H0373","country:france","abstract","france"
"H0373","country:france","abstract","front national"
"H0373","country:germany","abstract","germany"
"H0373","country:germany","abstract","afd"
"H0373","country:united-kingdom","abstract","ukip"
"H0373","country:united-kingdom","abstract","uk"
"H0375","topic:parties","abstract","radical right"
"H0375","topic:parties","abstract","party"
"H0375","topic:parties","abstract","manifesto"
"H0375","country:italy","title","meloni"
"H0375","country:italy","abstract","italy"
"H0375","country:italy","abstract","fratelli d italia"
"H0375","country:italy","abstract","italian (+ political word)"
"H0375","region:europe","rule","from the country named"
"H0380","topic:parties","title","right wing populists"
"H0380","topic:parties","abstract","radical right"
"H0380","topic:parties","abstract","parties"
"H0380","topic:parties","abstract","party"
"H0380","topic:migration","title","migrant"
"H0380","topic:migration","abstract","anti immigrant"
"H0380","topic:migration","abstract","migrant"
"H0380","topic:migration","abstract","migration"
"H0381","topic:defence-security","abstract","securitisation"
"H0381","topic:defence-security","abstract","security threat"
"H0381","topic:international","title","eu"
"H0381","topic:international","abstract","european union"
"H0381","topic:international","abstract","eu"
"H0381","topic:parties","abstract","parties"
"H0381","topic:parties","abstract","right wing populist"
"H0381","topic:migration","title","migration"
"H0381","topic:migration","abstract","immigration"
"H0381","topic:migration","abstract","migrants"
"H0381","topic:migration","abstract","migration"
"H0381","topic:migration","abstract","anti immigration"
"H0381","region:europe","title","eu"
"H0381","region:europe","abstract","european"
"H0381","region:europe","abstract","eu"
"H0383","region:global","title","global populisms"
"H0384","approach:ideational","abstract","thick ideology"
"H0384","approach:ideational","abstract","thin ideology"
"H0384","topic:international","title","brexit"
"H0384","topic:international","abstract","european union"
"H0384","topic:international","abstract","eu"
"H0384","topic:international","abstract","brexit"
"H0384","topic:parties","abstract","right wing populist"
"H0384","topic:parties","abstract","parties"
"H0384","region:europe","abstract","european"
"H0384","region:europe","abstract","eu"
"H0384","country:united-kingdom","title","brexit"
"H0384","country:united-kingdom","abstract","united kingdom"
"H0384","country:united-kingdom","abstract","brexit"
"H0384","country:united-kingdom","abstract","uk"
"H0384","country:united-kingdom","abstract","british (+ political word)"
"H0397","topic:international","abstract","multilateral"
"H0397","topic:international","abstract","multilateralism"
"H0397","topic:parties","title","radical right"
"H0397","topic:parties","title","parties"
"H0397","topic:parties","abstract","radical right"
"H0397","topic:parties","abstract","parties"
"H0397","topic:economy-welfare","title","foreign aid"
"H0397","topic:economy-welfare","abstract","foreign aid"
"H0397","topic:migration","abstract","migration"
"H0397","region:europe","title","european"
"H0397","region:europe","abstract","europe"
"H0397","region:europe","abstract","european"
"H0398","topic:economy-welfare","abstract","economy"
"H0398","topic:economy-welfare","abstract","economic"
"H0398","topic:religion","title","islamic"
"H0398","topic:religion","abstract","islamic"
"H0398","topic:religion","abstract","muslim"
"H0398","region:mena","title","middle east"
"H0398","region:mena","abstract","middle east"
"H0398","country:indonesia","title","indonesia"
"H0398","region:asia-pacific","rule","from the country named"
"H0399","topic:economy-welfare","abstract","neoliberal"
"H0399","topic:economy-welfare","abstract","globalisation"
"H0399","region:global","title","cross regional"
"H0401","topic:defence-security","title","military"
"H0401","topic:defence-security","abstract","military"
"H0401","topic:defence-security","abstract","terrorism"
"H0401","topic:defence-security","abstract","militares"
"H0401","topic:defence-security","abstract","militar"
"H0401","topic:defence-security","abstract","terrorismo"
"H0401","topic:defence-security","abstract","terroriste"
"H0401","topic:parties","title","radical right"
"H0401","topic:parties","abstract","radical right"
"H0401","topic:parties","abstract","parties"
"H0401","topic:parties","abstract","party"
"H0407","topic:foreign-policy","title","foreign policy"
"H0407","topic:foreign-policy","abstract","foreign policy"
"H0407","topic:foreign-policy","abstract","foreign policies"
"H0407","topic:government","abstract","presidency"
"H0407","topic:government","abstract","administration"
"H0407","topic:government","abstract","governing populists"
"H0407","topic:media-communication","title","rhetoric"
"H0407","topic:media-communication","abstract","rhetoric"
"H0407","topic:religion","abstract","islamic"
"H0407","country:united-states","title","trump"
"H0407","country:united-states","abstract","trump"
"H0407","country:united-states","abstract","us"
"H0407","region:north-america","rule","from the country named"
"H0408","approach:socio-cultural","title","flaunting of the low"
"H0408","approach:socio-cultural","abstract","flaunting of the low"
"H0408","topic:parties","title","radical right"
"H0408","country:france","abstract","france"
"H0408","region:europe","rule","from the country named"
"H0409","topic:parties","title","radical right"
"H0409","topic:parties","title","parties"
"H0409","topic:parties","abstract","parties"
"H0409","topic:parties","abstract","radical right"
"H0409","topic:economy-welfare","title","foreign aid"
"H0409","topic:economy-welfare","abstract","foreign aid"
"H0410","region:latin-america","title","south america"
"H0410","region:latin-america","abstract","south america"
"H0410","country:venezuela","abstract","venezuela"
"H0411","topic:international","title","international monetary fund"
"H0411","topic:international","abstract","multilateral"
"H0411","topic:international","abstract","international organizations"
"H0411","topic:international","abstract","international monetary fund"
"H0411","topic:international","abstract","imf"
"H0411","topic:international","abstract","european union"
"H0411","topic:international","abstract","international order"
"H0411","topic:parties","abstract","populist politicians"
"H0411","topic:parties","abstract","partisan"
"H0411","topic:voters","title","attitudes"
"H0411","method:survey","abstract","survey data"
"H0411","method:experiment","abstract","survey experiment"
"H0416","approach:discursive","abstract","populism as discourse"
"H0416","approach:measurement","title","measuring populist"
"H0416","approach:measurement","abstract","measure of populist"
"H0416","country:venezuela","title","chavez"
"H0416","region:latin-america","rule","from the country named"
"H0418","country:venezuela","title","venezuela"
"H0418","country:venezuela","title","chavismo"
"H0418","country:venezuela","abstract","venezuela"
"H0418","country:venezuela","abstract","chavismo"
"H0418","country:venezuela","abstract","chavez"
"H0418","country:venezuela","abstract","bolivarian"
"H0418","region:latin-america","rule","from the country named"
"H0421","approach:ideational","abstract","ideational definition"
"H0421","topic:voters","abstract","public opinion"
"H0421","topic:voters","abstract","attitudes"
"H0421","topic:economy-welfare","title","foreign aid"
"H0421","topic:economy-welfare","abstract","foreign aid"
"H0421","topic:migration","abstract","nativist"
"H0421","topic:migration","abstract","nativism"
"H0425","topic:defence-security","abstract","defense cooperation"
"H0425","topic:defence-security","abstract","military"
"H0425","topic:defence-security","abstract","national security"
"H0425","topic:defence-security","abstract","security and defense"
"H0425","topic:parties","abstract","parties"
"H0425","topic:parties","abstract","party"
"H0425","topic:parties","abstract","manifesto"
"H0425","region:europe","title","european"
"H0425","region:europe","abstract","european"
"H0425","region:europe","abstract","europe"
"H0425","region:europe","abstract","eu"
"H0429","region:sub-saharan-africa","title","africa"
"H0429","country:china","title","chinese (+ political word)"
"H0429","region:asia-pacific","rule","from the country named"
"H0435","topic:foreign-policy","title","foreign policy"
"H0435","topic:foreign-policy","abstract","foreign policy"
"H0435","topic:foreign-policy","abstract","foreign policies"
"H0435","topic:international","title","international order"
"H0435","topic:international","abstract","international order"
"H0435","topic:international","abstract","transnationally"
"H0435","topic:parties","abstract","populist leaders"
"H0435","country:hungary","title","hungary"
"H0435","country:turkey","title","turkey"
"H0435","region:europe","rule","from the country named"
"H0437","topic:media-communication","abstract","media"
"H0437","topic:media-communication","abstract","newspapers"
"H0437","topic:media-communication","abstract","television"
"H0437","topic:gender","title","gender"
"H0437","country:united-states","title","trump"
"H0437","country:united-states","title","jacksonian"
"H0437","country:united-states","title","us"
"H0437","country:united-states","abstract","trump"
"H0437","country:united-states","abstract","jacksonian"
"H0437","region:north-america","rule","from the country named"
"H0438","approach:discursive","abstract","laclau"
"H0438","topic:international","title","global order"
"H0438","topic:international","abstract","global order"
"H0438","topic:religion","abstract","islamic"
"H0438","country:iran","title","iran"
"H0438","country:iran","abstract","iran"
"H0438","country:israel","title","israel"
"H0438","region:mena","rule","from the country named"
"H0440","topic:media-communication","abstract","communications"
"H0440","topic:media-communication","abstract","rhetorical"
"H0440","method:mixed","abstract","quantitative and qualitative"
"H0440","country:united-states","title","trump"
"H0440","country:united-states","abstract","united states"
"H0440","country:united-states","abstract","trump"
"H0440","country:united-states","abstract","us"
"H0440","country:united-states","abstract","american (+ political word)"
"H0440","region:north-america","rule","from the country named"
"H0441","topic:migration","abstract","immigration"
"H0448","approach:ideational","abstract","host ideology"
"H0448","topic:parties","title","right wing populism"
"H0448","topic:parties","abstract","parties"
"H0448","topic:parties","abstract","right wing populist"
"H0448","topic:democracy-institutions","title","democratic quality"
"H0448","topic:democracy-institutions","abstract","democratic quality"
"H0448","topic:democracy-institutions","abstract","populism and democracy"
"H0449","topic:parties","abstract","partisanship"
"H0449","topic:parties","abstract","party"
"H0449","topic:voters","title","populist attitudes"
"H0449","method:survey","abstract","election study"
"H0449","country:united-kingdom","abstract","uk"
"H0449","country:united-kingdom","abstract","british (+ political word)"
"H0449","country:united-states","abstract","us"
"H0449","region:europe","rule","from the country named"
"H0449","region:north-america","rule","from the country named"
"H0450","topic:voters","title","attitudes"
"H0450","topic:voters","abstract","citizens"
"H0450","topic:voters","abstract","populist attitudes"
"H0450","topic:voters","abstract","attitudes"
"H0450","method:quantitative","abstract","structural equation"
"H0450","method:survey","abstract","election study"
"H0451","topic:international","abstract","eu"
"H0451","topic:parties","abstract","right wing populists"
"H0451","topic:parties","abstract","parties"
"H0451","region:europe","title","european"
"H0451","region:europe","abstract","european"
"H0451","region:europe","abstract","eu"
"H0456","topic:foreign-policy","title","diplomacy"
"H0456","topic:foreign-policy","abstract","diplomats"
"H0456","topic:foreign-policy","abstract","diplomacy"
"H0456","topic:foreign-policy","abstract","foreign policy"
"H0456","topic:foreign-policy","abstract","diplomatic"
"H0456","topic:religion","title","hindu"
"H0456","topic:religion","abstract","hindu"
"H0456","method:qualitative","abstract","interviews"
"H0456","method:qualitative","abstract","archival"
"H0456","country:india","abstract","india"
"H0456","country:india","abstract","modi"
"H0456","country:india","abstract","indian (+ political word)"
"H0456","region:asia-pacific","rule","from the country named"
"H0459","topic:defence-security","title","military"
"H0459","topic:defence-security","abstract","military"
"H0459","topic:defence-security","abstract","armed forces"
"H0459","topic:government","abstract","administration"
"H0459","topic:government","abstract","in government"
"H0459","country:brazil","title","brazil"
"H0459","country:brazil","title","bolsonaro"
"H0459","country:brazil","abstract","bolsonaro"
"H0459","country:brazil","abstract","brazilian (+ political word)"
"H0459","region:latin-america","rule","from the country named"
"H0469","topic:international","title","international order"
"H0469","topic:international","abstract","liberal order"
"H0469","topic:international","abstract","international order"
"H0469","topic:economy-welfare","abstract","economic"
"H0469","topic:economy-welfare","abstract","inequality"
"H0479","approach:ideational","abstract","thick ideology"
"H0479","approach:ideational","abstract","thick ideologies"
"H0479","topic:foreign-policy","abstract","foreign policy"
"H0479","topic:international","title","eu"
"H0479","topic:international","abstract","european union"
"H0479","topic:international","abstract","eu"
"H0479","topic:government","abstract","populist led governments"
"H0479","topic:government","abstract","populist governments"
"H0479","topic:economy-welfare","abstract","economic"
"H0479","region:europe","title","eu"
"H0479","region:europe","abstract","european"
"H0479","region:europe","abstract","eu"
"H0479","country:czech-republic","title","czechia"
"H0479","country:italy","title","italy"
"H0479","country:china","title","china"
"H0479","country:china","abstract","china"
"H0479","region:asia-pacific","rule","from the country named"
"H0481","region:latin-america","abstract","latin america"
"H0482","topic:parties","abstract","party"
"H0482","topic:media-communication","abstract","rhetoric"
"H0482","country:poland","title","law and justice"
"H0482","country:poland","abstract","poland"
"H0482","country:poland","abstract","law and justice"
"H0482","country:poland","abstract","pis"
"H0482","country:poland","abstract","polish (+ political word)"
"H0482","region:europe","rule","from the country named"
"H0484","topic:media-communication","title","rhetoric"
"H0484","region:europe","title","europe"
"H0484","region:north-america","title","north america"
"H0485","approach:discursive","abstract","essex school"
"H0485","topic:foreign-policy","title","foreign policy"
"H0485","topic:foreign-policy","abstract","foreign policy"
"H0485","topic:media-communication","abstract","rhetoric"
"H0485","topic:media-communication","abstract","frames"
"H0485","method:qualitative","abstract","discourse analysis"
"H0490","topic:international","abstract","imf"
"H0490","topic:international","abstract","eu"
"H0490","region:europe","abstract","eu"
"H0490","country:hungary","title","hungarian (+ political word)"
"H0490","country:hungary","abstract","hungary"
"H0490","country:hungary","abstract","orban"
"H0490","country:hungary","abstract","fidesz"
"H0491","topic:international","abstract","wto"
"H0491","topic:international","abstract","brexit"
"H0491","topic:international","abstract","european union"
"H0491","topic:international","abstract","eu"
"H0491","topic:economy-welfare","abstract","trade policy"
"H0491","topic:economy-welfare","abstract","protectionism"
"H0491","topic:economy-welfare","abstract","international trade"
"H0491","topic:economy-welfare","abstract","trade agreements"
"H0491","topic:economy-welfare","abstract","economic"
"H0491","topic:economy-welfare","abstract","tariffs"
"H0491","topic:economy-welfare","abstract","trade war"
"H0491","topic:economy-welfare","abstract","trade policies"
"H0491","topic:democracy-institutions","abstract","referendum"
"H0491","region:europe","abstract","european"
"H0491","region:europe","abstract","eu"
"H0491","country:united-kingdom","abstract","united kingdom"
"H0491","country:united-kingdom","abstract","brexit"
"H0491","country:united-kingdom","abstract","uk"
"H0491","country:united-kingdom","abstract","british (+ political word)"
"H0491","country:united-states","abstract","us"
"H0491","country:united-states","abstract","trump"
"H0491","country:united-states","abstract","american (+ political word)"
"H0491","region:north-america","rule","from the country named"
"H0492","topic:international","title","brexit"
"H0492","topic:international","abstract","brexit"
"H0492","topic:international","abstract","eu"
"H0492","topic:migration","title","immigration"
"H0492","topic:migration","abstract","immigration"
"H0492","country:united-kingdom","title","brexit"
"H0492","country:united-kingdom","abstract","brexit"
"H0492","country:united-states","title","trump"
"H0492","country:united-states","abstract","trump"
"H0492","region:europe","rule","from the country named"
"H0492","region:north-america","rule","from the country named"
"H0493","country:united-states","title","us"
"H0493","country:united-states","title","trump"
"H0493","country:united-states","abstract","trump"
"H0493","country:united-states","abstract","us"
"H0493","country:united-states","abstract","american (+ political word)"
"H0493","region:north-america","rule","from the country named"
"H0497","topic:foreign-policy","title","foreign policy"
"H0497","topic:foreign-policy","abstract","foreign policy"
"H0497","topic:international","abstract","eu"
"H0497","topic:international","abstract","supranational"
"H0497","region:europe","title","european"
"H0497","region:europe","abstract","european"
"H0497","region:europe","abstract","eu"
"H0498","topic:foreign-policy","abstract","foreign policy"
"H0498","topic:defence-security","title","security policy"
"H0498","topic:international","title","eu"
"H0498","topic:international","abstract","eu"
"H0498","topic:government","abstract","populist governments"
"H0498","topic:government","abstract","populists in power"
"H0498","region:europe","title","eu"
"H0498","region:europe","abstract","european"
"H0498","region:europe","abstract","eu"
"H0506","topic:parties","title","radical right"
"H0506","topic:parties","title","parties"
"H0506","topic:parties","title","social movement"
"H0506","topic:parties","abstract","radical right"
"H0506","topic:parties","abstract","parties"
"H0506","topic:parties","abstract","manifestoes"
"H0506","topic:parties","abstract","social movement"
"H0506","country:germany","title","germany"
"H0506","country:germany","abstract","germany"
"H0506","country:germany","abstract","alternative fur deutschland"
"H0506","country:poland","title","poland"
"H0506","region:europe","rule","from the country named"
"H0507","topic:foreign-policy","title","foreign policy"
"H0507","topic:foreign-policy","abstract","foreign policy"
"H0507","country:turkey","title","turkish (+ political word)"
"H0507","country:turkey","abstract","turkey"
"H0507","country:turkey","abstract","akp"
"H0507","country:turkey","abstract","turkish (+ political word)"
"H0507","region:europe","rule","from the country named"
"H0511","topic:parties","abstract","left wing populist"
"H0511","topic:parties","abstract","parties"
"H0511","topic:gender","title","feminist"
"H0511","topic:gender","abstract","gender"
"H0511","topic:gender","abstract","feminist"
"H0511","region:europe","abstract","europe"
"H0511","region:europe","abstract","european"
"H0514","approach:discursive","abstract","laclau"
"H0514","approach:discursive","abstract","essex school"
"H0514","topic:parties","title","radical left"
"H0514","topic:parties","abstract","radical left"
"H0514","topic:parties","abstract","parties"
"H0514","topic:parties","abstract","party"
"H0514","country:greece","title","greece"
"H0514","country:greece","title","syriza"
"H0514","country:greece","abstract","greece"
"H0514","country:greece","abstract","syriza"
"H0514","region:europe","rule","from the country named"
"H0515","country:greece","title","greek (+ political word)"
"H0515","country:greece","abstract","greek (+ political word)"
"H0515","region:europe","rule","from the country named"
"H0516","approach:ideational","title","ideational approach"
"H0516","approach:ideational","abstract","ideational approach"
"H0516","approach:discursive","title","discursive perspective"
"H0516","approach:discursive","abstract","discursive approaches"
"H0520","topic:parties","title","right wing populist"
"H0520","topic:parties","abstract","parties"
"H0520","topic:parties","abstract","manifestos"
"H0520","topic:parties","abstract","party"
"H0520","topic:voters","abstract","supporters"
"H0520","topic:voters","abstract","electorate"
"H0520","topic:religion","title","islam"
"H0520","method:qualitative","abstract","discourse analysis"
"H0520","method:qualitative","abstract","fieldwork"
"H0520","region:europe","title","europe"
"H0520","country:germany","abstract","germany"
"H0520","country:germany","abstract","afd"
"H0520","country:greece","abstract","greece"
"H0520","country:greece","abstract","golden dawn"
"H0520","country:italy","abstract","italy"
"H0520","country:italy","abstract","m5s"
"H0520","country:netherlands","abstract","netherlands"
"H0520","country:netherlands","abstract","pvv"
"H0523","topic:parties","title","right wing populist"
"H0523","topic:parties","abstract","right wing populist"
"H0523","topic:parties","abstract","party"
"H0523","topic:government","title","populist rule"
"H0523","country:turkey","title","turkey"
"H0523","country:turkey","abstract","turkey"
"H0523","country:turkey","abstract","akp"
"H0523","region:europe","rule","from the country named"
"H0524","topic:parties","abstract","candidates"
"H0524","topic:parties","abstract","populist politicians"
"H0524","topic:parties","abstract","party system"
"H0524","method:quantitative","abstract","quantitative analysis"
"H0524","method:quantitative","abstract","statistical analysis"
"H0524","region:asia-pacific","title","asia"
"H0524","country:india","title","india"
"H0525","topic:voters","abstract","voters"
"H0525","topic:voters","abstract","demand side"
"H0525","country:greece","title","greece"
"H0525","region:europe","rule","from the country named"
"H0532","approach:ideational","abstract","thin centered"
"H0532","country:united-states","abstract","us"
"H0532","country:united-states","abstract","trump"
"H0532","country:israel","abstract","israel"
"H0532","country:israel","abstract","netanyahu"
"H0532","region:north-america","rule","from the country named"
"H0532","region:mena","rule","from the country named"
"H0534","topic:migration","abstract","immigrant"
"H0534","topic:migration","abstract","refugee"
"H0538","approach:performative","title","performative"
"H0538","approach:performative","abstract","performativity"
"H0538","approach:performative","abstract","performative"
"H0538","topic:media-communication","title","twitter"
"H0538","country:united-kingdom","abstract","corbyn"
"H0538","country:united-states","abstract","trump"
"H0538","country:united-states","abstract","maga"
"H0538","region:europe","rule","from the country named"
"H0538","region:north-america","rule","from the country named"
"H0540","topic:defence-security","abstract","national security"
"H0540","topic:defence-security","abstract","terrorists"
"H0540","topic:migration","title","immigrants"
"H0540","topic:migration","title","refugees"
"H0540","topic:migration","abstract","refugee"
"H0540","topic:migration","abstract","migration"
"H0540","topic:migration","abstract","immigration"
"H0540","topic:migration","abstract","asylum"
"H0540","topic:migration","abstract","refugees"
"H0540","topic:migration","abstract","immigrant"
"H0540","topic:democracy-institutions","abstract","authoritarian"
"H0540","topic:democracy-institutions","abstract","court"
"H0540","country:poland","title","poland"
"H0540","country:poland","abstract","poland"
"H0540","country:poland","abstract","polish (+ political word)"
"H0540","region:europe","rule","from the country named"
"H0545","approach:performative","abstract","political style"
"H0545","approach:economic","abstract","economic populism"
"H0545","region:latin-america","title","latin america"
"H0545","country:mexico","title","mexico"
"H0548","topic:democracy-institutions","abstract","authoritarian"
"H0548","country:poland","title","poland"
"H0548","country:russia","title","russia"
"H0548","country:ukraine","title","ukraine"
"H0548","region:europe","rule","from the country named"
"H0557","topic:media-communication","abstract","facebook"
"H0557","topic:media-communication","abstract","communications"
"H0557","country:ukraine","title","ukraine"
"H0557","country:ukraine","title","zelensky"
"H0557","country:ukraine","abstract","ukraine"
"H0557","country:ukraine","abstract","zelensky"
"H0557","country:ukraine","abstract","ukrainian (+ political word)"
"H0557","region:europe","rule","from the country named"
"H0558","topic:defence-security","title","securitisation"
"H0558","topic:defence-security","abstract","securitisation"
"H0558","topic:defence-security","abstract","securitising"
"H0559","approach:performative","title","populist performances"
"H0559","approach:performative","abstract","populist performances"
"H0559","approach:performative","abstract","performative"
"H0559","approach:performative","abstract","populist performance"
"H0559","topic:parties","title","right wing populism"
"H0559","topic:parties","abstract","right wing populist"
"H0559","topic:parties","abstract","right wing populists"
"H0559","topic:gender","title","feminist"
"H0559","topic:gender","abstract","gender"
"H0559","topic:gender","abstract","feminist"
"H0559","topic:gender","abstract","women"
"H0559","topic:gender","abstract","feminism"
"H0559","country:poland","title","poland"
"H0559","country:poland","abstract","poland"
"H0559","region:europe","rule","from the country named"
"H0563","approach:performative","abstract","performative"
"H0563","topic:international","title","transnational"
"H0563","topic:international","abstract","transnational"
"H0565","topic:international","title","eu"
"H0565","topic:international","abstract","eu"
"H0565","topic:international","abstract","supranational"
"H0565","topic:international","abstract","european union"
"H0565","topic:democracy-institutions","title","constitutional"
"H0565","topic:democracy-institutions","abstract","constitutional"
"H0565","region:europe","title","eu"
"H0565","region:europe","abstract","european"
"H0565","region:europe","abstract","eu"
"H0565","country:hungary","title","hungary"
"H0568","topic:foreign-policy","title","foreign policy"
"H0568","topic:foreign-policy","abstract","foreign policy"
"H0568","topic:international","abstract","multilateralism"
"H0568","topic:international","abstract","global order"
"H0568","topic:media-communication","title","tweets"
"H0568","topic:media-communication","abstract","rhetoric"
"H0568","topic:media-communication","abstract","communication"
"H0568","topic:media-communication","abstract","twitter"
"H0568","topic:media-communication","abstract","tweets"
"H0568","country:united-states","title","trump"
"H0568","country:united-states","abstract","united states"
"H0568","country:united-states","abstract","trump"
"H0568","country:united-states","abstract","jacksonian"
"H0568","country:united-states","abstract","tea party"
"H0568","country:united-states","abstract","american (+ political word)"
"H0568","region:north-america","rule","from the country named"
"H0569","topic:parties","title","right wing populist"
"H0569","topic:parties","abstract","right wing populist"
"H0569","topic:parties","abstract","candidates"
"H0569","topic:parties","abstract","right wing populism"
"H0569","topic:government","abstract","populist incumbents"
"H0569","topic:government","abstract","incumbent"
"H0569","topic:media-communication","title","rhetoric"
"H0569","topic:media-communication","title","tweets"
"H0569","topic:media-communication","abstract","rhetorical"
"H0569","topic:media-communication","abstract","rhetoric"
"H0569","topic:media-communication","abstract","tweets"
"H0569","method:qualitative","abstract","qualitative"
"H0569","country:united-states","title","trump"
"H0569","region:north-america","rule","from the country named"
"H0571","topic:parties","title","right wing populism"
"H0571","topic:parties","abstract","populist leaders"
"H0571","topic:parties","abstract","right wing populist"
"H0571","topic:media-communication","abstract","communication"
"H0571","topic:media-communication","abstract","rhetorical"
"H0571","country:united-states","abstract","trump"
"H0571","region:north-america","rule","from the country named"
"H0572","approach:performative","title","performative"
"H0572","topic:media-communication","title","communication"
"H0573","approach:ideational","abstract","thick ideology"
"H0573","topic:foreign-policy","title","foreign policy"
"H0573","topic:foreign-policy","abstract","foreign policy"
"H0573","topic:parties","abstract","candidates"
"H0573","topic:parties","abstract","candidate"
"H0573","topic:parties","abstract","political leaders"
"H0573","topic:economy-welfare","abstract","foreign aid"
"H0573","topic:economy-welfare","abstract","economic"
"H0573","topic:media-communication","abstract","communication"
"H0573","topic:media-communication","abstract","twitter"
"H0573","topic:democracy-institutions","title","authoritarianism"
"H0573","topic:democracy-institutions","abstract","authoritarian"
"H0573","topic:democracy-institutions","abstract","democratization"
"H0573","country:uganda","title","uganda"
"H0573","country:uganda","abstract","uganda"
"H0573","country:uganda","abstract","museveni"
"H0573","country:uganda","abstract","ugandan (+ political word)"
"H0573","region:sub-saharan-africa","rule","from the country named"
"H0579","topic:foreign-policy","title","foreign policy"
"H0579","topic:foreign-policy","abstract","foreign policy"
"H0579","topic:foreign-policy","abstract","foreign policies"
"H0579","topic:parties","abstract","parties"
"H0580","topic:parties","title","right wing populist"
"H0580","topic:parties","abstract","parties"
"H0580","topic:parties","abstract","right wing populist"
"H0580","topic:parties","abstract","populist leader"
"H0580","topic:migration","title","diasporas"
"H0580","region:europe","title","europe"
"H0580","region:europe","abstract","europe"
"H0580","region:europe","abstract","european"
"H0580","country:hungary","title","orban"
"H0582","topic:parties","title","radical right"
"H0582","region:europe","title","europe"
"H0582","country:hungary","title","orban"
"H0582","country:hungary","abstract","hungary"
"H0582","country:hungary","abstract","orban"
"H0582","country:russia","title","russia"
"H0582","country:russia","abstract","russia"
"H0582","country:ukraine","title","ukraine"
"H0582","country:ukraine","abstract","ukraine"
"H0584","topic:defence-security","title","peacemaking"
"H0584","topic:defence-security","abstract","peacemaking"
"H0584","topic:parties","abstract","populist leaders"
"H0584","topic:parties","abstract","parties"
"H0584","topic:media-communication","abstract","rhetoric"
"H0584","topic:media-communication","abstract","frames"
"H0584","country:united-states","title","trump"
"H0584","country:united-states","abstract","united states"
"H0584","country:united-states","abstract","trump"
"H0584","country:united-states","abstract","us"
"H0584","region:global","rule","three or more regions named: europe, mena, north-america"
"H0587","country:zambia","title","zambia"
"H0587","country:zambia","abstract","zambia"
"H0587","country:zambia","abstract","sata"
"H0587","region:sub-saharan-africa","rule","from the country named"
"H0588","country:united-states","abstract","united states"
"H0588","country:united-states","abstract","trump"
"H0588","country:brazil","abstract","brazil"
"H0588","country:brazil","abstract","bolsonaro"
"H0588","country:philippines","abstract","philippines"
"H0588","country:philippines","abstract","duterte"
"H0588","region:global","rule","three or more regions named: north-america, latin-america, asia-pacific"
"H0592","topic:international","title","international cooperation"
"H0592","topic:international","abstract","international organisations"
"H0592","topic:international","abstract","united nations"
"H0592","topic:international","abstract","european union"
"H0592","topic:parties","abstract","right wing populist"
"H0592","topic:parties","abstract","populist leaders"
"H0592","country:hungary","title","hungary"
"H0592","country:hungary","abstract","hungary"
"H0592","country:hungary","abstract","orban"
"H0592","country:brazil","title","brazil"
"H0592","country:brazil","abstract","brazil"
"H0592","country:brazil","abstract","bolsonaro"
"H0592","region:europe","rule","from the country named"
"H0592","region:latin-america","rule","from the country named"
"H0596","topic:foreign-policy","abstract","foreign policy"
"H0596","topic:international","abstract","european parliament"
"H0596","topic:international","abstract","eu"
"H0596","topic:parties","title","right wing populism"
"H0596","topic:parties","abstract","right wing populism"
"H0596","topic:parties","abstract","party"
"H0596","method:qualitative","abstract","critical discourse analysis"
"H0596","region:europe","abstract","european"
"H0596","region:europe","abstract","europe"
"H0596","country:germany","abstract","germany"
"H0596","country:germany","abstract","alternative for germany"
"H0596","country:germany","abstract","afd"
"H0598","topic:foreign-policy","title","diplomats"
"H0598","topic:international","title","eu"
"H0598","topic:government","title","populist governments"
"H0598","region:europe","title","eu"
"H0602","topic:parties","abstract","populist leaders"
"H0602","topic:parties","abstract","populist movement"
"H0602","topic:voters","abstract","populist attitudes"
"H0602","method:quantitative","abstract","multilevel models"
"H0602","country:united-states","title","america first"
"H0602","country:united-states","abstract","united states"
"H0602","country:united-states","abstract","america first"
"H0602","region:north-america","rule","from the country named"
"H0612","topic:parties","title","right wing populism"
"H0612","topic:economy-welfare","abstract","economic"
"H0612","topic:economy-welfare","abstract","globalisation"
"H0615","topic:parties","abstract","party"
"H0615","topic:economy-welfare","abstract","economic"
"H0619","topic:parties","title","radical right"
"H0619","topic:parties","abstract","radical right"
"H0619","topic:parties","abstract","parties"
"H0619","topic:migration","title","migration"
"H0619","topic:migration","abstract","immigration"
"H0619","topic:migration","abstract","anti immigration"
"H0619","topic:migration","abstract","migration"
"H0619","topic:migration","abstract","anti immigrant"
"H0619","topic:migration","abstract","immigrants"
"H0623","todo:check-outlet","journal","Survival"
"H0623","topic:foreign-policy","title","foreign policy"
"H0623","country:united-states","title","america first"
"H0623","country:united-states","title","us"
"H0623","region:north-america","rule","from the country named"
"H0625","topic:foreign-policy","abstract","foreign policy"
"H0626","topic:foreign-policy","abstract","foreign policy"
"H0626","topic:defence-security","abstract","security narratives"
"H0626","topic:defence-security","abstract","national security"
"H0626","country:united-states","title","trump"
"H0626","country:united-states","title","america first"
"H0626","country:united-states","abstract","united states"
"H0626","country:united-states","abstract","trump"
"H0626","country:united-states","abstract","america first"
"H0626","country:united-states","abstract","jacksonian"
"H0626","region:north-america","rule","from the country named"
"H0627","topic:defence-security","title","security narratives"
"H0627","topic:defence-security","abstract","security narratives"
"H0627","topic:media-communication","abstract","communication"
"H0627","topic:media-communication","abstract","framing"
"H0627","topic:media-communication","abstract","media"
"H0627","method:qualitative","abstract","interviews"
"H0627","country:united-states","abstract","america first"
"H0627","country:united-states","abstract","trump"
"H0627","country:united-states","abstract","us"
"H0627","region:north-america","rule","from the country named"
"H0628","country:new-zealand","title","new zealand"
"H0628","region:asia-pacific","rule","from the country named"
"H0630","topic:parties","abstract","parties"
"H0630","topic:parties","abstract","party"
"H0630","region:latin-america","title","latin america"
"H0630","region:latin-america","abstract","latin america"
"H0631","topic:foreign-policy","title","foreign policies"
"H0631","topic:foreign-policy","abstract","foreign policies"
"H0631","topic:foreign-policy","abstract","foreign policy"
"H0631","topic:defence-security","title","securitization"
"H0631","topic:defence-security","abstract","securitization"
"H0631","topic:parties","abstract","populist leader"
"H0631","topic:parties","abstract","populist leaders"
"H0631","topic:voters","abstract","voters"
"H0631","topic:voters","abstract","citizens"
"H0631","country:united-states","title","trump"
"H0631","country:united-states","title","america first"
"H0631","country:united-states","abstract","trump"
"H0631","country:united-states","abstract","america first"
"H0631","country:united-states","abstract","u s"
"H0631","region:north-america","rule","from the country named"
"H0632","approach:performative","abstract","political style"
"H0632","approach:performative","abstract","populist performances"
"H0632","approach:performative","abstract","performative"
"H0632","topic:foreign-policy","title","foreign policy"
"H0632","topic:foreign-policy","abstract","foreign policy"
"H0632","topic:defence-security","title","securitization"
"H0632","topic:defence-security","abstract","securitization"
"H0632","topic:defence-security","abstract","securitizing"
"H0632","topic:international","abstract","european union"
"H0632","topic:international","abstract","international law"
"H0632","topic:parties","abstract","populist leader"
"H0632","topic:parties","abstract","political leaders"
"H0632","country:philippines","title","duterte"
"H0632","country:philippines","title","philippine (+ political word)"
"H0632","country:philippines","abstract","duterte"
"H0632","country:philippines","abstract","philippine (+ political word)"
"H0632","region:asia-pacific","rule","from the country named"
"H0636","region:europe","title","europe"
"H0638","topic:parties","abstract","party"
"H0638","country:spain","abstract","spain"
"H0638","country:spain","abstract","podemos"
"H0638","country:united-states","abstract","united states"
"H0638","country:united-states","abstract","us"
"H0638","region:europe","rule","from the country named"
"H0638","region:north-america","rule","from the country named"
"H0639","topic:economy-welfare","title","trade agreements"
"H0639","topic:economy-welfare","abstract","economic"
"H0639","topic:economy-welfare","abstract","trade policy"
"H0639","topic:economy-welfare","abstract","trade agreements"
"H0643","approach:ideational","abstract","host ideology"
"H0643","approach:measurement","abstract","populism scale"
"H0643","topic:parties","abstract","left wing populism"
"H0643","topic:parties","abstract","manifestos"
"H0643","topic:parties","abstract","parties"
"H0643","topic:parties","abstract","left wing populists"
"H0643","topic:parties","abstract","right wing populists"
"H0643","country:united-kingdom","title","british (+ political word)"
"H0643","country:united-kingdom","abstract","united kingdom"
"H0643","country:united-kingdom","abstract","british (+ political word)"
"H0643","region:europe","rule","from the country named"
"H0645","approach:discursive","abstract","post structuralist"
"H0645","approach:discursive","abstract","essex school"
"H0645","method:qualitative","abstract","discourse analysis"
"H0649","topic:parties","title","far right"
"H0649","topic:parties","abstract","far right"
"H0649","topic:parties","abstract","party"
"H0649","topic:parties","abstract","populist movements"
"H0649","country:united-states","abstract","united states"
"H0649","country:united-states","abstract","trump"
"H0649","country:india","abstract","india"
"H0649","country:india","abstract","indian (+ political word)"
"H0649","region:north-america","rule","from the country named"
"H0649","region:asia-pacific","rule","from the country named"
"H0650","topic:parties","title","right wing populists"
"H0650","topic:parties","abstract","right wing populist"
"H0650","topic:parties","abstract","right wing populists"
"H0650","topic:parties","abstract","left wing populist"
"H0650","topic:voters","abstract","attitudes"
"H0650","topic:voters","abstract","voters"
"H0650","topic:migration","abstract","immigration"
"H0650","topic:migration","abstract","nativism"
"H0650","topic:migration","abstract","anti immigration"
"H0654","country:italy","title","italy"
"H0654","country:italy","abstract","italy"
"H0654","country:italy","abstract","berlusconi"
"H0654","country:italy","abstract","italian (+ political word)"
"H0654","region:europe","rule","from the country named"
"H0659","topic:international","title","eurosceptic"
"H0659","topic:international","abstract","european integration"
"H0659","topic:international","abstract","euroscepticism"
"H0659","topic:parties","title","radical right"
"H0659","topic:parties","title","parties"
"H0659","topic:parties","abstract","radical right"
"H0659","topic:parties","abstract","party"
"H0659","topic:parties","abstract","parties"
"H0659","topic:voters","title","supporters"
"H0659","topic:voters","abstract","supporters"
"H0659","topic:voters","abstract","voters"
"H0659","topic:migration","abstract","immigration"
"H0659","region:europe","abstract","european"
"H0662","topic:parties","title","right wing populist"
"H0662","country:france","abstract","france"
"H0662","country:france","abstract","le pen"
"H0662","country:italy","abstract","italy"
"H0662","country:italy","abstract","salvini"
"H0662","country:united-kingdom","abstract","united kingdom"
"H0662","country:united-kingdom","abstract","farage"
"H0662","country:united-kingdom","abstract","uk"
"H0662","country:united-states","abstract","united states"
"H0662","country:united-states","abstract","trump"
"H0662","region:europe","rule","from the country named"
"H0662","region:north-america","rule","from the country named"
"H0663","topic:international","title","european integration"
"H0663","topic:international","abstract","brexit"
"H0663","topic:international","abstract","eu"
"H0663","topic:international","abstract","euroscepticism"
"H0663","topic:international","abstract","transnational"
"H0663","topic:parties","title","radical right"
"H0663","topic:parties","abstract","radical right"
"H0663","topic:parties","abstract","parties"
"H0663","topic:parties","abstract","party"
"H0663","topic:parties","abstract","manifestoes"
"H0663","method:qualitative","abstract","qualitative"
"H0663","region:europe","title","europe"
"H0663","region:europe","title","european"
"H0663","region:europe","abstract","european"
"H0663","region:europe","abstract","europe"
"H0663","region:europe","abstract","eu"
"H0663","country:germany","abstract","germany"
"H0663","country:germany","abstract","afd"
"H0663","country:italy","abstract","italy"
"H0663","country:italy","abstract","lega"
"H0663","country:poland","abstract","poland"
"H0663","country:poland","abstract","pis"
"H0670","approach:ideational","abstract","populism as a set of ideas"
"H0672","topic:defence-security","abstract","nuclear weapons"
"H0672","topic:defence-security","abstract","nuclear weapon"
"H0672","topic:international","abstract","multilateral"
"H0672","topic:international","abstract","international order"
"H0673","approach:measurement","title","measuring populism"
"H0673","approach:measurement","abstract","measuring populism"
"H0673","topic:parties","title","parties"
"H0673","topic:parties","abstract","parties"
"H0673","method:quantitative","abstract","expert surveys"
"H0673","method:quantitative","abstract","expert survey"
"H0673","region:europe","abstract","european"
"H0673","region:europe","abstract","europe"
"H0679","topic:parties","title","right wing populist"
"H0679","topic:voters","abstract","citizens"
"H0679","topic:media-communication","title","communication"
"H0679","topic:media-communication","abstract","communication"
"H0679","topic:media-communication","abstract","rhetoric"
"H0679","method:mixed","abstract","mixed methods"
"H0679","country:germany","abstract","germany"
"H0679","country:germany","abstract","alternative for germany"
"H0679","country:germany","abstract","afd"
"H0679","region:europe","rule","from the country named"
"H0681","topic:voters","abstract","attitudes"
"H0681","topic:voters","abstract","respondents"
"H0681","topic:voters","abstract","citizens"
"H0681","topic:media-communication","abstract","rhetoric"
"H0685","topic:media-communication","abstract","frames"
"H0685","topic:media-communication","abstract","media"
"H0685","topic:media-communication","abstract","rhetorical"
"H0685","topic:media-communication","abstract","framing"
"H0693","approach:performative","title","political style"
"H0693","approach:performative","abstract","political style"
"H0693","approach:performative","abstract","performative"
"H0694","approach:performative","abstract","performance of crisis"
"H0694","topic:parties","abstract","populist actors"
"H0697","approach:discursive","abstract","laclau"
"H0697","topic:international","title","transnational"
"H0697","topic:international","abstract","transnational"
"H0697","topic:international","abstract","international cooperation"
"H0697","topic:media-communication","title","media"
"H0698","topic:voters","title","populist attitudes"
"H0698","topic:voters","abstract","citizens"
"H0698","topic:voters","abstract","populist attitudes"
"H0698","topic:voters","abstract","attitudes"
"H0698","topic:democracy-institutions","title","direct democracy"
"H0698","topic:democracy-institutions","abstract","direct democracy"
"H0698","method:survey","abstract","representative survey"
"H0699","topic:foreign-policy","title","foreign policy"
"H0699","topic:foreign-policy","abstract","foreign policy"
"H0699","topic:international","abstract","eurosceptical"
"H0699","topic:international","abstract","eu"
"H0699","topic:international","abstract","multilateralism"
"H0699","topic:international","abstract","european union"
"H0699","region:europe","abstract","european"
"H0699","region:europe","abstract","eu"
"H0699","country:italy","title","m5s"
"H0699","country:italy","abstract","italy"
"H0699","country:italy","abstract","m5s"
"H0699","country:italy","abstract","italian (+ political word)"
"H0700","country:united-states","title","trump"
"H0700","country:united-states","abstract","trump"
"H0700","country:united-states","abstract","u s"
"H0700","region:north-america","rule","from the country named"
"H0707","topic:parties","title","radical right"
"H0707","topic:parties","title","parties"
"H0707","topic:parties","abstract","far right"
"H0707","topic:parties","abstract","parties"
"H0707","topic:parties","abstract","radical right"
"H0707","region:europe","title","europe"
"H0707","region:europe","abstract","europe"
"H0707","region:europe","abstract","european"
"H0708","region:europe","title","europe"
"H0708","region:europe","abstract","europe"
"H0708","region:latin-america","title","latin america"
"H0708","region:latin-america","abstract","latin america"
"H0708","country:austria","abstract","fpo"
"H0708","country:austria","abstract","haider"
"H0711","country:greece","title","syriza"
"H0711","region:europe","rule","from the country named"
"H0716","topic:parties","title","partisan"
"H0716","topic:parties","abstract","partisan"
"H0716","topic:parties","abstract","candidates"
"H0716","topic:media-communication","abstract","media"
"H0716","topic:media-communication","abstract","misinformation"
"H0716","method:survey","abstract","national surveys"
"H0716","country:united-states","title","american (+ political word)"
"H0716","country:united-states","abstract","trump"
"H0716","country:united-states","abstract","sanders"
"H0716","region:north-america","rule","from the country named"
"H0718","topic:parties","abstract","parties"
"H0718","topic:parties","abstract","radical right"
"H0725","topic:democracy-institutions","abstract","threat to democracy"
"H0725","topic:democracy-institutions","abstract","authoritarian"
"H0725","country:united-states","abstract","united states"
"H0725","country:united-states","abstract","trump"
"H0725","region:north-america","rule","from the country named"
"H0729","topic:foreign-policy","title","foreign policy"
"H0729","topic:foreign-policy","abstract","foreign policy"
"H0729","topic:defence-security","title","securitization"
"H0729","topic:defence-security","abstract","securitization"
"H0729","topic:parties","abstract","parties"
"H0729","topic:parties","abstract","radical right"
"H0729","topic:parties","abstract","party"
"H0729","topic:migration","title","migration"
"H0729","country:austria","title","austria"
"H0729","country:austria","abstract","austria"
"H0729","country:austria","abstract","fpo"
"H0729","region:europe","rule","from the country named"
"H0731","topic:foreign-policy","title","foreign policy"
"H0731","topic:foreign-policy","abstract","foreign policy"
"H0731","topic:parties","abstract","parties"
"H0731","topic:government","abstract","populists in power"
"H0731","topic:government","abstract","in government"
"H0731","country:hungary","title","orban"
"H0731","country:hungary","title","hungarian (+ political word)"
"H0731","country:hungary","abstract","hungary"
"H0731","country:hungary","abstract","orban"
"H0731","region:europe","rule","from the country named"
"H0737","approach:discursive","abstract","populism as a discursive"
"H0737","approach:discursive","abstract","discursive conceptions"
"H0737","topic:parties","abstract","parties"
"H0737","topic:parties","abstract","party"
"H0737","country:philippines","title","duterte"
"H0737","country:philippines","abstract","philippines"
"H0737","country:philippines","abstract","duterte"
"H0737","region:asia-pacific","rule","from the country named"
"H0740","topic:parties","abstract","parties"
"H0740","topic:government","title","in office"
"H0740","country:brazil","title","bolsonaro"
"H0740","country:brazil","abstract","brazil"
"H0740","country:brazil","abstract","bolsonaro"
"H0740","region:latin-america","rule","from the country named"
"H0747","topic:defence-security","title","peace processes"
"H0747","country:philippines","title","philippines"
"H0747","region:asia-pacific","rule","from the country named"
"H0753","topic:international","title","brexit"
"H0753","topic:parties","abstract","parties"
"H0753","topic:democracy-institutions","title","authoritarian"
"H0753","topic:democracy-institutions","abstract","authoritarian"
"H0753","topic:democracy-institutions","abstract","liberal democracy"
"H0753","country:united-kingdom","title","brexit"
"H0753","country:united-kingdom","abstract","ukip"
"H0753","country:united-kingdom","abstract","brexit"
"H0753","country:united-states","title","trump"
"H0753","region:europe","rule","from the country named"
"H0753","region:north-america","rule","from the country named"
"H0754","approach:measurement","title","measuring populism"
"H0754","approach:measurement","abstract","measures of populism"
"H0754","topic:parties","abstract","party"
"H0754","topic:parties","abstract","parties"
"H0754","region:global","title","worldwide"
"H0754","region:global","abstract","around the world"
"H0754","region:global","abstract","worldwide"
"H0761","topic:parties","abstract","candidates"
"H0761","topic:parties","abstract","candidate"
"H0761","topic:voters","abstract","public opinion"
"H0761","topic:voters","abstract","supporters"
"H0761","topic:media-communication","abstract","rhetoric"
"H0761","country:united-states","abstract","trump"
"H0761","region:north-america","rule","from the country named"
"H0762","topic:parties","title","party"
"H0762","topic:voters","abstract","voters"
"H0762","country:germany","title","germany"
"H0762","country:germany","title","afd"
"H0762","country:germany","abstract","germany"
"H0762","country:germany","abstract","die linke"
"H0762","country:germany","abstract","alternative for germany"
"H0762","country:germany","abstract","afd"
"H0762","country:germany","abstract","german (+ political word)"
"H0762","region:europe","rule","from the country named"
"H0776","topic:foreign-policy","title","foreign policy"
"H0776","topic:foreign-policy","abstract","foreign policy"
"H0776","topic:parties","title","radical right"
"H0776","topic:parties","title","party"
"H0776","topic:parties","abstract","parties"
"H0776","topic:parties","abstract","radical right"
"H0776","region:europe","abstract","europe"
"H0776","region:europe","abstract","european"
"H0776","country:france","title","france"
"H0776","country:germany","title","germany"
"H0776","country:germany","abstract","germany"
"H0776","country:germany","abstract","alternative fur deutschland"
"H0776","country:germany","abstract","afd"
"H0778","topic:parties","title","right wing populism"
"H0778","topic:parties","abstract","right wing populist"
"H0778","topic:parties","abstract","parties"
"H0778","topic:parties","abstract","right wing populism"
"H0778","topic:parties","abstract","party"
"H0778","method:qualitative","abstract","qualitative"
"H0778","country:france","title","france"
"H0778","country:france","abstract","france"
"H0778","country:france","abstract","rassemblement national"
"H0778","country:germany","title","germany"
"H0778","country:germany","abstract","germany"
"H0778","country:germany","abstract","alternative fur deutschland"
"H0778","region:europe","rule","from the country named"
"H0782","topic:international","title","international institutions"
"H0782","topic:international","abstract","international institutions"
"H0782","topic:international","abstract","multilateral"
"H0782","topic:government","title","populist governments"
"H0782","topic:government","abstract","populist governments"
"H0782","topic:government","abstract","administration"
"H0782","method:qualitative","abstract","comparative case study"
"H0782","country:united-states","abstract","trump"
"H0782","country:united-states","abstract","us"
"H0782","region:north-america","rule","from the country named"
"H0786","approach:discursive","abstract","essex school"
"H0786","approach:discursive","abstract","discursive construction"
"H0786","approach:discursive","abstract","populist logic"
"H0786","approach:discursive","abstract","discursively construct"
"H0786","approach:discursive","abstract","discursive approach"
"H0786","approach:discursive","abstract","equivalential"
"H0786","approach:discursive","abstract","discursive logic"
"H0786","topic:international","abstract","eu"
"H0786","topic:international","abstract","transnational"
"H0786","topic:international","abstract","european union"
"H0786","topic:international","abstract","international monetary fund"
"H0786","topic:international","abstract","imf"
"H0786","topic:international","abstract","supranational"
"H0786","topic:parties","title","left wing populism"
"H0786","topic:parties","abstract","radical left"
"H0786","topic:parties","abstract","left wing populism"
"H0786","topic:parties","abstract","social movements"
"H0786","topic:parties","abstract","party"
"H0786","topic:parties","abstract","parties"
"H0786","topic:parties","abstract","left wing populist"
"H0786","topic:voters","abstract","citizens"
"H0786","topic:voters","abstract","supporters"
"H0786","topic:government","abstract","administration"
"H0786","topic:government","abstract","in government"
"H0786","topic:government","abstract","populist governments"
"H0786","topic:government","abstract","coming to power"
"H0786","topic:government","abstract","in power"
"H0786","topic:government","abstract","in office"
"H0786","topic:government","abstract","populism in government"
"H0786","topic:economy-welfare","title","austerity"
"H0786","topic:economy-welfare","abstract","eurozone crisis"
"H0786","topic:economy-welfare","abstract","austerity"
"H0786","topic:economy-welfare","abstract","unemployment"
"H0786","topic:economy-welfare","abstract","economic"
"H0786","topic:economy-welfare","abstract","neoliberal"
"H0786","topic:economy-welfare","abstract","fiscal"
"H0786","topic:democracy-institutions","abstract","democratic institutions"
"H0786","topic:democracy-institutions","abstract","authoritarian"
"H0786","topic:democracy-institutions","abstract","referendum"
"H0786","region:europe","title","europe"
"H0786","region:europe","abstract","europe"
"H0786","region:europe","abstract","european"
"H0786","region:europe","abstract","eu"
"H0786","country:cyprus","abstract","cyprus"
"H0786","country:greece","title","syriza"
"H0786","country:greece","abstract","greece"
"H0786","country:greece","abstract","syriza"
"H0786","country:greece","abstract","tsipras"
"H0786","country:greece","abstract","varoufakis"
"H0786","country:greece","abstract","greek (+ political word)"
"H0786","country:ireland","abstract","ireland"
"H0786","country:ireland","abstract","sinn fein"
"H0786","country:portugal","abstract","portugal"
"H0786","country:spain","abstract","spain"
"H0786","country:spain","abstract","indignados"
"H0786","country:spain","abstract","podemos"
"H0788","topic:parties","abstract","radical right"
"H0788","topic:parties","abstract","radical left"
"H0788","country:greece","title","syriza"
"H0788","country:greece","abstract","syriza"
"H0788","country:greece","abstract","greek (+ political word)"
"H0788","region:europe","rule","from the country named"
"H0789","topic:government","abstract","in power"
"H0789","topic:government","abstract","populist rule"
"H0789","topic:democracy-institutions","title","liberal democracy"
"H0789","topic:democracy-institutions","abstract","illiberalism"
"H0789","topic:democracy-institutions","abstract","liberal democracy"
"H0789","topic:democracy-institutions","abstract","authoritarian"
"H0789","region:global","rule","three or more regions named: europe, north-america, latin-america"
"H0790","country:russia","title","russia"
"H0790","country:russia","abstract","russia"
"H0790","country:turkey","title","turkey"
"H0790","country:turkey","abstract","turkey"
"H0790","country:turkey","abstract","erdogan"
"H0790","country:united-states","title","united states"
"H0790","country:united-states","abstract","united states"
"H0790","country:united-states","abstract","us"
"H0790","country:china","title","china"
"H0790","country:china","abstract","china"
"H0790","country:philippines","title","philippines"
"H0790","country:philippines","abstract","philippines"
"H0790","country:philippines","abstract","duterte"
"H0790","region:global","rule","three or more regions named: europe, north-america, asia-pacific"
"H0794","topic:parties","abstract","party"
"H0794","topic:religion","title","islamism"
"H0794","country:turkey","title","turkey"
"H0794","country:turkey","abstract","turkey"
"H0794","country:turkey","abstract","justice and development party"
"H0794","country:turkey","abstract","akp"
"H0794","region:europe","rule","from the country named"
"H0796","topic:international","title","international order"
"H0796","topic:international","abstract","international order"
"H0796","topic:international","abstract","liberal order"
"H0796","topic:international","abstract","international institutions"
"H0796","topic:economy-welfare","title","globalization"
"H0796","topic:economy-welfare","abstract","economic"
"H0796","topic:economy-welfare","abstract","globalization"
"H0796","topic:economy-welfare","abstract","inequalities"
"H0796","topic:economy-welfare","abstract","welfare"
"H0796","topic:democracy-institutions","abstract","illiberal"
"H0806","topic:voters","abstract","populist attitudes"
"H0806","topic:voters","abstract","citizens"
"H0806","topic:voters","abstract","attitudes"
"H0806","topic:economy-welfare","abstract","economic"
"H0806","topic:democracy-institutions","title","illiberalism"
"H0806","topic:democracy-institutions","abstract","illiberal"
"H0806","method:survey","abstract","original survey"
"H0806","country:united-states","title","united states"
"H0806","country:united-states","abstract","united states"
"H0806","country:united-states","abstract","u s"
"H0806","region:north-america","rule","from the country named"
"H0811","topic:democracy-institutions","abstract","populism and democracy"
"H0811","region:europe","title","europe"
"H0812","topic:international","title","euroscepticism"
"H0812","topic:international","abstract","euroscepticism"
"H0812","topic:international","abstract","brexit"
"H0812","topic:parties","abstract","parties"
"H0812","country:united-kingdom","abstract","united kingdom"
"H0812","country:united-kingdom","abstract","brexit"
"H0812","region:europe","rule","from the country named"
"H0813","topic:government","abstract","in power"
"H0813","topic:democracy-institutions","title","illiberal"
"H0813","topic:democracy-institutions","abstract","illiberalism"
"H0813","topic:democracy-institutions","abstract","illiberal"
"H0813","topic:democracy-institutions","abstract","autocratisation"
"H0813","topic:democracy-institutions","abstract","illiberals"
"H0813","topic:democracy-institutions","abstract","rule of law"
"H0813","country:hungary","title","hungary"
"H0813","country:hungary","abstract","hungary"
"H0813","country:hungary","abstract","fidesz"
"H0813","country:poland","title","poland"
"H0813","country:poland","abstract","poland"
"H0813","country:poland","abstract","law and justice"
"H0813","country:poland","abstract","pis"
"H0813","region:europe","rule","from the country named"
"H0814","topic:government","title","populists in power"
"H0814","topic:government","abstract","populists in government"
"H0814","topic:government","abstract","populists in power"
"H0814","country:hungary","abstract","hungary"
"H0814","country:hungary","abstract","orban"
"H0814","country:united-states","abstract","united states"
"H0814","country:united-states","abstract","trump"
"H0814","country:venezuela","abstract","venezuela"
"H0814","country:venezuela","abstract","chavez"
"H0814","region:global","rule","three or more regions named: europe, north-america, latin-america"
"H0815","approach:ideational","abstract","populism as a set of ideas"
"H0815","topic:foreign-policy","title","foreign policy"
"H0815","topic:foreign-policy","abstract","foreign policy"
"H0815","topic:parties","abstract","populist leaders"
"H0815","topic:parties","abstract","populist leadership"
"H0815","topic:government","abstract","in power"
"H0815","topic:government","abstract","in government"
"H0815","country:india","title","india"
"H0815","country:india","abstract","india"
"H0815","country:india","abstract","modi"
"H0815","country:india","abstract","indian (+ political word)"
"H0815","region:asia-pacific","rule","from the country named"
"H0817","topic:foreign-policy","title","foreign policy"
"H0817","topic:foreign-policy","abstract","foreign policies"
"H0817","topic:foreign-policy","abstract","foreign policy"
"H0817","topic:government","abstract","populists in power"
"H0817","topic:government","abstract","populist president"
"H0817","country:united-states","abstract","us"
"H0817","country:bolivia","title","bolivia"
"H0817","country:bolivia","abstract","bolivia"
"H0817","country:bolivia","abstract","evo morales"
"H0817","country:bolivia","abstract","morales"
"H0817","country:chile","abstract","chile"
"H0817","region:north-america","rule","from the country named"
"H0817","region:latin-america","rule","from the country named"
"H0826","topic:foreign-policy","title","foreign policy"
"H0826","topic:foreign-policy","abstract","foreign policy"
"H0826","topic:government","abstract","populist governments"
"H0826","method:qualitative","abstract","interviews"
"H0826","region:europe","abstract","western europe"
"H0826","region:europe","abstract","eu"
"H0826","country:italy","title","italy"
"H0826","country:italy","abstract","italy"
"H0826","country:italy","abstract","italian (+ political word)"
"H0826","country:china","abstract","china"
"H0826","region:asia-pacific","rule","from the country named"
"H0837","topic:parties","title","party"
"H0837","topic:parties","abstract","radical right"
"H0837","topic:parties","abstract","parties"
"H0837","topic:parties","abstract","party"
"H0837","topic:economy-welfare","title","economic"
"H0837","topic:economy-welfare","abstract","economic"
"H0837","topic:economy-welfare","abstract","welfare"
"H0837","topic:economy-welfare","abstract","economy"
"H0837","country:austria","abstract","austria"
"H0837","country:austria","abstract","freedom party of austria"
"H0837","country:austria","abstract","fpo"
"H0837","region:europe","rule","from the country named"
"H0840","topic:international","title","european parliament"
"H0840","topic:international","abstract","european union"
"H0840","topic:international","abstract","european parliament"
"H0840","topic:international","abstract","eurosceptical"
"H0840","topic:parties","abstract","parties"
"H0840","topic:parties","abstract","party"
"H0840","topic:economy-welfare","title","development policy"
"H0840","topic:economy-welfare","abstract","development policy"
"H0840","topic:economy-welfare","abstract","development aid"
"H0840","method:quantitative","abstract","roll call"
"H0840","region:europe","title","european"
"H0840","region:europe","abstract","european"
"H0842","topic:international","abstract","european parliament"
"H0842","topic:international","abstract","transnational"
"H0842","topic:parties","title","radical right"
"H0842","topic:parties","title","parties"
"H0842","topic:parties","abstract","radical right"
"H0842","topic:parties","abstract","parties"
"H0842","topic:media-communication","abstract","framing"
"H0842","topic:media-communication","abstract","facebook"
"H0842","topic:media-communication","abstract","twitter"
"H0842","topic:gender","title","gender"
"H0842","topic:gender","abstract","gendered"
"H0842","topic:gender","abstract","gender"
"H0842","region:europe","title","european"
"H0842","region:europe","abstract","european"
"H0842","country:sweden","abstract","sweden"
"H0842","country:sweden","abstract","sweden democrats"
"H0851","topic:migration","title","nativism"
"H0851","country:poland","title","poland"
"H0851","region:europe","rule","from the country named"
"H0856","topic:parties","abstract","populist leaders"
"H0856","topic:parties","abstract","party"
"H0856","topic:parties","abstract","partisan"
"H0856","topic:economy-welfare","abstract","economic"
"H0856","topic:economy-welfare","abstract","neoliberalism"
"H0856","topic:economy-welfare","abstract","neoliberal"
"H0856","region:latin-america","title","latin america"
"H0857","topic:economy-welfare","title","economics"
"H0857","topic:economy-welfare","title","globalization"
"H0858","topic:parties","title","right wing populism"
"H0858","topic:economy-welfare","title","globalization"
"H0858","topic:economy-welfare","title","economics"
"H0858","topic:economy-welfare","abstract","globalization"
"H0858","country:united-states","abstract","united states"
"H0858","country:united-states","abstract","trump"
"H0858","region:north-america","rule","from the country named"
"H0863","topic:parties","title","parties"
"H0863","topic:parties","abstract","parties"
"H0863","topic:parties","abstract","manifestos"
"H0863","region:europe","title","western europe"
"H0864","country:france","abstract","france"
"H0864","country:france","abstract","le pen"
"H0864","country:italy","abstract","italy"
"H0864","country:italy","abstract","berlusconi"
"H0864","country:argentina","abstract","argentina"
"H0864","country:argentina","abstract","peron"
"H0864","region:europe","rule","from the country named"
"H0864","region:latin-america","rule","from the country named"
"H0865","topic:parties","abstract","parties"
"H0865","topic:parties","abstract","radical right"
"H0865","topic:parties","abstract","radical left"
"H0865","region:europe","title","western europe"
"H0865","region:europe","abstract","western european"
"H0865","region:europe","abstract","western europe"
"H0870","topic:democracy-institutions","abstract","populism and democracy"
"H0871","topic:parties","title","radical right"
"H0873","approach:political-strategic","abstract","political strategic"
"H0875","topic:parties","abstract","far right"
"H0875","topic:parties","abstract","parties"
"H0875","topic:parties","abstract","populist movements"
"H0875","region:europe","title","europe"
"H0875","region:europe","abstract","europe"
"H0875","region:europe","abstract","european"
"H0875","region:europe","abstract","central europe"
"H0875","country:hungary","title","orban"
"H0875","country:hungary","abstract","hungary"
"H0875","country:hungary","abstract","orban"
"H0875","country:hungary","abstract","hungarian (+ political word)"
"H0876","topic:parties","abstract","party"
"H0876","topic:democracy-institutions","title","constitutional"
"H0876","topic:democracy-institutions","abstract","checks and balances"
"H0876","topic:democracy-institutions","abstract","constitutional"
"H0876","topic:democracy-institutions","abstract","courts"
"H0876","topic:democracy-institutions","abstract","court"
"H0876","topic:democracy-institutions","abstract","judiciary"
"H0876","topic:democracy-institutions","abstract","liberal democracy"
"H0876","topic:democracy-institutions","abstract","authoritarianism"
"H0876","topic:democracy-institutions","abstract","illiberal"
"H0876","country:poland","title","poland"
"H0876","country:poland","abstract","poland"
"H0876","country:poland","abstract","law and justice"
"H0876","country:poland","abstract","prawo i sprawiedliworc"
"H0876","country:poland","abstract","pis"
"H0876","region:europe","rule","from the country named"
"H0879","topic:foreign-policy","title","foreign policy"
"H0879","topic:media-communication","title","rhetoric"
"H0879","topic:media-communication","abstract","rhetoric"
"H0879","topic:media-communication","abstract","rhetorical"
"H0879","topic:media-communication","abstract","television"
"H0879","method:quantitative","abstract","time series"
"H0879","country:venezuela","title","chavez"
"H0879","country:venezuela","abstract","venezuela"
"H0879","country:venezuela","abstract","chavez"
"H0879","region:latin-america","rule","from the country named"
"H0882","topic:international","title","regional organizations"
"H0882","topic:international","abstract","regional organizations"
"H0882","topic:international","abstract","regional organization"
"H0882","topic:parties","abstract","right wing populist"
"H0882","country:brazil","title","brazil"
"H0882","country:brazil","title","bolsonaro"
"H0882","country:brazil","abstract","brazil"
"H0882","country:brazil","abstract","bolsonaro"
"H0882","region:latin-america","rule","from the country named"
"H0886","country:turkey","title","turkey"
"H0886","country:turkey","title","erdogan"
"H0886","country:turkey","abstract","turkey"
"H0886","country:turkey","abstract","erdogan"
"H0886","country:turkey","abstract","akp"
"H0886","region:europe","rule","from the country named"
"H0891","topic:international","abstract","brexit"
"H0891","topic:media-communication","abstract","media"
"H0891","topic:media-communication","abstract","communication"
"H0891","country:france","abstract","france"
"H0891","country:france","abstract","le pen"
"H0891","country:united-kingdom","abstract","britain"
"H0891","country:united-kingdom","abstract","brexit"
"H0891","country:united-kingdom","abstract","uk"
"H0891","country:united-states","abstract","trump"
"H0891","country:united-states","abstract","us"
"H0891","region:europe","rule","from the country named"
"H0891","region:north-america","rule","from the country named"
"H0894","approach:ideational","abstract","host ideologies"
"H0894","topic:foreign-policy","title","foreign policy"
"H0894","topic:foreign-policy","abstract","foreign policy"
"H0894","topic:foreign-policy","abstract","foreign policies"
"H0894","topic:voters","title","populist attitudes"
"H0894","topic:voters","abstract","populist attitudes"
"H0894","method:survey","abstract","original survey"
"H0894","region:europe","title","european"
"H0894","region:europe","abstract","european"
"H0906","topic:parties","title","right wing populism"
"H0906","topic:parties","abstract","right wing populist"
"H0906","topic:parties","abstract","parties"
"H0906","topic:parties","abstract","far right"
"H0906","topic:economy-welfare","abstract","economic"
"H0906","topic:migration","title","immigration"
"H0906","topic:migration","abstract","immigration"
"H0906","topic:migration","abstract","migration"
"H0906","topic:migration","abstract","migrant"
"H0906","topic:migration","abstract","immigrants"
"H0906","region:europe","abstract","western european"
"H0911","topic:international","title","transnational"
"H0911","topic:international","abstract","transnational"
"H0911","topic:international","abstract","international institutions"
"H0911","country:venezuela","title","chavez"
"H0911","country:venezuela","abstract","chavez"
"H0911","country:venezuela","abstract","bolivarian"
"H0911","region:latin-america","rule","from the country named"
"H0915","approach:discursive","abstract","populism as a discursive"
"H0915","topic:government","abstract","administration"
"H0915","topic:government","abstract","in office"
"H0915","topic:economy-welfare","abstract","economic"
"H0915","topic:economy-welfare","abstract","free trade"
"H0915","topic:economy-welfare","abstract","economy"
"H0915","country:united-states","title","trump"
"H0915","country:united-states","abstract","obama"
"H0915","country:united-states","abstract","us"
"H0915","country:united-states","abstract","trump"
"H0915","country:united-states","abstract","bernie sanders"
"H0915","country:united-states","abstract","american (+ political word)"
"H0915","region:north-america","rule","from the country named"
"H0917","topic:parties","abstract","populist leaders"
"H0917","topic:parties","abstract","populist leader"
"H0917","topic:government","abstract","administration"
"H0917","topic:economy-welfare","abstract","trade policies"
"H0917","topic:economy-welfare","abstract","protectionist"
"H0917","topic:economy-welfare","abstract","economic"
"H0917","country:united-states","title","trump"
"H0917","country:united-states","title","us"
"H0917","country:united-states","abstract","united states"
"H0917","country:united-states","abstract","trump"
"H0917","country:united-states","abstract","biden"
"H0917","country:united-states","abstract","us"
"H0917","country:china","title","china"
"H0917","country:china","abstract","china"
"H0917","region:north-america","rule","from the country named"
"H0917","region:asia-pacific","rule","from the country named"
"H0919","topic:defence-security","title","securitization"
"H0919","topic:defence-security","abstract","securitization"
"H0919","topic:defence-security","abstract","security threats"
"H0919","topic:government","abstract","populist governing"
"H0919","topic:migration","abstract","migration"
"H0919","topic:migration","abstract","immigration"
"H0919","topic:migration","abstract","border security"
"H0919","method:qualitative","abstract","process tracing"
"H0919","country:united-states","title","us"
"H0919","country:mexico","title","mexico"
"H0919","region:north-america","rule","from the country named"
"H0919","region:latin-america","rule","from the country named"
"H0929","topic:media-communication","title","framing"
"H0929","country:mexico","title","mexico"
"H0929","country:mexico","title","amlo"
"H0929","region:latin-america","rule","from the country named"
"H0931","topic:international","title","international organizations"
"H0931","topic:international","abstract","multilateralism"
"H0931","topic:international","abstract","international order"
"H0931","topic:international","abstract","international organizations"
"H0931","topic:parties","abstract","populist leaders"
"H0936","approach:ideational","title","thin ideology"
"H0936","approach:ideational","abstract","thin ideology"
"H0937","approach:discursive","title","laclau"
"H0937","approach:discursive","abstract","laclau"
"H0937","topic:religion","title","religious"
"H0937","country:greece","title","greece"
"H0937","region:europe","rule","from the country named"
"H0938","topic:parties","title","left wing populism"
"H0938","topic:parties","abstract","radical left"
"H0938","topic:parties","abstract","left wing populism"
"H0938","region:europe","title","european"
"H0938","region:europe","abstract","european"
"H0938","region:europe","abstract","europe"
"H0938","country:greece","title","syriza"
"H0938","country:greece","abstract","syriza"
"H0938","country:greece","abstract","greek (+ political word)"
"H0939","topic:parties","abstract","parties"
"H0939","topic:parties","abstract","candidates"
"H0940","topic:international","title","transnational"
"H0943","topic:parties","title","far right"
"H0943","topic:parties","title","parties"
"H0943","topic:parties","abstract","far right"
"H0943","topic:parties","abstract","parties"
"H0943","topic:parties","abstract","party"
"H0943","method:qualitative","title","qualitative"
"H0943","method:qualitative","abstract","qualitative"
"H0951","topic:democracy-institutions","title","authoritarianism"
"H0951","region:europe","abstract","europe"
"H0951","region:europe","abstract","european"
"H0951","region:asia-pacific","title","asia"
"H0951","region:asia-pacific","abstract","southeast asia"
"H0951","region:asia-pacific","abstract","asian"
"H0951","country:india","title","india"
"H0951","country:india","abstract","india"
"H0951","country:india","abstract","modi"
"H0951","country:myanmar","title","myanmar"
"H0952","topic:defence-security","abstract","securitisation"
"H0952","topic:defence-security","abstract","war"
"H0952","topic:democracy-institutions","title","illiberal"
"H0952","topic:democracy-institutions","abstract","illiberal"
"H0952","country:sri-lanka","title","sri lanka"
"H0952","country:sri-lanka","abstract","sri lanka"
"H0952","region:asia-pacific","rule","from the country named"
"H0955","topic:international","abstract","transnational"
"H0955","topic:international","abstract","international order"
"H0955","topic:parties","abstract","far right"
"H0955","topic:parties","abstract","populist movements"
"H0955","topic:parties","abstract","parties"
"H0955","country:israel","abstract","israel"
"H0955","region:mena","rule","from the country named"
"H0959","topic:parties","title","radical right"
"H0959","topic:economy-welfare","title","foreign aid"
"H0959","topic:migration","title","immigration"
"H0959","topic:migration","abstract","immigrant"
"H0959","topic:migration","abstract","immigration"
"H0959","method:quantitative","abstract","panel data"
"H0967","topic:parties","abstract","parties"
"H0967","topic:parties","abstract","party"
"H0967","topic:parties","abstract","social movement"
"H0967","topic:economy-welfare","abstract","globalization"
"H0967","region:europe","title","western europe"
"H0967","region:europe","abstract","western europe"
"H0967","region:europe","abstract","european"
"H0974","topic:international","title","international order"
"H0974","topic:international","abstract","international order"
"H0974","topic:international","abstract","international institutions"
"H0974","topic:international","abstract","international organisations"
"H0974","topic:parties","abstract","populist leaders"
"H0974","country:hungary","abstract","orban"
"H0974","country:hungary","abstract","hungarian (+ political word)"
"H0974","country:venezuela","abstract","chavez"
"H0974","country:venezuela","abstract","venezuelan (+ political word)"
"H0974","country:philippines","abstract","duterte"
"H0974","country:philippines","abstract","philippine (+ political word)"
"H0974","region:global","rule","three or more regions named: europe, latin-america, asia-pacific"
"H0978","region:europe","title","europe"
"H0978","region:europe","abstract","europe"
"H0978","region:europe","abstract","european"
"H0979","approach:discursive","abstract","laclau"
"H0981","topic:parties","abstract","social movements"
"H0981","topic:parties","abstract","parties"
"H0981","method:qualitative","abstract","comparative case studies"
"H0981","country:united-states","abstract","us"
"H0981","region:north-america","rule","from the country named"
"H0982","country:turkey","abstract","turkey"
"H0982","country:turkey","abstract","erdogan"
"H0982","region:europe","rule","from the country named"
"H0983","topic:foreign-policy","title","foreign policy"
"H0983","topic:foreign-policy","abstract","foreign policy"
"H0983","country:turkey","title","turkey"
"H0983","country:turkey","abstract","turkey"
"H0983","country:turkey","abstract","erdogan"
"H0983","country:turkey","abstract","turkish (+ political word)"
"H0983","region:europe","rule","from the country named"
"H0984","approach:discursive","abstract","discourse theoretic"
"H0984","topic:foreign-policy","title","foreign policy"
"H0984","topic:foreign-policy","abstract","foreign policy"
"H0984","country:turkey","title","turkey"
"H0984","country:turkey","abstract","erdogan"
"H0984","country:turkey","abstract","justice and development party"
"H0984","country:turkey","abstract","akp"
"H0984","country:turkey","abstract","turkish (+ political word)"
"H0984","region:europe","rule","from the country named"
"H0988","topic:defence-security","title","military"
"H0988","topic:defence-security","abstract","military"
"H0988","topic:defence-security","abstract","militaries"
"H0992","topic:foreign-policy","title","foreign policies"
"H0992","topic:foreign-policy","abstract","foreign policy"
"H0992","topic:parties","title","populist leaders"
"H0992","topic:parties","abstract","populist leaders"
"H0992","country:united-states","title","trump"
"H0992","country:venezuela","title","chavez"
"H0992","region:north-america","rule","from the country named"
"H0992","region:latin-america","rule","from the country named"
"H1001","topic:parties","abstract","parties"
"H1001","topic:parties","abstract","right wing populism"
"H1001","topic:parties","abstract","left wing populist"
"H1001","topic:parties","abstract","party"
"H1001","topic:government","title","in power"
"H1001","topic:media-communication","title","communication"
"H1001","topic:media-communication","abstract","communication"
"H1001","topic:media-communication","abstract","facebook"
"H1001","country:germany","title","die linke"
"H1001","country:germany","abstract","germany"
"H1001","country:germany","abstract","die linke"
"H1001","country:germany","abstract","german (+ political word)"
"H1001","region:europe","rule","from the country named"
"H1002","topic:voters","abstract","voters"
"H1002","topic:government","abstract","presidency"
"H1002","topic:government","abstract","administration"
"H1002","topic:democracy-institutions","abstract","illiberalism"
"H1002","topic:democracy-institutions","abstract","illiberal"
"H1002","topic:democracy-institutions","abstract","court"
"H1002","country:philippines","title","philippines"
"H1002","country:philippines","title","duterte"
"H1002","country:philippines","abstract","philippines"
"H1002","country:philippines","abstract","duterte"
"H1002","region:asia-pacific","rule","from the country named"
"H1003","topic:defence-security","abstract","war"
"H1003","topic:democracy-institutions","abstract","illiberal"
"H1003","topic:democracy-institutions","abstract","judicial"
"H1003","country:philippines","title","philippines"
"H1003","country:philippines","title","duterte"
"H1003","country:philippines","abstract","duterte"
"H1003","country:philippines","abstract","philippine (+ political word)"
"H1003","region:asia-pacific","rule","from the country named"
"H1013","topic:foreign-policy","title","foreign policies"
"H1013","topic:foreign-policy","abstract","foreign policies"
"H1013","topic:foreign-policy","abstract","foreign policy"
"H1013","topic:parties","title","populist leaders"
"H1014","topic:parties","abstract","parties"
"H1014","topic:migration","title","diasporas"
"H1014","topic:migration","abstract","migrants"
"H1014","topic:migration","abstract","diaspora"
"H1017","country:turkey","title","erdogan"
"H1017","country:turkey","abstract","erdogan"
"H1017","country:turkey","abstract","turkish (+ political word)"
"H1017","region:europe","rule","from the country named"
"H1024","topic:democracy-institutions","abstract","democratization"
"H1024","topic:democracy-institutions","abstract","constitutional"
"H1025","topic:democracy-institutions","title","democratic backsliding"
"H1025","topic:democracy-institutions","abstract","liberal democracy"
"H1025","topic:democracy-institutions","abstract","democratic backsliding"
"H1025","region:europe","title","central europe"
"H1027","topic:parties","title","party system"
"H1027","topic:parties","abstract","party systems"
"H1027","topic:parties","abstract","parties"
"H1027","topic:government","abstract","incumbents"
"H1027","topic:government","abstract","in power"
"H1027","method:quantitative","abstract","expert survey"
"H1027","region:europe","title","europe"
"H1027","region:europe","abstract","europe"
"H1027","region:europe","abstract","eu"
"H1028","topic:parties","title","party system"
"H1028","country:italy","title","italy"
"H1028","country:italy","title","brothers of italy"
"H1028","region:europe","rule","from the country named"
"H1029","topic:foreign-policy","title","foreign policy"
"H1029","topic:foreign-policy","abstract","foreign policies"
"H1029","topic:foreign-policy","abstract","foreign policy"
"H1029","topic:parties","abstract","right wing populist"
"H1029","topic:parties","abstract","parties"
"H1029","topic:parties","abstract","populist right"
"H1029","topic:government","title","populists in power"
"H1029","region:europe","abstract","europe"
"H1029","region:europe","abstract","european"
"H1029","country:hungary","title","hungary"
"H1029","country:poland","title","poland"
"H1034","topic:foreign-policy","title","foreign policy"
"H1034","topic:foreign-policy","abstract","foreign policy"
"H1034","topic:parties","title","radical right"
"H1034","topic:parties","title","parties"
"H1034","topic:parties","abstract","radical right"
"H1034","topic:parties","abstract","parties"
"H1034","topic:parties","abstract","party"
"H1034","topic:parties","abstract","party system"
"H1034","country:italy","title","northern league"
"H1034","country:italy","title","berlusconi"
"H1034","country:italy","abstract","italy"
"H1034","country:italy","abstract","northern league"
"H1034","region:europe","rule","from the country named"
"H1035","approach:other","abstract","definitions of populism"
"H1042","topic:foreign-policy","title","foreign policy"
"H1042","country:hungary","title","hungary"
"H1042","country:hungary","title","orban"
"H1042","region:europe","rule","from the country named"
"H1043","topic:international","title","international courts"
"H1043","topic:international","abstract","international courts"
"H1043","topic:international","abstract","multilateral"
"H1043","topic:democracy-institutions","title","courts"
"H1043","topic:democracy-institutions","abstract","courts"
"H1043","topic:democracy-institutions","abstract","court"
"H1044","topic:international","title","transnational"
"H1044","topic:international","title","european integration"
"H1044","topic:international","abstract","transnational"
"H1044","region:europe","title","european"
"H1044","region:europe","title","europe"
"H1044","region:europe","abstract","europe"
"H1046","topic:parties","abstract","radical right"
"H1046","topic:parties","abstract","parties"
"H1046","topic:parties","abstract","populist movements"
"H1046","topic:economy-welfare","abstract","economic"
"H1046","topic:economy-welfare","abstract","globalization"
"H1052","topic:media-communication","title","communication"
"H1052","topic:media-communication","abstract","communication"
"H1054","topic:foreign-policy","title","foreign policies"
"H1054","topic:government","title","populist governments"
"H1054","region:latin-america","title","latin america"
"H1054","country:united-states","title","america first"
"H1054","region:north-america","rule","from the country named"
"H1056","approach:performative","abstract","performative"
"H1056","topic:international","title","transnational"
"H1056","topic:international","abstract","transnational"
"H1056","topic:international","abstract","regional integration"
"H1056","topic:international","abstract","global governance"
"H1056","topic:parties","title","populist leaderships"
"H1056","region:latin-america","title","latin america"
"H1056","country:venezuela","abstract","chavista"
"H1056","country:venezuela","abstract","bolivarian"
"H1057","approach:discursive","abstract","discursive construction"
"H1057","approach:discursive","abstract","empty signifiers"
"H1057","topic:international","title","transnational"
"H1057","topic:international","abstract","transnational"
"H1057","topic:parties","title","populist leaders"
"H1057","topic:parties","abstract","populist leaderships"
"H1057","topic:parties","abstract","populist leaders"
"H1058","approach:performative","abstract","performative"
"H1058","topic:foreign-policy","title","foreign policy"
"H1058","topic:foreign-policy","abstract","foreign policy"
"H1058","topic:foreign-policy","abstract","foreign policies"
"H1058","topic:international","abstract","transnational"
"H1058","topic:international","abstract","regional integration"
"H1058","topic:international","abstract","multilateral"
"H1058","topic:international","abstract","global governance"
"H1058","region:latin-america","title","latin america"
"H1058","region:latin-america","abstract","latin america"
"H1058","country:brazil","abstract","brazil"
"H1058","country:brazil","abstract","bolsonaro"
"H1058","country:mexico","abstract","mexico"
"H1058","country:mexico","abstract","lopez obrador"
"H1058","country:mexico","abstract","amlo"
"H1059","topic:foreign-policy","title","foreign policy"
"H1059","topic:foreign-policy","abstract","foreign policy"
"H1059","topic:foreign-policy","abstract","foreign policies"
"H1060","topic:foreign-policy","abstract","foreign policy"
"H1060","topic:international","abstract","international institutions"
"H1060","topic:international","abstract","international order"
"H1060","region:global","title","global populism"
"H1075","topic:foreign-policy","title","foreign policy"
"H1075","topic:foreign-policy","abstract","foreign policy"
"H1075","topic:media-communication","abstract","media"
"H1075","topic:media-communication","abstract","rhetoric"
"H1075","region:latin-america","title","latin america"
"H1075","country:argentina","abstract","argentina"
"H1075","country:argentina","abstract","menem"
"H1075","country:venezuela","abstract","venezuela"
"H1075","country:venezuela","abstract","chavez"
"H1078","topic:foreign-policy","title","foreign policy"
"H1078","topic:foreign-policy","abstract","foreign policy"
"H1078","topic:parties","title","right wing populist"
"H1078","topic:parties","abstract","populist leaders"
"H1078","country:united-states","title","trump"
"H1078","country:brazil","title","bolsonaro"
"H1078","region:north-america","rule","from the country named"
"H1078","region:latin-america","rule","from the country named"
"H1079","topic:foreign-policy","abstract","foreign policies"
"H1079","topic:foreign-policy","abstract","foreign policy"
"H1079","topic:international","abstract","eu"
"H1079","topic:parties","title","populist leaders"
"H1079","region:europe","abstract","eastern europe"
"H1079","region:europe","abstract","european"
"H1079","region:europe","abstract","eu"
"H1079","country:czech-republic","title","czech (+ political word)"
"H1079","country:czech-republic","abstract","czech (+ political word)"
"H1085","approach:economic","abstract","economic populism"
"H1085","topic:parties","abstract","political leaders"
"H1085","topic:parties","abstract","populist leaders"
"H1085","topic:economy-welfare","title","neoliberal"
"H1085","topic:economy-welfare","abstract","neoliberal"
"H1085","topic:economy-welfare","abstract","economics"
"H1085","topic:economy-welfare","abstract","economic"
"H1085","topic:economy-welfare","abstract","neoliberalism"
"H1085","region:europe","title","eastern europe"
"H1085","region:latin-america","title","latin america"
"H1085","country:argentina","abstract","argentina"
"H1085","country:argentina","abstract","menem"
"H1085","country:peru","abstract","peru"
"H1085","country:peru","abstract","fujimori"
"H1089","approach:political-strategic","title","populism as a political strategy"
"H1089","approach:political-strategic","abstract","political strategic"
"H1090","approach:political-strategic","title","plebiscitarian"
"H1098","topic:parties","title","right wing populist"
"H1098","topic:gender","abstract","gender"
"H1098","topic:gender","abstract","patriarchy"
"H1099","topic:parties","title","far right"
"H1099","topic:parties","abstract","far right"
"H1099","topic:parties","abstract","parties"
"H1099","topic:media-communication","abstract","media"
"H1099","topic:media-communication","abstract","rhetoric"
"H1101","approach:discursive","abstract","poststructuralist"
"H1101","topic:foreign-policy","title","foreign policy"
"H1101","topic:foreign-policy","abstract","foreign policy"
"H1101","topic:parties","abstract","right wing populist"
"H1101","topic:parties","abstract","parties"
"H1101","topic:parties","abstract","populist actors"
"H1101","topic:religion","title","hindu"
"H1101","country:india","title","india"
"H1101","country:india","abstract","india"
"H1101","country:india","abstract","modi"
"H1101","region:asia-pacific","rule","from the country named"
"H1102","approach:ideational","abstract","populism as an ideology"
"H1102","approach:discursive","abstract","poststructuralist"
"H1102","approach:discursive","abstract","discursive construction"
"H1102","topic:foreign-policy","title","foreign policy"
"H1102","topic:foreign-policy","abstract","foreign policy"
"H1102","country:united-states","title","trump"
"H1102","country:united-states","title","american (+ political word)"
"H1102","country:united-states","abstract","united states"
"H1102","country:united-states","abstract","trump"
"H1102","country:united-states","abstract","trumpian"
"H1102","region:north-america","rule","from the country named"
"H1105","approach:discursive","abstract","poststructuralism"
"H1105","approach:discursive","abstract","poststructuralist"
"H1105","topic:defence-security","abstract","securitisation"
"H1106","topic:foreign-policy","title","foreign policy"
"H1106","topic:parties","title","right wing populism"
"H1106","country:germany","title","germany"
"H1106","country:germany","title","alternative for germany"
"H1106","region:europe","rule","from the country named"
"H1107","topic:foreign-policy","title","foreign policy"
"H1107","topic:international","title","transnational"
"H1117","topic:parties","abstract","right wing populist"
"H1117","topic:parties","abstract","right wing populists"
"H1117","topic:religion","abstract","religious"
"H1117","topic:religion","abstract","secular"
"H1117","topic:religion","abstract","religion"
"H1117","country:turkey","title","turkey"
"H1117","region:europe","rule","from the country named"
"H1118","topic:voters","title","voters"
"H1118","topic:voters","abstract","citizens"
"H1118","topic:voters","abstract","voters"
"H1118","method:qualitative","abstract","semi structured"
"H1118","method:qualitative","abstract","interviews"
"H1118","country:ukraine","title","zelensky"
"H1118","country:ukraine","abstract","ukraine"
"H1118","country:ukraine","abstract","zelensky"
"H1118","country:ukraine","abstract","ukrainian (+ political word)"
"H1118","region:europe","rule","from the country named"
"H1124","topic:international","title","transnational"
"H1124","topic:international","abstract","transnational"
"H1124","topic:international","abstract","transnationalise"
"H1124","topic:religion","abstract","religious"
"H1124","topic:religion","abstract","muslim"
"H1124","topic:religion","abstract","islamist"
"H1124","topic:religion","abstract","muslims"
"H1124","topic:religion","abstract","islamic"
"H1124","topic:religion","abstract","religion"
"H1124","topic:migration","abstract","diaspora"
"H1124","country:turkey","title","turkey"
"H1124","country:turkey","abstract","turkey"
"H1124","region:europe","rule","from the country named"
"H1126","topic:international","title","euroscepticism"
"H1126","topic:international","abstract","european parliament"
"H1126","topic:international","abstract","eurosceptic"
"H1126","topic:parties","abstract","parties"
"H1126","topic:parties","abstract","right wing populist"
"H1126","topic:media-communication","abstract","communication"
"H1126","region:europe","abstract","european"
"H1126","region:europe","abstract","europe"
"H1126","country:italy","title","lega"
"H1126","country:italy","title","movimento 5 stelle"
"H1126","country:italy","abstract","italy"
"H1126","country:italy","abstract","lega"
"H1126","country:italy","abstract","movimento 5 stelle"
"H1126","country:italy","abstract","salvini"
"H1126","country:italy","abstract","italian (+ political word)"
"H1127","approach:discursive","abstract","discursively constructed"
"H1127","topic:international","title","brexit"
"H1127","topic:international","abstract","brexit"
"H1127","topic:international","abstract","eu"
"H1127","topic:democracy-institutions","abstract","referendum"
"H1127","country:united-kingdom","title","brexit"
"H1127","country:united-kingdom","title","british (+ political word)"
"H1127","country:united-kingdom","abstract","brexit"
"H1127","country:united-kingdom","abstract","uk"
"H1127","region:europe","rule","from the country named"
"H1132","topic:parties","title","radical right"
"H1132","topic:parties","abstract","radical right"
"H1132","topic:parties","abstract","parties"
"H1132","topic:parties","abstract","party"
"H1132","topic:migration","title","immigration"
"H1132","topic:migration","abstract","immigration"
"H1132","topic:migration","abstract","immigrants"
"H1132","country:austria","title","austria"
"H1132","country:austria","abstract","austria"
"H1132","country:italy","title","italy"
"H1132","country:italy","abstract","italy"
"H1132","country:italy","abstract","lega nord"
"H1132","region:europe","rule","from the country named"
"H1133","topic:parties","title","party"
"H1133","topic:parties","abstract","parties"
"H1133","topic:parties","abstract","party"
"H1133","topic:parties","abstract","radical right"
"H1133","region:europe","abstract","eastern europe"
"H1134","topic:international","title","regionalism"
"H1134","topic:parties","title","radical right"
"H1134","topic:parties","abstract","parties"
"H1134","topic:parties","abstract","radical right"
"H1134","region:europe","title","european"
"H1134","region:europe","abstract","western europe"
"H1134","region:europe","abstract","europe"
"H1134","region:europe","abstract","european"
"H1134","country:italy","title","lega nord"
"H1136","topic:international","title","eu"
"H1136","topic:international","abstract","eu"
"H1136","topic:government","title","populist governments"
"H1136","topic:government","abstract","populist governments"
"H1136","topic:migration","title","nativist"
"H1136","topic:migration","title","refugee"
"H1136","topic:migration","abstract","refugee"
"H1136","topic:migration","abstract","anti immigrant"
"H1136","region:europe","title","eu"
"H1136","region:europe","abstract","eu"
"H1138","topic:parties","title","political leaders"
"H1138","topic:parties","abstract","political leaders"
"H1138","topic:parties","abstract","populist leaders"
"H1138","topic:parties","abstract","party"
"H1138","topic:media-communication","title","communication"
"H1138","topic:media-communication","title","facebook"
"H1138","topic:media-communication","abstract","facebook"
"H1138","topic:media-communication","abstract","communication"
"H1139","approach:ideational","abstract","ideational approach"
"H1139","topic:parties","title","parties"
"H1139","topic:parties","title","party systems"
"H1139","topic:parties","abstract","parties"
"H1139","topic:parties","abstract","party systems"
"H1139","region:europe","title","europe"
"H1139","region:europe","abstract","european"
"H1139","region:europe","abstract","eu"
"H1145","topic:democracy-institutions","title","authoritarian"
"H1145","topic:democracy-institutions","abstract","authoritarian"
"H1145","topic:democracy-institutions","abstract","constitutional"
"H1145","topic:democracy-institutions","abstract","courts"
"H1147","approach:performative","abstract","populist performance"
"H1147","topic:parties","abstract","populist leaders"
"H1147","topic:parties","abstract","parties"
"H1147","method:qualitative","abstract","interviews"
"H1147","country:turkey","title","turkey"
"H1147","country:turkey","abstract","turkey"
"H1147","region:europe","rule","from the country named"
"H1151","topic:foreign-policy","title","foreign policy"
"H1151","topic:foreign-policy","abstract","foreign policy"
"H1151","topic:parties","title","radical right"
"H1151","topic:parties","abstract","radical right"
"H1151","region:europe","title","european"
"H1151","region:europe","abstract","european"
"H1153","topic:foreign-policy","title","foreign policy"
"H1153","topic:foreign-policy","abstract","foreign policy"
"H1153","topic:parties","abstract","right wing populist"
"H1153","topic:parties","abstract","populist leaders"
"H1153","topic:democracy-institutions","abstract","autocratization"
"H1153","country:russia","abstract","russia"
"H1153","country:turkey","abstract","turkey"
"H1153","region:europe","rule","from the country named"
"H1156","topic:foreign-policy","title","foreign policy"
"H1156","topic:foreign-policy","abstract","foreign policy"
"H1156","topic:defence-security","abstract","military"
"H1156","topic:defence-security","abstract","militarization"
"H1156","topic:religion","abstract","islamist"
"H1156","topic:religion","abstract","islamism"
"H1156","topic:democracy-institutions","abstract","authoritarian"
"H1156","topic:democracy-institutions","abstract","authoritarianism"
"H1156","region:mena","abstract","arab"
"H1156","region:mena","abstract","middle east"
"H1156","country:turkey","title","turkey"
"H1156","country:turkey","title","akp"
"H1156","country:turkey","abstract","turkey"
"H1156","country:turkey","abstract","akp"
"H1156","country:turkey","abstract","turkish (+ political word)"
"H1156","region:europe","rule","from the country named"
"H1157","topic:parties","title","radical right"
"H1157","topic:parties","title","parties"
"H1157","region:europe","title","western europe"
"H1158","topic:economy-welfare","title","energy transition"
"H1158","topic:media-communication","title","media"
"H1158","country:poland","title","poland"
"H1158","region:europe","rule","from the country named"
