"doi","title","year","why_the_tag_was_taken_away"
"10.1080/01596306.2026.2632026","(Not) teaching a spectacularly sticky subject under right-wing populism: evolution, affect, and curriculum politics in Turkey","2026","no party word, name or family in the title; the abstract has 0 party phrase(s) and 0 voter word(s)"
"10.3389/fpos.2026.1781561","A cultural theory of support for populism: fatalism and polyrational governance","2026","the title is about voters or supporters: support for"
"10.1177/10776990261429070","A Dangerous Concept in a Hostile Environment: Journalists’ Understandings of Populism in Italy and Spain","2026","no party word, name or family in the title; the abstract has 1 party phrase(s) and 0 voter word(s)"
"10.1177/19401612241301647","A Left-Right Divide? Alternative News Use and Political Trust, Populist Attitudes, and Populist Vote Intentions in the Case of Denmark","2026","the title is about voters or supporters: attitudes, vote"
"10.1017/lar.2026.10127","A Negative Radical Right Populism: The (Absence of a) Shared Identity Among Milei’s Supporters","2026","the title is about voters or supporters: supporters"
"10.1177/00104140261418623","A Populist Axis? Analyzing Connections Between Populist, Economic, and Cultural Dimensions of Political Space","2026","no party word, name or family in the title; the abstract has 4 party phrase(s) and 8 voter word(s)"
"10.1332/25151088y2025d000000123","A vicious cycle: populist radical-right support and conservative attitudes on gender and sexuality in the Dutch case","2026","the title is about voters or supporters: attitudes"
"10.17645/pag.11674","Abstention and Populist Voting: Evidence From the Italian 2018 Election","2026","the title is about voters or supporters: voting"
"10.1093/icon/moag089","Adam Sulikowski. Postliberal Constitutionalism: The Challenge of Right Wing Populism in Central and Eastern Europe","2026","no party word, name or family in the title; the abstract has 0 party phrase(s) and 0 voter word(s)"
"10.1177/13540688261461499","Affective polarization and the support for populist and technocratic governance","2026","the title is about voters or supporters: support for"
"10.1080/03066150.2025.2584786","Agrarian struggles, climate crisis and right-wing populism amidst progressive and conservative farmers’ protests in Germany","2026","no party word, name or family in the title; the abstract has 0 party phrase(s) and 1 voter word(s)"
"10.1017/s1475676525100108","Authoritarian nostalgia and support for (populist radical) right parties","2026","the title is about voters or supporters: support for"
"10.1177/10659129261485340","Backlashes to Gender Equality and Authoritarian Populism in the U.S.","2026","no party word, name or family in the title; the abstract has 0 party phrase(s) and 5 voter word(s)"
"10.1111/sode.70080","Between Local Politics and Classroom Norms: How Context Shapes Adolescents’ Populist Voting Intentions","2026","the title is about voters or supporters: voting"
"10.1080/13562576.2026.2651102","Between regional and neighbourhood structures: contextual effects behind populist radical right support in Italy","2026","a party family in the title, but the abstract speaks mostly of voters (3 voter words, 1 party phrases)"
"10.1177/19401612251405582","Book Review: Free to Hate: How Media Liberalization Enabled Right-Wing Populism in Post-1989 Bulgaria by Martin Marinos MarinosMartinFree to Hate: How Media Liberalization Enabled Right-Wing Populism in Post-1989 Bulgaria. Chicago: University of Illinois Press, 2023. 310 pp. $125 (hardcover). ISBN: 978-0-252-04550-9.","2026","no party word, name or family in the title; the abstract has 0 party phrase(s) and 0 voter word(s)"
"10.1080/03085147.2026.2650064","Capital, networks and ideas: How philanthropy sustains right-wing populism in Canada","2026","no party word, name or family in the title; the abstract has 1 party phrase(s) and 0 voter word(s)"
"10.1080/13563467.2026.2624414","Centimanes v. Titans: right-wing populist governments’ treatment of foreign multinationals in East Central Europe","2026","no party word, name or family in the title; the abstract has 0 party phrase(s) and 2 voter word(s)"
"10.1080/09644008.2025.2483225","Comparing Revealed and Expressed Populism: The Case of Voting for the ‘Alternative für Deutschland’ and ‘Die Linke’","2026","the title is about voters or supporters: voting"
"10.1177/14651165261446395","Compensation, austerity and populism: Labor market spending and voting in 16 Western European countries","2026","the title is about voters or supporters: voting"
"10.1177/02633957251407561","Conceptualising sidestreaming: How the populist radical right appeals to atypical supporters","2026","the title is about voters or supporters: supporters"
"10.1177/13691481261433379","Conspiracy beliefs and populist radical right attitudes: A comparative European analysis","2026","the title is about voters or supporters: attitudes"
"10.1080/2158379x.2026.2645424","Corporate anti-populism: insights from Instituto Millenium","2026","no party word, name or family in the title; the abstract has 0 party phrase(s) and 0 voter word(s)"
"10.1080/1354571x.2025.2582955","Corruption, populism and trust in the judiciary","2026","no party word, name or family in the title; the abstract has 2 party phrase(s) and 3 voter word(s)"
"10.1080/09668136.2026.2701276","Cultural Unity, Economic Divergence: Right-wing Populist Voters in Croatia and Serbia","2026","the title is about voters or supporters: voters"
"10.1017/gov.2026.10054","Culture Trumps Class and Place: How the Populist Radical Right Thrives on Sociocultural Conflicts in Western Europe","2026","a party family in the title, but the abstract speaks mostly of voters (4 voter words, 1 party phrases)"
"10.1080/00207659.2026.2718743","Defending patriarchal arrangements: explaining men’s disproportionate support for populist radical right in Europe","2026","the title is about voters or supporters: support for"
"10.4324/9781003621164","Diagonalism in Online Populist Discourse: Left Moving Right","2026","no party word, name or family in the title; the abstract has 0 party phrase(s) and 0 voter word(s)"
"10.1177/01925121241312883","Do populist presidents crowd out FDI inflows? The role of ideology and sectoral characteristics","2026","no party word, name or family in the title; the abstract has 0 party phrase(s) and 0 voter word(s)"
"10.1017/s1744137426100769","Do populists erode civil society?","2026","no party word, name or family in the title; the abstract has 1 party phrase(s) and 0 voter word(s)"
"10.1017/s1474746424000010","Does Performance Matter? The Influence of Attitudes Towards Welfare State Performance on Voting for Rightwing and Leftwing Populist Parties","2026","the title is about voters or supporters: attitudes, voting"
"10.1080/09644016.2026.2731598","Does populist anti-climate rhetoric drive public opposition to climate policy? Testing socio-cultural and economic frames","2026","no party word, name or family in the title; the abstract has 2 party phrase(s) and 4 voter word(s)"
"10.1016/j.rspp.2026.100322","Does regional context affect populist voting? A comparative multilevel analysis from Czechia and eastern Germany","2026","the title is about voters or supporters: voting"
"10.1080/09644016.2026.2687305","Does right-wing populism undermine public support for environmental policies in Europe?","2026","the title is about voters or supporters: support for"
"10.1080/17449480.2026.2623965","Echoes of Right-Wing Populism in Annual Reports of Polish Listed State-Controlled Companies","2026","no party word, name or family in the title; the abstract has 0 party phrase(s) and 1 voter word(s)"
"10.1057/s41295-025-00455-2","Elections and emotions: voting right-wing populist in Austria","2026","the title is about voters or supporters: voting"
"10.1057/s41268-026-00382-z","Emerging patterns of right-wing international populism in Central Eastern Europe and Latin America: let’s fight the globalists!","2026","no party word, name or family in the title; the abstract has 0 party phrase(s) and 0 voter word(s)"
"10.1007/s43545-026-01576-5","Enemies of the people? Media hostility in André Ventura’s populist digital discourse","2026","no party word, name or family in the title; the abstract has 0 party phrase(s) and 0 voter word(s)"
"10.3389/fpos.2025.1731252","Erasing and shaping national memory: cognitive biases and curriculum politics under right-wing populism in India","2026","no party word, name or family in the title; the abstract has 2 party phrase(s) and 2 voter word(s)"
"10.1016/j.electstud.2026.103083","Ethnic diversity, deprivation, and populist radical right voting: A rural-urban perspective on AfD support in Germany","2026","the title is about voters or supporters: voting"
"10.1111/spsr.70036","Explaining the Populist Radical Right's Success in the 2023 Swiss National Elections: A Reference Group Perspective","2026","a party family in the title, but the abstract speaks mostly of voters (8 voter words, 4 party phrases)"
"10.1007/s11615-025-00604-y","Former Social Democratic Partisanship, Working-Class Background, and Support for Right-Wing Populist Parties: A Research Note","2026","the title is about voters or supporters: support for"
"10.3389/fpos.2026.1807599","From global shifts to domestic ruptures: populism and the crisis in Western democracies","2026","no party word, name or family in the title; the abstract has 1 party phrase(s) and 0 voter word(s)"
"10.1177/13540688261454258","Have populist right supporters’ views on refugee policy radicalized under the Ukrainian crisis? Evidence from a three-wave survey experiment","2026","the title is about voters or supporters: supporters"
"10.1017/s174413312610053x","How do income and health inequalities contribute to populist radical right voting in Europe? A scoping review","2026","the title is about voters or supporters: voting"
"10.1080/01402382.2024.2437936","How party polarisation exacerbates the link between democratic deficit and populist voting: evidence from Europe","2026","the title is about voters or supporters: voting"
"10.3389/fsoc.2026.1759913","How to explain the German East–West divide in support of a populist radical right party (AfD): mapping socioeconomic, psychological, and cultural explanatory factors from a demand-side, voter-level perspective","2026","the title is about voters or supporters: demand side, voter"
"10.1111/jcms.13706","Hungary's Populist Government and the Contestation of EU Foreign Policy Co‐Operation at the United Nations: Dogs That Bark Do Not Bite?","2026","no party word, name or family in the title; the abstract has 1 party phrase(s) and 2 voter word(s)"
"10.1016/j.heliyon.2026.e45131","Ideology versus opportunism in the populist emotion narratives of the Portuguese left","2026","no party word, name or family in the title; the abstract has 1 party phrase(s) and 0 voter word(s)"
"10.1086/738635","Immediacy and Heimat in the Present Populist Moment","2026","no party word, name or family in the title; the abstract has 0 party phrase(s) and 0 voter word(s)"
"10.3389/fpos.2026.1846381","Immigration, anomie, and national populism in the European Union","2026","no party word, name or family in the title; the abstract has 3 party phrase(s) and 7 voter word(s)"
"10.1007/s11615-025-00606-w","Industrial Employment and Populism in Germany—Exploring the Effect of Actual and Looming Decline","2026","no party word, name or family in the title; the abstract has 3 party phrase(s) and 10 voter word(s)"
"10.1111/ecpo.70061","Inflation of Populism: Effects of Early Economic Experiences on Support for Populist Parties","2026","the title is about voters or supporters: support for"
"10.1177/00207152261454640","Linking religiosity, LGBTQI+ attitudes, and Populist Radical Right: How context matters—Evidence from Italy, Hungary, and the Netherlands","2026","the title is about voters or supporters: attitudes"
"10.1080/01419870.2026.2688351","Longing for a better country in the past and future: how hope and nostalgia affect support for the populist radical-right","2026","the title is about voters or supporters: support for"
"10.3389/fpos.2025.1627274","Mapping gender-based needs through academic narratives under right-wing populist governance in Hungary","2026","no party word, name or family in the title; the abstract has 1 party phrase(s) and 0 voter word(s)"
"10.1177/09589287251348404","Migration as amplifier. How the influence of welfare chauvinism on the vote for far-right populist parties is conditioned by migration","2026","the title is about voters or supporters: vote"
"10.1007/s11615-024-00588-1","Modern Micropolitics of Antipopulism: Rethinking Discourse and Empathy","2026","no party word, name or family in the title; the abstract has 0 party phrase(s) and 2 voter word(s)"
"10.1080/13569775.2026.2692108","National security, minorities, and the politics of fear: a comparative study of ‘security-driven populism’ in Israel and Turkey","2026","no party word, name or family in the title; the abstract has 1 party phrase(s) and 1 voter word(s)"
"10.1080/09644016.2025.2506344","Not really concerned? Populist radical right voters and climate change","2026","the title is about voters or supporters: voters"
"10.1080/1369118x.2025.2585090","Pandemic activism in comparative perspective: exploring the roles of populist attitudes, direct online political sources, and misinformation","2026","the title is about voters or supporters: attitudes"
"10.1093/icon/moag076","Parliaments as constituent assemblies in the age of populism: The case of Israel","2026","no party word, name or family in the title; the abstract has 0 party phrase(s) and 0 voter word(s)"
"10.3389/fpos.2026.1743027","Partisan polarization, populist attitudes, and anti-democratic behaviors","2026","the title is about voters or supporters: attitudes"
"10.1017/s1475676525100078","Perceived inequality and populism","2026","no party word, name or family in the title; the abstract has 5 party phrase(s) and 6 voter word(s)"
"10.1080/17457289.2025.2483672","Perceived underrepresentation and populist voting","2026","the title is about voters or supporters: voting"
"10.1007/s11615-025-00637-3","Personality Traits and Vote Switching: A Tale of Open-Minded Switchers and Agreeable Populism Resisters","2026","the title is about voters or supporters: vote"
"10.1080/01402382.2026.2718981","Personality, populism and party: support for ‘dark triad’ leaders in the UK","2026","the title is about voters or supporters: support for"
"10.1038/s41598-026-56690-4","Population-scale network embeddings expose educational divides in network structure related to right-wing populist voting","2026","the title is about voters or supporters: voting"
"10.1007/s11615-024-00581-8","Populism and Anti-Populism in Climate Politics: Conflict Line, Contingent Relation, or Tacit Alliance in Climate Obstruction?","2026","no party word, name or family in the title; the abstract has 0 party phrase(s) and 0 voter word(s)"
"10.1177/13540688241306420","Populism and democratic attitudes: Comparing populist and non-populist candidates’ views on democracy and its alternatives","2026","the title is about voters or supporters: attitudes"
"10.1007/s11127-026-01441-2","Populism and impatience","2026","no party word, name or family in the title; the abstract has 3 party phrase(s) and 5 voter word(s)"
"10.1017/s1537592725103289","Populism and Queer Masculinities: Hegemony, Hybridity, and Fake Subversion","2026","no party word, name or family in the title; the abstract has 1 party phrase(s) and 0 voter word(s)"
"10.1016/j.ecolecon.2025.108714","Populism and support of onshore wind energy: Explaining different perspectives from the left and right","2026","no party word, name or family in the title; the abstract has 2 party phrase(s) and 11 voter word(s)"
"10.1086/739791","Populism as Liberal Alibi: Recalling Stuart Hall’s Analysis of Thatcherism","2026","no party word, name or family in the title; the abstract has 0 party phrase(s) and 0 voter word(s)"
"10.1080/01442872.2025.2547860","Populism, public administration and democratic backsliding: the Indian experience","2026","no party word, name or family in the title; the abstract has 1 party phrase(s) and 0 voter word(s)"
"10.1177/13505068261438679","Populist anti-genderism: A relational comparison of populist politics in Turkey, Hungary, and Sweden","2026","no party word, name or family in the title; the abstract has 1 party phrase(s) and 0 voter word(s)"
"10.1111/1467-9477.70042","Populist Governance in Sweden and Its Impact on State‐Civil Society Relations From CSOs' Perspective","2026","no party word, name or family in the title; the abstract has 1 party phrase(s) and 0 voter word(s)"
"10.1080/21670811.2025.2564159","Populist Hustlers Versus Establishment Dynasties: The Contentious Visual Framing Dual of the 2022 Kenyan Election","2026","no party word, name or family in the title; the abstract has 0 party phrase(s) and 2 voter word(s)"
"10.17645/pag.12481","Populist Parties, Female Populist Leaders, and the Gendered Vote in Germany","2026","the title is about voters or supporters: vote"
"10.1177/14789299261485641","Populist profiles of young adults: Differences in political and emotional dimensions","2026","no party word, name or family in the title; the abstract has 1 party phrase(s) and 4 voter word(s)"
"10.1057/s41269-024-00369-z","Populist right-wing voting: the (conditional) role of implicit bias","2026","the title is about voters or supporters: voting"
"10.1080/13563467.2026.2672497","Populist strategy revisited: toward a coalitional framework of populist mobilisation","2026","no party word, name or family in the title; the abstract has 1 party phrase(s) and 0 voter word(s)"
"10.3390/journalmedia7010046","Quality vs. Populism in Short-Video Political Communication: A Multimodal Study of TikTok","2026","no party word, name or family in the title; the abstract has 1 party phrase(s) and 0 voter word(s)"
"10.1057/s41599-026-08773-w","Radical populist parties receive greater audience support on social media: a cross-platform monitoring of digital campaigning for the 2024 European Parliament election","2026","the title is about voters or supporters: audience"
"10.1111/gove.70143","Regulatory Governance in the Era of Populist Ascendancy: A Tug‐of‐War Between Independent Public Authorities and Central Government in Greece","2026","no party word, name or family in the title; the abstract has 1 party phrase(s) and 1 voter word(s)"
"10.1177/00104140261448406","Right-Wing Populism and the COVID-19 Shock: Evidence From Early Superspreader Events","2026","no party word, name or family in the title; the abstract has 0 party phrase(s) and 2 voter word(s)"
"10.1177/10434631261455690","Social capital and support for populist radical right parties: A multilevel analysis of a household panel in the UK","2026","the title is about voters or supporters: support for"
"10.1016/j.rspp.2025.100258","Spatial spillover effects on the support for populist radical right parties in Slovakia","2026","the title is about voters or supporters: support for"
"10.1177/00323217251412067","Stable Personalities, Shifting Loyalties: The Activating Role of Cultural Threats in Populist Radical Right Support","2026","a party family in the title, but the abstract speaks mostly of voters (5 voter words, 1 party phrases)"
"10.1080/21599165.2025.2609143","Strange bedfellows? Exploring the left-authoritarian attraction to the populist radical right in Poland","2026","a party family in the title, but the abstract speaks mostly of voters (8 voter words, 1 party phrases)"
"10.1080/09644008.2026.2614966","Supply and Demand of Regional Populism in Bavaria: Explaining the Regional Success of the CSU and Free Voters","2026","the title is about voters or supporters: voters"
"10.1080/23745118.2026.2642197","The authoritarian and populist background of the far-right vote in the post-crisis Greece","2026","the title is about voters or supporters: vote"
"10.1177/13675494251358345","The economic logic of right-wing populism in the culture industry: The case of Russell Brand’s online content","2026","no party word, name or family in the title; the abstract has 0 party phrase(s) and 0 voter word(s)"
"10.1017/lap.2026.10051","The Effectiveness of Discursive Frames Deployed by Latin America’s Right-wing Populists: Evidence from Costa Rica","2026","a party family in the title, but the abstract speaks mostly of voters (4 voter words, 0 party phrases)"
"10.1080/21606544.2026.2734727","The environmental consequences of rising political populism and growing economic inequality","2026","no party word, name or family in the title; the abstract has 0 party phrase(s) and 3 voter word(s)"
"10.1111/1467-9477.70025","The Epistemic Habits of Danish Populists: Objectivity, Legitimacy and Evidence","2026","no party word, name or family in the title; the abstract has 1 party phrase(s) and 2 voter word(s)"
"10.1038/s42949-026-00385-2","The fourth wave of climate urbanism: a research agenda for urban climate justice amid right-wing populism","2026","no party word, name or family in the title; the abstract has 0 party phrase(s) and 1 voter word(s)"
"10.1080/13629395.2025.2611502","The impact of right-wing populist policies on Muslim immigrants in Italy: Integration problems and resistance mechanisms","2026","no party word, name or family in the title; the abstract has 0 party phrase(s) and 0 voter word(s)"
"10.1080/01402382.2025.2579261","The irresistible populist force: the Portuguese 2025 snap elections","2026","no party word, name or family in the title; the abstract has 4 party phrase(s) and 4 voter word(s)"
"10.1177/00219096251388575","The Limits of Right-Wing Populist Politics: The Views and Experiences of Turkish Immigrants in Italy","2026","no party word, name or family in the title; the abstract has 0 party phrase(s) and 0 voter word(s)"
"10.1017/s1475676526101571","The online transnationalisation of populist radical right publics","2026","the title is about voters or supporters: publics"
"10.1177/02633957261458774","The people, the elite, and the environment: Constructing populist and anti-populist frontiers in environmental politics","2026","no party word, name or family in the title; the abstract has 1 party phrase(s) and 0 voter word(s)"
"10.1177/00104140241312101","The Politics of Pessimism: Unfunded Public Goods as a Source of Right-Wing Populism","2026","no party word, name or family in the title; the abstract has 0 party phrase(s) and 2 voter word(s)"
"10.12688/openreseurope.22680.1","The populism-euroscepticism nexus in a contested Europe: The EUPopLink COST Action","2026","no party word, name or family in the title; the abstract has 1 party phrase(s) and 1 voter word(s)"
"10.1080/15205436.2025.2537717","The Power of Populist Discourses: The Effect of Populist Radical Left and Right Rhetoric on Political Preferences","2026","a party family in the title, but the abstract speaks mostly of voters (6 voter words, 1 party phrases)"
"10.1111/1468-4446.70172","The Road to Nowhere: Being Rooted in a Region Does Little to Predict Support for Populist Parties or Opposition to Migration and Social Change","2026","the title is about voters or supporters: support for"
"10.1017/s147567652610111x","There is no such thing as ‘right-wing populism’: Reclaiming the emancipatory potential of populism in reactionary times","2026","no party word, name or family in the title; the abstract has 0 party phrase(s) and 1 voter word(s)"
"10.1080/01436597.2026.2646527","Towards a political anthropology of populism: historicality, relationality, modality","2026","no party word, name or family in the title; the abstract has 0 party phrase(s) and 3 voter word(s)"
"10.1080/10361146.2025.2561592","Transnational publics of the populist radical right: patterns of topic convergence across Europe and the United States","2026","the title is about voters or supporters: publics"
"10.1080/14616688.2026.2702460","Uneasy bedfellows: overtourism and right-wing populism","2026","no party word, name or family in the title; the abstract has 0 party phrase(s) and 0 voter word(s)"
"10.1111/nana.70021","Unpacking Populist Secessionism: Elite Discourse and Mass Attitudes in Republika Srpska, Bosnia and Herzegovina","2026","the title is about voters or supporters: attitudes"
"10.1080/13569775.2025.2573484","Urban jungle, radical roar: sprawl, economic decline and the success of populist radical right in metropolitan Spain","2026","a party family in the title, but the abstract speaks mostly of voters (4 voter words, 1 party phrases)"
"10.1017/s1755773926100678","Voting for populism? How ‘populist’ labels affect support for candidates","2026","the title is about voters or supporters: support for, voting"
"10.1177/00016993241311518","Voting green or right-wing populist: Ideological poles of a new cleavage?","2026","the title is about voters or supporters: voting"
"10.1017/nps.2025.10114","Weaponization of Memory. The Populist Mobilization of the Distant-Past in Romania","2026","no party word, name or family in the title; the abstract has 2 party phrase(s) and 2 voter word(s)"
"10.1080/09644016.2025.2553951","What explains the relationship between populist radical right attitudes and opposition to climate policy?: structural vs. ideological factors","2026","the title is about voters or supporters: attitudes"
"10.1080/1369183x.2026.2725414","What is migration populism? Concept development and the Italian case","2026","no party word, name or family in the title; the abstract has 1 party phrase(s) and 0 voter word(s)"
"10.1177/20531680261434109","What is populism good for? An experimental test of mobilization effects","2026","no party word, name or family in the title; the abstract has 4 party phrase(s) and 12 voter word(s)"
"10.17645/pag.11828","When Populists Win but Are Excluded From Power: Explaining Post‐Electoral Dynamics of Democratic Satisfaction","2026","no party word, name or family in the title; the abstract has 1 party phrase(s) and 5 voter word(s)"
"10.1080/14650045.2025.2485209","When Trade Hits Home: Distributional Effects of Trade and Populist Voting Across Space","2026","the title is about voters or supporters: voting"
"10.1017/s1744133126100425","Why do health crises matter for populism?","2026","no party word, name or family in the title; the abstract has 1 party phrase(s) and 1 voter word(s)"
"10.1111/1468-4446.70032","Why Do High‐Income Democrats Support Redistribution? The Roles of Partisanship, Racial Attitudes and Fiscal Populism","2026","the title is about voters or supporters: attitudes"
"10.1353/jod.2026.a977943","Why Populists Hollow Out Their States","2026","no party word, name or family in the title; the abstract has 0 party phrase(s) and 0 voter word(s)"
"10.1177/14789299261419388","Youth and Populism: A Scoping Review","2026","no party word, name or family in the title; the abstract has 1 party phrase(s) and 3 voter word(s)"
"10.55476/001c.155051","“How Can We Abandon Them?” The Legacy of Pope Francis on Right-Wing Populism","2026","no party word, name or family in the title; the abstract has 1 party phrase(s) and 0 voter word(s)"
"10.3389/fpos.2026.1858785","“True Americans” at the ballot box: ascriptive republicanism, Christian nationalism, and the populist right in 2024","2026","a party family in the title, but the abstract speaks mostly of voters (5 voter words, 2 party phrases)"
"10.1177/00207152241249964","A virtuous cycle? Migrant integration policies, attitudes toward immigration, and populist radical right voting in Europe","2025","the title is about voters or supporters: attitudes, voting"
"10.1353/scr.2025.a961453","An Anatomy of Populism: The Alternative for Germany Party and Its Voters","2025","the title is about voters or supporters: voters"
"10.1080/15205436.2024.2349909","An Unholy Alliance? The Influence of Negative Emotions Elicited by Media Reports on the Persuasiveness of Populist Communication","2025","no party word, name or family in the title; the abstract has 2 party phrase(s) and 7 voter word(s)"
"10.3389/fpos.2025.1605460","Anti-establishment versus authoritarian populists and support for the strong(wo)man","2025","the title is about voters or supporters: support for"
"10.1093/sp/jxae016","Anti-Gender Politics, Economic Insecurity, and Right-Wing Populism: The Rise of Modern Sexism among Young Men in South Korea","2025","no party word, name or family in the title; the abstract has 0 party phrase(s) and 2 voter word(s)"
"10.1111/imig.13356","Are Estonians the true Finns? Homeland and residence country perspectives on support for the populist radical right","2025","the title is about voters or supporters: support for"
"10.1111/1475-6765.12668","Are right‐wing populists more likely to justify political violence?","2025","a party family in the title, but the abstract speaks mostly of voters (8 voter words, 0 party phrases)"
"10.1111/ajps.12865","Austerity, economic vulnerability, and populism","2025","no party word, name or family in the title; the abstract has 2 party phrase(s) and 4 voter word(s)"
"10.1080/13510347.2024.2381686","Blood gambit: how autocratizing populists fuel ethnic conflict to reverse election setbacks – evidence from Turkey and Israel","2025","no party word, name or family in the title; the abstract has 1 party phrase(s) and 0 voter word(s)"
"10.17645/pag.9079","Character, Gender, and Populism: How Female Populist Voters Judge the Character of Political Leaders","2025","the title is about voters or supporters: voters"
"10.1017/psrm.2024.19","Civic associations, populism, and (un-)civic behavior: evidence from Germany","2025","no party word, name or family in the title; the abstract has 2 party phrase(s) and 2 voter word(s)"
"10.1080/09644008.2023.2251118","Civic Education and Democratic Identity in Contemporary Germany: Pedagogical Principles and Didactic Challenges in Times of Right-Wing Populism","2025","no party word, name or family in the title; the abstract has 0 party phrase(s) and 0 voter word(s)"
"10.1016/j.erss.2025.104034","Climate obstruction at work: Right-wing populism and the German heating law","2025","no party word, name or family in the title; the abstract has 1 party phrase(s) and 1 voter word(s)"
"10.1080/09644016.2025.2591469","Climate populism: the limits of the ideational and discursive approaches","2025","no party word, name or family in the title; the abstract has 1 party phrase(s) and 0 voter word(s)"
"10.1080/10286632.2025.2477478","Cultural policies of populist governments in central and Eastern Europe: a comparative review","2025","no party word, name or family in the title; the abstract has 1 party phrase(s) and 0 voter word(s)"
"10.5964/jspp.14989","Cultural threats versus economic insecurities: A role-playing experiment on supporting populist radical discourses","2025","no party word, name or family in the title; the abstract has 4 party phrase(s) and 17 voter word(s)"
"10.3389/fpos.2025.1558670","Deescalating distrust: a deliberative approach to communicating with right-wing populists and supporters","2025","the title is about voters or supporters: supporters"
"10.1177/13540688241280189","Different shades of leadership: A comparative assessment of leaders’ traits in explaining the vote for populist radical right parties","2025","the title is about voters or supporters: vote"
"10.1080/00343404.2025.2587811","Discontent in ‘left-behind places’? How perception of space and local political climate matter for the success of right-wing populism in rural areas of Germany","2025","no party word, name or family in the title; the abstract has 1 party phrase(s) and 1 voter word(s)"
"10.1057/s41295-025-00410-1","Do they have no other choice? The mediation effect of liberal party landscapes on electoral support for right-wing populists among conservatives","2025","the title is about voters or supporters: electoral support"
"10.1080/00344893.2025.2501680","Does it Matter if You’re Left or Right? Studying Left- and Right-Wing Populist Citizens’ Support for Deliberative Mini-Publics","2025","the title is about voters or supporters: publics, support for"
"10.1016/j.jdeveco.2024.103412","Economic shocks, gender, and populism: Evidence from Brazil","2025","no party word, name or family in the title; the abstract has 0 party phrase(s) and 7 voter word(s)"
"10.1111/ajps.12852","Emigration and radical right populism","2025","a party family in the title, but the abstract speaks mostly of voters (6 voter words, 2 party phrases)"
"10.1080/14782804.2025.2491400","Evolving populist rhetoric: how public approval shapes its employment","2025","no party word, name or family in the title; the abstract has 2 party phrase(s) and 3 voter word(s)"
"10.1007/s11135-025-02064-3","Exploring the predictors of the populist vote using random forests","2025","the title is about voters or supporters: vote"
"10.1080/07256868.2025.2626275","Facing the Hydra Head of Populism: Media Publics, Emotions and the Politics of Normalisation","2025","the title is about voters or supporters: publics"
"10.1080/21567689.2025.2493095","Family-oriented discourse and policymaking in right-wing populist governments: a comparative study of Türkiye and Poland","2025","no party word, name or family in the title; the abstract has 0 party phrase(s) and 0 voter word(s)"
"10.1016/j.frl.2025.106906","Financial market reaction to the end of the right-wing populist government: The case of Poland","2025","no party word, name or family in the title; the abstract has 1 party phrase(s) and 1 voter word(s)"
"10.1080/13501763.2024.2314248","Fiscal implications of the populist radical right in power","2025","a party family in the title, but the abstract speaks mostly of voters (3 voter words, 1 party phrases)"
"10.1017/s0007123425100859","From the Factory Floor to the Ballot Box: Firm-Based Origins of Brazil’s Populist Right","2025","a party family in the title, but the abstract speaks mostly of voters (6 voter words, 0 party phrases)"
"10.1017/s1755773924000237","Generation Z: pessimistic and populist? A conjoint experiment on the determinants of populist voting in Spain","2025","the title is about voters or supporters: voting"
"10.1111/ecpo.70002","Geography of Discontent in Türkiye: Populism, Autocracy, and Voting Behavior in General Elections of 2007–2023","2025","the title is about voters or supporters: voting"
"10.1177/10659129251341811","Globalization, Ideological Incongruence, and Support for Populist Parties: An Interactive Analysis of European Countries","2025","the title is about voters or supporters: support for"
"10.1038/s41558-025-02384-0","Green backlash and right-wing populism","2025","no party word, name or family in the title; the abstract has 0 party phrase(s) and 0 voter word(s)"
"10.1332/25151088y2025d000000074","Hegemonic masculinity as populist strategy: unveiling Spain’s radical-right gender gap","2025","a party family in the title, but the abstract speaks mostly of voters (5 voter words, 2 party phrases)"
"10.1016/j.polgeo.2024.103261","How and why does demographic decline lead to support for populist parties? The case of the Czech Republic","2025","the title is about voters or supporters: support for"
"10.1177/00323217241254711","How Attitudes on Gender Identity, Sexuality, and Core Populist Radical Right Values Combine in Diverging Ideological Constellations Among Populist Radical Right-Inclined Voters","2025","the title is about voters or supporters: attitudes, voters"
"10.1080/13510347.2025.2494246","How democratic backsliding and populism affect trust in democratic institutions","2025","no party word, name or family in the title; the abstract has 2 party phrase(s) and 5 voter word(s)"
"10.1177/02633957251360109","How populist are ethnic minorities? Populist attitudes and voting for populist parties in the Netherlands","2025","the title is about voters or supporters: attitudes, voting"
"10.1080/01596306.2025.2599740","Inclusive critical pedagogy: reclaiming democratic education amid neoliberal and populist hegemonies","2025","no party word, name or family in the title; the abstract has 1 party phrase(s) and 0 voter word(s)"
"10.3390/socsci14110665","Infected Politics in the Pandemic: How Medical Populism Shapes Politics on Two Continents","2025","no party word, name or family in the title; the abstract has 1 party phrase(s) and 1 voter word(s)"
"10.1177/00027642241240359","Influencing People’s Populist Attitudes With Rhetoric and Emotions: An Online Experiment in the United States","2025","the title is about voters or supporters: attitudes"
"10.1080/13629395.2023.2252155","Introducing the comparative study of electoral systems in Tunisia: populist attitudes, political preferences, and voting behavior","2025","the title is about voters or supporters: attitudes, voting"
"10.51480/1899-5101.17.4(38).683","Journalism and Populism: The Attitudes Editors-in-chief Have Towards Populist Rhetoric Vary Depending on the Audience Structure of the Publications They Oversee","2025","the title is about voters or supporters: attitudes, audience"
"10.1111/nana.13067","Lay narratives of nationhood: Time, place and emotion in the talk of populist radical right‐wing supporters in Finland","2025","the title is about voters or supporters: supporters"
"10.1080/17449642.2025.2457916","Learning to engage with the »other«? – postfoundational perspectives on affects and emotions in argumentation trainings against right-wing populism","2025","no party word, name or family in the title; the abstract has 0 party phrase(s) and 0 voter word(s)"
"10.1111/1475-6765.12710","Let's talk populist? A survey experiment on effects of (non-) populist discourse on vote choice","2025","the title is about voters or supporters: vote"
"10.1177/00027642241240334","Life Dissatisfaction and the Right-Wing Populist Vote: Evidence from the European Social Survey","2025","the title is about voters or supporters: vote"
"10.1016/j.econlet.2025.112360","Local decline and populism","2025","no party word, name or family in the title; the abstract has 4 party phrase(s) and 7 voter word(s)"
"10.1017/gov.2025.10","Losers’ Dissent: How Election Results Shape Populists’ Satisfaction with Democracy","2025","no party word, name or family in the title; the abstract has 1 party phrase(s) and 3 voter word(s)"
"10.1080/07256868.2025.2481368","Masculinities, Citizenship and Right-Wing Populism in Australia","2025","no party word, name or family in the title; the abstract has 0 party phrase(s) and 0 voter word(s)"
"10.1080/00213624.2025.2575146","Neoliberalism and Right-Wing Populism–A Love Story","2025","no party word, name or family in the title; the abstract has 0 party phrase(s) and 1 voter word(s)"
"10.1111/1475-6765.12738","Nostalgic deprivation and populism: Evidence from 19 European countries","2025","no party word, name or family in the title; the abstract has 2 party phrase(s) and 7 voter word(s)"
"10.1111/sjop.13068","Not exactly twins: Authoritarians and populists differ in their attitudes toward trust in government, elitism, pluralism, political identification, and identity fusion","2025","the title is about voters or supporters: attitudes"
"10.1080/07256868.2024.2359976","Our Culture Is Best! Populist Engagement with Culture in the Construction of the Populist Myth","2025","no party word, name or family in the title; the abstract has 1 party phrase(s) and 0 voter word(s)"
"10.2298/soc2504568m","Political sexism and populism in Serbia: The role of individual authoritarianism","2025","no party word, name or family in the title; the abstract has 2 party phrase(s) and 11 voter word(s)"
"10.1111/bjop.12791","Popcorn politics: Entertainment appraisals predict support for populist leaders","2025","the title is about voters or supporters: support for"
"10.1075/jlp.23193.ram","Populism and contingency: Assessing the ideological flexibility of populism through Sorel’s Theory of Myth","2025","no party word, name or family in the title; the abstract has 0 party phrase(s) and 0 voter word(s)"
"10.1111/gove.70045","Populism and Trust in the Public Service in Canada","2025","no party word, name or family in the title; the abstract has 2 party phrase(s) and 4 voter word(s)"
"10.1057/s41295-025-00407-w","Populism and voters’ projection bias in party ideology estimation","2025","the title is about voters or supporters: voters"
"10.1093/psquar/qqaf120","Populism, Partisanship, and Protection: Elite Rhetoric and U.S. Public Opinion on NATO","2025","the title is about voters or supporters: public opinion"
"10.1177/02633957221104726","Populism, public opinion, and the mainstreaming of the far right: The ‘immigration issue’ and the construction of a reactionary ‘people’","2025","the title is about voters or supporters: public opinion"
"10.1177/00027642241240343","Populist Appeals, Emotions, and Political Mobilization","2025","no party word, name or family in the title; the abstract has 4 party phrase(s) and 5 voter word(s)"
"10.1080/23745118.2024.2387764","Populist attitudes and vote for the radical right. A comparative analysis of five West European countries","2025","the title is about voters or supporters: attitudes, vote"
"10.1111/asap.70032","Populist attitudes of Democrats and Republicans are differentially affected by changes in electoral fairness and democratic satisfaction","2025","the title is about voters or supporters: attitudes"
"10.1080/07256868.2025.2565764","Populist Communication in the Digital Age: A Case Study of André Ventura’s Facebook Presence","2025","no party word, name or family in the title; the abstract has 0 party phrase(s) and 1 voter word(s)"
"10.1057/s41599-025-05976-5","Populist narrative power in a globalised infosphere: a cross-language analysis","2025","no party word, name or family in the title; the abstract has 1 party phrase(s) and 0 voter word(s)"
"10.17645/mac.10614","Populist Political Communication on Instagram in the 2024 European Elections","2025","no party word, name or family in the title; the abstract has 2 party phrase(s) and 2 voter word(s)"
"10.1080/15205436.2024.2310156","Populist Radical-Right Attitudes, Political Involvement and Selective Information Consumption: Who Tunes Out and Who Prefers Attitude-Consonant Information","2025","the title is about voters or supporters: attitudes"
"10.1080/07036337.2025.2573277","Positions on populism in the European Parliament","2025","no party word, name or family in the title; the abstract has 1 party phrase(s) and 0 voter word(s)"
"10.1080/01436597.2025.2597393","Post-truth populism as an emerging electoral strategy: the case of Turkey’s 2023 elections","2025","no party word, name or family in the title; the abstract has 2 party phrase(s) and 2 voter word(s)"
"10.1093/ser/mwae034","Producerist populist attitudes and electoral support for populism in the USA and Western Europe","2025","the title is about voters or supporters: attitudes, electoral support"
"10.1007/s11205-025-03602-0","Quality of Life and Populist Radical Right Attitudes: Evidence from Italy","2025","the title is about voters or supporters: attitudes"
"10.1093/esr/jcae051","Radical right populism and the media: evidence from the supply side and demand side of political information in Germany","2025","the title is about voters or supporters: demand side"
"10.1177/00027642241240418","Rally Around the Government or a Populist Response? How Concerns About COVID-19 and Emotional Responses Relate to Institutional Trust and Support for Right-Wing Populism","2025","the title is about voters or supporters: support for"
"10.1163/18763375-20251449","Reinventing the Right in Morocco: Right-Wing Populist Discourses and Sentiments in Moroccan Online Spaces","2025","no party word, name or family in the title; the abstract has 0 party phrase(s) and 0 voter word(s)"
"10.1136/bmj.r2309","Responding to right wing populism ’ s climate harm","2025","no party word, name or family in the title; the abstract has 1 party phrase(s) and 0 voter word(s)"
"10.1093/ccc/tcaf030","Review of Free to Hate: How Media Liberalization Enabled Right-wing Populism in Post-1989 Bulgaria Martin Marinos","2025","no party word, name or family in the title; the abstract has 0 party phrase(s) and 0 voter word(s)"
"10.29311/mas.v23i2.4526","Right-Wing Populism and Museums: Findings from an Interview Study in the UK, Poland and Germany","2025","no party word, name or family in the title; the abstract has 0 party phrase(s) and 0 voter word(s)"
"10.1080/07352166.2023.2200950","Right-wing populism and urban planning","2025","no party word, name or family in the title; the abstract has 1 party phrase(s) and 0 voter word(s)"
"10.1163/15691497-12341700","Right-Wing Populism, Elections and Migration Dynamics in the US","2025","no party word, name or family in the title; the abstract has 0 party phrase(s) and 0 voter word(s)"
"10.1163/15691497-12341701","Right-Wing Populism: Morbid Symptoms of Global Capitalism","2025","no party word, name or family in the title; the abstract has 0 party phrase(s) and 1 voter word(s)"
"10.1177/02633957221125450","Right-wing populist parties and their appeal to pro-redistribution voters","2025","the title is about voters or supporters: voters"
"10.1086/737289","Right-Wing Populist Re-Politicization and the “Hollowing Out” of the Neoliberal State","2025","no party word, name or family in the title; the abstract has 0 party phrase(s) and 1 voter word(s)"
"10.1080/17447143.2026.2632069","Selection bias and ideological slant in DA approaches to populism","2025","no party word, name or family in the title; the abstract has 0 party phrase(s) and 0 voter word(s)"
"10.1177/00178969241303844","Sexuality education, populism, and the promise of critical health education studies","2025","no party word, name or family in the title; the abstract has 0 party phrase(s) and 0 voter word(s)"
"10.1093/9780198953104.001.0001","Social Identity and Working Class Support for the Populist Radical Right: From Economic and Political Distress to Cultural Grievances","2025","the title is about voters or supporters: support for"
"10.1177/00027642241240717","Submission or Rebellion? Disentangling the Relationships of Anxiety, Attitudes Toward Authorities, and Right-Wing Populist Party Support","2025","the title is about voters or supporters: attitudes"
"10.3389/fpos.2025.1640976","Swimming against the populist tide: lessons from Central and Eastern Europe","2025","no party word, name or family in the title; the abstract has 1 party phrase(s) and 0 voter word(s)"
"10.1111/jcms.70073","Technocracy, Supranationalism and Right‐Wing Populism: The Variegated Sheltering of Western Assets in East Central European Countries","2025","no party word, name or family in the title; the abstract has 0 party phrase(s) and 2 voter word(s)"
"10.1177/00104140241302753","Territorial Loss and Nationalist Populism","2025","no party word, name or family in the title; the abstract has 4 party phrase(s) and 8 voter word(s)"
"10.1257/pol.20230615","Terrorism and Voting: The Rise of Right-Wing Populism in Germany","2025","the title is about voters or supporters: voting"
"10.1080/01402382.2024.2340373","The (unintended) consequences of ineffective corruption control on populism in Europe","2025","no party word, name or family in the title; the abstract has 5 party phrase(s) and 5 voter word(s)"
"10.17645/pag.9206","The Ball That Failed to Curve: The 2023 “Populist Polarizing” Referendum in Poland","2025","no party word, name or family in the title; the abstract has 2 party phrase(s) and 3 voter word(s)"
"10.1086/732985","The Cultural Origins of Populism","2025","no party word, name or family in the title; the abstract has 1 party phrase(s) and 2 voter word(s)"
"10.1177/10659129241289135","The Disparate Correlates of Populist Support in the United States","2025","no party word, name or family in the title; the abstract has 1 party phrase(s) and 4 voter word(s)"
"10.1111/bjso.12809","The effect of apparent Police power at demonstrations against right‐wing populism on Protestors' resistance using a virtual reality experiment","2025","no party word, name or family in the title; the abstract has 0 party phrase(s) and 1 voter word(s)"
"10.1177/08883254251335941","The Gender Gap in the Populist Vote: The Bulgarian and Hungarian Cases","2025","the title is about voters or supporters: vote"
"10.1007/978-3-031-77868-1","The Palgrave Handbook on Right-Wing Populism and Otherness in Global Perspective","2025","no party word, name or family in the title; the abstract has 0 party phrase(s) and 0 voter word(s)"
"10.1080/23745118.2025.2462942","The politics of ‘place’: community and individual economic perceptions in anti-system and right populist views in France","2025","no party word, name or family in the title; the abstract has 2 party phrase(s) and 10 voter word(s)"
"10.1111/1467-923x.13500","The Populist Playbook: Why Identity Trumps Policy and How Democrats Can Adapt","2025","no party word, name or family in the title; the abstract has 0 party phrase(s) and 2 voter word(s)"
"10.1332/25151088y2025d000000101","The populist radical right, the gender gap and protective masculinity across European countries","2025","a party family in the title, but the abstract speaks mostly of voters (8 voter words, 1 party phrases)"
"10.22456/2238-6912.141443","THE RISE OF RIGHT-WING POPULISM IN THE EUROPEAN UNION: CAUSES AND CONSEQUENCES","2025","no party word, name or family in the title; the abstract has 1 party phrase(s) and 0 voter word(s)"
"10.51480/1899-5101.18.2(40).802","The Role of (Social) Media News in Shaping Romanian Voters’ Support for Populist versus Mainstream Parties","2025","the title is about voters or supporters: support for, voters"
"10.1177/00027642241240338","The Role of Misrecognition in Driving Support for Right-Wing Populism","2025","the title is about voters or supporters: support for"
"10.1177/01461672251386487","The Role of Uncertainty Mindsets in Shaping Diversity Attitudes and Their Downstream Effects on Commitment to Societal Change and Right-Wing Populist Voting","2025","the title is about voters or supporters: attitudes, voting"
"10.1177/23210230251324758","The Roots of a Populist Regime: Examining the Trinamool Congress in West Bengal","2025","no party word, name or family in the title; the abstract has 2 party phrase(s) and 2 voter word(s)"
"10.1057/s41304-025-00524-w","The uncertain impact of Populist Radical Right Parties’ electoral success on public opinion","2025","the title is about voters or supporters: public opinion"
"10.1177/09697764231210800","The urban roots of populism: Mapping and explaining populist strongholds within major Italian cities (2013–2022)","2025","no party word, name or family in the title; the abstract has 2 party phrase(s) and 5 voter word(s)"
"10.1093/epolic/eiaf001","The vicious circle of xenophobia: immigration and right wing populism","2025","no party word, name or family in the title; the abstract has 0 party phrase(s) and 3 voter word(s)"
"10.1177/10659129251318314","The “Return” of the People? Understanding Populism by Exploring Citizens’ Conceptions of Peoplehood in Western Europe","2025","no party word, name or family in the title; the abstract has 1 party phrase(s) and 7 voter word(s)"
"10.1525/collabra.136360","Through Thick and Thin: Concept and Scale Development of Left-Wing and Right-Wing Populist Attitudes","2025","the title is about voters or supporters: attitudes"
"10.1057/s41599-025-04700-7","To bond or bridge: how do populist attitudes intensify the effect of online social capital on political engagement?","2025","the title is about voters or supporters: attitudes"
"10.1162/ecps_a_00015","Toward a cultural repertoire of populism in Denmark: Nostalgia and disengagement","2025","no party word, name or family in the title; the abstract has 1 party phrase(s) and 1 voter word(s)"
"10.1080/19448953.2024.2414168","Turkish Foreign Policy in the Nexus Between Securitization and Populism","2025","no party word, name or family in the title; the abstract has 1 party phrase(s) and 0 voter word(s)"
"10.1332/20498608y2024d000000048","Unlearning nationalised social work in times of rising right-wing populism","2025","no party word, name or family in the title; the abstract has 0 party phrase(s) and 0 voter word(s)"
"10.1016/j.esr.2025.101844","Unpacking local energy conflicts: Drivers, narratives, and dynamics of right-wing populism and local resistance to energy transitions in Germany","2025","no party word, name or family in the title; the abstract has 1 party phrase(s) and 0 voter word(s)"
"10.1177/14687968251393822","Unravelling a new romance: Why emigrants support radical right populists","2025","a party family in the title, but the abstract speaks mostly of voters (8 voter words, 3 party phrases)"
"10.1080/01436597.2025.2533386","Variations in right-wing populism: a comparative study of Türkiye and Brazil","2025","no party word, name or family in the title; the abstract has 1 party phrase(s) and 1 voter word(s)"
"10.1002/cep4.70017","Victimhood as a Legitimation Strategy of Populism in Power: The Case of Poland","2025","no party word, name or family in the title; the abstract has 0 party phrase(s) and 0 voter word(s)"
"10.1080/13698230.2025.2524980","Voters’ moral burdens, political equality, and resistance to far-right populism","2025","the title is about voters or supporters: voters"
"10.1177/10776990241284579","When Articulating Populist Dichotomies Is Paramount: Exploring the Effects of Explicit and Implicit Populist Styles on User Engagement in Turkish Election Tweets","2025","no party word, name or family in the title; the abstract has 1 party phrase(s) and 0 voter word(s)"
"10.1177/00323217241310083","Which Values Distinguish Supporters of Radical Right Populist Parties From Their Rivals? Political Authoritarianism As a Key Ideological Feature","2025","the title is about voters or supporters: supporters"
"10.1017/s1537592724002858","Who Is Left Behind? Economic Status Loss and Populist Radical Right Voting","2025","the title is about voters or supporters: voting"
"10.1177/00323217241263295","Why Voters Prefer Politicians With Particular Personal Attributes: The Role of Voter Demand for Populists","2025","the title is about voters or supporters: demand for, voter, voters"
"10.1162/euso_a_00023","Winning is the only thing: election outcomes, satisfaction with democracy and political trust among populist voters in Europe","2025","the title is about voters or supporters: voters"
"10.1017/s0007123425000201","Winning Votes and Changing Minds: Do Populist Arguments Affect Candidate Evaluations and Issue Preferences?","2025","the title is about voters or supporters: votes"
"10.1515/culture-2025-0078","“A Good Bandit is a Dead Bandit”: Memetic Violence and AI on the Latin American Right-Wing Populism","2025","no party word, name or family in the title; the abstract has 1 party phrase(s) and 1 voter word(s)"
"10.5325/goodsociety.32.1-2.0116","“DOUBLE ALIENATION” AND DEMOCRATIC REGRESSION: The democratic regression: The political causes of authoritarian populism . Armin Schäfer and Michael Zürn, Polity Press, 2024","2025","no party word, name or family in the title; the abstract has 4 party phrase(s) and 15 voter word(s)"
"10.1080/00043389.2026.2647605","“They Will Do Anything for These Votes”: Reading the ANC Populist Performances of Ordinariness in the 2024 Electoral Campaign","2025","the title is about voters or supporters: votes"
"10.1080/23745118.2023.2261189","A populist turn in the European left. What is new, and what is not?","2024","no party word, name or family in the title; the abstract has 1 party phrase(s) and 0 voter word(s)"
"10.1386/cjcs_00101_1","A tale of multiple crises: Populist and non-populist narratives in European institutions from the Great Recession to the 2024 European elections","2024","no party word, name or family in the title; the abstract has 1 party phrase(s) and 0 voter word(s)"
"10.1016/j.polgeo.2024.103153","An urban political ecology of populism","2024","no party word, name or family in the title; the abstract has 0 party phrase(s) and 0 voter word(s)"
"10.3389/fpos.2024.1401601","Angry men and angry women: gender, system-directed anger and populist radical right voting in Belgium","2024","the title is about voters or supporters: voting"
"10.1080/13608746.2024.2416342","Are sexist and populist attitudes connected? Positive evidence from the least-likely-case of Spain","2024","the title is about voters or supporters: attitudes"
"10.1515/commun-2022-0050","Attention capital in populist network communication: When the free labour of citizens maintains the spiral of attention","2024","no party word, name or family in the title; the abstract has 2 party phrase(s) and 2 voter word(s)"
"10.4324/9781003390152","Authoritarian Populism and the Challenges for News Journalism: A Discourse Approach","2024","no party word, name or family in the title; the abstract has 0 party phrase(s) and 1 voter word(s)"
"10.3389/fpos.2024.1415403","Beyond negativity? A laboratory study on emotional responses to populist strategies on social media","2024","no party word, name or family in the title; the abstract has 2 party phrase(s) and 2 voter word(s)"
"10.1177/01914537231211025","Bringing gender and religion in: Right-wing networks and “Populism and Civil Society”","2024","no party word, name or family in the title; the abstract has 0 party phrase(s) and 0 voter word(s)"
"10.1111/1467-9477.12263","Can a change in the leadership of a populist radical right party be traced among voters? The case of the Finns Party","2024","the title is about voters or supporters: voters"
"10.17645/pag.9271","Challenging Democracy: Understanding How the Ideas of Populists and Disenchanted Citizens Align","2024","no party word, name or family in the title; the abstract has 3 party phrase(s) and 6 voter word(s)"
"10.1017/s0022216x24000282","Chilean-Style Populism: Carlos Ibáñez's Electoral Support Base","2024","the title is about voters or supporters: electoral support"
"10.1080/14782804.2024.2341032","Civil society and populism in Europe: outbreak or cure?","2024","no party word, name or family in the title; the abstract has 1 party phrase(s) and 0 voter word(s)"
"10.4316/cc.2024.01.04","Conspiracy and Populist Narratives in Romanian-Language Contexts: Romania and the Republic of Moldova","2024","no party word, name or family in the title; the abstract has 0 party phrase(s) and 0 voter word(s)"
"10.1080/13569775.2023.2297507","Cue-taking, populist attitudes, and support for holding a referendum: evidence from survey experiments","2024","the title is about voters or supporters: attitudes, support for"
"10.1163/1569206x-20242360","Democratic Autocracy: a Populist Update to Fascism under Neoliberal Conditions","2024","no party word, name or family in the title; the abstract has 1 party phrase(s) and 0 voter word(s)"
"10.1007/s10978-024-09405-5","Democratic Constitutionalism Against the Paradoxes of Neoliberal, Populist, and Post-Socialist Entanglements","2024","no party word, name or family in the title; the abstract has 1 party phrase(s) and 0 voter word(s)"
"10.1093/socpro/spac060","Destroying Democracy for the People: The Economic, Social, and Political Consequences of Populist Rule, 1990 to 2017","2024","no party word, name or family in the title; the abstract has 1 party phrase(s) and 0 voter word(s)"
"10.1177/20578911231180080","Determinants of populist voting in Pakistan: An analysis of PTI first-win constituencies in the 2018 general elections","2024","the title is about voters or supporters: voting"
"10.17645/pag.8579","Different Perspectives on Democracy as an Explanation for the “Populist Radical Right Gender Gap”?","2024","a party family in the title, but the abstract speaks mostly of voters (8 voter words, 3 party phrases)"
"10.1163/25888072-bja10064","Do Different Types of Right-Wing Populism Reflect Different Types of Right-Wing Populist Voter Bases?","2024","the title is about voters or supporters: voter"
"10.1515/commun-2022-0024","Does credibility become trivial when the message is right? Populist radical-right attitudes, perceived message credibility, and the spread of disinformation","2024","the title is about voters or supporters: attitudes"
"10.1024/2673-8627/a000053","Does Health Vulnerability Predict Voting for Right-Wing Populist Parties in Europe?: Yes and No, Depending on the Covariates","2024","the title is about voters or supporters: voting"
"10.1080/15487733.2024.2351231","Ecology for the rich? Class aspects of the green transition and the threat of right-wing populism as a reaction to its costs in Poland","2024","no party word, name or family in the title; the abstract has 1 party phrase(s) and 2 voter word(s)"
"10.1007/s11109-023-09877-8","Economic Self-Interest or Cultural Threat? Migrant Unemployment and Class-based Support for Populist Radical Right Parties in Europe","2024","the title is about voters or supporters: support for"
"10.1177/00323217231173399","Electoral Competition between Social Democracy and the Populist Radical Right: How Welfare Regimes Shape Electoral Outcomes","2024","a party family in the title, but the abstract speaks mostly of voters (7 voter words, 7 party phrases)"
"10.1177/10659129241263585","Electoral Innovation and the Alaska System: Partisanship and Populism Are Associated With Support for Top-4/Ranked-Choice Voting Rules","2024","the title is about voters or supporters: support for, voting"
"10.1177/0094582x241297512","Emancipatory Rural Politics in Latin America 2010-2020: Alliance-Building, Right-Wing Populisms and Political Transitions","2024","no party word, name or family in the title; the abstract has 0 party phrase(s) and 0 voter word(s)"
"10.3390/socsci13040205","Europeanization as Pragmatic Politics: Italy’s Civil Society Actors Operating in the Face of Right-Wing Populism","2024","no party word, name or family in the title; the abstract has 0 party phrase(s) and 0 voter word(s)"
"10.1007/s11109-023-09887-6","Explaining the Surge of the Populist Radical Right: A Time-Series Analysis of the Effects of Immigration and the Economy in Norway","2024","a party family in the title, but the abstract speaks mostly of voters (3 voter words, 3 party phrases)"
"10.1177/00104140231193013","Fairness and Support for Populist Parties","2024","the title is about voters or supporters: support for"
"10.1080/13501763.2023.2278647","Falling behind whom? Economic geographies of right-wing populism in Europe","2024","no party word, name or family in the title; the abstract has 1 party phrase(s) and 4 voter word(s)"
"10.1080/09668136.2022.2136624","Filling the Demand Gap: The Success of Centrist Entrepreneurial Populism in the Czech Republic","2024","no party word, name or family in the title; the abstract has 2 party phrase(s) and 3 voter word(s)"
"10.1177/09579265231191971","From criticism to conspiracies: The populist discourse of COVID-19 sceptics in Germany’s Querdenken community on Telegram","2024","no party word, name or family in the title; the abstract has 0 party phrase(s) and 0 voter word(s)"
"10.1093/ijpor/edae058","Genetic Essentialism Among Supporters of Populist Radical-Right Parties: Evidence From Sweden and Norway","2024","the title is about voters or supporters: supporters"
"10.1093/oso/9780197648995.001.0001","Global Islamophobia and the Rise of Populism","2024","no party word, name or family in the title; the abstract has 1 party phrase(s) and 0 voter word(s)"
"10.1017/s0007123424000085","How Local Context Affects Populist Radical Right Support: A Cross-National Investigation Into Mediated and Moderated Relationships","2024","a party family in the title, but the abstract speaks mostly of voters (7 voter words, 1 party phrases)"
"10.1080/00111619.2023.2244871","Ilja Leonard Pfeijffer’s Literary Resistance to Right-Wing Populist Discourse in Grand Hotel Europa (2018)","2024","no party word, name or family in the title; the abstract has 0 party phrase(s) and 0 voter word(s)"
"10.1016/j.electstud.2024.102853","Intertemporal evidence on the strategy of populism in the United States","2024","no party word, name or family in the title; the abstract has 1 party phrase(s) and 2 voter word(s)"
"10.1163/25888072-bja10069","Is Bündnis Sahra Wagenknecht A New Alternative for Populist Voters?","2024","the title is about voters or supporters: voters"
"10.1080/17457289.2023.2243587","Is there a populist personality? Populist attitudes, personality, and voter preference in Australian public opinion","2024","the title is about voters or supporters: attitudes, public opinion, voter"
"10.1080/23745118.2022.2150027","Lacking control – analysing the demand side of populist party support","2024","the title is about voters or supporters: demand side"
"10.1017/s1744552324000247","Legal mobilisation within the populist Supreme Court in Poland","2024","no party word, name or family in the title; the abstract has 1 party phrase(s) and 1 voter word(s)"
"10.1177/13684302231211291","Let the people’s will prevail: Self-uncertainty and authoritarianism predict support for populism","2024","the title is about voters or supporters: support for"
"10.1080/03623319.2020.1859816","Local existential threat, authoritarianism, and support for right-wing populism","2024","the title is about voters or supporters: support for"
"10.1016/j.ejpoleco.2024.102522","Logistic hubs and support for radical-right populism: Evidence from Italy","2024","the title is about voters or supporters: support for"
"10.1080/01436597.2024.2391808","Lula, the people’s guy: populism, liberal democracy and voting in Brazil","2024","the title is about voters or supporters: voting"
"10.1017/s175577392300022x","Mainstreaming the populist radical right? Online news exposure and voting behavior in the 2019 European Parliament election","2024","the title is about voters or supporters: voting"
"10.1002/jid.3927","Manipulating the masses? Right‐wing populist messages, political ideology, and public support for multilateral development aid in Germany, the United States, and the United Kingdom","2024","the title is about voters or supporters: support for"
"10.3389/fpos.2024.1401758","Mapping the populist mind: A network approach to integrate sociological and psychological models of the populist radical right","2024","a party family in the title, but the abstract speaks mostly of voters (7 voter words, 0 party phrases)"
"10.1017/slr.2024.530","Martin Marinos. Free to Hate: How Media Liberalization Enabled Right-Wing Populism in Post-1989 Bulgaria . The Geopolitics of Information. Urbana: University of Illinois Press, 2023. xii, 289 pp. Notes. Bibliography. Index. $28.00, paper.","2024","no party word, name or family in the title; the abstract has 0 party phrase(s) and 0 voter word(s)"
"10.1080/13569317.2022.2107253","Missionary populism against nativist populism: the debate between Olavo de Carvalho and Alexander Dugin","2024","no party word, name or family in the title; the abstract has 0 party phrase(s) and 0 voter word(s)"
"10.1002/ejsp.3021","Mobilization of shared victimhood in the radical right populist Finns Party supporters’ identity work: A narrative–discursive approach to populist support","2024","the title is about voters or supporters: supporters"
"10.1177/08883254231198879","Narrative(s) of Return and the Gendered Memory Politics of Post-1989 Transformation: Populist Familism, Catholic Fundamentalism, and Liberal Feminism in Poland","2024","no party word, name or family in the title; the abstract has 0 party phrase(s) and 0 voter word(s)"
"10.1002/casp.2897","Negotiating Prejudice and Equality: Analysing Gender and Sexuality Discourse Among Supporters of Populist Radical Right Message in Switzerland and Finland","2024","the title is about voters or supporters: supporters"
"10.1007/978-3-031-74979-7","Neoliberal Economic Policy and the Rise of Right-Wing Populism: Western Civilization at the Crossroads","2024","no party word, name or family in the title; the abstract has 0 party phrase(s) and 0 voter word(s)"
"10.1080/13563467.2023.2275017","On the links between climate scepticism and right-wing populism (RWP): an explanatory approach based on cultural political economy (CPE)","2024","no party word, name or family in the title; the abstract has 1 party phrase(s) and 0 voter word(s)"
"10.1080/07351690.2023.2296341","On the Psychodynamics of Right-Wing Populism: A Frommian Perspective","2024","no party word, name or family in the title; the abstract has 0 party phrase(s) and 0 voter word(s)"
"10.1177/00187267221129181","Organising populism: From symbolic power to symbolic violence","2024","no party word, name or family in the title; the abstract has 1 party phrase(s) and 1 voter word(s)"
"10.3389/fpos.2024.1390662","Our gloomy future and glorious past: societal discontent, national nostalgia and support for populist radical-right parties in the Netherlands","2024","the title is about voters or supporters: support for"
"10.1016/j.socscimed.2024.117304","Pandemic communication in times of populism: Politicization and the COVID communication process in Brazil, Poland, Serbia and the United States","2024","no party word, name or family in the title; the abstract has 1 party phrase(s) and 0 voter word(s)"
"10.1177/09589287241229304","Partisan preference divides regarding welfare chauvinism and welfare populism – Appealing only to radical right voters or beyond?","2024","the title is about voters or supporters: voters"
"10.1080/13608746.2024.2441555","Perceived victimhood in Italian politics: political ideology, populism, and economic grievance","2024","no party word, name or family in the title; the abstract has 1 party phrase(s) and 1 voter word(s)"
"10.1177/14789299231177285","Policy and Populism: Analysing Support for Die Linke","2024","the title is about voters or supporters: support for"
"10.1080/13530194.2022.2158064","Politics of hope and populist backlash: kurds in Turkey and Palestinians in Israel","2024","no party word, name or family in the title; the abstract has 1 party phrase(s) and 0 voter word(s)"
"10.1080/13629395.2023.2180604","Populism and crisis: Evidence from the periphery of Europe","2024","no party word, name or family in the title; the abstract has 1 party phrase(s) and 0 voter word(s)"
"10.1080/14782804.2023.2293778","Populism and social capital in structurally disadvantaged regions and the 2023 Czech presidential election: making democracy work again?","2024","no party word, name or family in the title; the abstract has 2 party phrase(s) and 3 voter word(s)"
"10.1111/1475-6765.12589","Populism in the eye of the beholder? A conjoint experiment on citizens’ identification of populists","2024","no party word, name or family in the title; the abstract has 4 party phrase(s) and 10 voter word(s)"
"10.1177/19485506231151759","Populism Predicts Sympathy for Attacks Against Asylum Seekers Through National Pride and Moral Justification of Political Violence","2024","no party word, name or family in the title; the abstract has 0 party phrase(s) and 0 voter word(s)"
"10.1093/ijpor/edae063","Populism Versus Science in Competitive Authoritarian Regimes","2024","no party word, name or family in the title; the abstract has 3 party phrase(s) and 4 voter word(s)"
"10.1057/s41293-023-00233-2","Populist attitudes among parliamentary candidates in Britain","2024","the title is about voters or supporters: attitudes"
"10.1007/s40803-024-00208-5","Populist Jurisprudence? Examining Selected Case Law of the Polish Constitutional Court After 2016","2024","no party word, name or family in the title; the abstract has 1 party phrase(s) and 0 voter word(s)"
"10.1017/gov.2023.10","Populist Memory Politics and the Performance of Victimhood: Analysing the Political Exploitation of Historical Injustice in Central Europe","2024","no party word, name or family in the title; the abstract has 0 party phrase(s) and 1 voter word(s)"
"10.1093/esr/jcad072","Populist partner: the influence of partner characteristics on populist radical right voting","2024","the title is about voters or supporters: voting"
"10.17645/pag.8420","Populist Party Responsiveness and Populist Party Voter Satisfaction With Democracy in Europe","2024","the title is about voters or supporters: voter"
"10.1111/1475-6765.12626","Populist radical right rhetoric increases discrimination towards minorities: Welfare ethnocentrism and anti‐Roma attitudes","2024","the title is about voters or supporters: attitudes"
"10.1080/1369118x.2023.2219724","Populist views of science: how social media, political affiliation, and Alt-Right support affect scientific attitudes in the United States","2024","the title is about voters or supporters: attitudes"
"10.1093/esr/jcad052","Precarity and populism: explaining populist outlook and populist voting in Europe through subjective financial and work-related insecurity","2024","the title is about voters or supporters: voting"
"10.1080/09644016.2023.2293433","Process skeptical populist framing of climate change in right-leaning media","2024","no party word, name or family in the title; the abstract has 0 party phrase(s) and 0 voter word(s)"
"10.1016/j.euroecorev.2024.104826","Refugee crisis and right-wing populism: Evidence from the Italian Dispersal Policy","2024","no party word, name or family in the title; the abstract has 2 party phrase(s) and 4 voter word(s)"
"10.1075/jlp.24081.wu","Review of Koller (2023): Voices of Supporters: Populist Parties, Social Media and the 2019 European Elections","2024","the title is about voters or supporters: supporters"
"10.1080/14683857.2024.2338502","Right-wing populism in Turkey and the 2023 elections","2024","no party word, name or family in the title; the abstract has 1 party phrase(s) and 0 voter word(s)"
"10.1111/1467-9477.12285","Rightwing populism and public opinion on the Covid‐19 pandemic in Sweden: The role of strategic party positioning and political cues","2024","the title is about voters or supporters: public opinion"
"10.1016/j.electstud.2024.102850","Spirited away: Access to alcohol and support for the populist radical right","2024","the title is about voters or supporters: support for"
"10.1371/journal.pone.0303133","Support for a right-wing populist party and subjective well-being: Experimental and survey evidence from Germany","2024","the title is about voters or supporters: support for"
"10.1111/nana.13015","Supporting and rejecting the populist radical right: Evidence from contemporary Chile","2024","a party family in the title, but the abstract speaks mostly of voters (6 voter words, 0 party phrases)"
"10.1017/psrm.2023.55","The (in)effectiveness of populist rhetoric: a conjoint experiment of campaign messaging","2024","no party word, name or family in the title; the abstract has 0 party phrase(s) and 2 voter word(s)"
"10.1080/14683857.2024.2315650","The 2023 Turkish election: a tale of two campaigns and the duel of populisms","2024","no party word, name or family in the title; the abstract has 0 party phrase(s) and 1 voter word(s)"
"10.1080/09644008.2022.2087871","The Alternative for Germany (AfD) as Populist Issue Entrepreneur: Explaining the Party and its Voters in the 2021 German Federal Election","2024","the title is about voters or supporters: voters"
"10.1057/s42214-023-00154-3","The antecedents of MNC political risk and uncertainty under right-wing populist governments","2024","no party word, name or family in the title; the abstract has 1 party phrase(s) and 0 voter word(s)"
"10.1080/14782804.2023.2288238","The anti-elitist strategy of political parties as a populist tool to (re)gain electoral support","2024","the title is about voters or supporters: electoral support"
"10.1080/1060586x.2024.2331925","The framing of politics in a Ukrainian comedy show: a populist appeal?","2024","no party word, name or family in the title; the abstract has 1 party phrase(s) and 0 voter word(s)"
"10.1177/23210230241289448","The Great Transition Towards Populism in Indian Politics: Populist Attitudes and Populist Radical Right (PRR) Voting in the 2019 Indian General Election","2024","the title is about voters or supporters: attitudes, voting"
"10.1017/gov.2023.32","The Impact of Government Participation on the Political Trust of Populist Party Supporters","2024","the title is about voters or supporters: supporters"
"10.1080/00380253.2023.2236662","The New Class and Right-Wing Populism: The Case of Wisconsin","2024","no party word, name or family in the title; the abstract has 0 party phrase(s) and 1 voter word(s)"
"10.4324/9780429199936","The Nordic Populist Radical Right: Voters, Ideology, and Political Interactions","2024","the title is about voters or supporters: voters"
"10.1080/13569775.2023.2269664","The ontological core of political radicalism. Exploring the role of antagonist, dogmatic, and populist beliefs in structuring radical ideologies","2024","no party word, name or family in the title; the abstract has 0 party phrase(s) and 5 voter word(s)"
"10.1590/1809-43412024v21e211002","The person in contemporary contexts of right-wing populism: an uncomfortable study","2024","no party word, name or family in the title; the abstract has 0 party phrase(s) and 0 voter word(s)"
"10.1080/17457289.2023.2189728","The personality is political (especially for populists)","2024","no party word, name or family in the title; the abstract has 3 party phrase(s) and 7 voter word(s)"
"10.17645/pag.8731","The Preferred Governing Actors of Populist Supporters: Survey Evidence From Eight European Countries","2024","the title is about voters or supporters: supporters"
"10.1017/gov.2023.28","The Relationship between Economic Populist Sovereignism, Globalization and Populist Radical Right Politics: Voter Attitudes in Western Europe and the United States","2024","the title is about voters or supporters: attitudes, voter"
"10.1080/17524032.2024.2326423","The Renewable Energy Transition and “the People” – Exploring the Intersections of Right-wing Populism and the Renewable Energy Transition in Portuguese Media Discourses","2024","no party word, name or family in the title; the abstract has 0 party phrase(s) and 0 voter word(s)"
"10.1080/00036846.2023.2277701","The rise of right-wing populism and voting power distribution in German state parliaments","2024","the title is about voters or supporters: voting"
"10.1111/gec3.12738","The rise of ‘infrastructural populism’: Urban infrastructure and right‐wing politics","2024","no party word, name or family in the title; the abstract has 0 party phrase(s) and 0 voter word(s)"
"10.1177/14651165241237136","The Russian threat and the consolidation of the West: How populism and EU-skepticism shape party support for Ukraine","2024","the title is about voters or supporters: support for"
"10.1017/gov.2022.11","The Social Bases of Populist Domination: Market Reforms and Popular Reactions in Latin America and Post-Communist Europe","2024","no party word, name or family in the title; the abstract has 2 party phrase(s) and 2 voter word(s)"
"10.1093/poq/nfae020","The Trump Effect? Right-Wing Populism and Distrust in Voting by Mail in Canada","2024","the title is about voters or supporters: voting"
"10.1080/21599165.2024.2387057","Thin but visible: the role of populist attitudes and their subdimensions in populist support within the 2021 Czech legislative election","2024","the title is about voters or supporters: attitudes"
"10.1057/s41295-024-00382-8","Thin or thick? Populist and radical right politics across European cities, suburbs, and countryside","2024","a party family in the title, but the abstract speaks mostly of voters (3 voter words, 0 party phrases)"
"10.1080/10481885.2024.2416648","Twinship’s Dark Doppelganger: Janus-Faced Belonging Under Right-Wing Populism","2024","no party word, name or family in the title; the abstract has 0 party phrase(s) and 0 voter word(s)"
"10.1086/730149","Unemployment, Immigration, and Populism","2024","no party word, name or family in the title; the abstract has 0 party phrase(s) and 3 voter word(s)"
"10.1177/20531680241228358","Using MI-LASSO to study populist radical right voting in times of pandemic","2024","the title is about voters or supporters: voting"
"10.1371/journal.pone.0305554","Voices from the margins: How national stories are linked with support for populist radical right parties","2024","the title is about voters or supporters: support for"
"10.1057/s41295-024-00378-4","Voices unheard: How feelings of inefficacy fuel populism","2024","no party word, name or family in the title; the abstract has 3 party phrase(s) and 8 voter word(s)"
"10.1080/17457289.2023.2253729","Voting against parties: populist attitudes, party supply, and support for non-partisan actors","2024","the title is about voters or supporters: attitudes, support for, voting"
"10.1177/23780231241234638","We Got Our Guy!: Populist Attitudes after Populists Gain Power","2024","the title is about voters or supporters: attitudes"
"10.1016/j.ejpoleco.2023.102494","Well-being foundations of populism in Europe","2024","no party word, name or family in the title; the abstract has 2 party phrase(s) and 4 voter word(s)"
"10.1177/02685809241276882","What drives support for authoritarian populist parties in Eastern and Central Europe?","2024","the title is about voters or supporters: support for"
"10.1111/ecca.12505","When populists deliver on their promises: the electoral effects of a large cash transfer programme in Poland","2024","no party word, name or family in the title; the abstract has 3 party phrase(s) and 6 voter word(s)"
"10.1177/00027642241268275","Why Populism is the Sugar, Salt, and Fat of Our Politics. . . with Variations: A Reflection","2024","no party word, name or family in the title; the abstract has 1 party phrase(s) and 0 voter word(s)"
"10.1111/bjso.12733","‘Like we definitely have to go greener, but…’: Analysing affective–discursive practices in populist environmental discourse","2024","no party word, name or family in the title; the abstract has 0 party phrase(s) and 0 voter word(s)"
"10.1017/s1755773923000279","‘Place’ does matter for populist radical right sentiment, but how? Evidence from Germany","2024","a party family in the title, but the abstract speaks mostly of voters (5 voter words, 0 party phrases)"
"10.3389/fpos.2024.1435712","“It's not the what but (also) the how”: characterizing left-wing populism in political texts","2024","no party word, name or family in the title; the abstract has 1 party phrase(s) and 0 voter word(s)"
"10.1080/19448953.2023.2258003","2023 Elections in Turkey within Global Context: Right Wing Populism in the Era of Global Shift","2023","no party word, name or family in the title; the abstract has 2 party phrase(s) and 2 voter word(s)"
"10.1007/s11125-021-09569-3","Affective governmentality, political sensitivity, and right-wing populism: Toward a political grammar of feelings in democratic education","2023","no party word, name or family in the title; the abstract has 0 party phrase(s) and 0 voter word(s)"
"10.1080/23745118.2022.2064623","Amplifying impact of labour market flexibility on right-wing populism in the EU countries","2023","no party word, name or family in the title; the abstract has 0 party phrase(s) and 2 voter word(s)"
"10.1080/02699931.2022.2152430","Angry populists or concerned citizens? How linguistic emotion ascriptions shape affective, cognitive, and behavioural responses to political outgroups","2023","no party word, name or family in the title; the abstract has 0 party phrase(s) and 1 voter word(s)"
"10.1080/23745118.2021.1993056","Approaching right-wing populism in the context of transnational economic integration: lessons from Luxembourg","2023","no party word, name or family in the title; the abstract has 1 party phrase(s) and 0 voter word(s)"
"10.1080/01402382.2021.2023435","Attitudes vs. actions? Direct-democratic preferences and participation of populist citizens","2023","the title is about voters or supporters: attitudes"
"10.1515/commun-2021-0082","Attractive or repellent? How right-wing populist voters respond to figuratively framed anti-immigration rhetoric","2023","the title is about voters or supporters: voters"
"10.3390/rel14101271","Between a Rock and a Hard Place: Abortion, Catholicism, the Populist Right and Public Health Threats in Poland","2023","a party family in the title, but the abstract speaks mostly of voters (3 voter words, 2 party phrases)"
"10.1111/1467-8675.12638","Bound to fail? Assessing contemporary left populism","2023","no party word, name or family in the title; the abstract has 2 party phrase(s) and 2 voter word(s)"
"10.1080/01402382.2022.2113219","Closing the gap: how descriptive and substantive representation affect women’s vote for populist radical right parties","2023","the title is about voters or supporters: vote"
"10.12688/openreseurope.16733.1","Comprehensive security, disinformation, and COVID-19: An analysis of the impacts of mis- and disinformation and populist narratives during the pandemic","2023","no party word, name or family in the title; the abstract has 0 party phrase(s) and 1 voter word(s)"
"10.1111/joac.12501","Crisis of capitalism and cycles of right‐wing populism in contemporary Turkey: The making and unmaking of Erdoğanist hegemony","2023","no party word, name or family in the title; the abstract has 1 party phrase(s) and 1 voter word(s)"
"10.1017/psrm.2021.63","Do parties’ representation failures affect populist attitudes? Evidence from a multinational survey experiment","2023","the title is about voters or supporters: attitudes"
"10.1080/23745118.2021.1976577","Does ethno-territorial identity matter in populist party support? Evidence on the demand-side from 19 populist radical right and populist radical left national and regionalist parties","2023","the title is about voters or supporters: demand side"
"10.1057/s41294-023-00212-y","Economic Insecurity, Institutional Trust and Populist Voting Across Europe","2023","the title is about voters or supporters: voting"
"10.1111/roiw.12599","Economic insecurity, racial anxiety, and right‐wing populism","2023","no party word, name or family in the title; the abstract has 0 party phrase(s) and 7 voter word(s)"
"10.1007/s12286-023-00569-5","Existential anxieties and right-wing populism in Europe—why people unconcerned by globalisation vote against it","2023","the title is about voters or supporters: vote"
"10.1002/ajs4.287","Exploring the role of university education in reducing the appeal of right‐wing populism","2023","no party word, name or family in the title; the abstract has 0 party phrase(s) and 3 voter word(s)"
"10.1017/s0022278x23000046","Failure to launch? The lack of populist attitudinal activation in the 2019 South African elections","2023","no party word, name or family in the title; the abstract has 1 party phrase(s) and 7 voter word(s)"
"10.16995/ee.8922","Feeling the Truth: Emotions and Digital Truth-making within Right-wing Populist Networks on Twitter/X","2023","no party word, name or family in the title; the abstract has 0 party phrase(s) and 0 voter word(s)"
"10.1080/00344893.2022.2091012","Fighting for a Lost Cause? Availability of Populist Radical Right Voters for Established Parties. The Case of Germany","2023","the title is about voters or supporters: voters"
"10.14712/1803-8220/37_2021","Gender and Right-Wing Populism: Analysing the Role of Women at the ministerial level","2023","no party word, name or family in the title; the abstract has 1 party phrase(s) and 1 voter word(s)"
"10.1093/sp/jxac007","Gendered Perceptions of Personality Traits, Policy Stereotypes, and Support for Right-Wing Populist Parties: Lessons from Turkey","2023","the title is about voters or supporters: support for"
"10.1080/14782804.2022.2130190","Heroisation and victimisation: populism, commemorative narratives and National Days in Hungary and Poland","2023","no party word, name or family in the title; the abstract has 1 party phrase(s) and 0 voter word(s)"
"10.30965/22142290-bja10044","How Are Populist Attitudes Activated? Understanding Revolutionary Mobilization in Kyrgyzstan","2023","the title is about voters or supporters: attitudes"
"10.1080/13501763.2021.1981981","How does income inequality affect the support for populist parties?","2023","the title is about voters or supporters: support for"
"10.1080/14782804.2022.2070138","How the traumatic past influences the vote of the populist radical right parties in Germany, Poland, and Spain","2023","the title is about voters or supporters: vote"
"10.1080/13510347.2022.2115031","How to struggle with exclusionary right-wing populism: evidence from Turkey","2023","no party word, name or family in the title; the abstract has 1 party phrase(s) and 0 voter word(s)"
"10.1080/23745118.2021.1956242","Immoral morality: gender and sexuality politics, right-wing populism and church-state relations in Macedonia under Nikola Gruevski (2006–2016)*","2023","no party word, name or family in the title; the abstract has 1 party phrase(s) and 0 voter word(s)"
"10.1057/s41269-022-00255-6","Implicit and explicit populist and anti-immigrant attitudes and their explanatory power for populist radical-right party support","2023","the title is about voters or supporters: attitudes"
"10.1177/09646639231153306","In What Sense Does Right-Wing Populism Pose a Democratic Challenge for the European Union?","2023","no party word, name or family in the title; the abstract has 0 party phrase(s) and 0 voter word(s)"
"10.1177/13540688221088470","Is populism popular abroad? Evidence from diasporas around the globe","2023","no party word, name or family in the title; the abstract has 4 party phrase(s) and 7 voter word(s)"
"10.1080/00207659.2023.2222650","It’s the Moral Economy, Stupid! Anger Toward Economic Inequality and Populist Voting","2023","the title is about voters or supporters: voting"
"10.3390/socsci12080426","Left Behind Together and Voting for Populism: Regional Out-Migration, Civic Engagement and the Electoral Success of Populist Radical Right Parties","2023","the title is about voters or supporters: voting"
"10.1177/0263395720960661","Left politics and popular culture in Britain: From left-wing populism to ‘popular leftism’","2023","no party word, name or family in the title; the abstract has 1 party phrase(s) and 0 voter word(s)"
"10.1093/jeg/lbad005","Left-behind versus unequal places: interpersonal inequality, economic decline and the rise of populism in the USA and Europe","2023","no party word, name or family in the title; the abstract has 0 party phrase(s) and 2 voter word(s)"
"10.1111/jors.12627","Long‐term decline of regions and the rise of populism: The case of Germany","2023","no party word, name or family in the title; the abstract has 2 party phrase(s) and 2 voter word(s)"
"10.1177/00323217211049298","Mainstream Voters, Non-Voters and Populist Voters: What Sets Them Apart?","2023","the title is about voters or supporters: voters"
"10.3389/fpos.2023.1038659","Masculinity, sexism and populist radical right support","2023","a party family in the title, but the abstract speaks mostly of voters (13 voter words, 3 party phrases)"
"10.4337/9781802208054","National Populism and Borders: The Politicisation of Cross-border Mobilisations in Europe","2023","no party word, name or family in the title; the abstract has 1 party phrase(s) and 4 voter word(s)"
"10.1017/s000842392300015x","Pandemic Populism: Explaining Support for the People's Party of Canada in the 2021 Federal Election","2023","the title is about voters or supporters: support for"
"10.1017/s1755773923000206","Partisans like any other? How populist supporters assess the economy when their party is in office","2023","the title is about voters or supporters: supporters"
"10.1080/13608746.2024.2372930","Perceptions of populist radical right mainstreaming as a threat to democracy: evidence from Italian voters","2023","the title is about voters or supporters: voters"
"10.1177/08883254221131590","Peripheralization Processes as a Contextual Source of Populist Vote Choices: Evidence from the Czech Republic and Eastern Germany","2023","the title is about voters or supporters: vote"
"10.1111/jols.12401","Political constitutionalism and populism","2023","no party word, name or family in the title; the abstract has 0 party phrase(s) and 0 voter word(s)"
"10.3390/soc13030058","Populism on the Web: Presidential Elections in Bolivia, Ecuador, Peru, and Colombia (2020–2022)","2023","no party word, name or family in the title; the abstract has 0 party phrase(s) and 1 voter word(s)"
"10.1080/13629395.2021.1901484","Populism, religion and family values policies in Israel, Italy and Turkey","2023","no party word, name or family in the title; the abstract has 1 party phrase(s) and 0 voter word(s)"
"10.1177/19401612211032884","Populism, Religion, and Social Media in Central America","2023","no party word, name or family in the title; the abstract has 0 party phrase(s) and 0 voter word(s)"
"10.1177/14614448211032969","Populist alternative news use and its role for elections: Web-tracking and survey evidence from two campaign periods","2023","no party word, name or family in the title; the abstract has 1 party phrase(s) and 2 voter word(s)"
"10.1093/pa/gsab041","Populist but Pluralist? Populist Attitudes and Preferences for Political Pluralism in Parliament and Government","2023","the title is about voters or supporters: attitudes"
"10.1057/s41267-022-00515-9","Populist discourse and entrepreneurship: The role of political ideology and institutions","2023","no party word, name or family in the title; the abstract has 1 party phrase(s) and 0 voter word(s)"
"10.1177/13540688221097082","Populist positions in party competition: Do parties strategically vary their degree of populism in reaction to vote and office loss?","2023","the title is about voters or supporters: vote"
"10.1057/s41599-023-01697-9","Populist student organizations in Indonesia: an analysis of anti-establishment ideas","2023","no party word, name or family in the title; the abstract has 1 party phrase(s) and 0 voter word(s)"
"10.1017/gov.2021.50","Post-Neoliberalism and External Financial Liberalization: Comparing Left-Wing and Right-Wing Populism","2023","no party word, name or family in the title; the abstract has 1 party phrase(s) and 1 voter word(s)"
"10.1017/s0007123421000703","Proportional Representation and Right-Wing Populism: Evidence from Electoral System Change in Europe","2023","no party word, name or family in the title; the abstract has 2 party phrase(s) and 2 voter word(s)"
"10.1080/03066150.2022.2096446","Protests, neoliberalism and right-wing populism amongst farmers in India","2023","no party word, name or family in the title; the abstract has 1 party phrase(s) and 1 voter word(s)"
"10.1177/20563051231186372","Radical Mobilization in Times of Crisis: Use and Effects of Appeals and Populist Communication Features in Telegram Channels","2023","no party word, name or family in the title; the abstract has 1 party phrase(s) and 0 voter word(s)"
"10.1177/15274764211059462","Reclaiming the People: Counter-Populist Algorithmic Activism on Israeli Facebook","2023","no party word, name or family in the title; the abstract has 0 party phrase(s) and 0 voter word(s)"
"10.1002/casp.2636","Relative deprivation, national GDP and right‐wing populism: A multilevel, multinational study","2023","no party word, name or family in the title; the abstract has 0 party phrase(s) and 3 voter word(s)"
"10.1177/20531680231167680","Rents, refugees, and the populist radical right","2023","a party family in the title, but the abstract speaks mostly of voters (6 voter words, 2 party phrases)"
"10.1177/20563051231177962","Representing “The People”: What Can Social Media Images Reveal About Populist Propaganda in Brazil?","2023","no party word, name or family in the title; the abstract has 1 party phrase(s) and 0 voter word(s)"
"10.1017/s1743923x22000216","Right-Wing Populism and Gender: European Perspectives and Beyond. Edited by Gabriele Dietze and Julia Roth. Bielefeld: Transcript Verlag, 2020. 286 pp. $41.85 (paper). https://doi.org/10.1515/9783839449806. - The Gender Regime of Anti-Liberal Hungary. By Eva Fodor. Cham: Palgrave Pivot, 2022. 117 pp. Open Access. https://doi.org/10.1007/978-3-030-85312-9. - Anti-Gender Politics in the Populist Moment. By Agnieska Graff and Elżbieta Korolczuk. Abingdon: Routledge, 2022. 212 pp. $160.00 (cloth). https://doi.org/10.4324/9781003133520.","2023","no party word, name or family in the title; the abstract has 0 party phrase(s) and 0 voter word(s)"
"10.54648/ijcl2023003","Right-Wing Populism and the Deconstruction of Labour Laws in the Americas: Old Wine into New Wineskins","2023","no party word, name or family in the title; the abstract has 1 party phrase(s) and 0 voter word(s)"
"10.4324/9781003311676","Right-Wing Populism in Latin America and Beyond","2023","no party word, name or family in the title; the abstract has 0 party phrase(s) and 0 voter word(s)"
"10.25253/99.2023253.10","Right-Wing Populist Discourse in the European Parliament on Turkish Foreign Policy","2023","no party word, name or family in the title; the abstract has 1 party phrase(s) and 1 voter word(s)"
"10.1111/ajps.12696","Risk Aversion and the Gender Gap in the Vote for Populist Radical Right Parties","2023","the title is about voters or supporters: vote"
"10.1080/00131857.2022.2162385","Science, power, and subjectivity: Vaccine (mandate) resistance and ‘truth telling’ in times of right-wing populism","2023","no party word, name or family in the title; the abstract has 0 party phrase(s) and 0 voter word(s)"
"10.1093/isq/sqad079","Sovereignty Intrusion: Populism and Attitudes toward the International Monetary Fund","2023","the title is about voters or supporters: attitudes"
"10.1177/03043754231199785","Sovereignty, Discipline, Governmentality, and Pastorate: The Ménage à Quatre of Contemporary Authoritarian and Right-Wing Populist Power","2023","no party word, name or family in the title; the abstract has 0 party phrase(s) and 0 voter word(s)"
"10.1093/jhuman/huad022","Speaking Rights to Populism? Using Emotion as the Language of Values","2023","no party word, name or family in the title; the abstract has 1 party phrase(s) and 0 voter word(s)"
"10.1007/s10902-023-00685-9","Subjective Well-Being and Populist Voting in the Netherlands","2023","the title is about voters or supporters: voting"
"10.1017/gov.2022.18","Supporters of India's BJP: Distinctly Populist and Nativist","2023","the title is about voters or supporters: supporters"
"10.1111/aman.13810","Taming the wild: Attracting capital through populist mobilization in the urban landscapes of Istanbul","2023","no party word, name or family in the title; the abstract has 0 party phrase(s) and 0 voter word(s)"
"10.1080/13562576.2021.1991783","Territorializing threats in nationalist populist narratives: an Italian perspective on the migration and Covid-19 crises","2023","no party word, name or family in the title; the abstract has 1 party phrase(s) and 0 voter word(s)"
"10.1093/ijpor/edad014","The Conditional Association Between Populism, Ideological Extremity, and Affective Polarization","2023","no party word, name or family in the title; the abstract has 1 party phrase(s) and 2 voter word(s)"
"10.1057/s41253-022-00201-0","The effect of implicit racial bias on right-wing populist support","2023","no party word, name or family in the title; the abstract has 1 party phrase(s) and 3 voter word(s)"
"10.1016/j.electstud.2023.102619","The effect of socioeconomic policy and competence messages on populist radical right support: Evidence from a pre-election survey experiment","2023","a party family in the title, but the abstract speaks mostly of voters (10 voter words, 3 party phrases)"
"10.1002/ejsp.2977","The excluded ordinary? A theory of populist radical right supporters’ position in society","2023","the title is about voters or supporters: supporters"
"10.1016/j.jebo.2023.02.021","The impact of corona populism: Empirical evidence from Austria and theory","2023","no party word, name or family in the title; the abstract has 3 party phrase(s) and 12 voter word(s)"
"10.1111/pops.12895","The Interplay Between Explicit and Implicit Right‐Wing Populism in Germany and Switzerland","2023","no party word, name or family in the title; the abstract has 0 party phrase(s) and 3 voter word(s)"
"10.1177/00323217211033230","The Online Market’s Invisible Hand: Internet Media and Rising Populism","2023","no party word, name or family in the title; the abstract has 2 party phrase(s) and 4 voter word(s)"
"10.1111/1475-6765.12578","The people as ‘ Volk ’ or ‘ Bürger ’? The implications of ethnic and civic conceptions of the people for the measurement of populist attitudes","2023","the title is about voters or supporters: attitudes"
"10.1177/19401612211055695","The Populist Communication Strategy in Comparative Perspective","2023","no party word, name or family in the title; the abstract has 1 party phrase(s) and 0 voter word(s)"
"10.1080/03050629.2023.2184815","The populist radical right and military intervention: A coincidence analysis of military deployment votes","2023","the title is about voters or supporters: votes"
"10.1177/01925121211044924","The reversal of populism. Assessing the explanatory power of the ideational approach in contemporary Argentina","2023","no party word, name or family in the title; the abstract has 2 party phrase(s) and 10 voter word(s)"
"10.1093/poq/nfad052","The Reverse Backlash: How the Success of Populist Radical Right Parties Relates to More Positive Immigration Attitudes","2023","the title is about voters or supporters: attitudes"
"10.51480/1899-5101.15.3(32).6","The Right-Wing Perspective: Populist Frames and Agenda on Facebook in Central and Eastern Europe","2023","no party word, name or family in the title; the abstract has 0 party phrase(s) and 1 voter word(s)"
"10.1080/01402382.2022.2027116","The technocratic side of populist attitudes: evidence from the Spanish case","2023","the title is about voters or supporters: attitudes"
"10.2478/ceej-2023-0018","The Unpredicted Rise of Populism: The Case of Poland","2023","no party word, name or family in the title; the abstract has 2 party phrase(s) and 2 voter word(s)"
"10.1177/20563051231157604","The Use of TikTok for Political Campaigning in Canada: The Case of Jagmeet Singh","2023","no party word, name or family in the title; the abstract has 1 party phrase(s) and 0 voter word(s)"
"10.1080/23254823.2022.2121299","The victims strike back: Globalisation and right-wing populist attitudes in the EU. Evidence from the 2008 European Values Study","2023","the title is about voters or supporters: attitudes"
"10.1080/14782804.2022.2162486","The winner takes all the trust: populism, democracy, and winner-loser gaps in political trust in Central and Southern Europe","2023","no party word, name or family in the title; the abstract has 4 party phrase(s) and 5 voter word(s)"
"10.1177/07395329231194000","The “populist imbecile” versus the “heartless shrew”: Polarizing election coverage and voters’ evaluation in Taiwan","2023","the title is about voters or supporters: voters"
"10.1353/anq.2023.0002","Thinking through Right-Wing Populism and Progressive Elites: On the Caviar as a Politico-Cultural Category in Peru","2023","no party word, name or family in the title; the abstract has 1 party phrase(s) and 0 voter word(s)"
"10.1080/09668136.2023.2192897","Trusting the Untrustworthy: An Exploration of Attitudes Towards the Populist Government in Poland Using Survey Data","2023","the title is about voters or supporters: attitudes"
"10.1111/1475-6765.12529","Uncooperative society, uncooperative politics or both? Trust, polarization, populism and COVID‐19 deaths across European regions","2023","no party word, name or family in the title; the abstract has 1 party phrase(s) and 5 voter word(s)"
"10.1111/bjop.12602","Unravelling the relationship between populism and belief in conspiracy theories: The role of cynicism, powerlessness and zero‐sum thinking","2023","no party word, name or family in the title; the abstract has 3 party phrase(s) and 5 voter word(s)"
"10.5840/jsce202341777","White Evangelicals and American Right-wing Populism: The Evolutions of an Ethics","2023","no party word, name or family in the title; the abstract has 0 party phrase(s) and 1 voter word(s)"
"10.5840/jsce202343121","White Evangelicals and Right-Wing Populism: How Did We Get Here?, by Marcia Pally","2023","no party word, name or family in the title; the abstract has 0 party phrase(s) and 0 voter word(s)"
"10.1016/j.jce.2023.01.003","Youth responses to political populism: Education abroad as a step toward emigration","2023","no party word, name or family in the title; the abstract has 2 party phrase(s) and 3 voter word(s)"
"10.1080/21599165.2022.2055551","“Eco-terrorists”: right-wing populist media about “ecologists” and the public opinion on the environmental movement in Poland","2023","the title is about voters or supporters: public opinion"
"10.1080/15377857.2023.2221933","“Send in the Clowns”: The Rise of Celebrity Populism in Croatia and Its Implications for Political Marketing","2023","no party word, name or family in the title; the abstract has 1 party phrase(s) and 1 voter word(s)"
"10.5817/pc2022-2-167","A New Chapter in the Evolution of Right-wing Populist Electoral Winning Formulas. The Implementation and Impact of Portfolio Diversification in Austria","2022","no party word, name or family in the title; the abstract has 2 party phrase(s) and 7 voter word(s)"
"10.1017/gov.2021.46","Arrived in Power, and Yet Still Disgruntled? How Government Inclusion Moderates ‘Protest Voting’ for Far-Right Populist Parties in Europe","2022","the title is about voters or supporters: voting"
"10.1163/18775462-bja10041","Aspects of Populism and Nostalgia in the akp’s Turkey","2022","no party word, name or family in the title; the abstract has 0 party phrase(s) and 0 voter word(s)"
"10.1111/socf.12842","Beyond “Making Poland Great Again.” Nostalgia in Polish Populist and Non‐populist Discourses1","2022","no party word, name or family in the title; the abstract has 1 party phrase(s) and 1 voter word(s)"
"10.17645/mac.v10i4.5842","Caring Ecologies of the New Right and Left: Populist Performances of Care During the Pandemic","2022","no party word, name or family in the title; the abstract has 1 party phrase(s) and 0 voter word(s)"
"10.1080/09644016.2021.2018854","Climate change and right-wing populism in the United States","2022","no party word, name or family in the title; the abstract has 0 party phrase(s) and 0 voter word(s)"
"10.1016/j.actpsy.2022.103508","Conspiracy beliefs of Italian voters for populist parties: The moderated mediational role of political interest and ideological attitudes","2022","the title is about voters or supporters: attitudes, voters"
"10.1017/s0260210521000620","Counter-populist performances of (in)security: Feminist resistance in the face of right-wing populism in Poland","2022","no party word, name or family in the title; the abstract has 0 party phrase(s) and 0 voter word(s)"
"10.1017/s0007123421000363","Cultural Backlash? How (Not) to Explain the Rise of Authoritarian Populism","2022","no party word, name or family in the title; the abstract has 2 party phrase(s) and 3 voter word(s)"
"10.1080/09637494.2022.2104097","Defenders of the Faith? How shifting social cleavages and the rise of identity politics are reshaping right-wing populists’ attitudes towards religion in the West","2022","the title is about voters or supporters: attitudes"
"10.1177/0090591720985770","Desperate Responsibility: Precarity and Right-Wing Populism","2022","no party word, name or family in the title; the abstract has 0 party phrase(s) and 0 voter word(s)"
"10.1177/1354068820985187","Do religious voters support populist radical right parties? Opposite effects in Western and East-Central Europe","2022","the title is about voters or supporters: voters"
"10.1057/s41269-021-00201-y","Do welfare concerns drive electoral support for the populist radical right? An exploratory analysis","2022","the title is about voters or supporters: electoral support"
"10.1177/0032321720958567","Economic Populist Sovereignism and Electoral Support for Radical Right-Wing Populism","2022","the title is about voters or supporters: electoral support"
"10.3390/journalmedia3010012","Exploring Populism in Times of Crisis: An Analysis of Disinformation in the European Context during the US Elections","2022","no party word, name or family in the title; the abstract has 0 party phrase(s) and 0 voter word(s)"
"10.1177/13691481221075925","Exploring the populist ‘mind’: Anxiety, fantasy, and everyday populism","2022","no party word, name or family in the title; the abstract has 1 party phrase(s) and 1 voter word(s)"
"10.1111/jofi.13138","Financial Crisis, Creditor‐Debtor Conflict, and Populism","2022","no party word, name or family in the title; the abstract has 1 party phrase(s) and 4 voter word(s)"
"10.1080/1070289x.2022.2037899","Framing ‘gender ideology’: religious populism in the Croatian Catholic Church","2022","no party word, name or family in the title; the abstract has 0 party phrase(s) and 0 voter word(s)"
"10.1017/s0261143022000460","From ‘we shall prevail’ to ‘weapon of struggle’: Populism, Chile's Unidad Popular government and Nueva Canción","2022","no party word, name or family in the title; the abstract has 1 party phrase(s) and 0 voter word(s)"
"10.1177/14789299211029110","Give Me Your Least Educated: Immigration, Education and Support for Populist Radical Right Parties in Europe","2022","the title is about voters or supporters: support for"
"10.1177/17480485221088138","Globalisation, media trust, and populism: A comparative study of the US and Germany","2022","no party word, name or family in the title; the abstract has 2 party phrase(s) and 5 voter word(s)"
"10.17645/mac.v10i4.5690","How Right-Wing Populist Comments Affect Online Deliberation on News Media Facebook Pages","2022","no party word, name or family in the title; the abstract has 0 party phrase(s) and 0 voter word(s)"
"10.1111/ruso.12397","How Rural is Rural Populism? On the Spatial Understanding of Rurality for Analyses of Right‐wing Populist Election Success in Germany*","2022","no party word, name or family in the title; the abstract has 1 party phrase(s) and 5 voter word(s)"
"10.1093/isq/sqab041","Ignoring the Messenger? Limits of Populist Rhetoric on Public Support for Foreign Development Aid","2022","the title is about voters or supporters: support for"
"10.1080/14782804.2021.1995236","Immigration policy and right-wing populism in Western Europe: by Anna McKeever, London, Palgrave Macmillan, 2020, 168 + xv pp., £59.99 (hardback), ISBN 978-3-030-41760-4","2022","no party word, name or family in the title; the abstract has 0 party phrase(s) and 0 voter word(s)"
"10.1080/14682761.2020.1834258","Include me out: theatre as sites of resistance to right-wing populism in Estonia, the Czech Republic and Hungary","2022","no party word, name or family in the title; the abstract has 0 party phrase(s) and 0 voter word(s)"
"10.1080/13511610.2021.1964349","Insecurity narratives and implicit emotional appeals in French competing populisms","2022","no party word, name or family in the title; the abstract has 1 party phrase(s) and 1 voter word(s)"
"10.1177/13684310221094762","Is populism a social pathology? The myth of immediacy and its effects","2022","no party word, name or family in the title; the abstract has 1 party phrase(s) and 0 voter word(s)"
"10.3390/rel13090814","Islamist Populist Nation-Building: Gradual, Ad Hoc Islamisation of the Secular Education System in Turkey","2022","no party word, name or family in the title; the abstract has 2 party phrase(s) and 2 voter word(s)"
"10.1093/ips/olac017","It Just Feels Right . Visuality and Emotion Norms in Right-Wing Populist Storytelling","2022","no party word, name or family in the title; the abstract has 0 party phrase(s) and 0 voter word(s)"
"10.1017/s175577392200025x","Labour market policies and support for populist radical right parties: the role of nostalgic producerism, occupational risk, and feedback effects","2022","the title is about voters or supporters: support for"
"10.1080/09548963.2021.2021778","Left cultural populism and podemos: is it possible to newly orient cultural policy in Spain?","2022","no party word, name or family in the title; the abstract has 1 party phrase(s) and 0 voter word(s)"
"10.1080/14782804.2021.1918650","Left-Right radicalism and Populist attitudes in France and Spain","2022","the title is about voters or supporters: attitudes"
"10.14321/jstudradi.16.2.0077v","Lessons for Left-Wing Populism from the 2010s Austerity Wave in Europe","2022","no party word, name or family in the title; the abstract has 7 party phrase(s) and 13 voter word(s)"
"10.1007/s11403-020-00300-7","Long-term causes of populism","2022","no party word, name or family in the title; the abstract has 1 party phrase(s) and 6 voter word(s)"
"10.1080/0031322x.2022.2071291","Men and women voters of the populist radical right: are they like apples and oranges?","2022","the title is about voters or supporters: voters"
"10.1093/esr/jcab024","Modernization Losers’ Revenge? Income Mobility and Support for Right- and Left-Wing Populist Parties in Germany","2022","the title is about voters or supporters: support for"
"10.3390/socsci11050221","Mounting Turbulence in Neoliberal Globalization: Political Economy, Populist Discourse, and Policy in Alberta, Canada","2022","no party word, name or family in the title; the abstract has 0 party phrase(s) and 0 voter word(s)"
"10.1111/1475-6765.12452","Multiple roots of the populist radical right: Support for the Dutch PVV in cities and the countryside","2022","the title is about voters or supporters: support for"
"10.1080/14767724.2021.1872372","Neo Zionist right-wing populist discourse and activism in the Israel education system","2022","no party word, name or family in the title; the abstract has 1 party phrase(s) and 1 voter word(s)"
"10.22230/cjc.2022v47n2a4231","Ontario’s Right-Wing Populism “Will Cost You”: A Propaganda Analysis of Ford’s Sticker Act and Canadian Journalism’s Response","2022","no party word, name or family in the title; the abstract has 0 party phrase(s) and 0 voter word(s)"
"10.1111/pops.12812","Personal Values Priorities and Support for Populism in Europe—An Analysis of Personal Motivations Underpinning Support for Populist Parties in Europe","2022","the title is about voters or supporters: support for"
"10.17645/mac.v10i4.5738","Points of Contact Between Activism, Populism, and Fandom on Social Media","2022","no party word, name or family in the title; the abstract has 2 party phrase(s) and 3 voter word(s)"
"10.1007/s10602-021-09357-3","Political inequality, political participation, and support for populist parties","2022","the title is about voters or supporters: support for"
"10.3390/ijerph19063265","Political Populism, Institutional Distrust and Vaccination Uptake: A Mediation Analysis","2022","no party word, name or family in the title; the abstract has 3 party phrase(s) and 4 voter word(s)"
"10.1057/s41304-020-00306-6","Political social media use and its linkage to populist and postmaterialist attitudes and vote intention in the Netherlands","2022","the title is about voters or supporters: attitudes, vote"
"10.1017/s0007123420000666","Politics of Nostalgia and Populism: Evidence from Turkey","2022","no party word, name or family in the title; the abstract has 0 party phrase(s) and 8 voter word(s)"
"10.1093/pnasnexus/pgac057","Population health, not individual health, drives support for populist parties","2022","the title is about voters or supporters: support for"
"10.1371/journal.pone.0269349","Populism and health. An evaluation of the effects of right-wing populism on the COVID-19 pandemic in Brazil","2022","no party word, name or family in the title; the abstract has 0 party phrase(s) and 3 voter word(s)"
"10.56037/978-2-343-25630-6","Populism and Migration","2022","no party word, name or family in the title; the abstract has 1 party phrase(s) and 0 voter word(s)"
"10.3389/fpos.2022.984238","Populism and the affective partisan space in nine European publics: Evidence from a cross-national survey","2022","the title is about voters or supporters: publics"
"10.33182/ijor.v3i1.1862","Populism and the Crisis of American Methodism","2022","no party word, name or family in the title; the abstract has 1 party phrase(s) and 0 voter word(s)"
"10.1080/21599165.2022.2052049","Populism as a political trust booster? Populist support and degrees of political power in Central Europe","2022","no party word, name or family in the title; the abstract has 6 party phrase(s) and 6 voter word(s)"
"10.1080/1060586x.2022.2082823","Populism for the ambivalent: anti-polarization and support for Ukraine’s Sluha Narodu party","2022","the title is about voters or supporters: support for"
"10.1080/14766825.2021.1966024","Populism in mediated anti-tourism discourse: a critical analysis of the documentary tourist go home!","2022","no party word, name or family in the title; the abstract has 0 party phrase(s) and 0 voter word(s)"
"10.1177/13540688211018794","Populism without host ideologies: A new home for voters with exclusionary attitudes in Italy’s Five Star Movement?","2022","the title is about voters or supporters: attitudes, voters"
"10.5964/jspp.7969","Populist attitudes and conspiracy beliefs: Exploring the relation between the latent structures of populist attitudes and conspiracy beliefs","2022","the title is about voters or supporters: attitudes"
"10.5817/pc2022-2-189","Populist Conspiracy Theories in the 2016 US Presidential Election. A Quantitative Analysis of the Effects of Conspiratorial Demonization","2022","no party word, name or family in the title; the abstract has 1 party phrase(s) and 7 voter word(s)"
"10.17645/mac.v10i4.5654","Populist Disinformation: Are Citizens With Populist Attitudes Affected Most by Radical Right-Wing Disinformation?","2022","the title is about voters or supporters: attitudes"
"10.1111/area.12763","Populist ecologies","2022","no party word, name or family in the title; the abstract has 0 party phrase(s) and 0 voter word(s)"
"10.1177/1461444820976970","Populist ideas on social media: A dictionary-based measurement of populist communication","2022","no party word, name or family in the title; the abstract has 2 party phrase(s) and 2 voter word(s)"
"10.1111/ssqu.13178","Populist media diets","2022","no party word, name or family in the title; the abstract has 0 party phrase(s) and 1 voter word(s)"
"10.1093/ej/ueac056","Populist Persuasion in Electoral Campaigns: Evidence from Bryan's Unique Whistle-Stop Tour","2022","no party word, name or family in the title; the abstract has 0 party phrase(s) and 1 voter word(s)"
"10.1016/j.paid.2021.111412","Populist voters like dark politicians","2022","the title is about voters or supporters: voters"
"10.1016/j.polgeo.2022.102608","Propositions on right-wing populism: Available, excessive, optimistic","2022","no party word, name or family in the title; the abstract has 1 party phrase(s) and 0 voter word(s)"
"10.1177/1866802x221117565","Radical, Nativist, Authoritarian—Or All of These? Assessing Recent Cases of Right-Wing Populism in Latin America","2022","no party word, name or family in the title; the abstract has 1 party phrase(s) and 0 voter word(s)"
"10.3389/fsoc.2022.970043","Recalibrating populism measurement tools: Methodological inconsistencies and challenges to our understanding of the relationship between the supply- and demand-side of populism","2022","the title is about voters or supporters: demand side"
"10.1017/s153759272100219x","Residential Constraints and the Political Geography of the Populist Radical Right: Evidence from France","2022","a party family in the title, but the abstract speaks mostly of voters (6 voter words, 2 party phrases)"
"10.1017/s0022278x22000337","Revolutionary populism and democracy in Ghana","2022","no party word, name or family in the title; the abstract has 0 party phrase(s) and 0 voter word(s)"
"10.1016/j.regsus.2022.11.001","Right-wing and populist support for climate mitigation policies: Evidence from Poland and its carbon-intensive Silesia region","2022","the title is about voters or supporters: support for"
"10.1163/25888072-bja10032","Right-Wing Populism and the European Parliament’s Agonistic Politics","2022","no party word, name or family in the title; the abstract has 1 party phrase(s) and 0 voter word(s)"
"10.3389/ijph.2022.1604812","Right-Wing Populism, Social Identity Theory, and Resistance to Public Health Measures During the COVID-19 Pandemic","2022","no party word, name or family in the title; the abstract has 1 party phrase(s) and 2 voter word(s)"
"10.1075/jlp.20066.lam","Right-wing populist media events in Schengen Europe: The negotiated border discourse in-between nation states","2022","no party word, name or family in the title; the abstract has 1 party phrase(s) and 0 voter word(s)"
"10.1111/ruso.12396","Right‐Wing Rural Populisms: Comparative Analysis of Two European Regions*","2022","no party word, name or family in the title; the abstract has 1 party phrase(s) and 1 voter word(s)"
"10.1017/s1537592722000202","Roads to the Radical Right: Understanding Different Forms of Electoral Support for Radical Right-Wing Populist Parties in France and the Netherlands. By Koen Damhuis. Oxford: Oxford University Press, 2020. 272p. $85.00 cloth. - Neoliberal Nationalism: Immigration and the Rise of the Populist Right. By Christian Joppke. Cambridge: Cambridge University Press, 2021. 220p. $79.99 cloth, $25.99 paper.","2022","the title is about voters or supporters: electoral support"
"10.1177/13548565221109440","RPC-Lex: A dictionary to measure German right-wing populist conspiracy discourse online","2022","no party word, name or family in the title; the abstract has 0 party phrase(s) and 0 voter word(s)"
"10.1086/718354","Sheltering Populists? House Prices and the Support for Populist Parties","2022","the title is about voters or supporters: support for"
"10.1080/10584609.2021.2007190","Successfully Overcoming the “Double Bind”? A Mixed-Method Analysis of the Self-Presentation of Female Right-wing Populists on Instagram and the Impact on Voter Attitudes","2022","the title is about voters or supporters: attitudes, voter"
"10.1080/13608746.2021.1985497","Surviving the Covid-19 Pandemic under Right-wing Populist Rule: Turkey in the First Phase","2022","no party word, name or family in the title; the abstract has 1 party phrase(s) and 0 voter word(s)"
"10.1080/01596306.2020.1858401","The affective atmospheres of democratic education: pedagogical and political implications for challenging right-wing populism","2022","no party word, name or family in the title; the abstract has 0 party phrase(s) and 0 voter word(s)"
"10.1177/13684310211027113","The anti-authoritarian revolt: Right-wing populism as self-empowerment?","2022","no party word, name or family in the title; the abstract has 1 party phrase(s) and 0 voter word(s)"
"10.1177/20531680221142693","The effect of party identification and party cues on populist attitudes","2022","the title is about voters or supporters: attitudes"
"10.1007/s11615-022-00398-3","The Impact of COVID-19 on the Support for the German AfD: Jumping the Populist Ship or Staying the Course?","2022","the title is about voters or supporters: support for"
"10.1111/1467-9477.12225","The implosion of radical right populism and the path forward for social democracy: Evidence from the 2019 Danish national election","2022","a party family in the title, but the abstract speaks mostly of voters (12 voter words, 4 party phrases)"
"10.1017/s1062798722000126","The Landscape of Hate – Olga Tokarczuk in Populist Discourse in Poland","2022","no party word, name or family in the title; the abstract has 0 party phrase(s) and 0 voter word(s)"
"10.3751/76.3.12","The Limits of Right-Wing Populism in Power and the Israeli Political Crisis of 2018–2021","2022","no party word, name or family in the title; the abstract has 1 party phrase(s) and 0 voter word(s)"
"10.1080/2474736x.2022.2109493","The lure of populism: a conjoint experiment examining the interplay between demand and supply side factors","2022","no party word, name or family in the title; the abstract has 5 party phrase(s) and 7 voter word(s)"
"10.1111/ruso.12364","The Neo‐populist Surge in Italy between Territorial and Traditional Cleavages*","2022","no party word, name or family in the title; the abstract has 3 party phrase(s) and 5 voter word(s)"
"10.1177/1748048520939868","The populist campaigns against European public service media: Hot air or existential threat?","2022","no party word, name or family in the title; the abstract has 0 party phrase(s) and 2 voter word(s)"
"10.1177/19485506211043681","The Role of Short-Term and Longer Term Immigration Trends on Voting for Populist Radical Right Parties in Europe","2022","the title is about voters or supporters: voting"
"10.1080/2158379x.2022.2106538","The tremors of popular-sovereignty: a review of Left-wing populism: the politics of the people: by ÓscarGarcía Agustín, Emerald Publishing Limited, Bingley, United Kingodm 2020, 168pp., £40.00 (paperback) ISBN 9781839092060","2022","no party word, name or family in the title; the abstract has 0 party phrase(s) and 0 voter word(s)"
"10.1017/s175577392200011x","The varying logics for supporting populist right-wing welfare politics in West European welfare regimes","2022","a party family in the title, but the abstract speaks mostly of voters (14 voter words, 1 party phrases)"
"10.1080/1070289x.2022.2029067","The veil as an object of right-wing populist politics: a comparative perspective of Turkey, Sweden, and France","2022","no party word, name or family in the title; the abstract has 1 party phrase(s) and 0 voter word(s)"
"10.1111/1468-2427.13011","TOWARDS GREEN POPULISM ? Right‐wing Populism and Metropolization in Switzerland","2022","no party word, name or family in the title; the abstract has 1 party phrase(s) and 0 voter word(s)"
"10.1016/j.ceqi.2022.05.005","Trade shock, refugee, and the rise of right-wing populism: Evidence from European Parliament elections","2022","no party word, name or family in the title; the abstract has 3 party phrase(s) and 4 voter word(s)"
"10.1111/newe.12309","Understanding right‐wing populism and what to do about it","2022","no party word, name or family in the title; the abstract has 0 party phrase(s) and 0 voter word(s)"
"10.1080/0031322x.2023.2221050","Unmoored: resources for the rise of right-wing populism in everyday experiences of international maritime industry workers from Croatia","2022","no party word, name or family in the title; the abstract has 0 party phrase(s) and 0 voter word(s)"
"10.1111/spsr.12499","Values, Taboos, and Votes: How Basic Human Values Affect Populist Electoral Support","2022","the title is about voters or supporters: electoral support, votes"
"10.17645/mac.v10i4.5726","What “Real” Women Want: Alt-Right Femininity Vlogs as an Anti-Feminist Populist Aesthetic","2022","no party word, name or family in the title; the abstract has 1 party phrase(s) and 1 voter word(s)"
"10.4324/9781003229452","White Evangelicals and Right-Wing Populism: How Did We Get Here?","2022","no party word, name or family in the title; the abstract has 0 party phrase(s) and 0 voter word(s)"
"10.1177/13691481221078187","‘A threat to us’: The interplay of insecurity and enmity narratives in left-wing populism","2022","no party word, name or family in the title; the abstract has 0 party phrase(s) and 1 voter word(s)"
"10.3390/rel13040372","“Are You God? Damn Your Family!”: The Islam–Gender Nexus in Right-Wing Populism and the New Generation of Muslim Feminist Activism in Turkey","2022","no party word, name or family in the title; the abstract has 1 party phrase(s) and 0 voter word(s)"
"10.1177/09697764211031622","“Red Vienna” and the rise of the populist right","2022","a party family in the title, but the abstract speaks mostly of voters (6 voter words, 0 party phrases)"
"10.1080/2474736x.2021.1989985","A new Iberian exceptionalism? Comparing the populist radical right electorate in Portugal and Spain","2021","the title is about voters or supporters: electorate"
"10.2478/jnmlp-2021-0011","A Pragma-Dialectical Approach to Memory Politics: Spanish Contemporary Memory Politics, Populism Studies, and Argumentative Dialectics","2021","no party word, name or family in the title; the abstract has 0 party phrase(s) and 0 voter word(s)"
"10.1057/s41295-021-00259-0","A sovereignist revolution? Italy’s foreign policy under the “Yellow–Green” government","2021","no party word, name or family in the title; the abstract has 2 party phrase(s) and 2 voter word(s)"
"10.1177/0032321720950215","A Tale of Populism? The Determinants of Voting for Left-Wing Populist Parties in Spain","2021","the title is about voters or supporters: voting"
"10.1017/9781108974578","Affect and the Rise of Right-Wing Populism: Pedagogies for the Renewal of Democratic Education","2021","no party word, name or family in the title; the abstract has 0 party phrase(s) and 0 voter word(s)"
"10.1080/1369118x.2019.1646778","Alternative media for a populist audience? Exploring political and media use predictors of exposure to Breitbart, Sputnik, and Co.","2021","the title is about voters or supporters: audience"
"10.1016/j.electstud.2021.102357","An unjustified bad reputation? The Dark Triad and support for populism","2021","the title is about voters or supporters: support for"
"10.1080/13608746.2022.2028503","Are All Populist Voters the Same? Institutional Distrust and the Five Star Movement in Italy","2021","the title is about voters or supporters: voters"
"10.17356/ieejsp.v7i2.750","Are anti-immigrant attitudes the Holy Grail of populists? : A comparative analysis of attitudes towards immigrants, values, and political populism in Europe","2021","the title is about voters or supporters: attitudes"
"10.1080/1369118x.2021.1894211","Are digital platforms potential drivers of the populist vote? A comparative analysis of France, Germany and Italy","2021","the title is about voters or supporters: vote"
"10.1111/ssqu.12951","Building Populist Discourse: An Analysis of Populist Communication in American Presidential Elections, 1896–2016","2021","no party word, name or family in the title; the abstract has 0 party phrase(s) and 0 voter word(s)"
"10.1080/1461670x.2021.1913627","Casual, Colloquial, Commonsensical: A News Values Stylistic Analysis of a Populist Newsfeed","2021","no party word, name or family in the title; the abstract has 1 party phrase(s) and 4 voter word(s)"
"10.1177/01925121211040946","Coalition-making under conditions of ideological mismatch: The populist solution","2021","no party word, name or family in the title; the abstract has 1 party phrase(s) and 1 voter word(s)"
"10.1177/0010414021997166","Competing for Loyalists? How Party Positioning Affects Populist Radical Right Voting","2021","the title is about voters or supporters: voting"
"10.1111/jcms.13138","Contestation over Development Policy in the European Parliament","2021","no party word, name or family in the title; the abstract has 1 party phrase(s) and 2 voter word(s)"
"10.1177/0010414020957677","Contextual Effects of Immigrant Presence on Populist Radical Right Support: Testing the “Halo Effect” on Front National Voting in France","2021","the title is about voters or supporters: voting"
"10.1080/13608746.2021.1923639","Defeating Populists: The Case of 2019 Istanbul Elections","2021","no party word, name or family in the title; the abstract has 1 party phrase(s) and 0 voter word(s)"
"10.1353/jod.2021.0057","Democratic Support, Populism, and the Incumbency Effect","2021","no party word, name or family in the title; the abstract has 2 party phrase(s) and 5 voter word(s)"
"10.1177/0032321720923257","Do Populist Parties Increase Voter Turnout? Evidence From Over 40 Years of Electoral History in 31 European Democracies","2021","the title is about voters or supporters: voter"
"10.1177/1354068819848112","Do populists support populism? An examination through an online survey following the 2017 Tokyo Metropolitan Assembly election","2021","no party word, name or family in the title; the abstract has 4 party phrase(s) and 12 voter word(s)"
"10.1017/s0003055421000265","Does Health Vulnerability Predict Voting for Right-Wing Populist Parties in Europe?","2021","the title is about voters or supporters: voting"
"10.1111/rsp3.12361","Does population decline lead to a “populist voting mark‐up”? A case study of the Netherlands","2021","the title is about voters or supporters: voting"
"10.1016/j.electstud.2021.102416","Economic conditions and populist radical right voting: The role of issue salience","2021","the title is about voters or supporters: voting"
"10.1177/07255136211025220","Ecuador’s dual populisms: Neocolonial extractivism, violence and indigenous resistance","2021","no party word, name or family in the title; the abstract has 1 party phrase(s) and 0 voter word(s)"
"10.1163/26669773-bja10011","European Left Populism and Authoritarian Populism","2021","no party word, name or family in the title; the abstract has 1 party phrase(s) and 1 voter word(s)"
"10.1080/10758216.2021.1903330","Exit or Voice: Abstention and Support for Populist Radical Right Parties in Central and Eastern Europe","2021","the title is about voters or supporters: support for"
"10.1177/2336825x20954756","Finding the roots of neo-traditionalist populism in Poland: ‘Cultural displacement’ and European integration","2021","no party word, name or family in the title; the abstract has 0 party phrase(s) and 0 voter word(s)"
"10.18680/hss.2020.0020","Framing right-wing populist satire: The case-study of Ghisberto’s cartoons in Italy","2021","no party word, name or family in the title; the abstract has 0 party phrase(s) and 0 voter word(s)"
"10.1080/23745118.2020.1801183","From neglect to threat: feminist responses to right wing populism in the European Union","2021","no party word, name or family in the title; the abstract has 1 party phrase(s) and 0 voter word(s)"
"10.1007/s11109-021-09743-5","Fueling the Populist Divide: Nativist and Cosmopolitan Preferences for Representation at the Elite and Mass Level","2021","no party word, name or family in the title; the abstract has 2 party phrase(s) and 10 voter word(s)"
"10.1177/0032329220957153","German Business Mobilization against Right-Wing Populism","2021","no party word, name or family in the title; the abstract has 0 party phrase(s) and 0 voter word(s)"
"10.1007/s11127-020-00857-8","Globalization and populism in Europe","2021","no party word, name or family in the title; the abstract has 3 party phrase(s) and 3 voter word(s)"
"10.1080/08164649.2022.2051166","Green or Gender-Modern Nativists: Do They Exist and Do They Vote for Right-Wing Populist Parties?","2021","the title is about voters or supporters: vote"
"10.1093/ijpor/edaa005","Homonationalism and Voting for the Populist Radical Right: Addressing Unanswered Questions by Zooming in on the Dutch Case","2021","the title is about voters or supporters: voting"
"10.1177/2053168021993979","How populism and conservative media fuel conspiracy beliefs about COVID-19 and what it means for COVID-19 behaviors","2021","no party word, name or family in the title; the abstract has 0 party phrase(s) and 5 voter word(s)"
"10.1371/journal.pone.0261658","How populist attitudes scales fail to capture support for populists in power","2021","the title is about voters or supporters: attitudes, support for"
"10.1017/npt.2020.34","How populists securitize elections to win them: the 2015 double elections in Turkey","2021","no party word, name or family in the title; the abstract has 3 party phrase(s) and 4 voter word(s)"
"10.9783/9780812297737","In Defense of Populism: Protest and American Democracy","2021","no party word, name or family in the title; the abstract has 1 party phrase(s) and 0 voter word(s)"
"10.1080/1070289x.2019.1635767","In pursuit of purity: populist nationalism and the racialization of difference","2021","no party word, name or family in the title; the abstract has 1 party phrase(s) and 2 voter word(s)"
"10.1080/01402382.2019.1700448","Informed, uninformed or misinformed? A cross-national analysis of populist party supporters across European democracies","2021","the title is about voters or supporters: supporters"
"10.13169/jglobfaul.8.1.0034","Is there a relationship between right-wing populism and radicalisation to Islamic extremism in the UK and, if so, what is the nature of this relationship?","2021","no party word, name or family in the title; the abstract has 0 party phrase(s) and 0 voter word(s)"
"10.1177/0191453720910450","Is there another people? Populism, radical democracy and immanent critique","2021","no party word, name or family in the title; the abstract has 0 party phrase(s) and 0 voter word(s)"
"10.1111/rsp3.12350","Italian discontent and right‐wing populism: determinants, geographies, patterns","2021","no party word, name or family in the title; the abstract has 1 party phrase(s) and 1 voter word(s)"
"10.1016/j.pragma.2021.10.002","Just thank God for Donald Trump – Dialogue practices of populists and their supporters before and after taking office","2021","the title is about voters or supporters: supporters"
"10.1353/jod.2021.0033","Latin America Erupts: Peru Goes Populist","2021","no party word, name or family in the title; the abstract has 1 party phrase(s) and 3 voter word(s)"
"10.3390/rel12040254","Nations under God: How Church–State Relations Shape Christian Responses to Right-Wing Populism in Germany and the United States","2021","no party word, name or family in the title; the abstract has 0 party phrase(s) and 1 voter word(s)"
"10.1111/rsp3.12391","One country, two populist parties: Voting patterns of the 2018 Italian elections and their determinants","2021","the title is about voters or supporters: voting"
"10.1017/s1755773920000314","Partisanship, elite messages, and support for populism in power","2021","the title is about voters or supporters: support for"
"10.17645/pag.v9i3.3961","Perceptions, Resentment, Economic Distress, and Support for Right-Wing Populist Parties in Europe","2021","the title is about voters or supporters: support for"
"10.1057/s41304-020-00310-w","Political science in the age of populism: perspectives from Turkey","2021","no party word, name or family in the title; the abstract has 1 party phrase(s) and 0 voter word(s)"
"10.1111/ecca.12374","Populism and Civil Society","2021","no party word, name or family in the title; the abstract has 2 party phrase(s) and 3 voter word(s)"
"10.1093/oso/9780197526583.001.0001","Populism and Civil Society: The Challenge to Constitutional Democracy","2021","no party word, name or family in the title; the abstract has 1 party phrase(s) and 0 voter word(s)"
"10.1177/1043463121995969","Populism and the rational choice model: The case of the French National Front","2021","no party word, name or family in the title; the abstract has 2 party phrase(s) and 7 voter word(s)"
"10.1080/01402382.2020.1739451","Populism between voting and non-electoral participation","2021","the title is about voters or supporters: voting"
"10.1108/ijhrh-10-2020-0091","Populism, pestilence and plague in the time of coronavirus","2021","no party word, name or family in the title; the abstract has 0 party phrase(s) and 0 voter word(s)"
"10.1080/13876988.2020.1749518","Populism, Politicization and Policy Change in US and UK Agro-food Policies","2021","no party word, name or family in the title; the abstract has 1 party phrase(s) and 0 voter word(s)"
"10.1080/01436597.2021.1896965","Populism, violence and authoritarian stability: necropolitics in Turkey","2021","no party word, name or family in the title; the abstract has 1 party phrase(s) and 0 voter word(s)"
"10.1515/ip-2021-4004","Populist discourse and active metaphors in the 2016 US presidential elections","2021","no party word, name or family in the title; the abstract has 1 party phrase(s) and 0 voter word(s)"
"10.1080/11926422.2020.1819357","Populist foreign policy: the case of Italy","2021","no party word, name or family in the title; the abstract has 1 party phrase(s) and 0 voter word(s)"
"10.1093/ijpor/edaa042","Populist Words Speak Louder? Ideology-Inconsistent Personalization and Voting for Populist Candidates","2021","the title is about voters or supporters: voting"
"10.1080/10361146.2021.1956431","Populists or nativist authoritarians? A cross-national analysis of the radical right","2021","a party family in the title, but the abstract speaks mostly of voters (5 voter words, 3 party phrases)"
"10.1002/jts5.77","Power to the people: Disidentification with the government and the support for populism","2021","the title is about voters or supporters: support for"
"10.1561/113.00000042","Primaries and Populism: Voter Efficacy, Champions, and Election Rules","2021","the title is about voters or supporters: voter"
"10.1080/00938157.2021.1962035","Race and rage: Mourning loss in right-wing populism and ethnonationalism","2021","no party word, name or family in the title; the abstract has 0 party phrase(s) and 0 voter word(s)"
"10.1093/icon/moab027","Rawls and right-wing populism— A qualified defense of the former: A reply to Gila Stopler","2021","no party word, name or family in the title; the abstract has 0 party phrase(s) and 0 voter word(s)"
"10.1080/09644008.2020.1723002","Religious Immunity to Populism: Christian Religiosity and Public Support for the Alternative for Germany","2021","the title is about voters or supporters: support for"
"10.2478/pce-2021-0009","Riders on the storm: the role of populism in the global crisis of democracy and in the functioning of electoral autocracies","2021","no party word, name or family in the title; the abstract has 1 party phrase(s) and 0 voter word(s)"
"10.1177/1354068820920853","Right populist parties and support for strong leaders","2021","the title is about voters or supporters: support for"
"10.1080/01419870.2020.1857814","Right-wing populism and gender. European perspectives and beyond: by Gabriele Dietze and Julia Roth, eds., Bielefeld, transcript Verlag, 2020, 283 pp., 35 € (print and PDF), ISBN: 978-3-8376-4980-2 (print); ISBN: 978-3-8394-4980-6 (PDF)","2021","no party word, name or family in the title; the abstract has 0 party phrase(s) and 0 voter word(s)"
"10.1080/14616742.2020.1859399","Right-Wing Populism and Gender: European Perspectives and Beyond: edited by Gabriele Dietze and Julia Roth, Bielefeld, transcript, 2020, 286 pp., $40.00 (paperback), ISBN 978-3-8376-4980-2","2021","no party word, name or family in the title; the abstract has 0 party phrase(s) and 0 voter word(s)"
"10.1007/s12116-021-09336-7","Right-Wing Populism and Vigilante Violence in Asia","2021","no party word, name or family in the title; the abstract has 0 party phrase(s) and 0 voter word(s)"
"10.1093/icon/moab028","Right-wing populism, the reasonable, and the limits of ideal theory: A reply to Gila Stopler","2021","no party word, name or family in the title; the abstract has 0 party phrase(s) and 0 voter word(s)"
"10.1080/0031322x.2021.2014089","Right-wing populist affective governing: a frame analysis of Austrian parliamentary debates on migration","2021","no party word, name or family in the title; the abstract has 0 party phrase(s) and 2 voter word(s)"
"10.1080/09644016.2020.1813997","Right-wing populist parties and environmental politics: insights from the Austrian Freedom Party’s support for the glyphosate ban","2021","the title is about voters or supporters: support for"
"10.1002/berj.3726","Right‐wing populism and education: Introduction to the special section","2021","no party word, name or family in the title; the abstract has 0 party phrase(s) and 0 voter word(s)"
"10.1111/1467-9477.12196","Same Problems, Different Solutions: Stealth Democracy and the Vote for a Populist Party","2021","the title is about voters or supporters: vote"
"10.22323/2.20040208","Science communicators intimidated: researchers' freedom of expression and the rise of authoritarian populism","2021","no party word, name or family in the title; the abstract has 1 party phrase(s) and 0 voter word(s)"
"10.1080/1369118x.2019.1668455","Social media use and support for populist radical right parties: assessing exposure and selection effects in a two-wave panel study","2021","the title is about voters or supporters: support for"
"10.4324/9781003241256","Sovereignism and Populism: Citizens, Voters and Parties in Western European Democracies","2021","the title is about voters or supporters: voters"
"10.1080/23311886.2021.1982495","Space and the emotional topography of populism in Turkey: The case of Hagia Sophia","2021","no party word, name or family in the title; the abstract has 1 party phrase(s) and 0 voter word(s)"
"10.1016/j.polgeo.2021.102461","Spatial variation in populist right voting in Austria, 2013–2017","2021","the title is about voters or supporters: voting"
"10.1177/2057047319884122","Tabloid news, anti-immigration attitudes, and support for right-wing populist parties","2021","the title is about voters or supporters: attitudes, support for"
"10.1080/14682761.2021.1964818","The counter-theatricality of right-wing populist performance","2021","no party word, name or family in the title; the abstract has 0 party phrase(s) and 0 voter word(s)"
"10.1080/03017605.2021.2003484","The crisis of value, ‘right-wing populism’ and the prospects for human emancipation","2021","no party word, name or family in the title; the abstract has 0 party phrase(s) and 0 voter word(s)"
"10.17645/mac.v9i2.3803","The Dark Side of Inspirational Pasts: An Investigation of Nostalgia in Right-Wing Populist Communication","2021","no party word, name or family in the title; the abstract has 0 party phrase(s) and 4 voter word(s)"
"10.1093/icon/moab031","The feminist critique of liberalism and the challenge of right-wing populism: A reply to Gila Stopler","2021","no party word, name or family in the title; the abstract has 0 party phrase(s) and 0 voter word(s)"
"10.1080/10584609.2020.1820647","The Impact of News Consumption on Anti-immigration Attitudes and Populist Party Support in a Changing Media Ecology","2021","the title is about voters or supporters: attitudes"
"10.1177/0267323121991334","The kiss of death. Public service media under right-wing populist attack","2021","no party word, name or family in the title; the abstract has 0 party phrase(s) and 0 voter word(s)"
"10.1163/21659214-bja10028","The Online Intersection among Islamophobia, Populism, and Hate Speech: An Italian Perspective","2021","no party word, name or family in the title; the abstract has 1 party phrase(s) and 0 voter word(s)"
"10.1111/ssqu.12889","The People and The Nation: The “Thick” and the “Thin” of Right‐Wing Populism in Canada","2021","no party word, name or family in the title; the abstract has 0 party phrase(s) and 7 voter word(s)"
"10.1093/icon/moab032","The personal is political: The feminist critique of liberalism and the challenge of right-wing populism","2021","no party word, name or family in the title; the abstract has 1 party phrase(s) and 1 voter word(s)"
"10.1177/2399654420951803","The revenge of the village? The geography of right-wing populist electoral success, anti-politics, and austerity in Germany","2021","no party word, name or family in the title; the abstract has 1 party phrase(s) and 1 voter word(s)"
"10.1080/08854300.2021.1949778","The Rise of Right-Wing Populism, Authoritarianism & Fascism","2021","no party word, name or family in the title; the abstract has 0 party phrase(s) and 0 voter word(s)"
"10.1017/gov.2019.35","The Strategic Logic of Islamophobic Populism","2021","no party word, name or family in the title; the abstract has 2 party phrase(s) and 2 voter word(s)"
"10.1007/s00168-021-01046-1","The urban–rural divide in radical right populist support: the role of resident’s characteristics, urbanization trends and public service supply","2021","a party family in the title, but the abstract speaks mostly of voters (11 voter words, 3 party phrases)"
"10.1093/ijpor/edaa004","They Are Selling Themselves Out to the Enemy! The Content and Effects of Populist Conspiracy Theories","2021","no party word, name or family in the title; the abstract has 3 party phrase(s) and 4 voter word(s)"
"10.1017/ics.2020.30","Those were the days: welfare nostalgia and the populist radical right in the Netherlands, Austria and Sweden","2021","a party family in the title, but the abstract speaks mostly of voters (3 voter words, 2 party phrases)"
"10.1080/13569775.2021.1917164","Towards an intersectional approach to populism: comparative perspectives from Finland and India","2021","no party word, name or family in the title; the abstract has 0 party phrase(s) and 0 voter word(s)"
"10.17645/mac.v9i4.4213","Trolls, Pressure and Agenda: The discursive fight on Twitter in Turkey","2021","no party word, name or family in the title; the abstract has 1 party phrase(s) and 1 voter word(s)"
"10.1561/113.00000044","Voter Support for Anti-Immigrant Populist Parties: The Effect of Economic Pessimism and “Out-Group” Immigration","2021","the title is about voters or supporters: support for, voter"
"10.1111/rsp3.12411","Voting and the rise of populism: Spatial perspectives and applications across Europe","2021","the title is about voters or supporters: voting"
"10.1093/bjsw/bcaa199","Why Are You Backing Such Positions? Types and Trajectories of Social Workers’ Right-Wing Populist Support","2021","no party word, name or family in the title; the abstract has 1 party phrase(s) and 2 voter word(s)"
"10.1146/annurev-economics-070220-032416","Why Does Globalization Fuel Populism? Economics, Culture, and the Rise of Right-Wing Populism","2021","no party word, name or family in the title; the abstract has 1 party phrase(s) and 2 voter word(s)"
"10.1017/gov.2019.28","Young and Temporary: Youth Employment Insecurity and Support for Right-Wing Populist Parties in Europe","2021","the title is about voters or supporters: support for"
"10.1177/1354068819827513","‘Not my government!’ The role of norms and populist attitudes on voter preferences for government formation after the election","2021","the title is about voters or supporters: attitudes, voter"
"10.1057/s41599-021-00930-7","“Don’t confuse me with facts”—how right wing populism affects trust in agencies advocating anthropogenic climate change as a reality","2021","no party word, name or family in the title; the abstract has 0 party phrase(s) and 4 voter word(s)"
"10.2478/sjs-2020-0025","(When) Do Critical Life Events Push People to the Populist Radical Right? Support for the Swiss People’s Party Following Relationship Dissolution, Unemployment or a Health Crisis","2020","the title is about voters or supporters: support for"
"10.17645/pag.v8i4.3876","A Marriage of Convenience: Responsive Populists and Responsible Experts","2020","no party word, name or family in the title; the abstract has 2 party phrase(s) and 5 voter word(s)"
"10.1017/gov.2018.24","Are the Supporters of Populist Parties Loyal Voters? Dissatisfaction and Stable Voting for Populist Parties","2020","the title is about voters or supporters: supporters, voters, voting"
"10.1080/21599165.2020.1737523","At odds with Europe: explaining populist radical right voting in Central and Eastern Europe","2020","the title is about voters or supporters: voting"
"10.1177/0950017019863653","Blue Solidarity: Police Unions, Race and Authoritarian Populism in North America","2020","no party word, name or family in the title; the abstract has 1 party phrase(s) and 1 voter word(s)"
"10.1177/1354068818810283","Changes in local context and electoral support for the populist radical right: Evidence from Finland","2020","the title is about voters or supporters: electoral support"
"10.1111/aepr.12303","Comment on “Dutertenomics: Populism, Progress and Prospects”","2020","no party word, name or family in the title; the abstract has 0 party phrase(s) and 1 voter word(s)"
"10.1080/10361146.2020.1774507","Compulsory voting and right-wing populism: mobilisation, representation and socioeconomic inequalities","2020","the title is about voters or supporters: voting"
"10.1080/13608746.2020.1864910","Demand without Supply? Populist Attitudes and Voting Behaviour in Post-Bailout Portugal","2020","the title is about voters or supporters: attitudes, voting"
"10.1177/1097184x18780459","Discursive Constructions of White Nordic Masculinities in Right-wing Populist Media","2020","no party word, name or family in the title; the abstract has 0 party phrase(s) and 0 voter word(s)"
"10.1080/10350330.2020.1766199","Discursive shifts and the normalisation of racism: imaginaries of immigration, moral panics and the discourse of contemporary right-wing populism","2020","no party word, name or family in the title; the abstract has 0 party phrase(s) and 0 voter word(s)"
"10.17645/pag.v8i3.2915","Disentangling How Populism and Radical Host Ideologies Shape Citizens’ Conceptions of Democratic Decision-Making","2020","no party word, name or family in the title; the abstract has 0 party phrase(s) and 5 voter word(s)"
"10.1177/1369148119886213","Eager to leave? Populist radical right parties’ responses to the UK’s Brexit vote","2020","the title is about voters or supporters: vote"
"10.1007/s10272-020-0866-4","Economic Crisis, Poor Governance and the Rise of Populism: The Case of Greece","2020","no party word, name or family in the title; the abstract has 1 party phrase(s) and 0 voter word(s)"
"10.1163/9789004424531","Enough Already! A Socialist Feminist Response to the Re-emergence of Right Wing Populism and Fascism in Media","2020","no party word, name or family in the title; the abstract has 0 party phrase(s) and 0 voter word(s)"
"10.1163/9789004416017","European Populism and Human Rights","2020","no party word, name or family in the title; the abstract has 0 party phrase(s) and 0 voter word(s)"
"10.3390/rel11100516","Exclusionary Populism and Islamophobia: A Comparative Analysis of Italy and Spain","2020","no party word, name or family in the title; the abstract has 1 party phrase(s) and 1 voter word(s)"
"10.17645/pag.v8i4.3397","Expert Ministers in New Democracies: Delegation, Communist Legacies, or Technocratic Populism?","2020","no party word, name or family in the title; the abstract has 1 party phrase(s) and 0 voter word(s)"
"10.1007/s11615-020-00247-1","Fighting Fire with Fire? Inequality, Populism and Voter Turnout","2020","the title is about voters or supporters: voter"
"10.1080/07078552.2020.1802834","For the people? Regulating employment standards in an era of Right-wing populism","2020","no party word, name or family in the title; the abstract has 0 party phrase(s) and 0 voter word(s)"
"10.17645/pag.v8i1.2540","How Do Populist Voters Rate Their Political Leaders? Comparing Citizen Assessments in Three Jurisdictions","2020","the title is about voters or supporters: voters"
"10.1111/1748-8583.12269","Human resource management practices in the context of rising right‐wing populism","2020","no party word, name or family in the title; the abstract has 0 party phrase(s) and 0 voter word(s)"
"10.1007/978-3-030-41761-1","Immigration Policy and Right-Wing Populism in Western Europe","2020","no party word, name or family in the title; the abstract has 0 party phrase(s) and 0 voter word(s)"
"10.3390/su12208465","Implementing the Sustainable Development Goals in Times of Rising Right-Wing Populism in Europe","2020","no party word, name or family in the title; the abstract has 0 party phrase(s) and 0 voter word(s)"
"10.1080/23745118.2019.1596583","In the name of the people: left populists versus right populists","2020","no party word, name or family in the title; the abstract has 2 party phrase(s) and 8 voter word(s)"
"10.1111/pops.12632","Justice for the People? How Justice Sensitivity Can Foster and Impair Support for Populist Radical‐Right Parties and Politicians in the United States and in Germany","2020","the title is about voters or supporters: support for"
"10.1111/spsr.12404","Leader Effects and Voting for the Populist Radical Right in Western Europe","2020","the title is about voters or supporters: voting"
"10.1108/9781839092039","Left-Wing Populism: The Politics of the People","2020","no party word, name or family in the title; the abstract has 0 party phrase(s) and 0 voter word(s)"
"10.1057/s41304-020-00244-3","Left-wing populism? In Europe? Yes, please!","2020","no party word, name or family in the title; the abstract has 0 party phrase(s) and 0 voter word(s)"
"10.1002/ejsp.2673","Make America gracious again: Collective nostalgia can increase and decrease support for right‐wing populist rhetoric","2020","the title is about voters or supporters: support for"
"10.1093/ijpor/edz018","Measuring Populism across Nations: Testing for Measurement Invariance of an Inventory of Populist Attitudes","2020","the title is about voters or supporters: attitudes"
"10.1111/soru.12286","Mundane Populism: Politics, Practices and Discourses of Roma Oppression in Rural Slovakia","2020","no party word, name or family in the title; the abstract has 0 party phrase(s) and 0 voter word(s)"
"10.1353/hrq.2020.0036","Once Upon a Time, a Human Rights Ally: The State and its Bureaucracy in Right-Wing Populist Brazil","2020","no party word, name or family in the title; the abstract has 0 party phrase(s) and 0 voter word(s)"
"10.1080/10361146.2020.1799937","Political distrust and right-wing populist party voting in Australia","2020","the title is about voters or supporters: voting"
"10.1080/14693062.2020.1736490","Political populism, responsiveness, and public support for climate mitigation","2020","the title is about voters or supporters: support for"
"10.1111/1467-9566.13173","Populism and health policy: three international case studies of right‐wing populist policy frames","2020","no party word, name or family in the title; the abstract has 1 party phrase(s) and 1 voter word(s)"
"10.17645/pag.v8i1.2560","Populism and Political Knowledge: The United States in Comparative Perspective","2020","no party word, name or family in the title; the abstract has 0 party phrase(s) and 5 voter word(s)"
"10.1177/1368431019866338","Populism and the yearning for closure: From economic to cultural fragility","2020","no party word, name or family in the title; the abstract has 1 party phrase(s) and 2 voter word(s)"
"10.1177/1024258920934329","Populism and trade union internationalism: the case of Italy","2020","no party word, name or family in the title; the abstract has 2 party phrase(s) and 4 voter word(s)"
"10.1177/0010414019879947","Populism as a Problem of Social Integration","2020","no party word, name or family in the title; the abstract has 3 party phrase(s) and 3 voter word(s)"
"10.1080/03066150.2019.1680542","Populism from above and below: the path to regression in Brazil","2020","no party word, name or family in the title; the abstract has 1 party phrase(s) and 0 voter word(s)"
"10.1080/14683849.2019.1637260","Populism in Turkey and France: nativism, multiculturalism and Euroskepticism","2020","no party word, name or family in the title; the abstract has 2 party phrase(s) and 2 voter word(s)"
"10.1080/14767430.2020.1800967","Populism, citizenship, and post-truth politics","2020","no party word, name or family in the title; the abstract has 0 party phrase(s) and 1 voter word(s)"
"10.1080/04353684.2020.1780146","Populism, nationalism and Marxism in Sri Lanka: from anti-colonial struggle to authoritarian neoliberalism","2020","no party word, name or family in the title; the abstract has 1 party phrase(s) and 0 voter word(s)"
"10.1111/soru.12291","Populism, Neoliberalism and Agrarian Movements in Europe. Understanding Rural Support for Right‐Wing Politics and Looking for Progressive Solutions","2020","the title is about voters or supporters: support for"
"10.1080/21567689.2020.1851871","Populism, Ontological Insecurity and Gendered Nationalism: Masculinity, Climate Denial and Covid-19","2020","no party word, name or family in the title; the abstract has 1 party phrase(s) and 0 voter word(s)"
"10.1177/0032321719842768","Populist Attitudes, Political Trust, and External Political Efficacy: Old Wine in New Bottles?","2020","the title is about voters or supporters: attitudes"
"10.1080/18902138.2020.1715118","Populist attraction: the symbolic uses of masculinities in the Austrian general election campaign 2017","2020","no party word, name or family in the title; the abstract has 1 party phrase(s) and 0 voter word(s)"
"10.1080/08824096.2020.1736541","Populist linguistic tone in recent U.S. presidential campaign discourse: a DICTION analysis","2020","no party word, name or family in the title; the abstract has 0 party phrase(s) and 0 voter word(s)"
"10.1163/25888072-bja10011","Populist Mediation of the Pandemic: The Corona-Crisis Seen through Right-Wing Populist Alternative Media","2020","no party word, name or family in the title; the abstract has 0 party phrase(s) and 0 voter word(s)"
"10.1177/0191453720903486","Populist multiculturalism: Are there majority cultural rights?","2020","no party word, name or family in the title; the abstract has 0 party phrase(s) and 0 voter word(s)"
"10.1017/s0260210519000421","Populist stories of honest men and proud mothers: A visual narrative analysis","2020","no party word, name or family in the title; the abstract has 1 party phrase(s) and 0 voter word(s)"
"10.1080/00344893.2019.1700153","Populists in Government: Voter Defection and Party Resilience","2020","the title is about voters or supporters: voter"
"10.1177/1367549420921400","Recurring ideas: Searching for the roots of right-wing populism in Eastern Europe","2020","no party word, name or family in the title; the abstract has 0 party phrase(s) and 0 voter word(s)"
"10.1177/2233865920968657","Religious populism in Pakistani Punjab: How Khadim Rizvi’s Tehreek-e-Labbaik Pakistan emerged","2020","no party word, name or family in the title; the abstract has 0 party phrase(s) and 2 voter word(s)"
"10.14361/9783839449806","Right-Wing Populism and Gender: European Perspectives and Beyond","2020","no party word, name or family in the title; the abstract has 0 party phrase(s) and 0 voter word(s)"
"10.3167/gps.2020.380204","Right-Wing Populism and International Issues","2020","no party word, name or family in the title; the abstract has 1 party phrase(s) and 0 voter word(s)"
"10.3390/rel11100490","Right-Wing Populism and Religion in Europe and the USA","2020","no party word, name or family in the title; the abstract has 1 party phrase(s) and 2 voter word(s)"
"10.1080/18902138.2019.1701795","Right-wing populism and safe identities","2020","no party word, name or family in the title; the abstract has 0 party phrase(s) and 3 voter word(s)"
"10.1080/07352166.2019.1657021","Right-wing populism in a metropolis: Personal financial stress, conservative attitudes, and Rob Ford’s Toronto","2020","the title is about voters or supporters: attitudes"
"10.4102/hts.v76i3.6005","Right-wing populism in New Turkey: Leading to all new grounds for troll science in gender theory","2020","no party word, name or family in the title; the abstract has 1 party phrase(s) and 0 voter word(s)"
"10.1080/17441692.2020.1718733","Right-wing populism in Poland and anti-vaccine myths on YouTube: Political and cultural threats to public health","2020","no party word, name or family in the title; the abstract has 0 party phrase(s) and 0 voter word(s)"
"10.1177/1354066119850253","Right-wing populism with Chinese characteristics? Identity, otherness and global imaginaries in debating world politics online","2020","no party word, name or family in the title; the abstract has 0 party phrase(s) and 0 voter word(s)"
"10.1177/1461444819893983","Right-wing populism, social media and echo chambers in Western democracies","2020","no party word, name or family in the title; the abstract has 4 party phrase(s) and 4 voter word(s)"
"10.1177/0952076719869789","Right-wing populist attitudes among European public servants – A cross-country comparison","2020","the title is about voters or supporters: attitudes"
"10.1111/asap.12203","Right‐Wing Populism and Climate Change Denial: The Roles of Exclusionary and Anti‐Egalitarian Preferences, Conservative Ideology, and Antiestablishment Attitudes","2020","the title is about voters or supporters: attitudes"
"10.1111/wusa.12489","Right‐wing populism, organized labor, and white workers in Sudbury, Ontario: A cautionary tale from the 2018 Ontario election","2020","no party word, name or family in the title; the abstract has 0 party phrase(s) and 0 voter word(s)"
"10.1163/22116117_01701002","Save the People! Elite-People Relations and the Surge of Nationalism and Right-Wing Populism Across Europe","2020","no party word, name or family in the title; the abstract has 0 party phrase(s) and 0 voter word(s)"
"10.1093/joc/jqaa020","Shattering Populists’ Rhetoric with Satire at Elections Times: The Effect of Humorously Holding Populists Accountable for Their Lack of Solutions","2020","no party word, name or family in the title; the abstract has 4 party phrase(s) and 6 voter word(s)"
"10.3389/fsoc.2020.619572","Shield Maidens, Fashy Femmes, and TradWives: Feminism, Patriarchy, and Right-Wing Populism","2020","no party word, name or family in the title; the abstract has 0 party phrase(s) and 0 voter word(s)"
"10.3167/bhs.2020.130208","Situating Right-Wing Populisms and Revisiting The Men and the Boys under the Neoliberal Turn:","2020","no party word, name or family in the title; the abstract has 0 party phrase(s) and 0 voter word(s)"
"10.1515/auk-2020-0015","Social Integration and Right-Wing Populist Voting in Germany: How Subjective Social Marginalization Affects Support for the AfD","2020","the title is about voters or supporters: support for, voting"
"10.1111/asap.12212","Social Representations of Sociopolitical Groups on r/The_Donald and Emergent Conflict Narratives: A Qualitative Content Analysis","2020","no party word, name or family in the title; the abstract has 1 party phrase(s) and 0 voter word(s)"
"10.1093/ijpor/edz034","Speaking Up or Silencing Out in the Face of Rising Right-Wing Populism: A Dynamic Test of the Spiral of Silence across 15 European Countries","2020","no party word, name or family in the title; the abstract has 0 party phrase(s) and 0 voter word(s)"
"10.1080/10584609.2019.1661890","Stuck in a Nativist Spiral: Content, Selection, and Effects of Right-Wing Populists’ Communication on Facebook","2020","a party family in the title, but the abstract speaks mostly of voters (7 voter words, 1 party phrases)"
"10.3167/ijsq.2020.100204","Support for a Populist Government in Poland: A Few Notes about Its Economic and Cultural Divides","2020","the title is about voters or supporters: support for"
"10.1111/pops.12643","Support for the Populist Radical Right: Between Uncertainty Avoidance and Risky Choice","2020","the title is about voters or supporters: support for"
"10.1016/j.ecolecon.2020.106723","Sustainable Development and Populism","2020","no party word, name or family in the title; the abstract has 3 party phrase(s) and 3 voter word(s)"
"10.1111/dech.12577","The Dark Sides of Social Policy: From Neoliberalism to Resurgent Right‐wing Populism","2020","no party word, name or family in the title; the abstract has 0 party phrase(s) and 0 voter word(s)"
"10.3817/1220193095","The Ethnosociological and Existential Dimensions of Alexander Dugin’s Populism","2020","no party word, name or family in the title; the abstract has 0 party phrase(s) and 0 voter word(s)"
"10.1177/1354068818761180","The fiscally moderate Italian populist voter: Evidence from a survey experiment","2020","the title is about voters or supporters: voter"
"10.1080/03932729.2020.1731168","The Global Political Economy of Right-wing Populism: Deconstructing the Paradox","2020","no party word, name or family in the title; the abstract has 0 party phrase(s) and 0 voter word(s)"
"10.1080/17457289.2018.1544905","The impact of candidates’ vocal expression on policy agreement and candidate support: differences between populist radical right and other voters","2020","the title is about voters or supporters: voters"
"10.1177/1868103420935555","The Limits of “Populism”: How Malaysia Misses the Mark and Why That Matters","2020","no party word, name or family in the title; the abstract has 1 party phrase(s) and 1 voter word(s)"
"10.30819/cmse.4-1.04","The Mediatization and Culturalization of Populist Political Communication","2020","no party word, name or family in the title; the abstract has 0 party phrase(s) and 0 voter word(s)"
"10.1080/13698230.2019.1585151","The new democracy: anarchist or populist?","2020","no party word, name or family in the title; the abstract has 1 party phrase(s) and 0 voter word(s)"
"10.17645/pag.v8i1.2508","The Populist Radical Right in the US: New Media and the 2018 Arizona Senate Primary","2020","a party family in the title, but the abstract speaks mostly of voters (8 voter words, 3 party phrases)"
"10.1080/09644016.2019.1708186","The role of populist attitudes in explaining climate change skepticism and support for environmental protection","2020","the title is about voters or supporters: attitudes, support for"
"10.1080/14683849.2019.1619175","The role of populist strategies in differing outcomes of corruption scandals in Brazil and Turkey","2020","no party word, name or family in the title; the abstract has 0 party phrase(s) and 0 voter word(s)"
"10.3389/fcomm.2020.557561","Understanding Support for Populist Radical Right Parties: Toward a Model That Captures Both Demand-and Supply-Side Factors","2020","the title is about voters or supporters: support for"
"10.1163/25888072-bja10013","Using the Past in Populist Communicational Strategies: How the Memory of Securitate is Instrumentalised in Romanian Politics?","2020","no party word, name or family in the title; the abstract has 0 party phrase(s) and 0 voter word(s)"
"10.1111/1475-6765.12373","Voter mobilisation in the echo chamber: Broadband internet and the rise of populism in Europe","2020","the title is about voters or supporters: voter"
"10.1111/ssqu.12838","Welfare Chauvinism? Refugee Flows and Electoral Support for Populist‐Right Parties in Industrial Democracies","2020","the title is about voters or supporters: electoral support"
"10.1177/1350506820929222","What’s gender got to do with populism?","2020","no party word, name or family in the title; the abstract has 1 party phrase(s) and 0 voter word(s)"
"10.1080/01402382.2019.1608752","Who votes for new parties? Economic voting, political ideology and populist attitudes","2020","the title is about voters or supporters: attitudes, votes, voting"
"10.1558/rsth.42161","Whose Populism? Which People? Mouffe, Girard and Lonergan in Dialogue","2020","no party word, name or family in the title; the abstract has 1 party phrase(s) and 0 voter word(s)"
"10.1177/1748048520943694","Why Paulo Freire is a threat for right-wing populism: Lessons for communication of hope","2020","no party word, name or family in the title; the abstract has 0 party phrase(s) and 0 voter word(s)"
"10.1080/10584609.2020.1723754","Widening the Divide between Them and Us? The Effects of Populist Communication on Cognitive and Affective Stereotyping in a Comparative European Setting","2020","no party word, name or family in the title; the abstract has 0 party phrase(s) and 1 voter word(s)"
"10.1016/j.cobeha.2019.11.011","Xenophobia, prejudice, and right-wing populism in East-Central Europe","2020","no party word, name or family in the title; the abstract has 1 party phrase(s) and 2 voter word(s)"
"10.1080/03066150.2020.1830767","‘Actually existing’ right-wing populism in rural Europe: insights from eastern Germany, Spain, the United Kingdom and Ukraine","2020","no party word, name or family in the title; the abstract has 0 party phrase(s) and 1 voter word(s)"
"10.1111/soru.12304","‘Close the Ports to African Migrants and Asian Rice!’: The Politics of Agriculture and Migration and the Rise of a ‘New’ Right‐Wing Populism in Italy","2020","no party word, name or family in the title; the abstract has 1 party phrase(s) and 0 voter word(s)"
"10.1177/0888325418783056","A New Populist Divide? Correspondences of Supply and Demand in the 2015 Polish Parliamentary Elections","2019","no party word, name or family in the title; the abstract has 3 party phrase(s) and 11 voter word(s)"
"10.1111/pops.12571","Applying the Theory of Affective Intelligence to Support for Authoritarian Policies and Parties","2019","the title is about voters or supporters: support for"
"10.1080/17457289.2019.1666270","Authoritarian attitudes and support for radical right populists","2019","the title is about voters or supporters: attitudes, support for"
"10.1080/00344893.2019.1643772","Between Thin- and Host-ideologies: How Populist Attitudes Interact with Policy Preferences in Shaping Voting Behaviour","2019","the title is about voters or supporters: attitudes, voting"
"10.1177/1354068819876774","Book review: Nordic Nationalism and Right-Wing Populist Politics","2019","no party word, name or family in the title; the abstract has 0 party phrase(s) and 0 voter word(s)"
"10.1177/1462474518757093","Bordered penal populism: When populism and Scandinavian exceptionalism meet","2019","no party word, name or family in the title; the abstract has 1 party phrase(s) and 3 voter word(s)"
"10.1093/jel/eqz021","Climate Populism, Courts, and Science","2019","no party word, name or family in the title; the abstract has 2 party phrase(s) and 2 voter word(s)"
"10.1111/josp.12328","Combatting Right‐Wing Populism","2019","no party word, name or family in the title; the abstract has 0 party phrase(s) and 0 voter word(s)"
"10.1080/13608746.2019.1688515","Competition in a Populist Authoritarian Regime: The June 2018 Dual Elections in Turkey","2019","no party word, name or family in the title; the abstract has 1 party phrase(s) and 1 voter word(s)"
"10.16995/olh.406","Contesting #StopIslam: The Dynamics of a Counter-narrative Against Right-wing Populism","2019","no party word, name or family in the title; the abstract has 0 party phrase(s) and 0 voter word(s)"
"10.1080/22041451.2019.1695082","Critical discourse analysis in political communication research: a case study of right-wing populist discourse in Australia","2019","no party word, name or family in the title; the abstract has 0 party phrase(s) and 0 voter word(s)"
"10.1080/13501763.2018.1561743","Differently Eurosceptic: radical right populist parties and their supporters","2019","the title is about voters or supporters: supporters"
"10.1177/2056305119885328","Digital Media and the Entrenchment of Right-Wing Populist Agendas","2019","no party word, name or family in the title; the abstract has 0 party phrase(s) and 0 voter word(s)"
"10.1002/ijop.12496","Divergence over conformity: Change in immigration attitudes after the electoral success of an anti‐immigration populist party in the Finnish 2015 parliamentary elections","2019","the title is about voters or supporters: attitudes"
"10.1093/esr/jcz023","Do Changes in Material Circumstances Drive Support for Populist Radical Parties? Panel Data Evidence from the Netherlands during the Great Recession, 2007–2015","2019","the title is about voters or supporters: support for"
"10.1016/j.physa.2018.10.054","Emergence of the unified right- and left-wing populism—When radical societal changes become more important than ideology","2019","no party word, name or family in the title; the abstract has 0 party phrase(s) and 0 voter word(s)"
"10.5325/soundings.102.2-3.0158","Ethics, Identity, and Political Mediation in Right-Wing American Populism","2019","no party word, name or family in the title; the abstract has 0 party phrase(s) and 0 voter word(s)"
"10.1111/jcms.12806","Euroscepticism among Dutch Leftist and Rightist Populist Constituencies: How can the U‐Curve be Understood?","2019","no party word, name or family in the title; the abstract has 4 party phrase(s) and 6 voter word(s)"
"10.1086/701832","Framing and Blame Attribution in Populist Rhetoric","2019","no party word, name or family in the title; the abstract has 2 party phrase(s) and 8 voter word(s)"
"10.1080/23745118.2019.1569337","Frontiers of hatred? A study of right-wing populist strategies in Slovakia","2019","no party word, name or family in the title; the abstract has 0 party phrase(s) and 0 voter word(s)"
"10.1177/0263395717745476","Gender, gendered personality traits and radical right populist voting","2019","the title is about voters or supporters: voting"
"10.1177/0002764219831731","Gendering Resistance to Right-Wing Populism: Black Protest and a New Wave of Feminist Activism in Poland?","2019","no party word, name or family in the title; the abstract has 1 party phrase(s) and 0 voter word(s)"
"10.17645/mac.v7i1.1629","Immigrant, Nationalist and Proud: A Twitter Analysis of Indian Diaspora Supporters for Brexit and Trump","2019","the title is about voters or supporters: supporters"
"10.1080/00344893.2019.1572647","Insights from the Quantification of the Study of Populism","2019","no party word, name or family in the title; the abstract has 3 party phrase(s) and 3 voter word(s)"
"10.1080/1362704x.2019.1657260","Intersectional Interventions into Queer and Trans Liberation: Youth Resistance Against Right-Wing Populism Through Fashion Hacking","2019","no party word, name or family in the title; the abstract has 0 party phrase(s) and 1 voter word(s)"
"10.1111/wusa.12438","Just transitions in a dual labor market: Right wing populism and austerity in the German energiewende","2019","no party word, name or family in the title; the abstract has 0 party phrase(s) and 1 voter word(s)"
"10.1177/0094582x18807723","Left Populism, State Building, Class Compromise, and Social Conflict in Ecuador’s Citizens’ Revolution","2019","no party word, name or family in the title; the abstract has 2 party phrase(s) and 2 voter word(s)"
"10.1080/19448953.2018.1497756","Left-wing populism within horizontal and vertical politics: the case of Kurdish-led radical democracy in agonistic pluralism","2019","no party word, name or family in the title; the abstract has 1 party phrase(s) and 0 voter word(s)"
"10.1163/25888072-02021033","Mapping Antiglobalist Populism: Bringing Ideology Back In","2019","no party word, name or family in the title; the abstract has 1 party phrase(s) and 0 voter word(s)"
"10.1080/21598282.2019.1649020","Marxism and Left Populism in Southern Europe Today","2019","no party word, name or family in the title; the abstract has 1 party phrase(s) and 0 voter word(s)"
"10.1080/07352166.2018.1448227","Mass media and border securitization in Europe: Investigating the metropolitan “Mediapolis” in an era of right-wing populism","2019","no party word, name or family in the title; the abstract has 1 party phrase(s) and 0 voter word(s)"
"10.19195/1899-5101.12.2(23).6","Media populism in Macedonia: Right-wing populist style in the coverage of the “migrant crisis”","2019","no party word, name or family in the title; the abstract has 1 party phrase(s) and 0 voter word(s)"
"10.1177/0267323119861875","Negativity, emotionality and populist rhetoric in election campaigns worldwide, and their effects on media attention and electoral success","2019","no party word, name or family in the title; the abstract has 0 party phrase(s) and 0 voter word(s)"
"10.1111/1467-9566.12956","New public management, physicians and populism: Turkey's experience with health reforms","2019","no party word, name or family in the title; the abstract has 1 party phrase(s) and 0 voter word(s)"
"10.19195/1899-5101.12.2(23).3","Nonverbal components of the populist style of political communication: A study on televised presidential debates in Poland","2019","no party word, name or family in the title; the abstract has 0 party phrase(s) and 1 voter word(s)"
"10.1080/13510347.2019.1577382","Nordic nationalism and right-wing populist politics: imperial relationships and national sentiments, by Eirikur Bergmann","2019","no party word, name or family in the title; the abstract has 0 party phrase(s) and 0 voter word(s)"
"10.1080/09644016.2019.1608659","Opposition to carbon pricing and right-wing populism: Ontario’s 2018 general election","2019","no party word, name or family in the title; the abstract has 0 party phrase(s) and 0 voter word(s)"
"10.1080/10758216.2018.1484667","Polish Right-Wing Populism in the Era of Social Media: The Unexpected Careers of Paweł Kukiz and Janusz Korwin-Mikke","2019","no party word, name or family in the title; the abstract has 0 party phrase(s) and 1 voter word(s)"
"10.1177/1354068817741287","Political identities: The missing link in the study of populism","2019","no party word, name or family in the title; the abstract has 3 party phrase(s) and 3 voter word(s)"
"10.1080/13528165.2019.1718432","Politics Populism Performance","2019","no party word, name or family in the title; the abstract has 0 party phrase(s) and 0 voter word(s)"
"10.4324/9780429275289","Populism and Collective Memory: Comparing Fascist Legacies in Western Europe","2019","no party word, name or family in the title; the abstract has 0 party phrase(s) and 1 voter word(s)"
"10.1146/annurev-lawsocsci-101518-042843","Populism and Democratic Theory","2019","no party word, name or family in the title; the abstract has 1 party phrase(s) and 0 voter word(s)"
"10.1007/s10503-018-9461-2","Populism and Informal Fallacies: An Analysis of Right-Wing Populist Rhetoric in Election Campaigns","2019","no party word, name or family in the title; the abstract has 0 party phrase(s) and 0 voter word(s)"
"10.1017/s104909651800183x","Populism and the 2016 American Election: Evidence from Official Press Releases and Twitter","2019","no party word, name or family in the title; the abstract has 0 party phrase(s) and 0 voter word(s)"
"10.1177/2056305119890062","Populist and Popular: An Experiment on the Drivers of User Reactions to Populist Posts on Facebook","2019","no party word, name or family in the title; the abstract has 3 party phrase(s) and 3 voter word(s)"
"10.1093/eurpub/ckz004","Populist politics and vaccine hesitancy in Western Europe: an analysis of national-level data","2019","no party word, name or family in the title; the abstract has 2 party phrase(s) and 2 voter word(s)"
"10.1080/00344893.2019.1674911","Populist Radical Right Party-Voter Policy Representation in Western Europe","2019","the title is about voters or supporters: voter"
"10.1080/17512786.2018.1564883","Populist Twitter Posts in News Stories: Statement Recognition and the Polarizing Effects on Candidate Evaluation and Anti-Immigrant Attitudes","2019","the title is about voters or supporters: attitudes"
"10.1080/15205436.2019.1655768","Putting Our Own People First: The Content and Effects of Online Right-wing Populist Discourse Surrounding the European Refugee Crisis","2019","no party word, name or family in the title; the abstract has 1 party phrase(s) and 5 voter word(s)"
"10.1080/00380253.2019.1593062","Reactionary Tribalism Redux: Right-Wing Populism and De-Democratization","2019","no party word, name or family in the title; the abstract has 0 party phrase(s) and 0 voter word(s)"
"10.1080/09637494.2018.1532266","Religion and right-wing populism in Italy: using ‘Judeo-Christian roots’ to kill the European Union","2019","no party word, name or family in the title; the abstract has 3 party phrase(s) and 4 voter word(s)"
"10.5325/soundings.102.2-3.0170","Response to Allen Dunn’s “Ethics, Identity, and Political Mediation in Right-Wing American Populism”","2019","no party word, name or family in the title; the abstract has 0 party phrase(s) and 0 voter word(s)"
"10.5325/soundings.102.2-3.0196","Response to Peg Birmingham’s “Democracy, Populism, and the Production of Superfluousness: Three Lessons from Arendt’s Origins of Totalitarianism ”","2019","no party word, name or family in the title; the abstract has 1 party phrase(s) and 3 voter word(s)"
"10.1177/1368431017754057","Rethinking Populism: Peak democracy, liquid identity and the performance of sovereignty","2019","no party word, name or family in the title; the abstract has 1 party phrase(s) and 0 voter word(s)"
"10.16995/olh.438","Right-Wing Populism and Mediated Activism: Creative Responses and Counter-Narratives Special Collection","2019","no party word, name or family in the title; the abstract has 0 party phrase(s) and 0 voter word(s)"
"10.1136/jech-2018-211995","Right-wing populism and self-rated health in Europe: a multilevel analysis","2019","no party word, name or family in the title; the abstract has 2 party phrase(s) and 3 voter word(s)"
"10.1080/03932729.2019.1588544","Right-wing Populism as a Nationalist Vision of Legitimating Collective Choice: A Supply-side Perspective","2019","no party word, name or family in the title; the abstract has 2 party phrase(s) and 3 voter word(s)"
"10.1080/03066150.2019.1572603","Rural rage: the roots of right-wing populism in the United States","2019","no party word, name or family in the title; the abstract has 0 party phrase(s) and 2 voter word(s)"
"10.1111/1467-9477.12153","Social Stigma and Support for the Populist Radical Right: An Experimental Study","2019","the title is about voters or supporters: support for"
"10.2307/j.ctvfrxr60","Stifled Progress – International Perspectives on Social Work and Social Policy in the Era of Right-Wing Populism","2019","no party word, name or family in the title; the abstract has 1 party phrase(s) and 0 voter word(s)"
"10.1080/23248823.2019.1644836","The new map of political consensus. What is new in the wave of support for the populists?","2019","the title is about voters or supporters: support for"
"10.1163/15691497-12341505","The Populist Race: Neoliberalism Falling Behind, New Right Forging Ahead, the Left Stumbling Along","2019","no party word, name or family in the title; the abstract has 0 party phrase(s) and 0 voter word(s)"
"10.1080/13510347.2019.1573815","The puzzle of populism in Iran’s electoral politics","2019","no party word, name or family in the title; the abstract has 1 party phrase(s) and 2 voter word(s)"
"10.1080/21598282.2019.1613917","The Rise of Populism, the Demise of the Neoliberal and Neoconservative Globalist Projects, and the War on Human Rights","2019","no party word, name or family in the title; the abstract has 1 party phrase(s) and 1 voter word(s)"
"10.1111/nana.12506","The secessionist spectre: the influence of authoritarianism, nativism and populism on support for Quebec independence","2019","the title is about voters or supporters: support for"
"10.3167/gps.2019.370404","Two Paradigmatic Views on Right-Wing Populism in East Germany","2019","no party word, name or family in the title; the abstract has 0 party phrase(s) and 0 voter word(s)"
"10.1017/glj.2019.27","Varieties of populism","2019","no party word, name or family in the title; the abstract has 1 party phrase(s) and 0 voter word(s)"
"10.1111/pops.12557","Voting “Against Islamization”? How Anti‐Islamic Right‐Wing, Populist Political Campaign Ads Influence Explicit and Implicit Attitudes Toward Muslims as Well as Voting Preferences","2019","the title is about voters or supporters: attitudes, voting"
"10.1080/00497878.2019.1580523","Weighty Anti-Feminism, Weighty Contradictions: Anti-Fat Coverage and Invective in US Right-Wing Populist Outlets","2019","no party word, name or family in the title; the abstract has 0 party phrase(s) and 0 voter word(s)"
"10.1332/policypress/9781447350439.001.0001","Welfare, Populism and Welfare Chauvinism","2019","no party word, name or family in the title; the abstract has 1 party phrase(s) and 2 voter word(s)"
"10.1515/zaa-2019-0024","What Drives the Right-Wing Populist Vote? Topics, Motivations and Representations in an Online Vox Pop with Voters for the Alternative für Deutschland","2019","the title is about voters or supporters: vote, voters"
"10.1057/s41253-019-00082-w","What is right-wing populism and how does it manifest itself? An analysis of the French National Front’s Facebook posts and sympathizers’ Facebook comments","2019","no party word, name or family in the title; the abstract has 0 party phrase(s) and 0 voter word(s)"
"10.1177/0191453719872295","Where are Jacques and Ernesto when you need them? Rancière and Laclau on populism, experts and contingency","2019","no party word, name or family in the title; the abstract has 1 party phrase(s) and 0 voter word(s)"
"10.1177/0191453719872314","Youth and the populist wave","2019","no party word, name or family in the title; the abstract has 2 party phrase(s) and 4 voter word(s)"
"10.1177/1367549418821841","‘The show of the people’ against the cultural elites: Populism, media and popular culture in Turkey","2019","no party word, name or family in the title; the abstract has 1 party phrase(s) and 0 voter word(s)"
"10.1086/703071","“He’s Not One of Them!” Antiestablishment Supporters of Populist Governments in Bolivia and Ecuador","2019","the title is about voters or supporters: supporters"
"10.1016/j.erss.2018.05.015","A sustainable myth: A neo-Gramscian perspective on the populist and post-truth tendencies of the European green growth discourse","2018","no party word, name or family in the title; the abstract has 0 party phrase(s) and 0 voter word(s)"
"10.1177/1367877916688273","American populism, Glenn Beck and affective media production","2018","no party word, name or family in the title; the abstract has 0 party phrase(s) and 0 voter word(s)"
"10.1163/25888072-00001010","Antidemocratic Populism in Turkey after the July 2016 Coup Attempt","2018","no party word, name or family in the title; the abstract has 0 party phrase(s) and 0 voter word(s)"
"10.1111/1467-8462.12294","Australia Demonstrates the Rise of Populism is About More than Economics","2018","no party word, name or family in the title; the abstract has 2 party phrase(s) and 5 voter word(s)"
"10.1080/23269995.2018.1524208","Beyond populist politics: why conventional politics needs to conjure myths of its own and why it struggles to do so","2018","no party word, name or family in the title; the abstract has 0 party phrase(s) and 0 voter word(s)"
"10.1111/1475-6765.12216","Beyond protest and discontent: A cross‐national analysis of the effect of populist attitudes and issue positions on populist party support","2018","the title is about voters or supporters: attitudes"
"10.1111/spsr.12299","Cleavages, Protest or Voting for Hope? The Rise of Centrist Populist Parties in the Czech Republic","2018","the title is about voters or supporters: voting"
"10.1080/14702029.2017.1381008","Contemporary art and left-wing populism: the Artist Taxi Driver as working class ideology","2018","no party word, name or family in the title; the abstract has 0 party phrase(s) and 0 voter word(s)"
"10.1177/1350508418768053","Critical research on populism: Nine rules of engagement","2018","no party word, name or family in the title; the abstract has 0 party phrase(s) and 0 voter word(s)"
"10.1080/23745118.2018.1482848","Electoral support for left wing populist parties in Europe: addressing the globalization cleavage","2018","the title is about voters or supporters: electoral support"
"10.1177/0160597618802521","Emotional Dynamics of Right- and Left-wing Political Populism","2018","no party word, name or family in the title; the abstract has 1 party phrase(s) and 1 voter word(s)"
"10.1027/1864-9335/a000340","Ethnic Diversity and Support for Populist Parties: The “Right” Road Through Political Cynicism and Lack of Trust","2018","the title is about voters or supporters: support for"
"10.4324/9781315160856","Fascism, Populism and American Democracy","2018","no party word, name or family in the title; the abstract has 0 party phrase(s) and 1 voter word(s)"
"10.1080/1369183x.2017.1337505","Fear of small numbers? Immigrant population size and electoral support for the populist radical right in Switzerland","2018","the title is about voters or supporters: electoral support"
"10.1017/s0022216x1700116x","General Alberto Enríquez Gallo: Soldier, Populist, Leftist","2018","no party word, name or family in the title; the abstract has 1 party phrase(s) and 1 voter word(s)"
"10.5817/pc2018-1-28","Illiberalism, Populism and Democracy in East and West","2018","no party word, name or family in the title; the abstract has 2 party phrase(s) and 2 voter word(s)"
"10.1093/law/9780190888985.003.0036","IV Observations, 36 Comparing Right-Wing and Left-Wing Populism","2018","no party word, name or family in the title; the abstract has 0 party phrase(s) and 0 voter word(s)"
"10.1177/1095796018765774","Left-Wing Populism Meets “ La Grande Crisi ”","2018","no party word, name or family in the title; the abstract has 0 party phrase(s) and 0 voter word(s)"
"10.1080/07360932.2018.1451765","Neoliberalism and Right-wing Populism: Conceptual Analogies","2018","no party word, name or family in the title; the abstract has 0 party phrase(s) and 0 voter word(s)"
"10.1007/978-3-319-67495-7","PEGIDA and New Right-Wing Populism in Germany","2018","no party word, name or family in the title; the abstract has 0 party phrase(s) and 0 voter word(s)"
"10.1111/spsr.12330","Personality and Voting for a Right‐Wing Populist Party – Evidence from Switzerland","2018","the title is about voters or supporters: voting"
"10.1177/0267323118790156","Populism and media policy failure","2018","no party word, name or family in the title; the abstract has 1 party phrase(s) and 1 voter word(s)"
"10.1177/0032321717723505","Populism and Support for Protectionism: The Relevance of Opposition to Trade Openness for Leftist and Rightist Populist Voting in The Netherlands","2018","the title is about voters or supporters: support for, voting"
"10.1177/0191453718757888","Populism, liberalism, and democracy","2018","no party word, name or family in the title; the abstract has 1 party phrase(s) and 2 voter word(s)"
"10.1093/ct/qty017","Populism, Media, and the Form of Society","2018","no party word, name or family in the title; the abstract has 0 party phrase(s) and 0 voter word(s)"
"10.1007/s40647-018-0233-z","Populism, Sovereigntism, and the Unlikely Re-Emergence of the Territorial Nation-State","2018","no party word, name or family in the title; the abstract has 1 party phrase(s) and 0 voter word(s)"
"10.1080/23254823.2017.1414620","Populist knowledge: ‘Post-truth’ repertoires of contesting epistemic authorities","2018","no party word, name or family in the title; the abstract has 0 party phrase(s) and 0 voter word(s)"
"10.1080/15423166.2018.1496028","Rethinking Civil Resistance in the Face of Rightwing Populism: A Theoretical Inquiry","2018","no party word, name or family in the title; the abstract has 2 party phrase(s) and 3 voter word(s)"
"10.1007/s41134-018-0064-5","Right-wing Populism and Social Work: Contrasting Ambivalences About Modernity","2018","no party word, name or family in the title; the abstract has 0 party phrase(s) and 0 voter word(s)"
"10.1080/09644016.2018.1458411","Right-wing populism and the climate change agenda: exploring the linkages","2018","no party word, name or family in the title; the abstract has 0 party phrase(s) and 1 voter word(s)"
"10.1002/casp.2369","Right‐wing populism as a social representation: A comparison across four European countries","2018","no party word, name or family in the title; the abstract has 2 party phrase(s) and 3 voter word(s)"
"10.1080/01402382.2017.1334138","The appeal of nostalgia: the influence of societal pessimism on support for populist radical right parties","2018","the title is about voters or supporters: support for"
"10.1093/ccc/tcx001","The Bully in the Pulpit: Autocracy, Digital Social Media, and Right-wing Populist Technoculture","2018","no party word, name or family in the title; the abstract has 0 party phrase(s) and 0 voter word(s)"
"10.1177/1940161218788956","The Effects of Right-Wing Populist Communication on Emotions and Cognitions toward Immigrants","2018","no party word, name or family in the title; the abstract has 0 party phrase(s) and 8 voter word(s)"
"10.1080/09637494.2018.1490608","The populist breeding ground and religion: the case of the Greek mainstream and Radical Right","2018","a party family in the title, but the abstract speaks mostly of voters (6 voter words, 0 party phrases)"
"10.1080/00472336.2018.1446546","The Right Turn in India: Authoritarianism, Populism and Neoliberalisation","2018","no party word, name or family in the title; the abstract has 0 party phrase(s) and 0 voter word(s)"
"10.1111/pops.12401","The Role of Implicit Attitudes in Populist Radical‐Right Support","2018","the title is about voters or supporters: attitudes"
"10.1093/cjres/rsx025","The victims of neoliberal globalisation and the rise of the populist vote: a comparative analysis of three recent electoral decisions","2018","the title is about voters or supporters: vote"
"10.1080/00344893.2018.1539028","The ‘new’ wave of populist right-wing parties in Central and Eastern Europe: Explaining electoral support for the Conservative People’s Party of Estonia","2018","the title is about voters or supporters: electoral support"
"10.1080/01442872.2018.1478408","Thick populism: democracy-enhancing popular participation","2018","no party word, name or family in the title; the abstract has 2 party phrase(s) and 2 voter word(s)"
"10.1017/s1755773917000145","What unites the voter bases of populist parties? Comparing the electorates of 15 populist parties","2018","the title is about voters or supporters: electorates, voter"
"10.1080/1354571x.2018.1500216","When populists meet technocrats. The Italian innovation in government formation","2018","no party word, name or family in the title; the abstract has 0 party phrase(s) and 0 voter word(s)"
"10.1163/25888072-00001011","Where does Right-Wing Populism Succeed Sub-Nationally? Explaining Regional Variation within France","2018","no party word, name or family in the title; the abstract has 1 party phrase(s) and 7 voter word(s)"
"10.1093/dh/dhy024","Whither Populism? Populism, U.S. Foreign Policy, and the American West","2018","no party word, name or family in the title; the abstract has 1 party phrase(s) and 1 voter word(s)"
"10.17979/ejge.2018.7.2.4423","Why the current Peak in Populism in the US and Europe? Populism as a Deviation in the Median Voter Theorem","2018","the title is about voters or supporters: voter"
"10.1017/s0147547917000370","“Italians First”: Workers on the Right Amidst Old and New Populisms","2018","no party word, name or family in the title; the abstract has 1 party phrase(s) and 4 voter word(s)"
"10.1007/s10272-017-0634-2","2017: The Year of European Populism?","2017","no party word, name or family in the title; the abstract has 0 party phrase(s) and 2 voter word(s)"
"10.24193/ojmne.2017.23.02","A Populist Momentum in the EU?","2017","no party word, name or family in the title; the abstract has 1 party phrase(s) and 1 voter word(s)"
"10.1080/09502386.2016.1232421","Articulations of populism: the Nordic case","2017","no party word, name or family in the title; the abstract has 1 party phrase(s) and 0 voter word(s)"
"10.1177/1465116516681858","Better the devil you know? Risk-taking, globalization and populism in Great Britain","2017","no party word, name or family in the title; the abstract has 2 party phrase(s) and 4 voter word(s)"
"10.1177/0957926517721078","Book review: Ruth Wodak, The Politics of Fear: What Right-wing Populist Discourses Mean","2017","no party word, name or family in the title; the abstract has 0 party phrase(s) and 0 voter word(s)"
"10.1177/1750481317728844b","Book review: Ruth Wodak, The Politics of Fear: What Right-Wing Populist Discourses Mean","2017","no party word, name or family in the title; the abstract has 0 party phrase(s) and 0 voter word(s)"
"10.1080/23254823.2017.1339203","Channelling discontent? Non-voters, populist party voters, and their meaningful political agency","2017","the title is about voters or supporters: voters"
"10.1075/jlp.16009.may","Constructing ‘the French people’ – On Sarkozy’s populism","2017","no party word, name or family in the title; the abstract has 1 party phrase(s) and 1 voter word(s)"
"10.1177/0957926517703223","Debating the 2015 Islam law in Austrian Parliament: Between legal recognition and Islamophobic populism","2017","no party word, name or family in the title; the abstract has 1 party phrase(s) and 1 voter word(s)"
"10.1016/j.electstud.2017.04.002","Demonisation and electoral support for populist radical right parties: A temporary effect","2017","the title is about voters or supporters: electoral support"
"10.1075/jlp.17025.sta","Discourse theory in populism research: Three challenges and a dilemma","2017","no party word, name or family in the title; the abstract has 0 party phrase(s) and 1 voter word(s)"
"10.1080/10584609.2017.1316807","Effects of Economic and Symbolic Threat Appeals in Right-Wing Populist Advertising on Anti-Immigrant Attitudes: The Impact of Textual and Visual Appeals","2017","the title is about voters or supporters: attitudes"
"10.1177/0539018417734419","Emotional roots of right-wing political populism","2017","no party word, name or family in the title; the abstract has 0 party phrase(s) and 0 voter word(s)"
"10.1111/1468-4446.12325","Ethno‐nationalist populism and the mobilization of collective resentment","2017","no party word, name or family in the title; the abstract has 1 party phrase(s) and 7 voter word(s)"
"10.1111/spsr.12255","European Populist Parties in Government: How Well are Voters Represented? Evidence from Greece","2017","the title is about voters or supporters: voters"
"10.1111/1475-6765.12203","Failed expectations: Quality of government and support for populist parties in Europe","2017","the title is about voters or supporters: support for"
"10.1080/01402382.2017.1287448","Gender, populist attitudes, and voting: explaining the gender gap in voting for populist radical right and populist radical left parties","2017","the title is about voters or supporters: attitudes, voting"
"10.1080/01402382.2017.1287446","Gender, right-wing populism, and immigrant integration policies in France, 1989–2012","2017","no party word, name or family in the title; the abstract has 1 party phrase(s) and 0 voter word(s)"
"10.1080/1369118x.2017.1329334","Helping populism win? Social media use, filter bubbles, and support for populist presidential candidates in the 2016 US election campaign","2017","the title is about voters or supporters: support for"
"10.1080/01402382.2016.1271970","How people organise cultural attitudes: cultural belief systems and the populist radical right","2017","the title is about voters or supporters: attitudes"
"10.1016/j.electstud.2017.09.014","It's the emotions, Stupid! Anger about the economic crisis, low political efficacy, and support for populist parties","2017","the title is about voters or supporters: support for"
"10.1057/s41599-017-0005-4","Mediated populism, culture and media form","2017","no party word, name or family in the title; the abstract has 1 party phrase(s) and 0 voter word(s)"
"10.1111/jcom.12313","Negative Stereotypical Portrayals of Muslims in Right-Wing Populist Campaigns: Perceived Discrimination, Social Identity Threats, and Hostility Among Young Muslim Adults: Effects of Right-Wing Populist Campaigns on Muslims","2017","no party word, name or family in the title; the abstract has 0 party phrase(s) and 2 voter word(s)"
"10.1057/978-1-137-56703-1","Nordic Nationalism and Right-Wing Populist Politics","2017","no party word, name or family in the title; the abstract has 0 party phrase(s) and 0 voter word(s)"
"10.17645/pag.v5i4.1124","Persuasive Populism? Estimating the Effect of Populist Messages on Political Cynicism","2017","no party word, name or family in the title; the abstract has 3 party phrase(s) and 4 voter word(s)"
"10.1080/13698230.2014.995504","Populism and technocracy: opposites or complements?","2017","no party word, name or family in the title; the abstract has 1 party phrase(s) and 0 voter word(s)"
"10.5817/pc2017-1-56","Populism, Voters and Cleavages in Bulgarian Politics","2017","the title is about voters or supporters: voters"
"10.1075/jlp.17026.bar","Populist discourses in the Hungarian public sphere: From right to left (and Beyond)?","2017","no party word, name or family in the title; the abstract has 0 party phrase(s) and 0 voter word(s)"
"10.1111/spsr.12282","Populist Mobilization Across Time and Space: An Introduction","2017","no party word, name or family in the title; the abstract has 3 party phrase(s) and 4 voter word(s)"
"10.1080/1369118x.2017.1328520","Populist online practices: the function of the Internet in right-wing populism","2017","no party word, name or family in the title; the abstract has 1 party phrase(s) and 0 voter word(s)"
"10.1155/2017/1580526","Predicting the Rise of EU Right-Wing Populism in Response to Unbalanced Immigration","2017","no party word, name or family in the title; the abstract has 0 party phrase(s) and 2 voter word(s)"
"10.1075/jlp.17027.ots","Right-wing populism and market-fundamentalism: Two mutually reinforcing threats to democracy in the 21st century","2017","no party word, name or family in the title; the abstract has 0 party phrase(s) and 0 voter word(s)"
"10.1111/1475-6765.12166","Right‐wing populist party supporters: Dissatisfied but not direct democrats","2017","the title is about voters or supporters: supporters"
"10.1080/19448953.2017.1280981","State-sponsored Populism and the Rise of Populist Governance: The Case of Montenegro","2017","no party word, name or family in the title; the abstract has 1 party phrase(s) and 2 voter word(s)"
"10.1177/0093650215577859","The Effects of Anti-Immigrant Right-Wing Populist Ads on Implicit and Explicit Attitudes: A Moderated Mediation Model","2017","the title is about voters or supporters: attitudes"
"10.1353/eca.2017.0015","The European Trust Crisis and the Rise of Populism","2017","no party word, name or family in the title; the abstract has 2 party phrase(s) and 4 voter word(s)"
"10.1080/17405904.2017.1325383","The politics of fear: what right wing populist discourses mean","2017","no party word, name or family in the title; the abstract has 0 party phrase(s) and 0 voter word(s)"
"10.1111/1468-4446.12319","The politics of social status: economic and cultural roots of the populist right","2017","a party family in the title, but the abstract speaks mostly of voters (5 voter words, 1 party phrases)"
"10.1111/ecaf.12264","The wisdom of demagogues: institutions, corruption and support for authoritarian populists","2017","the title is about voters or supporters: support for"
"10.1080/09644008.2016.1184650","The ‘Alternative für Deutschland in the Electorate’: Between Single-Issue and Right-Wing Populist Party","2017","the title is about voters or supporters: electorate"
"10.1057/s41295-016-0008-3","Understanding shifts in voting behaviour away from and towards radical right populist parties: The case of the PVV between 2007 and 2012","2017","the title is about voters or supporters: voting"
"10.1075/jlp.16.1.07dec","Wodak, Ruth (2015). The Politics of Fear. What Right-wing Populist Discourses Mean","2017","no party word, name or family in the title; the abstract has 0 party phrase(s) and 0 voter word(s)"
"10.1080/09540253.2016.1274383","‘Sexually modern nativist voters’: do they exist and do they vote for the populist radical right?","2017","the title is about voters or supporters: vote, voters"
"10.1080/0031322x.2017.1394663","‘The most ardent pro-Israel party’: pro-Israel attitudes and anti-antisemitism among populist radical-right parties in Europe","2017","the title is about voters or supporters: attitudes"
"10.1111/spsr.12275","‘We the People’ or ‘We the Peoples’? A Comparison of Support for the Populist Radical Right and Populist Radical Left in the Netherlands","2017","the title is about voters or supporters: support for"
"10.1007/s41111-017-0069-8","“Right” Choice: Restorative Nationalism and Right-Wing Populism in Central and Eastern Europe","2017","no party word, name or family in the title; the abstract has 0 party phrase(s) and 0 voter word(s)"
"10.1080/13510347.2015.1058782","Confrontation by default and confrontation by design: strategic and institutional responses to Poland's populist coalition government","2016","no party word, name or family in the title; the abstract has 1 party phrase(s) and 0 voter word(s)"
"10.1111/newe.12005","How populist was David Cameron?","2016","no party word, name or family in the title; the abstract has 0 party phrase(s) and 0 voter word(s)"
"10.1080/13510347.2015.1076213","Italy: a case of mutating populism?","2016","no party word, name or family in the title; the abstract has 2 party phrase(s) and 2 voter word(s)"
"10.1093/ijpor/edv014","Media Cues and Citizen Support for Right-Wing Populist Parties","2016","the title is about voters or supporters: support for"
"10.1080/17457289.2016.1146286","Modelling the dynamics of support for a right-wing populist party: the case of UKIP","2016","the title is about voters or supporters: support for"
"10.1093/acprof:oso/9780190205782.001.0001","Populist Authoritarianism: Chinese Political Culture and Regime Sustainability","2016","no party word, name or family in the title; the abstract has 0 party phrase(s) and 6 voter word(s)"
"10.1080/13676261.2016.1241863","Populist political right opinions and political trust among Norwegian youth","2016","no party word, name or family in the title; the abstract has 0 party phrase(s) and 2 voter word(s)"
"10.1177/0002716216662639","Rise of the Trumpenvolk: Populism in the 2016 Election","2016","no party word, name or family in the title; the abstract has 1 party phrase(s) and 2 voter word(s)"
"10.17356/ieejsp.v2i1.143","State and Faith: Right-wing Populism and Nationalized Religion in Hungary","2016","no party word, name or family in the title; the abstract has 1 party phrase(s) and 1 voter word(s)"
"10.1093/sf/sov120","The Populist Style in American Politics: Presidential Campaign Discourse, 1952–1996","2016","no party word, name or family in the title; the abstract has 0 party phrase(s) and 0 voter word(s)"
"10.1111/1475-6765.12121","The psychological roots of populist voting: Evidence from the United States, the Netherlands and Germany","2016","the title is about voters or supporters: voting"
"10.5817/pc2016-2-182","Theorizing the New Populism in Eastern Europe: A Look at Bulgaria","2016","no party word, name or family in the title; the abstract has 5 party phrase(s) and 5 voter word(s)"
"10.1515/for-2016-0004","White Populism and the Transformation of the Silent Majority","2016","no party word, name or family in the title; the abstract has 0 party phrase(s) and 0 voter word(s)"
"10.1353/jod.2016.0061","“Heritage Populism” and France’s National Front","2016","no party word, name or family in the title; the abstract has 1 party phrase(s) and 0 voter word(s)"
"10.1177/0957926515591689a","Book review: Ruth Wodak, Majid KhosraviNik and Brigitte Mral (eds), Right-Wing Populism in Europe: Politics and Discourse","2015","no party word, name or family in the title; the abstract has 0 party phrase(s) and 0 voter word(s)"
"10.1017/s1755773914000125","Choosing whom to betray: populist right-wing parties, welfare state reforms and the trade-off between office and votes","2015","the title is about voters or supporters: votes"
"10.1027/1864-1105/a000139","Effects of Right-Wing Populist Political Advertising on Implicit and Explicit Stereotypes","2015","no party word, name or family in the title; the abstract has 0 party phrase(s) and 2 voter word(s)"
"10.1080/0031322x.2015.1024404","Gendering the vote for populist radical-right parties","2015","the title is about voters or supporters: vote"
"10.1080/1369183x.2014.981513","How Anti-immigrant Right-wing Populist Advertisements Affect Young Voters: Symbolic Threats, Economic Threats and the Moderating Role of Education","2015","the title is about voters or supporters: voters"
"10.1080/13569317.2015.1075264","Latin American inclusive and European exclusionary populism: colonialism as an explanation","2015","no party word, name or family in the title; the abstract has 1 party phrase(s) and 1 voter word(s)"
"10.1016/j.electstud.2015.10.007","Populist radical right parties mobilizing ‘the people’? The role of populist radical right success in voter turnout","2015","the title is about voters or supporters: voter"
"10.1111/1467-9248.12089","Populists in Parliament: Comparing Left-Wing and Right-Wing Populism in the Netherlands","2015","a party family in the title, but the abstract speaks mostly of voters (4 voter words, 4 party phrases)"
"10.1080/13504630.2015.1104006","Right-wing populism in Europe: politics and discourse","2015","no party word, name or family in the title; the abstract has 0 party phrase(s) and 0 voter word(s)"
"10.1080/17405904.2014.938853","Right-wing populism in Europe: politics and discourse","2015","no party word, name or family in the title; the abstract has 0 party phrase(s) and 0 voter word(s)"
"10.1080/13510347.2014.1001378","Right-wing populism in Europe: politics and discourse, edited by Ruth Wodak, Majid Khosravinik, and Brigitte Mral","2015","no party word, name or family in the title; the abstract has 0 party phrase(s) and 0 voter word(s)"
"10.1080/0031322x.2015.1024399","The gender gap in populist radical-right voting: examining the demand side in Western and Eastern Europe","2015","the title is about voters or supporters: demand side, voting"
"10.5406/amerlitereal.47.3.0219","The Landscapes of Hamlin Garland and the American Populists","2015","no party word, name or family in the title; the abstract has 3 party phrase(s) and 3 voter word(s)"
"10.4135/9781446270073","The Politics of Fear: What Right-Wing Populist Discourses Mean","2015","no party word, name or family in the title; the abstract has 0 party phrase(s) and 0 voter word(s)"
"10.1163/1569206x-12341441","Vera Zasulich’s Critique of Neo-Populism","2015","no party word, name or family in the title; the abstract has 1 party phrase(s) and 0 voter word(s)"
"10.1080/14683849.2015.1067863","“Strengthening the Family” Policies in Turkey: Managing the Social Question and Armoring Conservative–Neoliberal Populism","2015","no party word, name or family in the title; the abstract has 1 party phrase(s) and 0 voter word(s)"
"10.1080/0965156x.2014.959325","A Rising Populist Star: The Emergence and Development of the PPDD in Romania","2014","no party word, name or family in the title; the abstract has 3 party phrase(s) and 3 voter word(s)"
"10.1177/1470357213516720","Embattled Vienna 1683/2010: right-wing populism, collective memory and the fictionalisation of politics","2014","no party word, name or family in the title; the abstract has 1 party phrase(s) and 1 voter word(s)"
"10.1177/0010414013512600","How Populist Are the People? Measuring Populist Attitudes in Voters","2014","the title is about voters or supporters: attitudes, voters"
"10.1080/08038740.2014.964309","Intersections and Inconsistencies. Framing Gender in Right-Wing Populist Discourses in Austria","2014","no party word, name or family in the title; the abstract has 1 party phrase(s) and 0 voter word(s)"
"10.3817/1214169028","Johann Herder, Early Nineteenth-Century Counter-Enlightenment, and the Common Roots of Multiculturalism and Right-Wing Populism","2014","no party word, name or family in the title; the abstract has 0 party phrase(s) and 0 voter word(s)"
"10.1017/s1537781414000255","Making War Their Business: The Short History of Populist Anti-Militarism","2014","no party word, name or family in the title; the abstract has 1 party phrase(s) and 1 voter word(s)"
"10.1017/s1755773913000283","Party, leader or candidate? dissecting the right-wing populist vote in Finland","2014","the title is about voters or supporters: vote"
"10.1080/03932729.2014.961768","Populism in the European Parliament: What Implications for the Open Society?","2014","no party word, name or family in the title; the abstract has 2 party phrase(s) and 2 voter word(s)"
"10.4324/9781315764313","Populism in Western Europe: Comparing Belgium, Germany and The Netherlands","2014","no party word, name or family in the title; the abstract has 3 party phrase(s) and 4 voter word(s)"
"10.1080/14782804.2014.923665","Right-Wing Populism in Europe: Politics and Discourse","2014","no party word, name or family in the title; the abstract has 0 party phrase(s) and 0 voter word(s)"
"10.1177/1362480613476788","Capital punishment in China: A populist instrument of social governance","2013","no party word, name or family in the title; the abstract has 1 party phrase(s) and 0 voter word(s)"
"10.1177/0097700413492602","Populism versus Neoliberalism: Diversity and Ideology in the Chinese Media’s Narratives of Health Care Reform","2013","no party word, name or family in the title; the abstract has 1 party phrase(s) and 1 voter word(s)"
"10.1177/1354068811410361","Prelude to populism: Mass electoral support for the Grange and Greenback parties","2013","the title is about voters or supporters: electoral support"
"10.1080/01402382.2013.783354","The Populist Radical Right and European Integration: A Comparative Analysis of Party–Voter Links","2013","the title is about voters or supporters: voter"
"10.1111/j.1467-923x.2013.12030.x","What's an Elite to Do? The Threat of Populism from Left, Right and Centre","2013","no party word, name or family in the title; the abstract has 1 party phrase(s) and 0 voter word(s)"
"10.1080/07393148.2012.729736","Introduction: Right-Wing Populism and the Media","2012","no party word, name or family in the title; the abstract has 0 party phrase(s) and 0 voter word(s)"
"10.1080/07393148.2012.729740","New Challenges in the Study of Right-Wing Propaganda: Priming the Populist Backlash to “Hope and Change”","2012","no party word, name or family in the title; the abstract has 1 party phrase(s) and 2 voter word(s)"
"10.5325/goodsociety.21.2.0234","Populism and the Second Voice of American Politics:","2012","no party word, name or family in the title; the abstract has 12 party phrase(s) and 12 voter word(s)"
"10.1057/ap.2011.4","A legacy of ‘uncivicness’? Social capital and radical right-wing populist voting in Eastern Europe","2011","the title is about voters or supporters: voting"
"10.1080/03906701.2011.581808","Current supply and demand for neopopulism in Latin America","2011","the title is about voters or supporters: demand for"
"10.1080/13569317.2011.575685","Post-populism: explaining neo-liberal populism through the habitus","2011","no party word, name or family in the title; the abstract has 3 party phrase(s) and 3 voter word(s)"
"10.1080/01402380903538773","Debating Islam in Austria, Germany and Switzerland: Ethnic Citizenship, Church–State Relations and Right-Wing Populism","2010","no party word, name or family in the title; the abstract has 1 party phrase(s) and 1 voter word(s)"
"10.1080/00905992.2010.498470","Nationalist, heretic or populist?","2010","no party word, name or family in the title; the abstract has 0 party phrase(s) and 0 voter word(s)"
"10.1353/jod.2010.0002","Reformism vs. Populism in the Philippines","2010","no party word, name or family in the title; the abstract has 1 party phrase(s) and 0 voter word(s)"
"10.1080/01402382.2010.508901","The Populist Radical Right: A Pathological Normalcy","2010","a party family in the title, but the abstract speaks mostly of voters (3 voter words, 3 party phrases)"
"10.5771/1435-2869-2010-1-29","The rise of right-wing populism in Hungary","2010","no party word, name or family in the title; the abstract has 0 party phrase(s) and 0 voter word(s)"
"10.1016/j.electstud.2010.07.003","Two of a kind? Voting motivations for populist radical right and religious fundamentalist parties","2010","the title is about voters or supporters: voting"
"10.2202/1944-2866.1027","Voting Advice Applications in Lithuania: Promoting Programmatic Competition or Breeding Populism?","2010","the title is about voters or supporters: voting"
"10.1111/j.1747-7093.2009.00188.x","Populism and Democracy in Latin America","2009","no party word, name or family in the title; the abstract has 1 party phrase(s) and 0 voter word(s)"
"10.1177/0192512107088390","Explaining Workers' Support for Right-Wing Populist Parties in Western Europe: Evidence from Austria, Belgium, France, Norway, and Switzerland","2008","the title is about voters or supporters: support for"
"10.1080/15705850701825469","Moral Integrity and the Reputation of Politicians as Perceived by Supporters of ‘Populist’ Parties: A Comparison of Switzerland and Italy","2008","the title is about voters or supporters: supporters"
"10.2753/ppc1075-8216550304","Right-Wing Populism in Austria: A Case for Comparison","2008","no party word, name or family in the title; the abstract has 0 party phrase(s) and 0 voter word(s)"
"10.3162/036298008783743282","Third Parties, Elections, and Roll‐Call Votes: The Populist Party and the Late Nineteenth‐Century U.S. Congress","2008","the title is about voters or supporters: votes"
"10.1177/1354068806071260","Charisma, Leader Effects and Support for Right-Wing Populist Parties","2007","the title is about voters or supporters: support for"
"10.1057/palgrave.ap.5500202","Consensus Democracy and Support for Populist Parties in Western Europe","2007","the title is about voters or supporters: support for"
"10.1017/s0007123406000184","Anti-Immigrant Sentiment, Policy Preferences and Populist Party Voting in Australia","2006","the title is about voters or supporters: voting"
"10.1111/j.1467-9477.2006.00148.x","Is There Demand for Radical Right Populism in the Finnish Electorate?","2006","the title is about voters or supporters: demand for, electorate"
"10.2202/1935-6226.1012","Populism and the Ambivalence of Egalitarianism. How Do the Underprivileged Reconcile a Right Wing Party Preference with Their Socio-Economic Attitudes?","2006","the title is about voters or supporters: attitudes"
"10.1080/1362939042000338854","The Post-Oslo Israeli Populist Radical Right in Comparative Perspective: Leadership, Voter Characteristics and Political Discourse","2005","the title is about voters or supporters: voter"
"10.1080/1356931042000263537","Trust, cynicism and populist anti‐politics","2004","no party word, name or family in the title; the abstract has 3 party phrase(s) and 5 voter word(s)"
"10.1111/1467-8497.00282","A Rising Tide for Jean–Marie, Jörg, & Pauline? Xenophobic Populism in Comparative Perspective","2003","no party word, name or family in the title; the abstract has 1 party phrase(s) and 1 voter word(s)"
"10.1093/soceco/1.2.215","Globalization, the welfare state and right-wing populism in Western Europe","2003","no party word, name or family in the title; the abstract has 2 party phrase(s) and 3 voter word(s)"
"10.1016/s0261-3794(00)00034-2","Minor parties and protest votes in Australia and New Zealand: locating populist politics","2002","the title is about voters or supporters: votes"
"10.1080/01402389708425190","Right‐wing populist parties in Austria and Switzerland: A comparative analysis of electoral support and conditions of success","1997","the title is about voters or supporters: electoral support"
"10.1177/0094582x9402100404","From Populism to the Coca Economy in Bolivia","1994","no party word, name or family in the title; the abstract has 1 party phrase(s) and 0 voter word(s)"
"10.1515/flin.1993.27.3-4.255","ALLUSION IN RIGHT-WING POPULISM","1993","no party word, name or family in the title; the abstract has 0 party phrase(s) and 0 voter word(s)"
"10.1080/08263663.1991.10816655","The Politics of the Urban Informal Sector in Peru: Populism, Class, And “Redistributive Combines”","1991","no party word, name or family in the title; the abstract has 2 party phrase(s) and 3 voter word(s)"
"10.1016/0362-3319(87)90005-x","Electoral support for populism in the mountain states: Some evidence from Arizona","1987","the title is about voters or supporters: electoral support"
"10.1017/s0023879100034476","Populism: Authoritarian and Democratic","1985","no party word, name or family in the title; the abstract has 1 party phrase(s) and 1 voter word(s)"
"10.1111/j.1467-9477.1971.tb00581.x","A Model of the Rise of Populism and Support for the Finnish Rural Party","1971","the title is about voters or supporters: support for"
