"ref","tag","found_in","phrase"
"W4392754741","topic:parties","abstract","party"
"W4392754741","topic:parties","abstract","parties"
"W4392754741","topic:parties","abstract","radical right"
"W4392754741","topic:voters","abstract","citizens"
"W4391814201","topic:parties","title","partisan"
"W4391814201","topic:parties","title","radical right"
"W4391814201","topic:parties","abstract","radical right"
"W4391814201","topic:parties","abstract","parties"
"W4391814201","topic:parties","abstract","radical left"
"W4391814201","topic:voters","title","voters"
"W4391814201","topic:voters","abstract","voters"
"W4391814201","topic:voters","abstract","public opinion"
"W4391814201","topic:voters","abstract","electorates"
"W4391814201","topic:voters","abstract","electorate"
"W4391814201","topic:economy-welfare","title","welfare"
"W4391814201","topic:economy-welfare","abstract","welfare"
"W4392056934","topic:parties","title","parties"
"W4392056934","topic:parties","abstract","parties"
"W4392056934","topic:parties","abstract","manifestos"
"W4392056934","topic:parties","abstract","manifesto"
"W4392056934","method:qualitative","abstract","qualitative"
"W4392056934","region:europe","title","europe"
"W4404039658","approach:performative","abstract","performative"
"W4404039658","topic:media-communication","abstract","framing"
"W4404039658","topic:media-communication","abstract","rhetorically"
"W4404039658","country:argentina","title","milei"
"W4404039658","country:argentina","abstract","milei"
"W4404039658","region:latin-america","rule","from the country named"
"W4391629597","topic:international","abstract","european union"
"W4391629597","topic:international","abstract","united nations"
"W4391629597","topic:international","abstract","international institutions"
"W4391629597","topic:voters","title","voters"
"W4391629597","topic:voters","abstract","voters"
"W4392400992","approach:other","abstract","competing approaches"
"W4392400992","topic:media-communication","title","twitter"
"W4392400992","topic:media-communication","abstract","twitter"
"W4392400992","method:qta","abstract","natural language processing"
"W4392400992","country:united-states","title","us"
"W4392400992","country:china","title","chinese (+ political word)"
"W4392400992","country:china","abstract","china"
"W4392400992","country:china","abstract","chinese (+ political word)"
"W4392400992","region:north-america","rule","from the country named"
"W4392400992","region:asia-pacific","rule","from the country named"
"W4400772887","method:qualitative","abstract","critical discourse analysis"
"W4400772887","country:united-kingdom","title","uk"
"W4400772887","country:united-kingdom","abstract","uk"
"W4400772887","region:europe","rule","from the country named"
"W4403565122","topic:government","abstract","administration"
"W4403565122","topic:democracy-institutions","title","democratic backsliding"
"W4403565122","topic:democracy-institutions","abstract","democratic backsliding"
"W4403565122","topic:democracy-institutions","abstract","democratic erosion"
"W4399757217","country:united-states","title","trump"
"W4399757217","country:united-states","abstract","united states"
"W4399757217","country:united-states","abstract","us"
"W4399757217","country:united-states","abstract","trump"
"W4399757217","country:china","title","china"
"W4399757217","country:china","abstract","china"
"W4399757217","region:north-america","rule","from the country named"
"W4399757217","region:asia-pacific","rule","from the country named"
"W4392043302","topic:parties","abstract","party"
"W4392043302","topic:parties","abstract","candidates"
"W4392043302","topic:democracy-institutions","abstract","democratization"
"W4392043302","topic:democracy-institutions","abstract","authoritarian"
"W4392043302","country:turkey","title","turkish (+ political word)"
"W4392043302","country:turkey","abstract","justice and development party"
"W4392043302","country:turkey","abstract","akp"
"W4392043302","country:turkey","abstract","erdogan"
"W4392043302","country:turkey","abstract","turkish (+ political word)"
"W4392043302","region:europe","rule","from the country named"
"W4392806861","topic:voters","title","populist attitudes"
"W4392806861","topic:voters","abstract","populist attitudes"
"W4392806861","topic:voters","abstract","respondents"
"W4392806861","method:experiment","abstract","experimental data"
"W4401420368","topic:parties","title","radical right"
"W4401420368","topic:parties","abstract","radical right"
"W4401420368","topic:voters","abstract","support for populism"
"W4401420368","topic:voters","abstract","attitudes"
"W4401420368","topic:spatial","abstract","rural"
"W4401420368","topic:spatial","abstract","geographical"
"W4401420368","topic:migration","abstract","nativism"
"W4401420368","method:survey","abstract","european social survey"
"W4401420368","region:europe","title","european"
"W4401420368","region:europe","abstract","european"
"W4401420368","region:europe","abstract","europe"
"W4402376403","topic:international","title","international populism"
"W4402376403","topic:parties","abstract","populist leaders"
"W4402376403","topic:parties","abstract","right wing populism"
"W4402376403","topic:parties","abstract","right wing populists"
"W4402376403","topic:democracy-institutions","abstract","illiberal"
"W4402376403","topic:democracy-institutions","abstract","authoritarian"
"W4402376403","country:hungary","title","hungary"
"W4402376403","country:hungary","title","orban"
"W4402376403","country:hungary","abstract","hungary"
"W4402376403","country:hungary","abstract","orban"
"W4402376403","region:europe","rule","from the country named"
"W4402759486","topic:international","title","international organizations"
"W4402759486","topic:international","abstract","international order"
"W4402759486","topic:international","abstract","international organizations"
"W4402759486","topic:international","abstract","liberal order"
"W4404142451","topic:government","abstract","populists in power"
"W4404142451","topic:government","abstract","populist governments"
"W4404142451","topic:economy-welfare","abstract","redistributive"
"W4404142451","topic:economy-welfare","abstract","economic"
"W4404142451","topic:democracy-institutions","abstract","constitutional"
"W4404142451","topic:democracy-institutions","abstract","courts"
"W4404142451","topic:democracy-institutions","abstract","judicial"
"W4404142451","topic:democracy-institutions","abstract","rule of law"
"W4404142451","region:europe","title","europe"
"W4404142451","region:europe","abstract","europe"
"W4392707915","topic:parties","title","right wing populism"
"W4392707915","topic:parties","abstract","right wing populism"
"W4392707915","topic:parties","abstract","right wing populist"
"W4392707915","topic:parties","abstract","far right"
"W4392707915","topic:economy-welfare","title","energy transition"
"W4392707915","topic:economy-welfare","abstract","energy transition"
"W4392707915","topic:media-communication","title","media"
"W4392707915","topic:media-communication","abstract","media"
"W4392707915","topic:media-communication","abstract","rhetoric"
"W4392707915","topic:media-communication","abstract","newspapers"
"W4392707915","country:portugal","title","portuguese (+ political word)"
"W4392707915","country:portugal","abstract","portugal"
"W4392707915","country:portugal","abstract","portuguese (+ political word)"
"W4392707915","region:europe","rule","from the country named"
"W4390949076","topic:parties","title","radical right"
"W4390949076","topic:parties","abstract","radical right"
"W4390949076","method:qualitative","abstract","critical discourse analysis"
"W4391509946","approach:measurement","abstract","measures of populism"
"W4391509946","topic:parties","abstract","party"
"W4391509946","topic:parties","abstract","parties"
"W4391509946","topic:parties","abstract","populist left"
"W4391509946","topic:voters","abstract","populist attitudes"
"W4391509946","method:quantitative","title","panel data"
"W4391509946","method:quantitative","abstract","panel data"
"W4391509946","method:survey","abstract","panel survey"
"W4394605031","approach:ideational","abstract","ideational approach"
"W4394605031","topic:parties","title","right wing populism"
"W4394605031","topic:parties","abstract","right wing populism"
"W4394605031","topic:parties","abstract","party"
"W4394605031","topic:religion","abstract","secular"
"W4394605031","topic:religion","abstract","muslims"
"W4394605031","topic:religion","abstract","secularism"
"W4394605031","topic:religion","abstract","islam"
"W4394605031","country:turkey","title","turkey"
"W4394605031","country:turkey","abstract","turkey"
"W4394605031","country:turkey","abstract","justice and development party"
"W4394605031","country:turkey","abstract","akp"
"W4394605031","region:europe","rule","from the country named"
"W4398267343","topic:parties","abstract","right wing populism"
"W4398267343","topic:parties","abstract","right wing populists"
"W4398267343","topic:religion","abstract","muslims"
"W4398267343","topic:religion","abstract","hindutva"
"W4398267343","topic:religion","abstract","hindu"
"W4398267343","topic:religion","abstract","muslim"
"W4398267343","topic:religion","abstract","islam"
"W4398267343","region:europe","abstract","europe"
"W4398267343","region:europe","abstract","european"
"W4398267343","country:india","abstract","india"
"W4398267343","country:india","abstract","hindutva"
"W4398267343","country:india","abstract","modi"
"W4398267343","region:asia-pacific","rule","from the country named"
"W4398775167","topic:parties","title","right wing populism"
"W4398775167","topic:economy-welfare","abstract","development policies"
"W4398775167","topic:economy-welfare","abstract","economic"
"W4398775167","region:europe","abstract","eastern european"
"W4398775167","region:europe","abstract","europe"
"W4398775167","country:poland","title","poland"
"W4401562147","topic:parties","title","radical right"
"W4401562147","topic:parties","abstract","radical right"
"W4401562147","topic:parties","abstract","party"
"W4401562147","topic:parties","abstract","parties"
"W4401562147","topic:parties","abstract","right wing populists"
"W4401562147","topic:gender","title","anti gender"
"W4401562147","topic:gender","abstract","gender"
"W4401562147","topic:gender","abstract","anti gender"
"W4401562147","method:qualitative","abstract","qualitative"
"W4401562147","country:italy","title","italy"
"W4401562147","country:italy","abstract","italy"
"W4401562147","country:italy","abstract","meloni"
"W4401562147","country:italy","abstract","brothers of italy"
"W4401562147","region:europe","rule","from the country named"
"W4391718725","topic:parties","title","radical right"
"W4391718725","topic:parties","title","party"
"W4391718725","topic:parties","abstract","radical right"
"W4391718725","topic:parties","abstract","parties"
"W4391718725","topic:parties","abstract","party systems"
"W4391718725","topic:parties","abstract","party"
"W4391718725","topic:media-communication","abstract","communication"
"W4392712016","approach:ideational","abstract","thin ideology"
"W4392712016","topic:economy-welfare","title","economic"
"W4392712016","topic:economy-welfare","abstract","economic"
"W4403524608","topic:parties","title","right wing populism"
"W4403524608","topic:parties","abstract","candidate"
"W4403524608","topic:parties","abstract","party"
"W4403524608","topic:parties","abstract","right wing populism"
"W4403524608","topic:economy-welfare","title","economic"
"W4403524608","topic:gender","title","anti gender"
"W4403524608","topic:gender","abstract","gendered"
"W4403524608","topic:gender","abstract","feminist"
"W4403524608","topic:gender","abstract","women"
"W4403524608","topic:gender","abstract","anti gender"
"W4403524608","country:south-korea","title","south korea"
"W4403524608","region:asia-pacific","rule","from the country named"
"W4391538810","topic:parties","title","radical right"
"W4391538810","topic:economy-welfare","abstract","economic"
"W4391538810","topic:economy-welfare","abstract","neoliberalism"
"W4391538810","country:argentina","title","argentina"
"W4391538810","country:argentina","title","milei"
"W4391538810","country:argentina","abstract","argentina"
"W4391538810","country:argentina","abstract","milei"
"W4391538810","country:argentina","abstract","argentinian (+ political word)"
"W4391538810","region:latin-america","rule","from the country named"
"W4393145208","topic:economy-welfare","abstract","economic"
"W4393145208","topic:economy-welfare","abstract","economy"
"W4393145208","topic:democracy-institutions","title","authoritarian"
"W4393145208","country:turkey","title","turkish (+ political word)"
"W4393145208","country:turkey","abstract","turkey"
"W4393145208","country:turkey","abstract","erdogan"
"W4393145208","country:turkey","abstract","turkish (+ political word)"
"W4393145208","region:europe","rule","from the country named"
"W4393197784","topic:voters","title","populist attitudes"
"W4393197784","topic:voters","abstract","attitudes"
"W4393197784","topic:voters","abstract","populist attitudes"
"W4393197784","topic:migration","title","anti immigrant"
"W4393197784","topic:migration","abstract","anti immigrant"
"W4393197784","topic:migration","abstract","anti immigration"
"W4393197784","method:survey","abstract","online survey"
"W4400330799","topic:parties","abstract","parties"
"W4400330799","topic:democracy-institutions","title","authoritarian"
"W4400330799","topic:democracy-institutions","abstract","authoritarian"
"W4400330799","region:europe","title","europe"
"W4400330799","region:europe","abstract","europe"
"W4400330799","region:europe","abstract","european"
"W4405141934","topic:international","title","eu"
"W4405141934","topic:international","abstract","eurosceptic"
"W4405141934","topic:international","abstract","eu"
"W4405141934","topic:international","abstract","european integration"
"W4405141934","topic:parties","title","far right"
"W4405141934","topic:parties","abstract","parties"
"W4405141934","topic:parties","abstract","far right"
"W4405141934","region:europe","title","eu"
"W4405141934","region:europe","abstract","european"
"W4405141934","region:europe","abstract","europe"
"W4405141934","region:europe","abstract","eu"
"W4390739982","approach:discursive","title","discursive approach"
"W4390739982","approach:discursive","abstract","discursive approach"
"W4390739982","topic:parties","title","radical right"
"W4390739982","topic:parties","title","party"
"W4390739982","topic:parties","abstract","populist leaders"
"W4390739982","topic:parties","abstract","radical right"
"W4390739982","topic:parties","abstract","party"
"W4390739982","topic:voters","title","supporters"
"W4390739982","topic:voters","abstract","supporters"
"W4390739982","method:qualitative","abstract","interviews"
"W4390739982","country:finland","title","finns party"
"W4390739982","country:finland","abstract","finns party"
"W4390739982","region:europe","rule","from the country named"
"W4391967449","approach:measurement","abstract","measure of populist"
"W4391967449","topic:voters","title","public support"
"W4391967449","topic:voters","abstract","supporters"
"W4391967449","topic:voters","abstract","public opinion"
"W4391967449","method:experiment","abstract","survey experiment"
"W4391967449","region:latin-america","title","latin america"
"W4393197641","topic:parties","title","right wing populist"
"W4393197641","topic:parties","abstract","right wing populist"
"W4393197641","topic:voters","abstract","attitudes"
"W4393197641","topic:voters","abstract","electorate"
"W4393197641","method:survey","title","european social survey"
"W4393197641","method:survey","abstract","survey data"
"W4393197641","region:europe","title","european"
"W4393262814","topic:parties","abstract","populist politicians"
"W4393262814","topic:parties","abstract","party"
"W4393262814","topic:voters","abstract","voters"
"W4393262814","topic:media-communication","abstract","framing"
"W4393262814","topic:media-communication","abstract","rhetoric"
"W4393262814","method:survey","abstract","nationally representative"
"W4393262814","method:experiment","abstract","vignette experiment"
"W4393989703","topic:voters","title","populist attitudes"
"W4393989703","topic:voters","abstract","populist attitudes"
"W4393989703","topic:voters","abstract","respondents"
"W4393989703","topic:voters","abstract","attitudes"
"W4393989703","topic:media-communication","abstract","communication"
"W4393989703","topic:media-communication","abstract","rhetoric"
"W4393989703","country:united-states","abstract","us"
"W4393989703","country:united-states","abstract","american (+ political word)"
"W4393989703","region:north-america","rule","from the country named"
"W4394012894","topic:voters","title","populist attitudes"
"W4394012894","topic:voters","abstract","populist attitudes"
"W4394012894","topic:economy-welfare","abstract","globalization"
"W4394012894","topic:economy-welfare","abstract","economic"
"W4394012894","method:survey","abstract","survey data"
"W4394012894","method:survey","abstract","election study"
"W4395005492","topic:voters","title","populist attitudes"
"W4395005492","topic:voters","abstract","populist attitudes"
"W4395005492","method:qualitative","abstract","interviews"
"W4395005492","method:quantitative","abstract","panel data"
"W4399862378","topic:voters","title","citizens"
"W4399862378","topic:voters","abstract","citizens"
"W4401413198","topic:parties","title","right wing populism"
"W4401413198","topic:parties","abstract","right wing populism"
"W4401413198","topic:parties","abstract","right wing populist"
"W4401413198","topic:media-communication","abstract","media"
"W4401413198","method:survey","abstract","election study"
"W4401413198","country:canada","title","canada"
"W4401413198","country:canada","abstract","canada"
"W4401413198","country:canada","abstract","canadian (+ political word)"
"W4401413198","country:united-states","title","trump"
"W4401413198","country:united-states","abstract","united states"
"W4401413198","country:united-states","abstract","trump"
"W4401413198","region:north-america","rule","from the country named"
"W4402225736","topic:parties","title","radical right"
"W4402225736","topic:parties","abstract","radical right"
"W4402225736","topic:parties","abstract","populist leaders"
"W4402225736","topic:parties","abstract","party leaders"
"W4402225736","topic:media-communication","title","rhetoric"
"W4402225736","topic:media-communication","title","media"
"W4402225736","topic:media-communication","abstract","media"
"W4402225736","topic:media-communication","abstract","rhetorical"
"W4402225736","topic:media-communication","abstract","rhetoric"
"W4402225736","topic:media-communication","abstract","facebook"
"W4402225736","topic:media-communication","abstract","communication"
"W4402225736","topic:migration","title","anti immigrant"
"W4402225736","topic:migration","abstract","anti immigrant"
"W4390650775","topic:economy-welfare","abstract","economic"
"W4390650775","topic:economy-welfare","abstract","labor market"
"W4390650775","topic:economy-welfare","abstract","redistributive"
"W4390650775","country:poland","title","poland"
"W4390650775","region:europe","rule","from the country named"
"W4391277882","topic:government","title","populist government"
"W4391277882","topic:government","abstract","populist governments"
"W4391277882","topic:government","abstract","populist government"
"W4391277882","method:survey","abstract","online survey"
"W4391879597","approach:discursive","abstract","discursive approach"
"W4391879597","topic:parties","abstract","right wing populism"
"W4391879597","method:qualitative","abstract","interviews"
"W4398146353","topic:defence-security","title","wars"
"W4398146353","topic:defence-security","abstract","wars"
"W4398146353","topic:defence-security","abstract","military"
"W4398146353","topic:parties","abstract","populist politicians"
"W4398146353","topic:parties","abstract","parties"
"W4398146353","topic:parties","abstract","party"
"W4398146353","topic:parties","abstract","right wing populists"
"W4398146353","topic:gender","title","gender"
"W4398146353","topic:gender","abstract","gender"
"W4398146353","topic:gender","abstract","misogyny"
"W4398146353","topic:gender","abstract","women"
"W4398146353","topic:gender","abstract","feminist"
"W4398146353","topic:gender","abstract","masculinity"
"W4398146353","country:united-states","abstract","us"
"W4398146353","country:south-korea","title","south korea"
"W4398146353","country:south-korea","abstract","south korea"
"W4398146353","country:south-korea","abstract","south (+ political word)"
"W4398146353","region:global","rule","three or more regions named: europe, north-america, asia-pacific"
"W4398169539","topic:international","title","eu"
"W4398169539","topic:international","abstract","eu"
"W4398169539","topic:gender","abstract","women"
"W4398169539","topic:gender","abstract","gender"
"W4398169539","method:qualitative","abstract","interviews"
"W4398169539","region:europe","title","eu"
"W4398169539","region:europe","abstract","eu"
"W4399593508","approach:measurement","abstract","populist attitudes scale"
"W4399593508","topic:voters","title","populist attitudes"
"W4399593508","topic:voters","abstract","populist attitudes"
"W4399593508","topic:voters","abstract","attitudes"
"W4399593508","method:quantitative","abstract","regression"
"W4401321702","topic:democracy-institutions","title","autocratization"
"W4401321702","topic:democracy-institutions","abstract","autocratization"
"W4401339890","topic:parties","abstract","party"
"W4401339890","topic:parties","abstract","parties"
"W4401339890","topic:government","abstract","populist incumbents"
"W4401339890","topic:government","abstract","incumbent"
"W4401339890","country:turkey","title","turkey"
"W4401339890","country:turkey","abstract","turkey"
"W4401339890","country:turkey","abstract","erdogan"
"W4401339890","country:turkey","abstract","justice and development party"
"W4401339890","country:turkey","abstract","akp"
"W4401339890","country:israel","title","israel"
"W4401339890","country:israel","abstract","israel"
"W4401339890","country:israel","abstract","netanyahu"
"W4401339890","region:europe","rule","from the country named"
"W4401339890","region:mena","rule","from the country named"
"W4401441662","method:experiment","abstract","experimental study"
"W4401995326","topic:international","title","eu"
"W4401995326","topic:international","abstract","eu"
"W4401995326","topic:government","title","populist governments"
"W4401995326","topic:government","abstract","populist governments"
"W4401995326","topic:migration","abstract","refugee"
"W4401995326","topic:migration","abstract","migration"
"W4401995326","topic:migration","abstract","nativist"
"W4401995326","region:europe","title","eu"
"W4401995326","region:europe","abstract","eu"
"W4402197683","topic:parties","abstract","far right"
"W4402197683","topic:parties","abstract","populist movements"
"W4402197683","topic:parties","abstract","parties"
"W4402197683","topic:media-communication","title","communication"
"W4402197683","topic:media-communication","abstract","media"
"W4402197683","topic:media-communication","abstract","rhetoric"
"W4402197683","topic:media-communication","abstract","communication"
"W4402197683","country:austria","title","austria"
"W4402197683","country:germany","title","germany"
"W4402197683","country:spain","title","spain"
"W4402197683","region:europe","rule","from the country named"
"W4402468441","approach:performative","abstract","performance of crisis"
"W4402468441","topic:parties","abstract","right wing populist"
"W4402468441","topic:parties","abstract","populist leaders"
"W4402468441","topic:government","abstract","populist governments"
"W4402468441","topic:government","abstract","populist rule"
"W4402468441","topic:media-communication","title","communication"
"W4402468441","topic:media-communication","abstract","communication"
"W4402468441","method:qualitative","abstract","interviews"
"W4402468441","country:poland","title","poland"
"W4402468441","country:poland","abstract","poland"
"W4402468441","country:serbia","title","serbia"
"W4402468441","country:serbia","abstract","serbia"
"W4402468441","country:united-states","title","united states"
"W4402468441","country:united-states","abstract","united states"
"W4402468441","country:united-states","abstract","u s"
"W4402468441","country:brazil","title","brazil"
"W4402468441","country:brazil","abstract","brazil"
"W4402468441","region:global","rule","three or more regions named: europe, north-america, latin-america"
"W4402750574","approach:ideational","abstract","thick ideology"
"W4402750574","topic:defence-security","abstract","securitisation"
"W4402750574","topic:defence-security","abstract","securitising"
"W4402750574","topic:parties","title","left wing populism"
"W4402750574","topic:parties","abstract","left wing populist"
"W4402750574","topic:parties","abstract","parties"
"W4402750574","topic:parties","abstract","populist right"
"W4402750574","topic:parties","abstract","left wing populists"
"W4402750574","topic:parties","abstract","party"
"W4402750574","topic:religion","abstract","islam"
"W4402750574","topic:religion","abstract","muslim"
"W4402750574","topic:religion","abstract","muslims"
"W4402750574","topic:religion","abstract","religious"
"W4402750574","method:qualitative","abstract","discourse analysis"
"W4402750574","country:france","title","france"
"W4402750574","country:france","title","melenchon"
"W4402750574","country:france","abstract","france"
"W4402750574","country:france","abstract","melenchon"
"W4402750574","country:france","abstract","la france insoumise"
"W4402750574","country:france","abstract","french (+ political word)"
"W4402750574","region:europe","rule","from the country named"
"W4403102764","topic:defence-security","abstract","securitisation"
"W4403102764","topic:parties","title","radical right"
"W4403102764","topic:parties","title","parties"
"W4403102764","topic:parties","abstract","radical right"
"W4403102764","topic:parties","abstract","parties"
"W4403102764","topic:democracy-institutions","abstract","authoritarian"
"W4403102764","topic:democracy-institutions","abstract","authoritarianism"
"W4403102764","topic:democracy-institutions","abstract","referendums"
"W4403102764","method:survey","abstract","original survey"
"W4403102764","method:mixed","abstract","mixed methods"
"W4403102764","country:italy","title","italy"
"W4403102764","country:italy","abstract","italy"
"W4403102764","country:italy","abstract","fratelli d italia"
"W4403102764","country:portugal","title","portugal"
"W4403102764","country:portugal","abstract","portugal"
"W4403102764","country:portugal","abstract","chega"
"W4403102764","region:europe","rule","from the country named"
"W4403692898","topic:parties","abstract","parties"
"W4403692898","topic:voters","abstract","voters"
"W4403692898","topic:voters","abstract","voting behaviour"
"W4403692898","topic:economy-welfare","abstract","economic"
"W4403692898","method:experiment","title","conjoint"
"W4403692898","method:experiment","abstract","conjoint"
"W4403692898","country:spain","title","spain"
"W4403692898","region:europe","rule","from the country named"
"W4404142567","topic:parties","abstract","party"
"W4404142567","topic:democracy-institutions","title","court"
"W4404142567","topic:democracy-institutions","abstract","rule of law"
"W4404142567","topic:democracy-institutions","abstract","judiciary"
"W4404142567","topic:democracy-institutions","abstract","court"
"W4404142567","topic:democracy-institutions","abstract","judicial"
"W4404142567","topic:democracy-institutions","abstract","constitution"
"W4404142567","country:poland","title","poland"
"W4404142567","country:poland","abstract","law and justice"
"W4404142567","country:poland","abstract","pis"
"W4404142567","region:europe","rule","from the country named"
"W4404166616","topic:parties","abstract","right wing populism"
"W4404166616","topic:parties","abstract","right wing populist"
"W4404166616","country:el-salvador","title","el salvador"
"W4404166616","country:el-salvador","title","bukele"
"W4404166616","country:el-salvador","abstract","el salvador"
"W4404166616","country:el-salvador","abstract","bukele"
"W4404166616","region:latin-america","rule","from the country named"
"W4404549926","topic:parties","title","radical right"
"W4404549926","topic:parties","abstract","radical right"
"W4404549926","topic:parties","abstract","parties"
"W4404549926","method:mixed","abstract","mixed methods"
"W4404549926","country:germany","title","german (+ political word)"
"W4404549926","country:germany","abstract","germany"
"W4404549926","country:germany","abstract","alternative for germany"
"W4404549926","country:germany","abstract","afd"
"W4404549926","region:europe","rule","from the country named"
"W4404592730","topic:voters","title","attitudes"
"W4404592730","topic:voters","abstract","attitudes"
"W4404592730","method:survey","abstract","survey data"
"W4391508089","topic:parties","title","candidate"
"W4391508089","topic:media-communication","title","rhetoric"
"W4391678524","approach:discursive","title","populist logic"
"W4391678524","approach:discursive","abstract","populist logic"
"W4391678524","topic:parties","abstract","populist politicians"
"W4391678524","topic:parties","abstract","parties"
"W4391678524","topic:parties","abstract","party"
"W4391678524","region:global","abstract","across the world"
"W4391678524","region:global","abstract","cross regional"
"W4391678524","country:france","abstract","france"
"W4391678524","country:france","abstract","le pen"
"W4391678524","country:france","abstract","national rally"
"W4391678524","country:spain","abstract","spain"
"W4391678524","country:spain","abstract","podemos"
"W4391678524","country:spain","abstract","pablo iglesias"
"W4391678524","country:united-states","abstract","us"
"W4391678524","country:united-states","abstract","trump"
"W4391678524","country:venezuela","abstract","venezuela"
"W4391678524","country:venezuela","abstract","maduro"
"W4391678524","region:global","rule","three or more regions named: europe, north-america, latin-america"
"W4392545187","topic:media-communication","abstract","communication"
"W4392545187","topic:media-communication","abstract","rhetoric"
"W4392545187","country:united-states","title","trump"
"W4392545187","country:united-states","abstract","united states"
"W4392545187","country:united-states","abstract","trump"
"W4392545187","region:north-america","rule","from the country named"
"W4393072871","approach:ideational","abstract","ideational approach"
"W4393072871","approach:measurement","abstract","measures of populism"
"W4393072871","topic:parties","title","party"
"W4393072871","topic:parties","abstract","party"
"W4393072871","topic:parties","abstract","parties"
"W4393072871","method:quantitative","abstract","expert surveys"
"W4393072871","method:quantitative","abstract","regression"
"W4393072871","method:qta","abstract","supervised machine learning"
"W4393281589","topic:voters","title","populist attitudes"
"W4393281589","topic:voters","abstract","populist attitudes"
"W4393281589","topic:voters","abstract","attitudes"
"W4393281589","method:survey","abstract","original survey"
"W4393442879","approach:ideational","abstract","thin ideology"
"W4393442879","topic:voters","abstract","demand side"
"W4393442879","topic:voters","abstract","populist attitudes"
"W4393442879","topic:media-communication","abstract","communication"
"W4393442879","topic:media-communication","abstract","framing"
"W4394620199","topic:parties","abstract","parties"
"W4394620199","topic:parties","abstract","populist movements"
"W4394620199","region:global","abstract","global north"
"W4394620199","region:global","abstract","global south"
"W4394784874","topic:international","abstract","transnational"
"W4394784874","topic:economy-welfare","title","economy"
"W4394784874","topic:economy-welfare","abstract","neoliberal"
"W4394784874","topic:economy-welfare","abstract","globalisation"
"W4394784874","topic:economy-welfare","abstract","economic"
"W4394784874","topic:economy-welfare","abstract","neoliberalism"
"W4403338902","approach:other","abstract","different approaches"
"W4403338902","topic:voters","abstract","populist attitudes"
"W4403338902","topic:voters","abstract","voters"
"W4403338902","topic:media-communication","title","misinformation"
"W4403338902","topic:media-communication","abstract","misinformation"
"W4403338902","country:poland","abstract","poland"
"W4403338902","country:serbia","abstract","serbia"
"W4403338902","country:united-states","abstract","united states"
"W4403338902","country:brazil","abstract","brazil"
"W4403338902","region:global","rule","three or more regions named: europe, north-america, latin-america"
"W4391023553","topic:economy-welfare","title","economy"
"W4391023553","topic:economy-welfare","abstract","economy"
"W4391023553","topic:economy-welfare","abstract","neoliberalism"
"W4391023553","topic:economy-welfare","abstract","economic"
"W4391023553","topic:economy-welfare","abstract","neoliberal"
"W4391023553","topic:religion","abstract","hindu"
"W4391023553","topic:democracy-institutions","title","authoritarian"
"W4391023553","topic:democracy-institutions","abstract","authoritarian"
"W4391023553","country:india","title","india"
"W4391023553","country:india","title","modi"
"W4391023553","country:india","abstract","india"
"W4391023553","country:india","abstract","modi"
"W4391023553","region:asia-pacific","rule","from the country named"
"W4391719281","topic:voters","abstract","attitudes"
"W4391719281","topic:voters","abstract","populist attitudes"
"W4391719281","topic:media-communication","title","media"
"W4391719281","topic:media-communication","abstract","media"
"W4391719281","topic:media-communication","abstract","communication"
"W4391719281","method:experiment","title","experimental evidence"
"W4391719281","method:experiment","abstract","survey experiments"
"W4391719281","country:germany","title","germany"
"W4391719281","country:germany","abstract","germany"
"W4391719281","country:taiwan","title","taiwan"
"W4391719281","country:taiwan","abstract","taiwan"
"W4391719281","region:europe","rule","from the country named"
"W4391719281","region:asia-pacific","rule","from the country named"
"W4392132131","topic:voters","abstract","voters"
"W4392132131","topic:voters","abstract","respondents"
"W4392132131","topic:media-communication","title","journalists"
"W4392132131","topic:media-communication","title","media"
"W4392132131","topic:media-communication","abstract","journalists"
"W4392132131","topic:media-communication","abstract","media"
"W4392132131","topic:media-communication","abstract","journalism"
"W4392132131","method:mixed","abstract","qualitative and quantitative"
"W4393277495","topic:voters","abstract","populist attitudes"
"W4393277495","country:turkey","title","turkey"
"W4393277495","country:turkey","abstract","turkey"
"W4393277495","region:europe","rule","from the country named"
"W4395679941","region:europe","title","european"
"W4400404612","topic:voters","abstract","voters"
"W4400404612","topic:economy-welfare","title","economic"
"W4400404612","method:survey","abstract","survey data"
"W4402554518","topic:parties","abstract","right wing populist"
"W4402554518","topic:parties","abstract","parties"
"W4402786345","topic:parties","title","far right"
"W4402786345","topic:parties","abstract","far right"
"W4402786345","topic:parties","abstract","party"
"W4402786345","topic:spatial","title","rural"
"W4402786345","topic:spatial","abstract","rural"
"W4402786345","topic:economy-welfare","abstract","energy transition"
"W4402786345","topic:media-communication","abstract","rhetoric"
"W4402786345","topic:migration","abstract","migrants"
"W4402786345","topic:migration","abstract","migrant"
"W4402786345","topic:migration","abstract","xenophobia"
"W4402786345","method:qualitative","abstract","interviews"
"W4402786345","method:qualitative","abstract","focus groups"
"W4402786345","country:portugal","title","portugal"
"W4402786345","country:portugal","abstract","portugal"
"W4402786345","country:portugal","abstract","portuguese (+ political word)"
"W4402786345","region:europe","rule","from the country named"
"W4402797723","topic:voters","title","citizens"
"W4402797723","topic:voters","abstract","citizens"
"W4402797723","topic:voters","abstract","attitudes"
"W4402797723","topic:voters","abstract","populist attitudes"
"W4403523125","approach:discursive","abstract","laclau"
"W4403523125","approach:discursive","abstract","populist logic"
"W4403523125","topic:democracy-institutions","abstract","authoritarian"
"W4403523125","topic:democracy-institutions","abstract","authoritarianism"
"W4404885468","approach:political-strategic","abstract","plebiscitarian"
"W4404885468","topic:government","abstract","populist governments"
"W4404885468","topic:democracy-institutions","title","rule of law"
"W4404885468","topic:democracy-institutions","abstract","rule of law"
"W4392286550","topic:voters","title","voting behaviour"
"W4392286550","topic:voters","abstract","populist attitudes"
"W4392286550","topic:voters","abstract","attitudes"
"W4392286550","topic:voters","abstract","voting behaviour"
"W4392786416","topic:economy-welfare","title","inequality"
"W4393902685","topic:gender","title","anti gender"
"W4393902685","topic:gender","abstract","gendered"
"W4393902685","topic:gender","abstract","anti gender"
"W4393902685","topic:gender","abstract","gender"
"W4393902685","topic:gender","abstract","lgbti"
"W4393902685","topic:democracy-institutions","title","authoritarian"
"W4393902685","topic:democracy-institutions","abstract","illiberal"
"W4393902685","country:turkey","title","turkey"
"W4393902685","country:turkey","abstract","turkey"
"W4393902685","country:turkey","abstract","justice and development party"
"W4393902685","country:turkey","abstract","akp"
"W4393902685","region:europe","rule","from the country named"
"W4394621478","approach:ideational","abstract","ideational definition"
"W4394621478","topic:voters","abstract","attitudes"
"W4394621478","topic:voters","abstract","citizens"
"W4394621478","topic:media-communication","title","media"
"W4394621478","country:mexico","title","mexico"
"W4394621478","region:latin-america","rule","from the country named"
"W4395082463","topic:foreign-policy","abstract","foreign policy"
"W4395082463","country:hungary","title","hungary"
"W4395082463","country:hungary","title","orban"
"W4395082463","country:hungary","abstract","hungary"
"W4395082463","country:hungary","abstract","orban"
"W4395082463","country:hungary","abstract","hungarian (+ political word)"
"W4395082463","country:china","title","china"
"W4395082463","region:europe","rule","from the country named"
"W4395082463","region:asia-pacific","rule","from the country named"
"W4396780302","topic:media-communication","title","media"
"W4396780302","topic:democracy-institutions","abstract","authoritarian"
"W4396780302","country:china","title","china"
"W4396780302","region:asia-pacific","rule","from the country named"
"W4399049328","topic:parties","title","right wing populists"
"W4399049328","topic:parties","abstract","right wing populists"
"W4399049328","topic:parties","abstract","right wing populist"
"W4399049328","method:qta","abstract","automated text analysis"
"W4399049328","country:france","abstract","le pen"
"W4399049328","country:france","abstract","macron"
"W4399049328","country:italy","abstract","salvini"
"W4399049328","country:united-states","abstract","trump"
"W4399049328","region:europe","rule","from the country named"
"W4399049328","region:north-america","rule","from the country named"
"W4399665546","topic:parties","title","radical right"
"W4399665546","topic:parties","abstract","radical right"
"W4399665546","topic:parties","abstract","party"
"W4399665546","topic:media-communication","title","media"
"W4399665546","topic:media-communication","abstract","media"
"W4399665546","topic:media-communication","abstract","communication"
"W4399665546","topic:media-communication","abstract","social networks"
"W4399665546","topic:media-communication","abstract","twitter"
"W4399665546","topic:media-communication","abstract","tweets"
"W4399665546","country:portugal","title","portugal"
"W4399665546","country:portugal","abstract","chega"
"W4399665546","country:portugal","abstract","portuguese (+ political word)"
"W4399665546","region:europe","rule","from the country named"
"W4401398196","topic:international","abstract","eu"
"W4401398196","topic:government","title","populist governments"
"W4401398196","topic:government","abstract","populist governments"
"W4401398196","topic:democracy-institutions","abstract","liberal democracy"
"W4401398196","topic:democracy-institutions","abstract","rule of law"
"W4401398196","region:europe","abstract","eu"
"W4401398196","country:hungary","title","fidesz"
"W4401398196","country:hungary","abstract","fidesz"
"W4403394662","approach:discursive","abstract","discursive approach"
"W4403394662","approach:discursive","abstract","populism as a political logic"
"W4403394662","approach:discursive","abstract","essex school"
"W4403394662","approach:discursive","abstract","post foundational"
"W4403394662","topic:parties","title","party"
"W4403394662","topic:parties","abstract","party"
"W4403394662","topic:parties","abstract","parties"
"W4403394662","topic:parties","abstract","far right"
"W4403394662","method:qualitative","abstract","discourse analysis"
"W4403394662","region:europe","title","european"
"W4404060683","topic:parties","abstract","parties"
"W4404060683","topic:voters","abstract","support for populist"
"W4404060683","topic:voters","abstract","voters"
"W4404060683","topic:voters","abstract","populist attitudes"
"W4404060683","topic:voters","abstract","voting behaviour"
"W4404060683","topic:voters","abstract","respondents"
"W4404060683","topic:economy-welfare","abstract","economic"
"W4404060683","method:survey","abstract","representative surveys"
"W4404060683","region:europe","title","european"
"W4404060683","region:europe","abstract","european"
"W4404060683","region:europe","abstract","western europe"
"W4404060683","region:europe","abstract","europe"
"W4404327302","topic:parties","abstract","parties"
"W4404327302","topic:parties","abstract","party"
"W4404327302","topic:parties","abstract","political leader"
"W4404327302","topic:economy-welfare","title","inequalities"
"W4404327302","topic:economy-welfare","abstract","inequalities"
"W4404327302","country:india","title","india"
"W4404327302","country:india","abstract","india"
"W4404327302","country:india","abstract","modi"
"W4404327302","region:asia-pacific","rule","from the country named"
"W4404884494","topic:parties","abstract","partisan"
"W4404884494","topic:parties","abstract","parties"
"W4404884494","topic:parties","abstract","right wing populist"
"W4404884494","topic:parties","abstract","party"
"W4404884494","topic:voters","title","populist attitudes"
"W4404884494","topic:voters","abstract","support for populist"
"W4404884494","topic:voters","abstract","populist attitudes"
"W4404884494","topic:media-communication","abstract","media"
"W4404884494","method:survey","abstract","survey data"
"W4404884494","country:denmark","title","denmark"
"W4404884494","region:europe","rule","from the country named"
"W4405445030","approach:other","abstract","ideational approaches"
"W4405445030","approach:other","abstract","discursive approaches"
"W4405445030","approach:other","abstract","political strategic"
"W4405445030","topic:parties","abstract","far right"
"W4405445030","topic:democracy-institutions","abstract","liberal democracies"
"W4405445030","topic:democracy-institutions","abstract","authoritarian"
"W4390840236","topic:international","title","international organizations"
"W4390840236","topic:voters","title","attitudes"
"W4390840236","topic:media-communication","title","communication"
"W4390978704","topic:voters","title","citizens"
"W4390978704","topic:voters","title","populist attitudes"
"W4390978704","topic:voters","abstract","citizens"
"W4390978704","topic:voters","abstract","populist attitudes"
"W4390979050","topic:parties","title","parties"
"W4390979050","topic:parties","abstract","parties"
"W4390979050","topic:parties","abstract","party system"
"W4390979050","topic:democracy-institutions","title","direct democracy"
"W4390979050","topic:democracy-institutions","abstract","direct democracy"
"W4390979050","topic:democracy-institutions","abstract","referendums"
"W4391052106","topic:voters","title","attitudes"
"W4391882715","topic:parties","title","parties"
"W4391882715","topic:parties","abstract","parties"
"W4391882715","topic:parties","abstract","party"
"W4391882715","topic:economy-welfare","abstract","economy"
"W4391882715","topic:economy-welfare","abstract","neoliberal"
"W4391882715","method:qualitative","abstract","qualitative"
"W4391882715","region:europe","title","nordic"
"W4391882715","region:europe","abstract","europe"
"W4391882715","region:europe","abstract","nordic"
"W4391882715","country:finland","title","finland"
"W4391882715","country:finland","abstract","finland"
"W4391882715","country:finland","abstract","finns party"
"W4391882715","country:sweden","title","sweden"
"W4391882715","country:sweden","abstract","sweden"
"W4391882715","country:sweden","abstract","sweden democrats"
"W4393008776","country:brazil","title","brazil"
"W4393008776","country:brazil","abstract","brazilian (+ political word)"
"W4393008776","region:latin-america","rule","from the country named"
"W4393143912","topic:parties","title","radical right"
"W4393143912","topic:parties","abstract","radical right"
"W4393143912","topic:parties","abstract","parties"
"W4393143912","region:europe","title","european"
"W4393199189","topic:international","title","euroscepticism"
"W4393199189","topic:international","abstract","euroscepticism"
"W4393199189","topic:international","abstract","european union"
"W4393199189","topic:economy-welfare","title","welfare"
"W4393199189","topic:economy-welfare","abstract","welfare"
"W4395074060","method:experiment","abstract","survey experiment"
"W4395074060","region:global","title","global rise"
"W4400039344","topic:voters","title","populist attitudes"
"W4400039344","topic:voters","abstract","populist attitudes"
"W4400039344","country:italy","title","italy"
"W4400039344","country:portugal","title","portugal"
"W4400039344","country:spain","title","spain"
"W4400039344","region:europe","rule","from the country named"
"W4400110883","topic:parties","abstract","far right"
"W4400110883","topic:parties","abstract","right wing populism"
"W4400110883","topic:spatial","abstract","spatial"
"W4400110883","topic:spatial","abstract","rural"
"W4400883337","region:europe","title","europe"
"W4400907954","topic:government","title","populism in power"
"W4400907954","country:israel","title","israel"
"W4400907954","region:mena","rule","from the country named"
"W4400961121","approach:performative","abstract","populist style"
"W4400961121","topic:parties","abstract","populist actors"
"W4400961121","topic:parties","abstract","candidate"
"W4400961121","topic:voters","title","vote choice"
"W4400961121","topic:voters","abstract","support for populist"
"W4400961121","topic:voters","abstract","vote choice"
"W4400961121","topic:voters","abstract","respondents"
"W4400961121","topic:voters","abstract","populist attitudes"
"W4400961121","method:experiment","title","survey experiment"
"W4400961121","method:experiment","abstract","survey experiment"
"W4400982328","topic:voters","abstract","support for populism"
"W4400982328","topic:voters","abstract","populist attitudes"
"W4400982328","method:mixed","abstract","multimethod"
"W4400982328","country:united-kingdom","abstract","brexit"
"W4400982328","country:united-kingdom","abstract","u k"
"W4400982328","country:united-states","abstract","trump"
"W4400982328","country:united-states","abstract","u s"
"W4400982328","region:europe","rule","from the country named"
"W4400982328","region:north-america","rule","from the country named"
"W4401126396","topic:voters","title","populist attitudes"
"W4401126396","topic:voters","abstract","populist attitudes"
"W4401126396","method:survey","abstract","panel survey"
"W4401126396","method:survey","abstract","american national election study"
"W4401126396","country:united-states","title","us"
"W4401126396","country:united-states","abstract","us"
"W4401126396","country:united-states","abstract","american (+ political word)"
"W4401126396","region:north-america","rule","from the country named"
"W4403039756","approach:ideational","title","host ideologies"
"W4403039756","approach:ideational","abstract","ideational definition"
"W4403039756","approach:ideational","abstract","thin ideology"
"W4403039756","approach:ideational","abstract","host ideologies"
"W4403039756","approach:measurement","abstract","measure populist"
"W4403039756","topic:parties","abstract","party"
"W4403039756","topic:parties","abstract","parties"
"W4403769856","topic:voters","abstract","vote choice"
"W4403769856","topic:voters","abstract","citizens"
"W4403769856","topic:voters","abstract","populist attitudes"
"W4404130803","topic:parties","title","parties"
"W4404130803","topic:parties","title","radical right"
"W4404130803","topic:parties","abstract","parties"
"W4404130803","topic:parties","abstract","radical right"
"W4404130803","topic:parties","abstract","party"
"W4404130803","topic:economy-welfare","title","inequality"
"W4404130803","topic:gender","title","gender"
"W4404130803","topic:gender","abstract","gender"
"W4404130803","topic:religion","abstract","religiously"
"W4404130803","topic:religion","abstract","christian"
"W4404130803","topic:religion","abstract","church"
"W4404130803","country:france","title","rassemblement national"
"W4404130803","country:france","abstract","france"
"W4404130803","country:france","abstract","rassemblement national"
"W4404130803","country:hungary","title","fidesz"
"W4404130803","country:hungary","abstract","hungary"
"W4404130803","country:hungary","abstract","fidesz"
"W4404130803","region:europe","rule","from the country named"
"W4404444118","topic:international","title","euroscepticism"
"W4404444118","topic:international","abstract","euroscepticism"
"W4404444118","topic:international","abstract","eu"
"W4404444118","topic:international","abstract","eurosceptic"
"W4404444118","topic:economy-welfare","abstract","inequalities"
"W4404444118","topic:economy-welfare","abstract","economic"
"W4404444118","region:europe","abstract","europe"
"W4404444118","region:europe","abstract","eu"
"W4405368728","topic:parties","abstract","parties"
"W4405368728","topic:parties","abstract","party"
"W4405368728","topic:voters","abstract","attitudes"
"W4405368728","topic:voters","abstract","voters"
"W4405368728","method:survey","abstract","original surveys"
"W4405368728","country:romania","abstract","romania"
"W4405368728","region:europe","rule","from the country named"
"W4392661642","approach:performative","abstract","performance of crisis"
"W4392661642","topic:media-communication","abstract","propaganda"
"W4392661642","topic:media-communication","abstract","rhetoric"
"W4392661642","topic:gender","abstract","lgbti"
"W4392661642","topic:gender","abstract","genderism"
"W4392661642","topic:gender","abstract","gendered"
"W4392661642","topic:democracy-institutions","title","illiberal"
"W4392661642","method:qualitative","abstract","critical discourse analysis"
"W4392661642","method:qualitative","abstract","qualitative"
"W4392661642","country:turkey","title","turkey"
"W4392661642","country:turkey","abstract","turkey"
"W4392661642","country:turkey","abstract","justice and development party"
"W4392661642","country:turkey","abstract","akp"
"W4392661642","region:europe","rule","from the country named"
"W4392711846","topic:democracy-institutions","title","courts"
"W4392711846","topic:democracy-institutions","title","authoritarian"
"W4392711846","topic:democracy-institutions","abstract","authoritarian"
"W4392711846","topic:democracy-institutions","abstract","illiberal"
"W4392711846","topic:democracy-institutions","abstract","democratic backsliding"
"W4392711846","topic:democracy-institutions","abstract","courts"
"W4392711846","topic:democracy-institutions","abstract","judicial"
"W4392711846","region:asia-pacific","title","asia"
"W4392711846","region:asia-pacific","abstract","asia"
"W4392711846","region:asia-pacific","abstract","southeast asia"
"W4392711846","country:indonesia","title","indonesia"
"W4392711846","country:indonesia","abstract","indonesia"
"W4392711846","country:indonesia","abstract","widodo"
"W4392711846","country:philippines","title","philippines"
"W4392711846","country:philippines","abstract","philippines"
"W4392711846","country:philippines","abstract","duterte"
"W4394987413","topic:democracy-institutions","title","constitutional"
"W4394987413","topic:democracy-institutions","title","courts"
"W4394987413","country:germany","title","germany"
"W4394987413","region:europe","rule","from the country named"
"W4396905332","topic:parties","title","party"
"W4396905332","topic:parties","abstract","radical right"
"W4396905332","topic:parties","abstract","parties"
"W4396905332","topic:parties","abstract","party"
"W4396905332","topic:media-communication","title","rhetoric"
"W4396905332","topic:media-communication","abstract","rhetoric"
"W4396905332","method:qta","abstract","sentiment analysis"
"W4396905332","country:sweden","abstract","sweden"
"W4396905332","country:sweden","abstract","sweden democrats"
"W4396905332","region:europe","rule","from the country named"
"W4396921171","topic:parties","title","partisans"
"W4396921171","topic:parties","title","radical right"
"W4396921171","topic:parties","title","parties"
"W4396921171","topic:parties","abstract","party"
"W4396921171","topic:parties","abstract","parties"
"W4396921171","topic:parties","abstract","radical right"
"W4396921171","topic:voters","abstract","citizens"
"W4396921171","topic:voters","abstract","supporters"
"W4396921171","topic:voters","abstract","voters"
"W4396921171","method:quantitative","abstract","panel data"
"W4400057125","topic:parties","title","radical right"
"W4400057125","topic:parties","title","parties"
"W4400057125","topic:parties","abstract","radical right"
"W4400057125","topic:parties","abstract","parties"
"W4400057125","topic:parties","abstract","party"
"W4400962067","topic:economy-welfare","title","economy"
"W4400962067","topic:economy-welfare","abstract","economic"
"W4400962067","topic:economy-welfare","abstract","economy"
"W4400962067","topic:democracy-institutions","title","authoritarian"
"W4400962067","topic:democracy-institutions","abstract","authoritarian"
"W4400962067","country:hungary","abstract","hungary"
"W4400962067","country:hungary","abstract","hungarian (+ political word)"
"W4400962067","region:europe","rule","from the country named"
"W4401027813","approach:measurement","abstract","measure of populism"
"W4401027813","approach:measurement","abstract","new measure"
"W4401027813","approach:measurement","abstract","measuring populism"
"W4401027813","topic:media-communication","title","frames"
"W4402053518","topic:parties","title","radical right"
"W4402053518","topic:parties","abstract","radical right"
"W4402053518","topic:parties","abstract","parties"
"W4402053518","topic:gender","title","anti gender"
"W4402053518","topic:gender","abstract","misogyny"
"W4402053518","topic:gender","abstract","lgbtiq"
"W4402053518","topic:gender","abstract","gender"
"W4402053518","topic:gender","abstract","anti gender"
"W4402053518","country:italy","title","italy"
"W4402053518","country:italy","title","lega"
"W4402053518","country:italy","abstract","italy"
"W4402053518","country:italy","abstract","lega"
"W4402053518","country:italy","abstract","fratelli d italia"
"W4402053518","country:italy","abstract","italian (+ political word)"
"W4402053518","region:europe","rule","from the country named"
"W4402833359","approach:other","abstract","different approaches"
"W4402833359","topic:religion","title","churches"
"W4402833359","topic:religion","title","churchification"
"W4402833359","topic:religion","title","religious"
"W4402833359","topic:religion","abstract","church"
"W4402833359","topic:religion","abstract","christian"
"W4402833359","topic:religion","abstract","religious"
"W4402833359","topic:religion","abstract","religion"
"W4402833359","topic:migration","abstract","nativist"
"W4402833359","topic:democracy-institutions","abstract","authoritarian"
"W4402833359","topic:democracy-institutions","abstract","illiberal"
"W4403085078","topic:parties","title","parties"
"W4403085078","topic:media-communication","title","media"
"W4403085078","country:belgium","title","belgium"
"W4403085078","region:europe","rule","from the country named"
"W4403406694","topic:foreign-policy","title","foreign policy"
"W4403406694","topic:foreign-policy","abstract","foreign policy"
"W4403406694","topic:defence-security","title","securitization"
"W4403406694","topic:defence-security","abstract","securitization"
"W4403406694","topic:parties","abstract","party"
"W4403406694","method:qualitative","abstract","discourse analysis"
"W4403406694","country:turkey","title","turkish (+ political word)"
"W4403406694","country:turkey","abstract","turkey"
"W4403406694","country:turkey","abstract","justice and development party"
"W4403406694","country:turkey","abstract","akp"
"W4403406694","country:turkey","abstract","erdogan"
"W4403406694","region:europe","rule","from the country named"
"W4403640138","topic:parties","abstract","populist politicians"
"W4403640138","topic:parties","abstract","party"
"W4403640138","country:hungary","title","orban"
"W4403640138","country:hungary","abstract","orban"
"W4403640138","country:hungary","abstract","fidesz"
"W4403640138","region:europe","rule","from the country named"
"W4405541713","approach:political-strategic","abstract","strategic approach"
"W4405541713","topic:parties","abstract","parties"
"W4405541713","topic:parties","abstract","partisan"
"W4405541713","topic:voters","abstract","electorate"
"W4405541713","topic:voters","abstract","voters"
"W4405541713","topic:government","abstract","populist government"
"W4405541713","topic:government","abstract","populist governments"
"W4405541713","topic:democracy-institutions","title","referendum"
"W4405541713","topic:democracy-institutions","abstract","illiberal"
"W4405541713","topic:democracy-institutions","abstract","referendum"
"W4405541713","topic:democracy-institutions","abstract","direct democracy"
"W4405541713","topic:democracy-institutions","abstract","referendums"
"W4405541713","topic:democracy-institutions","abstract","democratic backsliding"
"W4405541713","topic:democracy-institutions","abstract","liberal democracy"
"W4405541713","country:hungary","abstract","hungary"
"W4405541713","country:poland","title","poland"
"W4405541713","country:poland","abstract","poland"
"W4405541713","country:poland","abstract","polish (+ political word)"
"W4405541713","region:europe","rule","from the country named"
"W4408333574","topic:voters","title","populist attitudes"
"W4408333574","topic:media-communication","title","misinformation"
"W4408333574","topic:media-communication","abstract","misinformation"
"W4408333574","topic:media-communication","abstract","media"
"W4408333574","topic:media-communication","abstract","communication"
"W4408333574","country:turkey","title","turkey"
"W4408333574","region:europe","rule","from the country named"
"W4390826013","topic:parties","title","radical right"
"W4390826013","topic:parties","title","party"
"W4390826013","topic:parties","abstract","radical right"
"W4390826013","topic:parties","abstract","party"
"W4390826013","topic:parties","abstract","party leadership"
"W4390826013","topic:voters","title","voters"
"W4390826013","topic:voters","abstract","electorate"
"W4390826013","topic:migration","abstract","anti immigrant"
"W4390826013","method:survey","abstract","election studies"
"W4390826013","country:finland","title","finns party"
"W4390826013","country:finland","abstract","finland"
"W4390826013","country:finland","abstract","finns party"
"W4390826013","country:finland","abstract","finnish (+ political word)"
"W4390826013","region:europe","rule","from the country named"
"W4390829311","topic:parties","title","parties"
"W4390829311","topic:parties","abstract","parties"
"W4390829311","topic:parties","abstract","party competition"
"W4390829311","topic:parties","abstract","party"
"W4390829311","topic:economy-welfare","abstract","economic"
"W4390829311","topic:economy-welfare","abstract","financial crisis"
"W4390829311","topic:democracy-institutions","title","authoritarianism"
"W4390829311","region:europe","title","eastern europe"
"W4390950628","topic:voters","title","populist attitudes"
"W4390950628","topic:voters","abstract","populist attitudes"
"W4390950628","topic:voters","abstract","citizens"
"W4390950628","topic:economy-welfare","abstract","globalisation"
"W4390950628","method:survey","abstract","representative survey"
"W4390950628","region:europe","title","western europe"
"W4391093484","country:france","title","france"
"W4391093484","country:united-states","title","united states"
"W4391093484","region:europe","rule","from the country named"
"W4391093484","region:north-america","rule","from the country named"
"W4391133527","topic:parties","title","far right"
"W4391133527","topic:parties","abstract","far right"
"W4391133527","topic:parties","abstract","parties"
"W4391133527","topic:parties","abstract","manifestos"
"W4391133527","topic:economy-welfare","abstract","economy"
"W4391133527","topic:economy-welfare","abstract","fiscal"
"W4391133527","method:qualitative","abstract","comparative case study"
"W4391915525","topic:parties","title","radical right"
"W4391915525","topic:parties","abstract","radical right"
"W4391915525","topic:parties","abstract","parties"
"W4391915525","topic:government","title","in power"
"W4391915525","topic:government","abstract","in government"
"W4391915525","topic:economy-welfare","title","fiscal"
"W4391915525","topic:economy-welfare","abstract","fiscal"
"W4391915525","topic:economy-welfare","abstract","social policy"
"W4391915525","topic:economy-welfare","abstract","welfare"
"W4391915525","topic:economy-welfare","abstract","economic"
"W4391915525","method:mixed","abstract","mixed method"
"W4391915525","country:hungary","abstract","hungary"
"W4391915525","country:hungary","abstract","fidesz"
"W4391915525","region:europe","rule","from the country named"
"W4392385814","topic:parties","title","radical right"
"W4392385814","topic:parties","abstract","political leadership"
"W4392385814","topic:parties","abstract","parties"
"W4392385814","topic:parties","abstract","candidates"
"W4392385814","topic:parties","abstract","party"
"W4392385814","topic:parties","abstract","candidate"
"W4392385814","topic:parties","abstract","radical right"
"W4392385814","topic:parties","abstract","party leaders"
"W4392385814","topic:media-communication","abstract","rhetoric"
"W4392385814","topic:media-communication","abstract","media"
"W4392385814","country:france","abstract","france"
"W4392385814","country:france","abstract","french (+ political word)"
"W4392385814","region:europe","rule","from the country named"
"W4392788538","topic:parties","abstract","parties"
"W4392788538","topic:parties","abstract","party"
"W4392788538","topic:voters","title","populist attitudes"
"W4392788538","topic:voters","abstract","citizens"
"W4392788538","topic:voters","abstract","attitudes"
"W4392788538","topic:democracy-institutions","title","referendum"
"W4392788538","topic:democracy-institutions","abstract","referendum"
"W4392788538","topic:democracy-institutions","abstract","direct democracy"
"W4392788538","method:experiment","title","survey experiments"
"W4392788538","method:experiment","abstract","survey experiments"
"W4393194676","approach:discursive","abstract","laclau"
"W4393194676","topic:religion","title","orthodox church"
"W4393194676","topic:religion","abstract","orthodox church"
"W4393194676","topic:religion","abstract","church"
"W4393194676","country:russia","title","russia"
"W4393194676","country:russia","abstract","russia"
"W4393194676","region:europe","rule","from the country named"
"W4394690815","topic:parties","title","right wing populism"
"W4394690815","topic:parties","abstract","populist right"
"W4394690815","topic:parties","abstract","parties"
"W4394690815","topic:parties","abstract","right wing populism"
"W4394690815","topic:parties","abstract","right wing populist"
"W4394690815","method:survey","abstract","panel survey"
"W4394850314","topic:parties","abstract","right wing populist"
"W4394850314","topic:parties","abstract","parties"
"W4394850314","topic:parties","abstract","populist leaders"
"W4394850314","topic:voters","title","populist attitudes"
"W4394850314","topic:voters","abstract","voters"
"W4394850314","topic:voters","abstract","populist attitudes"
"W4394850314","topic:voters","abstract","respondents"
"W4394850314","topic:media-communication","title","rhetoric"
"W4394850314","topic:media-communication","abstract","media"
"W4394850314","topic:media-communication","abstract","rhetoric"
"W4394850314","method:survey","abstract","nationally representative"
"W4394850314","method:experiment","title","online experiment"
"W4394850314","method:experiment","abstract","survey experiment"
"W4394850314","country:united-states","title","united states"
"W4394850314","country:united-states","abstract","united states"
"W4394850314","country:united-states","abstract","trump"
"W4394850314","region:north-america","rule","from the country named"
"W4394932145","topic:parties","title","right wing populist"
"W4394932145","topic:parties","title","party"
"W4394932145","topic:parties","abstract","right wing populist"
"W4394932145","topic:parties","abstract","parties"
"W4394932145","topic:parties","abstract","party"
"W4394932145","topic:voters","title","attitudes"
"W4394932145","topic:voters","abstract","populist attitudes"
"W4394932145","topic:voters","abstract","attitudes"
"W4394932145","topic:voters","abstract","voter"
"W4394932145","topic:democracy-institutions","abstract","authoritarian"
"W4394932145","method:survey","abstract","survey data"
"W4394932145","method:experiment","abstract","survey experiment"
"W4394932145","country:germany","abstract","germany"
"W4394932145","country:germany","abstract","alternative fur deutschland"
"W4394932145","country:germany","abstract","alternative for germany"
"W4394932145","country:germany","abstract","afd"
"W4394932145","country:germany","abstract","german (+ political word)"
"W4394932145","region:europe","rule","from the country named"
"W4395462118","topic:defence-security","abstract","securitization"
"W4395462118","country:iran","abstract","iran"
"W4395462118","region:mena","rule","from the country named"
"W4398142236","topic:international","abstract","european union"
"W4398142236","topic:international","abstract","eu"
"W4398142236","topic:parties","abstract","parties"
"W4398142236","topic:parties","abstract","populist politicians"
"W4398142236","topic:voters","abstract","support for populist"
"W4398142236","topic:voters","abstract","citizens"
"W4398142236","topic:voters","abstract","electoral support"
"W4398142236","topic:voters","abstract","support for populism"
"W4398142236","method:quantitative","abstract","statistical analyses"
"W4398142236","region:europe","title","europe"
"W4398142236","region:europe","abstract","european"
"W4398142236","region:europe","abstract","europe"
"W4398142236","region:europe","abstract","eu"
"W4398780287","topic:parties","title","radical right"
"W4398780287","topic:parties","title","parties"
"W4398780287","topic:parties","abstract","right wing populists"
"W4398780287","topic:parties","abstract","radical right"
"W4398780287","topic:parties","abstract","parties"
"W4398780287","topic:voters","title","support for populist"
"W4398780287","topic:voters","abstract","voters"
"W4398780287","topic:voters","abstract","electoral support"
"W4398780287","country:netherlands","title","netherlands"
"W4398780287","country:netherlands","abstract","netherlands"
"W4398780287","country:netherlands","abstract","dutch (+ political word)"
"W4398780287","region:europe","rule","from the country named"
"W4399211219","topic:voters","title","populist attitudes"
"W4399211219","topic:voters","abstract","attitudes"
"W4399211219","topic:voters","abstract","populist attitudes"
"W4399211219","country:italy","title","italy"
"W4399211219","country:italy","abstract","italy"
"W4399211219","region:europe","rule","from the country named"
"W4399296783","approach:discursive","abstract","discursively construct"
"W4399296783","approach:discursive","abstract","discursively constructs"
"W4399296783","topic:parties","title","radical right"
"W4399296783","topic:parties","abstract","radical right"
"W4399296783","topic:parties","abstract","parties"
"W4399296783","topic:parties","abstract","party"
"W4399296783","topic:government","abstract","in government"
"W4399296783","topic:government","abstract","in power"
"W4399296783","region:europe","title","european"
"W4399296783","country:poland","title","law and justice"
"W4399296783","country:poland","abstract","kaczynski"
"W4399296783","country:poland","abstract","law and justice"
"W4399296783","country:poland","abstract","pis"
"W4399302897","topic:parties","title","far right"
"W4399302897","topic:parties","abstract","party"
"W4399302897","topic:parties","abstract","populist movements"
"W4399302897","topic:spatial","title","places that don t matter"
"W4399302897","topic:economy-welfare","abstract","economic"
"W4399302897","topic:economy-welfare","abstract","development policies"
"W4399302897","method:survey","abstract","survey data"
"W4399302897","country:portugal","title","portugal"
"W4399302897","region:europe","rule","from the country named"
"W4401038246","topic:international","title","multilateral"
"W4401038246","topic:parties","title","right wing populist"
"W4401038246","topic:parties","abstract","right wing populism"
"W4401038246","topic:parties","abstract","right wing populist"
"W4401038246","topic:voters","title","public support"
"W4401038246","topic:voters","abstract","public support"
"W4401038246","topic:voters","abstract","voters"
"W4401038246","topic:economy-welfare","title","development aid"
"W4401038246","topic:economy-welfare","abstract","development aid"
"W4401038246","topic:economy-welfare","abstract","foreign aid"
"W4401038246","topic:media-communication","abstract","rhetoric"
"W4401038246","method:experiment","abstract","survey experiments"
"W4401038246","country:germany","title","germany"
"W4401038246","country:germany","abstract","germany"
"W4401038246","country:united-kingdom","title","united kingdom"
"W4401038246","country:united-kingdom","abstract","united kingdom"
"W4401038246","country:united-kingdom","abstract","uk"
"W4401038246","country:united-states","title","united states"
"W4401038246","country:united-states","abstract","united states"
"W4401038246","country:united-states","abstract","u s"
"W4401038246","region:europe","rule","from the country named"
"W4401038246","region:north-america","rule","from the country named"
"W4401517939","topic:media-communication","abstract","twitter"
"W4401517939","country:israel","title","israel"
"W4401517939","country:israel","abstract","israeli (+ political word)"
"W4401517939","region:mena","rule","from the country named"
"W4401930594","region:europe","abstract","european"
"W4401978392","topic:economy-welfare","title","neoliberalism"
"W4401978392","topic:economy-welfare","abstract","neoliberal"
"W4401978392","topic:economy-welfare","abstract","neoliberalism"
"W4401978392","topic:media-communication","title","rhetoric"
"W4402655992","approach:discursive","abstract","laclauian"
"W4402655992","method:qualitative","abstract","discourse analysis"
"W4402655992","method:qualitative","abstract","semi structured"
"W4402655992","method:qualitative","abstract","interviews"
"W4402990306","topic:voters","title","populist attitudes"
"W4402990306","topic:voters","abstract","populist attitudes"
"W4402990306","topic:economy-welfare","title","economic"
"W4402990306","topic:economy-welfare","abstract","economic"
"W4402990306","method:survey","abstract","election study"
"W4403460182","topic:media-communication","abstract","rhetoric"
"W4403460182","topic:democracy-institutions","abstract","illiberal"
"W4403460182","topic:democracy-institutions","abstract","judiciary"
"W4403460182","country:brazil","title","brazil"
"W4403460182","country:brazil","abstract","brazil"
"W4403460182","country:brazil","abstract","bolsonaro"
"W4403460182","country:brazil","abstract","brazilian (+ political word)"
"W4403460182","region:latin-america","rule","from the country named"
"W4404883882","topic:media-communication","title","media"
"W4404883882","topic:media-communication","title","misinformation"
"W4404883882","topic:media-communication","abstract","misinformation"
"W4404883882","topic:media-communication","abstract","media"
"W4404883882","topic:media-communication","abstract","social networking"
"W4404906350","topic:parties","title","parties"
"W4404906350","topic:media-communication","title","media"
"W4404906350","topic:media-communication","abstract","communication"
"W4404906350","topic:media-communication","abstract","facebook"
"W4404906350","country:czech-republic","title","czech republic"
"W4404906350","region:europe","rule","from the country named"
"W4405001710","approach:ideational","abstract","ideational approach"
"W4405001710","approach:discursive","abstract","laclau"
"W4405001710","topic:democracy-institutions","abstract","liberal democracy"
"W4405001710","topic:democracy-institutions","abstract","democratic institutions"
"W4391130904","topic:parties","abstract","party system"
"W4391130904","topic:parties","abstract","party"
"W4391130904","topic:economy-welfare","abstract","economy"
"W4391130904","country:bulgaria","title","bulgaria"
"W4391130904","region:europe","rule","from the country named"
"W4391319971","topic:voters","title","citizens"
"W4391319971","topic:voters","title","populist attitudes"
"W4391319971","topic:voters","abstract","citizens"
"W4391319971","topic:voters","abstract","populist attitudes"
"W4391319971","topic:voters","abstract","attitudes"
"W4391319971","method:quantitative","abstract","panel data"
"W4392124877","approach:other","abstract","definitions of populism"
"W4392124877","topic:media-communication","abstract","media"
"W4392124877","topic:media-communication","abstract","communication"
"W4392124877","country:united-states","abstract","us"
"W4392124877","country:brazil","abstract","brazil"
"W4392124877","region:north-america","rule","from the country named"
"W4392124877","region:latin-america","rule","from the country named"
"W4392152188","topic:defence-security","title","war"
"W4392152188","topic:defence-security","abstract","war"
"W4392152188","topic:defence-security","abstract","wars"
"W4392152188","topic:defence-security","abstract","military"
"W4392168591","approach:discursive","abstract","discourse theory"
"W4392168591","topic:parties","title","far right"
"W4392168591","topic:media-communication","abstract","framing"
"W4392168591","country:spain","title","spain"
"W4392168591","region:europe","rule","from the country named"
"W4392453801","topic:parties","title","radical right"
"W4392453801","topic:parties","abstract","parties"
"W4392453801","topic:parties","abstract","radical right"
"W4392453801","topic:parties","abstract","party"
"W4392453801","topic:economy-welfare","abstract","globalization"
"W4392453801","topic:economy-welfare","abstract","economic"
"W4392453801","topic:migration","abstract","migration"
"W4392453801","topic:migration","abstract","immigration"
"W4392453801","country:italy","title","italy"
"W4392453801","region:europe","rule","from the country named"
"W4393111791","topic:parties","abstract","party"
"W4393111791","topic:parties","abstract","parties"
"W4393111791","topic:economy-welfare","title","neoliberal"
"W4393111791","topic:economy-welfare","abstract","neoliberalism"
"W4393111791","topic:economy-welfare","abstract","economic"
"W4393111791","topic:democracy-institutions","abstract","authoritarian"
"W4393111791","topic:democracy-institutions","abstract","authoritarianism"
"W4393111791","country:turkey","abstract","turkey"
"W4393111791","country:turkey","abstract","akp"
"W4393111791","country:turkey","abstract","justice and development party"
"W4393111791","region:europe","rule","from the country named"
"W4393316017","topic:parties","title","right wing populism"
"W4393316017","topic:parties","abstract","right wing populist"
"W4393316017","topic:parties","abstract","populist right"
"W4393316017","topic:voters","abstract","citizens"
"W4393316017","topic:voters","abstract","populist attitudes"
"W4393316017","topic:voters","abstract","attitudes"
"W4393343615","topic:media-communication","title","twitter"
"W4393343615","topic:media-communication","title","media"
"W4393343615","topic:media-communication","title","communication"
"W4393343615","region:europe","title","european"
"W4394733132","country:united-states","abstract","us"
"W4394733132","country:united-states","abstract","usa"
"W4394733132","country:china","title","china"
"W4394733132","country:china","abstract","china"
"W4394733132","region:north-america","rule","from the country named"
"W4394733132","region:asia-pacific","rule","from the country named"
"W4398145585","topic:spatial","title","geographies of"
"W4398145585","topic:spatial","abstract","geographical"
"W4398145585","country:brazil","title","brazil"
"W4398145585","country:brazil","abstract","brazil"
"W4398145585","country:brazil","abstract","brazilian (+ political word)"
"W4398145585","region:latin-america","rule","from the country named"
"W4399074982","topic:democracy-institutions","title","liberal democracy"
"W4399074982","topic:democracy-institutions","title","illiberal"
"W4399074982","topic:democracy-institutions","title","autocratization"
"W4399074982","topic:democracy-institutions","abstract","constitutionalism"
"W4399074982","topic:democracy-institutions","abstract","constitutional"
"W4399074982","country:hungary","title","hungary"
"W4399074982","country:hungary","abstract","fidesz"
"W4399074982","country:hungary","abstract","orban"
"W4399074982","country:hungary","abstract","hungarian (+ political word)"
"W4399074982","region:europe","rule","from the country named"
"W4400111528","region:europe","title","europe"
"W4400479356","topic:media-communication","title","rhetoric"
"W4400479356","topic:media-communication","abstract","framing"
"W4400479356","topic:media-communication","abstract","rhetoric"
"W4400479356","topic:gender","abstract","women"
"W4401628748","topic:gender","abstract","lgbt"
"W4401628748","topic:gender","abstract","sexuality"
"W4401628748","country:poland","title","poland"
"W4401628748","region:europe","rule","from the country named"
"W4402417649","approach:discursive","abstract","post structuralist"
"W4402417649","topic:parties","title","parties"
"W4402417649","topic:parties","abstract","populist right"
"W4402417649","topic:parties","abstract","parties"
"W4402417649","topic:parties","abstract","party"
"W4402417649","topic:media-communication","title","facebook"
"W4402417649","topic:media-communication","abstract","media"
"W4402417649","topic:media-communication","abstract","communication"
"W4402417649","topic:migration","title","refugee"
"W4402725642","topic:parties","title","political leaders"
"W4402725642","country:malaysia","title","malaysia"
"W4402725642","region:asia-pacific","rule","from the country named"
"W4402936301","topic:parties","title","parties"
"W4402936301","topic:parties","abstract","far right"
"W4402936301","topic:parties","abstract","parties"
"W4402936301","topic:parties","abstract","party"
"W4402936301","topic:voters","abstract","respondents"
"W4402936301","topic:voters","abstract","citizens"
"W4402936301","topic:economy-welfare","abstract","economic"
"W4402936301","topic:economy-welfare","abstract","welfare"
"W4402936301","topic:religion","abstract","religion"
"W4402936301","topic:religion","abstract","religious"
"W4402936301","topic:religion","abstract","religiosity"
"W4402936301","topic:religion","abstract","church"
"W4402936301","topic:migration","abstract","migration"
"W4402936301","topic:migration","abstract","anti immigrant"
"W4402936301","topic:democracy-institutions","title","authoritarian"
"W4402936301","topic:democracy-institutions","abstract","authoritarian"
"W4402936301","topic:democracy-institutions","abstract","illiberalism"
"W4402936301","topic:democracy-institutions","abstract","judicial"
"W4402936301","method:survey","abstract","european social survey"
"W4402936301","region:europe","title","central europe"
"W4402936301","region:europe","abstract","european"
"W4402936301","region:europe","abstract","central european"
"W4404225248","topic:voters","title","demand side"
"W4404225248","topic:voters","abstract","voters"
"W4404225248","topic:voters","abstract","voter"
"W4404225248","topic:media-communication","abstract","media"
"W4404225248","topic:media-communication","abstract","rhetoric"
"W4404225248","method:qta","abstract","natural language processing"
"W4404827547","approach:measurement","abstract","populism scale"
"W4404827547","topic:parties","abstract","party"
"W4404827547","topic:parties","abstract","parties"
"W4404827547","topic:voters","title","voters"
"W4404827547","topic:voters","abstract","voters"
"W4404827547","topic:voters","abstract","populist attitudes"
"W4404827547","topic:voters","abstract","vote choice"
"W4404827547","country:germany","title","wagenknecht"
"W4404827547","country:germany","abstract","germany"
"W4404827547","country:germany","abstract","wagenknecht"
"W4404827547","country:germany","abstract","alternative for germany"
"W4404827547","country:germany","abstract","afd"
"W4404827547","country:germany","abstract","die linke"
"W4404827547","region:europe","rule","from the country named"
"W4405413231","topic:parties","abstract","populist leaders"
"W4405413231","topic:parties","abstract","parties"
"W4405413231","method:qualitative","abstract","discourse analysis"
"W4405413231","country:china","title","china"
"W4405413231","country:china","abstract","china"
"W4405413231","region:asia-pacific","rule","from the country named"
"W4405758974","topic:parties","title","right wing populism"
"W4405758974","topic:media-communication","abstract","rhetorical"
"W4405758974","topic:media-communication","abstract","communication"
"W4405758974","country:united-states","title","trump"
"W4405758974","country:united-states","abstract","trump"
"W4405758974","region:north-america","rule","from the country named"
"W4390490990","topic:parties","title","partisanship"
"W4390490990","topic:media-communication","title","newspaper"
"W4390490990","topic:media-communication","abstract","media"
"W4390490990","topic:media-communication","abstract","newspaper"
"W4390490990","topic:media-communication","abstract","journalistic"
"W4390490990","topic:media-communication","abstract","newspapers"
"W4390490990","region:europe","abstract","europe"
"W4390490990","region:europe","abstract","european"
"W4390490990","region:europe","abstract","southern europe"
"W4390490990","region:europe","abstract","western european"
"W4390490990","country:italy","title","italy"
"W4390490990","country:spain","title","spain"
"W4391789011","topic:parties","title","right wing populism"
"W4391789011","topic:parties","abstract","right wing populism"
"W4391789011","topic:democracy-institutions","abstract","authoritarianism"
"W4391897075","topic:parties","abstract","right wing populist"
"W4391897075","topic:parties","abstract","right wing populism"
"W4391897075","topic:government","title","populists in power"
"W4391897075","topic:government","abstract","populist governments"
"W4391897075","topic:government","abstract","in power"
"W4391897075","topic:economy-welfare","title","economy"
"W4391897075","topic:economy-welfare","abstract","economic"
"W4391897075","topic:economy-welfare","abstract","economy"
"W4391897075","topic:economy-welfare","abstract","neoliberalism"
"W4391897075","topic:economy-welfare","abstract","neoliberal"
"W4391897075","topic:economy-welfare","abstract","welfare"
"W4391897075","topic:economy-welfare","abstract","redistributive"
"W4391897075","country:israel","title","israeli (+ political word)"
"W4391897075","country:israel","abstract","netanyahu"
"W4391897075","country:israel","abstract","israeli (+ political word)"
"W4391897075","region:mena","rule","from the country named"
"W4393859998","approach:performative","abstract","populist style"
"W4393859998","topic:international","title","international cooperation"
"W4393859998","topic:international","abstract","international cooperation"
"W4393859998","topic:international","abstract","transnational"
"W4393859998","topic:parties","title","populist leadership"
"W4393859998","topic:parties","abstract","populist leadership"
"W4393859998","topic:parties","abstract","populist leaderships"
"W4393859998","country:united-states","title","us"
"W4393859998","country:brazil","title","brazil"
"W4393859998","country:brazil","abstract","brazil"
"W4393859998","country:brazil","abstract","bolsonaro"
"W4393859998","country:brazil","abstract","brazilian (+ political word)"
"W4393859998","region:north-america","rule","from the country named"
"W4393859998","region:latin-america","rule","from the country named"
"W4395049704","topic:international","abstract","united nations"
"W4395049704","topic:international","abstract","international cooperation"
"W4395049704","topic:media-communication","abstract","framing"
"W4395049704","topic:media-communication","abstract","frames"
"W4395049704","topic:religion","abstract","religion"
"W4395049704","topic:religion","abstract","islam"
"W4395049704","country:israel","title","netanyahu"
"W4395049704","country:israel","abstract","netanyahu"
"W4395049704","region:mena","rule","from the country named"
"W4396921733","topic:voters","title","attitudes"
"W4396921733","topic:voters","abstract","populist attitudes"
"W4396921733","topic:voters","abstract","respondents"
"W4396921733","region:europe","abstract","european"
"W4396954951","approach:measurement","abstract","measure of populist"
"W4396954951","topic:voters","title","populist attitudes"
"W4396954951","topic:voters","abstract","populist attitudes"
"W4399044959","topic:parties","title","radical right"
"W4399044959","topic:parties","abstract","radical right"
"W4399044959","topic:voters","title","attitudes"
"W4399044959","topic:voters","title","voters"
"W4399044959","topic:voters","abstract","voter"
"W4399044959","topic:voters","abstract","voters"
"W4399044959","topic:voters","abstract","attitudes"
"W4399044959","topic:voters","abstract","citizens"
"W4399044959","topic:gender","title","gender"
"W4399044959","topic:gender","title","sexuality"
"W4399044959","topic:gender","abstract","gender"
"W4399044959","topic:gender","abstract","sexuality"
"W4399044959","topic:migration","abstract","nativism"
"W4399044959","topic:migration","abstract","nativist"
"W4399044959","method:survey","abstract","election study"
"W4399044959","country:netherlands","abstract","netherlands"
"W4399044959","country:netherlands","abstract","dutch (+ political word)"
"W4399044959","region:europe","rule","from the country named"
"W4399102648","topic:parties","title","radical right"
"W4399102648","topic:parties","title","parties"
"W4399102648","topic:parties","abstract","radical right"
"W4399102648","topic:parties","abstract","parties"
"W4399102648","topic:parties","abstract","party"
"W4399102648","topic:gender","title","gender"
"W4399102648","topic:gender","abstract","women"
"W4399102648","topic:gender","abstract","gender"
"W4399102648","method:qualitative","abstract","interviews"
"W4399102648","country:sweden","abstract","sweden"
"W4399102648","country:sweden","abstract","sweden democrats"
"W4399102648","country:sweden","abstract","swedish (+ political word)"
"W4399102648","region:europe","rule","from the country named"
"W4399631282","topic:parties","abstract","radical right"
"W4399631282","topic:parties","abstract","parties"
"W4399631282","topic:parties","abstract","populist right"
"W4399631282","topic:economy-welfare","title","economic"
"W4399631282","topic:economy-welfare","abstract","economic"
"W4399631282","topic:economy-welfare","abstract","social policies"
"W4399631282","country:hungary","title","hungary"
"W4399631282","country:hungary","abstract","hungary"
"W4399631282","country:hungary","abstract","fidesz"
"W4399631282","country:poland","title","poland"
"W4399631282","country:poland","abstract","poland"
"W4399631282","country:poland","abstract","pis"
"W4399631282","region:europe","rule","from the country named"
"W4399793438","topic:parties","abstract","populist politicians"
"W4399793438","topic:parties","abstract","parties"
"W4399793438","topic:parties","abstract","candidates"
"W4399793438","topic:voters","title","populist attitudes"
"W4399793438","topic:voters","title","electoral support"
"W4399793438","topic:voters","abstract","demand side"
"W4399793438","topic:voters","abstract","citizens"
"W4399793438","topic:voters","abstract","attitudes"
"W4399793438","topic:economy-welfare","abstract","economic"
"W4399793438","method:survey","abstract","cross national survey"
"W4399793438","region:europe","title","western europe"
"W4399793438","region:europe","abstract","western europe"
"W4399793438","country:united-states","title","usa"
"W4399793438","country:united-states","abstract","usa"
"W4399793438","country:united-states","abstract","american (+ political word)"
"W4399793438","region:north-america","rule","from the country named"
"W4400048478","topic:parties","abstract","party"
"W4400048478","topic:parties","abstract","radical right"
"W4400048478","topic:parties","abstract","parties"
"W4400048478","topic:spatial","abstract","spatial"
"W4400048478","topic:spatial","abstract","geographical"
"W4400048478","topic:media-communication","title","twitter"
"W4400048478","topic:media-communication","abstract","twitter"
"W4400048478","method:qualitative","abstract","qualitative"
"W4400048478","method:qualitative","abstract","discourse analysis"
"W4400048478","country:spain","title","vox"
"W4400048478","country:spain","abstract","spain"
"W4400048478","country:spain","abstract","vox"
"W4400048478","country:spain","abstract","spanish (+ political word)"
"W4400048478","region:europe","rule","from the country named"
"W4401061099","topic:media-communication","abstract","media"
"W4401061099","topic:media-communication","abstract","communication"
"W4401061099","topic:media-communication","abstract","journalists"
"W4401061099","method:qualitative","abstract","discourse analysis"
"W4401061099","country:cyprus","abstract","cyprus"
"W4401061099","region:europe","rule","from the country named"
"W4401328158","topic:parties","title","partisan"
"W4401328158","topic:parties","abstract","parties"
"W4401328158","topic:parties","abstract","party systems"
"W4401328158","topic:government","abstract","incumbents"
"W4401328158","topic:government","abstract","populist presidents"
"W4401328158","method:quantitative","abstract","expert survey"
"W4401328158","region:latin-america","title","latin america"
"W4401328158","region:latin-america","abstract","latin america"
"W4401836614","topic:parties","title","far right"
"W4401836614","topic:economy-welfare","title","neoliberal"
"W4402017708","topic:parties","abstract","populist leaders"
"W4402017708","topic:parties","abstract","political leadership"
"W4402017708","topic:democracy-institutions","abstract","authoritarian"
"W4402017708","topic:democracy-institutions","abstract","democratic institutions"
"W4402017708","topic:democracy-institutions","abstract","democratic backsliding"
"W4402283311","topic:parties","abstract","parties"
"W4402283311","topic:parties","abstract","populist leaders"
"W4402283311","topic:parties","abstract","political leaders"
"W4402283311","topic:media-communication","abstract","media"
"W4402283311","method:qualitative","abstract","ethnography"
"W4402283311","country:italy","abstract","italy"
"W4402283311","country:italy","abstract","meloni"
"W4402283311","region:europe","rule","from the country named"
"W4402578355","topic:parties","title","populist leaders"
"W4402578355","topic:parties","abstract","populist leaders"
"W4402578355","topic:media-communication","abstract","media"
"W4402578355","topic:media-communication","abstract","tweets"
"W4402578355","method:qualitative","abstract","critical discourse analysis"
"W4402578355","method:quantitative","abstract","quantitative analysis"
"W4402578355","country:portugal","abstract","portugal"
"W4402578355","country:portugal","abstract","chega"
"W4402578355","country:portugal","abstract","portuguese (+ political word)"
"W4402578355","region:europe","rule","from the country named"
"W4402848467","topic:parties","title","far right"
"W4402848467","topic:parties","abstract","far right"
"W4402848467","topic:parties","abstract","right wing populist"
"W4402848467","topic:media-communication","title","twitter"
"W4402848467","topic:media-communication","abstract","twitter"
"W4403116637","topic:international","title","eu"
"W4403116637","topic:international","abstract","supranational"
"W4403116637","topic:international","abstract","european union"
"W4403116637","topic:parties","abstract","party"
"W4403116637","topic:parties","abstract","parties"
"W4403116637","topic:government","title","populist government"
"W4403116637","topic:government","abstract","populist government"
"W4403116637","topic:government","abstract","administration"
"W4403116637","topic:democracy-institutions","abstract","liberal democracy"
"W4403116637","topic:democracy-institutions","abstract","rule of law"
"W4403116637","region:europe","title","eu"
"W4403116637","region:europe","abstract","european"
"W4403116637","country:italy","title","italy"
"W4403116637","country:italy","abstract","italy"
"W4403135041","topic:foreign-policy","title","foreign policy"
"W4403135041","topic:international","title","eu"
"W4403135041","topic:international","abstract","eurosceptic"
"W4403135041","topic:international","abstract","eu"
"W4403135041","topic:parties","title","radical right"
"W4403135041","topic:parties","abstract","radical right"
"W4403135041","topic:parties","abstract","parties"
"W4403135041","topic:government","abstract","in power"
"W4403135041","topic:government","abstract","coming to power"
"W4403135041","region:europe","title","eu"
"W4403135041","region:europe","abstract","european"
"W4403135041","region:europe","abstract","eastern european"
"W4403135041","region:europe","abstract","eu"
"W4403135041","country:hungary","abstract","fidesz"
"W4403135041","country:hungary","abstract","orban"
"W4403135041","country:italy","abstract","italy"
"W4403135041","country:italy","abstract","meloni"
"W4403135041","country:poland","abstract","pis"
"W4403135041","country:poland","abstract","kaczynski"
"W4403217812","approach:measurement","abstract","measure populist"
"W4403217812","topic:international","title","transnationalism"
"W4403217812","topic:international","abstract","transnational"
"W4403217812","topic:parties","abstract","right wing populist"
"W4403217812","topic:parties","abstract","parties"
"W4403217812","topic:parties","abstract","populist movements"
"W4403217812","country:canada","title","canada"
"W4403217812","region:north-america","rule","from the country named"
"W4403342212","topic:parties","abstract","parties"
"W4403342212","topic:government","abstract","administration"
"W4403342212","topic:government","abstract","populist incumbent"
"W4403342212","topic:democracy-institutions","title","illiberal"
"W4403342212","topic:democracy-institutions","abstract","democratic quality"
"W4403342212","topic:democracy-institutions","abstract","illiberal"
"W4403342212","topic:democracy-institutions","abstract","democratic backsliding"
"W4403342212","topic:democracy-institutions","abstract","democratic decline"
"W4403602363","topic:parties","title","radical right"
"W4403602363","topic:parties","abstract","radical right"
"W4403602363","topic:parties","abstract","parties"
"W4403602363","topic:voters","abstract","attitudes"
"W4403602363","topic:voters","abstract","populist attitudes"
"W4403602363","topic:migration","abstract","nativist"
"W4403602363","topic:migration","abstract","immigration"
"W4403602363","topic:migration","abstract","nativism"
"W4403602363","topic:democracy-institutions","abstract","authoritarian"
"W4403602363","topic:democracy-institutions","abstract","authoritarianism"
"W4403602363","method:survey","abstract","online survey"
"W4403602363","country:austria","title","austria"
"W4403602363","region:europe","rule","from the country named"
"W4404051469","topic:parties","abstract","parties"
"W4404051469","topic:parties","abstract","radical right"
"W4404051469","topic:voters","title","populist attitudes"
"W4404051469","topic:voters","abstract","attitudes"
"W4404051469","topic:voters","abstract","populist attitudes"
"W4404051469","topic:gender","abstract","gender"
"W4404051469","method:quantitative","abstract","panel data"
"W4404051469","country:spain","title","spain"
"W4404051469","country:spain","abstract","spain"
"W4404051469","region:europe","rule","from the country named"
"W4404727081","topic:parties","abstract","far right"
"W4404727081","topic:parties","abstract","right wing populists"
"W4404727081","topic:economy-welfare","title","economic"
"W4404727081","topic:economy-welfare","abstract","labor market"
"W4404727081","topic:economy-welfare","abstract","economic"
"W4404727081","topic:gender","title","gender"
"W4404727081","topic:gender","abstract","gender"
"W4404727081","country:brazil","title","brazil"
"W4404727081","country:brazil","abstract","brazil"
"W4404727081","country:brazil","abstract","bolsonaro"
"W4404727081","region:latin-america","rule","from the country named"
"W4404868172","topic:democracy-institutions","title","court"
"W4404868172","topic:democracy-institutions","title","judicial"
"W4404868172","topic:democracy-institutions","abstract","judicial"
"W4404868172","topic:democracy-institutions","abstract","constitutional"
"W4404868172","topic:democracy-institutions","abstract","judiciary"
"W4404868172","method:qualitative","abstract","archival"
"W4404868172","method:qualitative","abstract","semi structured"
"W4404868172","method:qualitative","abstract","interviews"
"W4404868172","country:pakistan","title","pakistan"
"W4404868172","country:pakistan","abstract","pakistan"
"W4404868172","region:asia-pacific","rule","from the country named"
"W4405009096","topic:foreign-policy","title","foreign policy"
"W4405009096","topic:foreign-policy","abstract","foreign policy"
"W4405009096","topic:foreign-policy","abstract","foreign relations"
"W4405009096","topic:parties","abstract","parties"
"W4405009096","topic:media-communication","title","framing"
"W4405009096","topic:media-communication","abstract","framing"
"W4405009096","country:slovakia","title","slovakia"
"W4405009096","country:slovakia","abstract","smer"
"W4405009096","country:slovakia","abstract","slovak (+ political word)"
"W4405009096","region:europe","rule","from the country named"
"W4405639923","topic:spatial","abstract","spatial"
"W4405639923","topic:spatial","abstract","rural urban"
"W4390584855","approach:discursive","abstract","populism as a political logic"
"W4390584855","country:united-kingdom","abstract","england"
"W4390584855","region:europe","rule","from the country named"
"W4390885486","topic:international","abstract","european union"
"W4390885486","topic:international","abstract","eu"
"W4390885486","topic:gender","title","masculinities"
"W4390885486","topic:gender","title","gender"
"W4390885486","topic:gender","abstract","gender"
"W4390885486","topic:gender","abstract","gendered"
"W4390885486","topic:gender","abstract","masculinities"
"W4390885486","topic:gender","abstract","women"
"W4390885486","topic:gender","abstract","lgbt"
"W4390885486","topic:gender","abstract","patriarchal"
"W4390885486","region:europe","abstract","european"
"W4390885486","region:europe","abstract","eu"
"W4390885486","country:armenia","title","armenia"
"W4390885486","country:armenia","abstract","armenia"
"W4390885486","country:georgia","title","georgia"
"W4390885486","country:georgia","abstract","georgia"
"W4391092328","approach:discursive","abstract","populist logic"
"W4391092328","topic:economy-welfare","title","economic"
"W4391092328","topic:economy-welfare","abstract","economic"
"W4391092328","topic:economy-welfare","abstract","neoliberalism"
"W4391092328","country:israel","abstract","israel"
"W4391092328","country:israel","abstract","netanyahu"
"W4391092328","region:mena","rule","from the country named"
"W4391565915","topic:parties","abstract","parties"
"W4391565915","topic:parties","abstract","radical right"
"W4391565915","topic:economy-welfare","abstract","economic"
"W4391565915","country:canada","title","canada"
"W4391565915","country:canada","abstract","canadian (+ political word)"
"W4391565915","region:north-america","rule","from the country named"
"W4391608173","topic:international","title","euroscepticism"
"W4391608173","topic:international","abstract","euroscepticism"
"W4391608173","topic:international","abstract","eurosceptic"
"W4391608173","topic:spatial","abstract","spatial"
"W4391608173","topic:spatial","abstract","geographical"
"W4391608173","country:bulgaria","title","bulgarian (+ political word)"
"W4391608173","country:bulgaria","abstract","bulgaria"
"W4391608173","country:bulgaria","abstract","bulgarian (+ political word)"
"W4391608173","country:russia","abstract","russia"
"W4391608173","region:europe","rule","from the country named"
"W4392186849","topic:parties","abstract","party"
"W4392186849","topic:parties","abstract","right wing populist"
"W4392186849","topic:parties","abstract","left wing populist"
"W4392186849","topic:parties","abstract","parties"
"W4392186849","topic:voters","abstract","voters"
"W4392186849","topic:voters","abstract","vote choice"
"W4392186849","method:survey","abstract","european social survey"
"W4392586651","topic:parties","title","right wing populists"
"W4392586651","topic:parties","abstract","right wing populist"
"W4392586651","topic:parties","abstract","parties"
"W4392586651","topic:parties","abstract","party"
"W4392586651","topic:economy-welfare","abstract","economic"
"W4392586651","topic:economy-welfare","abstract","neoliberalism"
"W4392586651","topic:democracy-institutions","title","authoritarian"
"W4392586651","country:poland","abstract","poland"
"W4392586651","country:poland","abstract","law and justice"
"W4392586651","country:poland","abstract","pis"
"W4392586651","region:europe","rule","from the country named"
"W4392660858","topic:parties","abstract","populist leaders"
"W4392660858","topic:parties","abstract","radical right"
"W4392660858","topic:parties","abstract","parties"
"W4392712140","topic:parties","abstract","populist leaders"
"W4392712140","topic:parties","abstract","candidate"
"W4392712140","topic:parties","abstract","populist politicians"
"W4392712140","topic:voters","title","populist attitudes"
"W4392712140","topic:voters","abstract","populist attitudes"
"W4392712140","topic:voters","abstract","supporters"
"W4392712140","topic:voters","abstract","voters"
"W4392712140","topic:government","abstract","in power"
"W4392712140","method:survey","abstract","national survey"
"W4392712140","country:united-states","abstract","trump"
"W4392712140","country:united-states","abstract","american (+ political word)"
"W4392712140","region:north-america","rule","from the country named"
"W4393990466","topic:economy-welfare","title","welfare"
"W4393990466","topic:economy-welfare","title","economy"
"W4393990466","topic:economy-welfare","abstract","welfare"
"W4393990466","topic:economy-welfare","abstract","neoliberalism"
"W4393990466","topic:economy-welfare","abstract","economy"
"W4393990466","topic:economy-welfare","abstract","economic crisis"
"W4393990466","topic:economy-welfare","abstract","neoliberal"
"W4393990466","country:mexico","title","mexico"
"W4393990466","country:mexico","abstract","mexico"
"W4393990466","country:mexico","abstract","mexican (+ political word)"
"W4393990466","region:latin-america","rule","from the country named"
"W4394607011","topic:parties","abstract","parties"
"W4394607011","topic:parties","abstract","left wing populism"
"W4394607011","region:europe","title","europe"
"W4394850565","topic:voters","abstract","populist attitudes"
"W4394850565","method:quantitative","abstract","quantitative data"
"W4394856155","topic:government","title","populism in power"
"W4394856155","topic:government","abstract","presidency"
"W4394856155","topic:government","abstract","populists in power"
"W4394856155","topic:democracy-institutions","abstract","constitutional"
"W4394856155","topic:democracy-institutions","abstract","checks and balances"
"W4394856155","country:tunisia","title","tunisia"
"W4394856155","country:tunisia","title","kais saied"
"W4394856155","country:tunisia","abstract","tunisia"
"W4394856155","country:tunisia","abstract","kais saied"
"W4394856155","country:tunisia","abstract","tunisian (+ political word)"
"W4394856155","region:mena","rule","from the country named"
"W4395084052","topic:parties","title","radical right"
"W4395084052","topic:voters","abstract","public opinion"
"W4395084052","topic:voters","abstract","attitudes"
"W4395084052","topic:voters","abstract","electorate"
"W4395084052","region:europe","abstract","europe"
"W4395084052","region:europe","abstract","european"
"W4395084052","country:chile","title","chile"
"W4395084052","region:latin-america","rule","from the country named"
"W4396834661","topic:parties","title","parties"
"W4396834661","topic:parties","abstract","social movements"
"W4396834661","topic:parties","abstract","parties"
"W4396834661","method:qualitative","abstract","qualitative"
"W4396834661","country:italy","abstract","italy"
"W4396834661","country:italy","abstract","five star movement"
"W4396834661","country:italy","abstract","m5s"
"W4396834661","country:spain","abstract","spain"
"W4396834661","country:spain","abstract","podemos"
"W4396834661","region:europe","rule","from the country named"
"W4396948431","topic:parties","title","radical right"
"W4396948431","topic:parties","abstract","radical right"
"W4396948431","topic:parties","abstract","parties"
"W4396948431","topic:democracy-institutions","abstract","liberal democracy"
"W4396948431","topic:democracy-institutions","abstract","democratic institutions"
"W4396948431","method:qualitative","abstract","qualitative"
"W4396948431","method:qualitative","abstract","semi structured"
"W4396948431","method:qualitative","abstract","interviews"
"W4396948431","country:austria","title","austria"
"W4396948431","country:germany","title","germany"
"W4396948431","region:europe","rule","from the country named"
"W4396952958","topic:economy-welfare","title","social policies"
"W4396952958","topic:economy-welfare","title","austerity"
"W4396952958","country:brazil","title","brazil"
"W4396952958","region:latin-america","rule","from the country named"
"W4398178545","topic:economy-welfare","abstract","economics"
"W4398178545","topic:economy-welfare","abstract","neoliberalism"
"W4398178545","topic:democracy-institutions","abstract","constitutional"
"W4399296536","topic:democracy-institutions","title","judicial"
"W4399296536","topic:democracy-institutions","abstract","judiciary"
"W4399296536","topic:democracy-institutions","abstract","constitutional"
"W4399296536","topic:democracy-institutions","abstract","judicial"
"W4399296536","topic:democracy-institutions","abstract","court"
"W4399466053","topic:parties","title","populist politicians"
"W4399466053","topic:parties","abstract","political leadership"
"W4399466053","topic:parties","abstract","party leaders"
"W4399466053","topic:parties","abstract","political leaders"
"W4399466053","topic:parties","abstract","populist leaders"
"W4399466053","topic:parties","abstract","populist politicians"
"W4399466053","topic:media-communication","title","facebook"
"W4399466053","topic:media-communication","abstract","communication"
"W4399466053","topic:media-communication","abstract","facebook"
"W4399466053","topic:media-communication","abstract","media"
"W4399868138","topic:parties","title","party"
"W4399868138","topic:parties","title","parties"
"W4399868138","topic:parties","abstract","parties"
"W4399868138","topic:parties","abstract","party"
"W4399868138","topic:parties","abstract","party leaders"
"W4400280547","topic:economy-welfare","abstract","economic"
"W4400280547","topic:economy-welfare","abstract","redistribute"
"W4400523682","topic:voters","abstract","citizens"
"W4400523682","topic:voters","abstract","supporters"
"W4400523682","topic:media-communication","abstract","media"
"W4400523682","topic:media-communication","abstract","rhetorical"
"W4400523682","topic:media-communication","abstract","rhetoric"
"W4400523682","country:united-states","title","trump"
"W4400523682","country:united-states","abstract","trump"
"W4400523682","region:north-america","rule","from the country named"
"W4400814042","country:belgium","abstract","belgium"
"W4400814042","country:france","abstract","france"
"W4400814042","country:spain","title","spanish (+ political word)"
"W4400814042","country:spain","abstract","spain"
"W4400814042","region:europe","rule","from the country named"
"W4400982139","approach:ideational","abstract","populism as an ideology"
"W4400982139","topic:international","title","eu"
"W4400982139","topic:international","abstract","eu"
"W4400982139","topic:international","abstract","euroscepticism"
"W4400982139","topic:parties","abstract","parties"
"W4400982139","topic:government","abstract","populist governments"
"W4400982139","topic:government","abstract","populists in government"
"W4400982139","topic:democracy-institutions","abstract","rule of law"
"W4400982139","topic:democracy-institutions","abstract","court"
"W4400982139","region:europe","title","eu"
"W4400982139","region:europe","abstract","european"
"W4400982139","region:europe","abstract","eu"
"W4400982139","country:hungary","abstract","hungary"
"W4400982139","country:hungary","abstract","orban"
"W4400982139","country:hungary","abstract","hungarian (+ political word)"
"W4401010501","topic:religion","title","religion"
"W4401010501","topic:religion","title","religious"
"W4401010501","topic:religion","abstract","christian"
"W4401010501","topic:religion","abstract","christianity"
"W4401010501","topic:religion","abstract","religion"
"W4401010501","topic:religion","abstract","religions"
"W4401010501","topic:religion","abstract","religious"
"W4401010501","topic:democracy-institutions","title","authoritarian"
"W4401731172","topic:media-communication","title","rhetoric"
"W4401731172","topic:media-communication","abstract","rhetoric"
"W4401731172","country:venezuela","title","venezuela"
"W4401731172","country:venezuela","title","chavez"
"W4401731172","country:venezuela","abstract","chavez"
"W4401731172","country:venezuela","abstract","venezuelan (+ political word)"
"W4401731172","region:latin-america","rule","from the country named"
"W4401973730","topic:parties","abstract","far right"
"W4401973730","topic:media-communication","title","journalism"
"W4401973730","topic:media-communication","abstract","journalism"
"W4401973730","topic:media-communication","abstract","media"
"W4401973730","topic:media-communication","abstract","journalists"
"W4401973730","topic:media-communication","abstract","communication"
"W4401973730","topic:migration","abstract","immigration"
"W4401973730","topic:migration","abstract","xenophobia"
"W4401973730","topic:democracy-institutions","title","authoritarian"
"W4401973730","topic:democracy-institutions","abstract","authoritarian"
"W4401973730","topic:democracy-institutions","abstract","liberal democracies"
"W4401973730","method:qualitative","abstract","qualitative"
"W4401974587","topic:voters","title","populist attitudes"
"W4401974587","topic:voters","abstract","attitudes"
"W4401974587","topic:voters","abstract","populist attitudes"
"W4401974587","topic:migration","title","nativism"
"W4401974587","topic:migration","abstract","nativism"
"W4401998928","topic:parties","title","radical right"
"W4401998928","topic:parties","abstract","radical right"
"W4401998928","topic:parties","abstract","parties"
"W4401998928","topic:voters","abstract","respondents"
"W4401998928","topic:voters","abstract","voters"
"W4401998928","method:survey","abstract","survey data"
"W4401998928","country:sweden","abstract","sweden"
"W4401998928","country:sweden","abstract","sweden democrats"
"W4401998928","country:united-kingdom","abstract","uk"
"W4401998928","country:united-kingdom","abstract","ukip"
"W4401998928","region:europe","rule","from the country named"
"W4402496981","topic:parties","abstract","parties"
"W4402496981","topic:parties","abstract","party"
"W4402496981","topic:voters","title","attitudes"
"W4402496981","topic:voters","abstract","populist attitudes"
"W4402496981","topic:voters","abstract","attitudes"
"W4402496981","topic:government","title","in government"
"W4402496981","topic:democracy-institutions","title","authoritarians"
"W4402496981","topic:democracy-institutions","abstract","authoritarianism"
"W4402496981","topic:democracy-institutions","abstract","authoritarians"
"W4402496981","country:united-states","abstract","us"
"W4402496981","country:united-states","abstract","american (+ political word)"
"W4402496981","region:north-america","rule","from the country named"
"W4402546184","topic:parties","title","radical right"
"W4402546184","topic:parties","title","parties"
"W4402546184","topic:parties","abstract","radical right"
"W4402546184","topic:parties","abstract","parties"
"W4402546184","topic:parties","abstract","party"
"W4402546184","topic:voters","abstract","voters"
"W4402546184","method:quantitative","abstract","regression"
"W4402546184","method:survey","abstract","original survey"
"W4402546184","region:europe","abstract","european"
"W4402726306","topic:voters","title","populist attitudes"
"W4402726306","topic:voters","abstract","populist attitudes"
"W4402726306","topic:media-communication","abstract","media"
"W4403606858","topic:parties","abstract","populist actors"
"W4403606858","topic:parties","abstract","parties"
"W4403606858","topic:media-communication","title","media"
"W4403606858","topic:media-communication","abstract","media"
"W4403606858","topic:media-communication","abstract","rhetoric"
"W4403606858","topic:media-communication","abstract","news coverage"
"W4403606858","topic:media-communication","abstract","communication"
"W4403606858","topic:media-communication","abstract","journalism"
"W4403606858","method:quantitative","abstract","expert survey"
"W4403606858","region:global","title","worldwide"
"W4403640160","topic:parties","title","right wing populists"
"W4403640160","topic:parties","abstract","right wing populist"
"W4403640160","topic:parties","abstract","party"
"W4403640160","topic:parties","abstract","right wing populism"
"W4403640160","topic:gender","abstract","gendered"
"W4403640160","topic:gender","abstract","feminist"
"W4403640160","method:qualitative","abstract","qualitative"
"W4403640160","method:qualitative","abstract","critical discourse analysis"
"W4403640160","country:turkey","title","turkey"
"W4403640160","region:europe","rule","from the country named"
"W4404341211","approach:performative","abstract","populist style"
"W4404341211","topic:media-communication","title","media"
"W4404341211","topic:media-communication","abstract","media"
"W4404341211","topic:gender","title","women"
"W4404341211","topic:gender","title","misogyny"
"W4404341211","topic:gender","abstract","women"
"W4404341211","topic:gender","abstract","misogynistic"
"W4404341211","topic:gender","abstract","misogyny"
"W4404341211","topic:gender","abstract","gender"
"W4404341211","country:united-states","title","us"
"W4404341211","country:united-states","title","american (+ political word)"
"W4404341211","country:united-states","abstract","united states"
"W4404341211","country:united-states","abstract","trump"
"W4404341211","region:north-america","rule","from the country named"
"W4404355982","topic:parties","title","manifestos"
"W4404355982","topic:parties","title","parties"
"W4404355982","topic:parties","abstract","manifesto"
"W4404355982","topic:parties","abstract","parties"
"W4404355982","country:slovakia","title","slovak (+ political word)"
"W4404355982","country:slovakia","abstract","slovakia"
"W4404355982","country:slovakia","abstract","slovak (+ political word)"
"W4404355982","region:europe","rule","from the country named"
"W4404387880","topic:parties","title","right wing populists"
"W4404387880","topic:parties","abstract","right wing populists"
"W4404387880","topic:parties","abstract","far right"
"W4404387880","topic:parties","abstract","right wing populist"
"W4404387880","topic:parties","abstract","party"
"W4404387880","topic:gender","abstract","anti gender"
"W4404387880","topic:gender","abstract","gendered"
"W4404387880","topic:migration","abstract","xenophobic"
"W4404387880","topic:migration","abstract","nativist"
"W4404387880","country:estonia","title","estonia"
"W4404387880","country:estonia","abstract","ekre"
"W4404387880","country:estonia","abstract","estonian (+ political word)"
"W4404387880","region:europe","rule","from the country named"
"W4404456136","topic:parties","title","radical right"
"W4404456136","topic:parties","abstract","radical right"
"W4404456136","topic:parties","abstract","parties"
"W4404456136","topic:parties","abstract","right wing populism"
"W4404456136","topic:parties","abstract","party"
"W4404456136","topic:voters","title","supporters"
"W4404456136","topic:voters","abstract","citizens"
"W4404456136","topic:voters","abstract","voters"
"W4404456136","method:qualitative","abstract","interviews"
"W4404456136","country:finland","title","finland"
"W4404456136","region:europe","rule","from the country named"
"W4404679944","topic:economy-welfare","abstract","economic"
"W4404679944","topic:economy-welfare","abstract","economy"
"W4404679944","country:hungary","abstract","hungary"
"W4404679944","country:hungary","abstract","orban"
"W4404679944","country:turkey","abstract","turkey"
"W4404679944","country:turkey","abstract","erdogan"
"W4404679944","country:argentina","abstract","argentina"
"W4404679944","country:argentina","abstract","kirchner"
"W4404679944","region:europe","rule","from the country named"
"W4404679944","region:latin-america","rule","from the country named"
"W4405511352","topic:parties","abstract","parties"
"W4405511352","topic:parties","abstract","party"
"W4405511352","topic:media-communication","abstract","communication"
"W4405511352","topic:media-communication","abstract","media"
"W4405703642","topic:parties","abstract","parties"
"W4405703642","topic:economy-welfare","abstract","economic"
"W4405703642","topic:economy-welfare","abstract","inequality"
"W4405820998","topic:parties","title","radical right"
"W4405820998","topic:parties","title","parties"
"W4405820998","topic:parties","abstract","party"
"W4405820998","topic:parties","abstract","radical right"
"W4405820998","topic:parties","abstract","parties"
"W4405820998","topic:voters","abstract","voters"
"W4405820998","topic:voters","abstract","electoral support"
"W4405820998","method:experiment","title","experimental study"
"W4405820998","country:belgium","abstract","flanders"
"W4405820998","country:belgium","abstract","belgium"
"W4405820998","country:belgium","abstract","vlaams belang"
"W4405820998","region:europe","rule","from the country named"
"W4405829710","topic:economy-welfare","title","fiscal"
"W4405829710","topic:economy-welfare","abstract","fiscal"
"W4405829710","topic:economy-welfare","abstract","welfare"
"W4405829710","method:quantitative","abstract","large n"
"W4405829710","method:quantitative","abstract","statistical analysis"
"W4405829710","country:mexico","title","mexico"
"W4405829710","region:latin-america","rule","from the country named"
"W4408129863","topic:foreign-policy","title","foreign policy"
"W4408129863","topic:foreign-policy","abstract","foreign policy"
"W4408129863","topic:parties","abstract","populist leaders"
"W4408129863","topic:parties","abstract","populist leadership"
"W4390712498","topic:government","title","populist governments"
"W4390712498","topic:economy-welfare","abstract","economy"
"W4390712498","topic:economy-welfare","abstract","financial crisis"
"W4390712498","topic:economy-welfare","abstract","economic"
"W4390712498","country:hungary","title","hungary"
"W4390712498","country:poland","title","poland"
"W4390712498","region:europe","rule","from the country named"
"W4390929153","topic:government","title","populism in power"
"W4390929153","topic:government","abstract","populists in power"
"W4390929153","topic:government","abstract","populist governments"
"W4390929153","method:qualitative","abstract","process tracing"
"W4390929153","country:greece","title","greece"
"W4390929153","country:greece","abstract","greece"
"W4390929153","country:greece","abstract","syriza"
"W4390929153","country:greece","abstract","greek (+ political word)"
"W4390929153","region:europe","rule","from the country named"
"W4391108566","approach:discursive","abstract","discursive approach"
"W4391108566","topic:voters","abstract","citizens"
"W4391108566","topic:voters","abstract","respondents"
"W4391108566","topic:democracy-institutions","title","populism and democracy"
"W4391108566","method:qualitative","title","qualitative"
"W4391108566","method:qualitative","abstract","qualitative"
"W4391108566","method:qualitative","abstract","interviews"
"W4391108566","country:peru","title","peru"
"W4391108566","country:peru","abstract","peru"
"W4391108566","region:latin-america","rule","from the country named"
"W4391157878","topic:voters","title","populist attitudes"
"W4391157878","topic:voters","abstract","citizens"
"W4391157878","topic:migration","title","immigrants"
"W4391157878","topic:migration","abstract","immigration"
"W4391157878","topic:migration","abstract","immigrants"
"W4391280559","topic:voters","title","voters"
"W4391280559","topic:voters","title","attitudes"
"W4391280559","region:europe","title","western europe"
"W4391280559","region:europe","abstract","eastern european"
"W4391280559","region:europe","abstract","eu"
"W4391617360","region:asia-pacific","title","asia"
"W4391687257","topic:government","title","populist rule"
"W4391687257","topic:government","abstract","populist rule"
"W4391687257","topic:government","abstract","in office"
"W4391687257","topic:government","abstract","presidency"
"W4391687257","country:indonesia","title","indonesia"
"W4391687257","country:indonesia","abstract","indonesia"
"W4391687257","country:indonesia","abstract","widodo"
"W4391687257","country:indonesia","abstract","jokowi"
"W4391687257","region:asia-pacific","rule","from the country named"
"W4391789597","country:hungary","title","orban"
"W4391789597","country:hungary","title","hungarian (+ political word)"
"W4391789597","region:europe","rule","from the country named"
"W4392168010","topic:media-communication","abstract","media"
"W4392168010","topic:media-communication","abstract","journalism"
"W4392372546","topic:parties","title","party"
"W4392372546","topic:parties","abstract","party"
"W4392372546","topic:voters","abstract","supporters"
"W4392372546","topic:government","abstract","presidency"
"W4392372546","method:qualitative","abstract","interviews"
"W4392372546","country:united-states","title","trump"
"W4392372546","country:united-states","abstract","trump"
"W4392372546","region:north-america","rule","from the country named"
"W4394693975","approach:ideational","abstract","host ideologies"
"W4394693975","topic:parties","title","parties"
"W4394693975","topic:parties","abstract","parties"
"W4394693975","topic:parties","abstract","left wing populists"
"W4394693975","topic:economy-welfare","title","economic"
"W4394693975","topic:economy-welfare","abstract","economic"
"W4394693975","country:france","title","france"
"W4394693975","country:germany","title","germany"
"W4394693975","region:europe","rule","from the country named"
"W4394816248","topic:gender","title","women"
"W4394816248","topic:gender","abstract","gender"
"W4394816248","topic:gender","abstract","women"
"W4394816248","topic:religion","title","religious"
"W4394816248","topic:religion","abstract","religious"
"W4394816248","topic:religion","abstract","muslims"
"W4394816248","topic:democracy-institutions","title","authoritarian"
"W4394816248","country:sri-lanka","title","sri lanka"
"W4394816248","country:sri-lanka","abstract","sri lanka"
"W4394816248","region:asia-pacific","rule","from the country named"
"W4394853183","topic:voters","abstract","public opinion"
"W4394853183","topic:voters","abstract","public support"
"W4394853183","topic:media-communication","title","television"
"W4394853183","topic:media-communication","title","propaganda"
"W4394853183","topic:media-communication","abstract","television"
"W4394853183","topic:media-communication","abstract","propaganda"
"W4394853183","topic:media-communication","abstract","framing"
"W4396637580","topic:parties","abstract","parties"
"W4396637580","topic:parties","abstract","social movements"
"W4396637580","topic:economy-welfare","title","austerity"
"W4396637580","topic:economy-welfare","title","neoliberal"
"W4396637580","topic:economy-welfare","abstract","neoliberalism"
"W4396637580","topic:economy-welfare","abstract","neoliberal"
"W4396637580","topic:economy-welfare","abstract","austerity"
"W4396637580","topic:economy-welfare","abstract","economic"
"W4396637580","topic:media-communication","abstract","press coverage"
"W4396637580","topic:media-communication","abstract","newspapers"
"W4396637580","topic:media-communication","abstract","journalists"
"W4396637580","method:qualitative","abstract","semi structured"
"W4396637580","method:qualitative","abstract","interviews"
"W4396659274","topic:democracy-institutions","title","courts"
"W4396659274","topic:democracy-institutions","abstract","illiberal"
"W4396659274","topic:democracy-institutions","abstract","constitutional"
"W4396659274","topic:democracy-institutions","abstract","court"
"W4396659274","topic:democracy-institutions","abstract","courts"
"W4396659274","topic:democracy-institutions","abstract","authoritarianism"
"W4396659274","country:hungary","title","hungary"
"W4396659274","country:hungary","abstract","hungary"
"W4396659274","region:europe","rule","from the country named"
"W4398198124","approach:measurement","abstract","measure populism"
"W4398198124","approach:measurement","abstract","measuring populism"
"W4398198124","topic:parties","title","parties"
"W4398198124","topic:parties","title","manifestos"
"W4398198124","topic:parties","abstract","manifestos"
"W4398198124","topic:parties","abstract","party"
"W4398198124","topic:parties","abstract","parties"
"W4398198124","country:germany","title","germany"
"W4398198124","country:germany","title","afd"
"W4398198124","country:germany","title","die linke"
"W4398198124","country:germany","abstract","afd"
"W4398198124","country:germany","abstract","die linke"
"W4398198124","country:germany","abstract","german (+ political word)"
"W4398198124","region:europe","rule","from the country named"
"W4398210342","topic:parties","abstract","radical right"
"W4398210342","topic:parties","abstract","parties"
"W4398210342","topic:voters","abstract","attitudes"
"W4398210342","topic:media-communication","abstract","rhetoric"
"W4398210342","topic:media-communication","abstract","social networks"
"W4398210342","method:qualitative","abstract","qualitative"
"W4398210342","method:qualitative","abstract","interviews"
"W4398210342","method:quantitative","abstract","difference in differences"
"W4398210342","country:germany","title","germany"
"W4398210342","region:europe","rule","from the country named"
"W4399044163","topic:media-communication","title","media"
"W4399044163","topic:media-communication","title","framing"
"W4399044163","topic:media-communication","abstract","media"
"W4399044163","topic:media-communication","abstract","rhetorical"
"W4399044163","topic:media-communication","abstract","frames"
"W4399044163","country:india","abstract","india"
"W4399044163","country:india","abstract","indian (+ political word)"
"W4399044163","region:asia-pacific","rule","from the country named"
"W4399047617","topic:economy-welfare","title","economy"
"W4399047617","topic:economy-welfare","abstract","economic"
"W4399047617","topic:economy-welfare","abstract","financial crisis"
"W4399047617","topic:economy-welfare","abstract","economy"
"W4399047617","topic:democracy-institutions","title","authoritarian"
"W4399047617","topic:democracy-institutions","abstract","authoritarian"
"W4399047617","country:turkey","title","turkey"
"W4399047617","region:europe","rule","from the country named"
"W4399125892","topic:parties","title","right wing populists"
"W4399125892","topic:parties","abstract","right wing populist"
"W4399125892","topic:media-communication","title","twitter"
"W4399125892","method:qta","abstract","text mining"
"W4399125892","method:qta","abstract","topic modeling"
"W4399125892","region:europe","title","western europe"
"W4399125892","region:europe","abstract","european"
"W4399125892","region:europe","abstract","western europe"
"W4399458413","topic:media-communication","abstract","media"
"W4399458413","topic:media-communication","abstract","newspapers"
"W4399458413","method:qualitative","abstract","critical discourse analysis"
"W4399458413","country:united-kingdom","title","uk"
"W4399458413","country:united-kingdom","abstract","united kingdom"
"W4399458413","country:united-kingdom","abstract","britain"
"W4399458413","country:united-kingdom","abstract","uk"
"W4399458413","country:united-kingdom","abstract","brexit"
"W4399458413","region:europe","rule","from the country named"
"W4399682015","topic:voters","title","support for populism"
"W4399682015","topic:voters","abstract","support for populism"
"W4399682015","topic:voters","abstract","citizens"
"W4399682015","topic:voters","abstract","demand side"
"W4399682015","topic:voters","abstract","support for populist"
"W4399682015","topic:government","abstract","populist presidents"
"W4399682015","method:survey","abstract","survey data"
"W4399682015","region:latin-america","title","latin america"
"W4399682015","region:latin-america","abstract","latin america"
"W4400012364","topic:parties","title","radical right"
"W4400012364","topic:voters","title","voters"
"W4400012364","region:europe","title","nordic"
"W4400060637","topic:parties","title","right wing populist"
"W4400060637","topic:parties","title","party"
"W4400060637","topic:parties","abstract","right wing populist"
"W4400060637","topic:parties","abstract","party"
"W4400060637","topic:parties","abstract","parties"
"W4400060637","topic:voters","abstract","supporters"
"W4400060637","topic:voters","abstract","support for populist"
"W4400060637","topic:voters","abstract","voters"
"W4400060637","method:survey","title","survey evidence"
"W4400060637","method:survey","abstract","panel survey"
"W4400060637","method:experiment","abstract","two experiments"
"W4400060637","country:germany","title","germany"
"W4400060637","country:germany","abstract","germany"
"W4400060637","country:germany","abstract","alternative fur deutschland"
"W4400060637","country:germany","abstract","afd"
"W4400060637","country:germany","abstract","german (+ political word)"
"W4400060637","region:europe","rule","from the country named"
"W4400242172","topic:parties","abstract","radical right"
"W4400242172","topic:parties","abstract","parties"
"W4400242172","topic:media-communication","title","communication"
"W4400242172","topic:media-communication","abstract","communication"
"W4400242172","topic:media-communication","abstract","twitter"
"W4400242172","topic:media-communication","abstract","communications"
"W4400242172","topic:media-communication","abstract","tweets"
"W4400242172","topic:media-communication","abstract","media"
"W4400242172","topic:migration","abstract","nativist"
"W4400242172","method:qualitative","abstract","qualitative"
"W4400242172","method:qta","abstract","quantitative text analysis"
"W4400242172","region:europe","title","european"
"W4400242172","region:europe","abstract","european"
"W4400242172","country:france","title","rassemblement national"
"W4400242172","country:france","abstract","france"
"W4400242172","country:france","abstract","rassemblement national"
"W4400424473","country:romania","title","romania"
"W4400424473","country:romania","abstract","romania"
"W4400424473","region:europe","rule","from the country named"
"W4400618923","topic:media-communication","title","rhetoric"
"W4400618923","topic:media-communication","abstract","rhetoric"
"W4400618923","topic:migration","abstract","refugee"
"W4400618923","topic:migration","abstract","immigration"
"W4400833246","topic:parties","title","partisanship"
"W4400833246","topic:parties","abstract","candidates"
"W4400833246","topic:parties","abstract","candidate"
"W4400833246","topic:parties","abstract","partisan"
"W4400833246","topic:parties","abstract","party"
"W4400833246","topic:voters","abstract","voters"
"W4400833246","country:united-states","abstract","trump"
"W4400833246","region:north-america","rule","from the country named"
"W4401031574","topic:parties","abstract","candidates"
"W4401031574","topic:voters","title","voters"
"W4401031574","topic:voters","title","voter"
"W4401031574","topic:voters","abstract","voters"
"W4401031574","topic:voters","abstract","populist attitudes"
"W4401031574","topic:voters","abstract","voter"
"W4401031574","method:experiment","abstract","conjoint"
"W4401273607","topic:religion","abstract","hindu"
"W4401273607","topic:religion","abstract","muslim"
"W4401273607","topic:democracy-institutions","title","authoritarian"
"W4401273607","topic:democracy-institutions","abstract","authoritarian"
"W4401273607","country:united-states","abstract","trump"
"W4401273607","country:india","title","india"
"W4401273607","country:india","abstract","india"
"W4401273607","country:india","abstract","modi"
"W4401273607","region:north-america","rule","from the country named"
"W4401273607","region:asia-pacific","rule","from the country named"
"W4401278400","region:global","abstract","worldwide"
"W4401278400","region:global","abstract","global populism"
"W4401700008","topic:parties","abstract","populist leaders"
"W4401700008","topic:parties","abstract","right wing populism"
"W4401700008","topic:democracy-institutions","abstract","authoritarian"
"W4401700008","topic:democracy-institutions","abstract","authoritarianism"
"W4401747502","topic:parties","title","radical right"
"W4401747502","topic:parties","abstract","radical right"
"W4401747502","topic:parties","abstract","parties"
"W4401747502","topic:parties","abstract","party"
"W4401747502","topic:voters","abstract","attitudes"
"W4401747502","topic:voters","abstract","support for populist"
"W4401747502","topic:voters","abstract","voters"
"W4401747502","topic:voters","abstract","voter"
"W4401747502","topic:voters","abstract","vote choice"
"W4401747502","topic:gender","title","women"
"W4401747502","topic:gender","title","gender"
"W4401747502","topic:gender","abstract","women"
"W4401747502","topic:gender","abstract","gender"
"W4401747502","country:belgium","title","belgium"
"W4401747502","country:belgium","abstract","belgium"
"W4401747502","country:belgium","abstract","vlaams belang"
"W4401747502","region:europe","rule","from the country named"
"W4402277701","topic:parties","title","party"
"W4402277701","topic:parties","abstract","parties"
"W4402277701","topic:parties","abstract","party"
"W4402277701","topic:voters","title","voter"
"W4402277701","topic:voters","abstract","voters"
"W4402277701","method:survey","abstract","election studies"
"W4402277701","region:europe","title","europe"
"W4402277701","region:europe","abstract","european"
"W4402277701","region:europe","abstract","europe"
"W4402311772","approach:measurement","abstract","index of populism"
"W4402311772","topic:parties","abstract","candidate"
"W4402311772","topic:parties","abstract","candidates"
"W4402311772","topic:voters","abstract","electorate"
"W4402311772","topic:voters","abstract","voter"
"W4402311772","topic:economy-welfare","abstract","economic"
"W4402311772","method:qta","abstract","automated text analysis"
"W4402311772","country:united-states","title","united states"
"W4402311772","region:north-america","rule","from the country named"
"W4402412365","topic:voters","title","citizens"
"W4402412365","topic:voters","title","populist attitudes"
"W4402412365","topic:voters","abstract","citizens"
"W4402412365","topic:voters","abstract","populist attitudes"
"W4402412365","method:qualitative","abstract","qualitative"
"W4402412365","method:qualitative","abstract","semi structured"
"W4402412365","method:qualitative","abstract","interviews"
"W4402412365","method:survey","abstract","survey data"
"W4402456137","topic:parties","abstract","parties"
"W4402456137","topic:parties","abstract","party"
"W4402456137","topic:parties","abstract","left wing populists"
"W4402456137","topic:parties","abstract","right wing populists"
"W4402456137","topic:voters","title","supporters"
"W4402456137","topic:voters","abstract","voters"
"W4402456137","topic:voters","abstract","supporters"
"W4402456137","topic:voters","abstract","citizens"
"W4402456137","topic:voters","abstract","attitudes"
"W4402456137","method:survey","title","survey evidence"
"W4402456137","region:europe","title","european"
"W4402685977","approach:discursive","abstract","laclau"
"W4402685977","approach:discursive","abstract","essex school"
"W4402685977","topic:parties","title","parties"
"W4402685977","topic:parties","abstract","radical right"
"W4402685977","topic:parties","abstract","parties"
"W4402685977","topic:parties","abstract","right wing populism"
"W4402685977","topic:parties","abstract","right wing populist"
"W4402685977","topic:parties","abstract","party"
"W4402685977","topic:parties","abstract","candidate"
"W4402685977","topic:parties","abstract","far right"
"W4402685977","method:qualitative","abstract","discourse analysis"
"W4402685977","region:europe","title","western european"
"W4402685977","country:france","abstract","france"
"W4402685977","country:france","abstract","rassemblement national"
"W4402685977","country:italy","abstract","italy"
"W4402685977","country:italy","abstract","lega"
"W4402685977","country:spain","abstract","spain"
"W4402685977","country:spain","abstract","vox"
"W4402873768","topic:government","abstract","populists in power"
"W4402873768","topic:government","abstract","in power"
"W4402873768","topic:media-communication","title","journalism"
"W4402873768","topic:media-communication","abstract","journalism"
"W4402873768","topic:media-communication","abstract","rhetoric"
"W4402873768","topic:media-communication","abstract","journalistic"
"W4402873768","topic:media-communication","abstract","journalists"
"W4402873768","topic:media-communication","abstract","media"
"W4402873768","topic:democracy-institutions","title","authoritarian"
"W4402873768","topic:democracy-institutions","abstract","authoritarian"
"W4402873768","method:qualitative","abstract","interviews"
"W4403193410","topic:parties","title","right wing populism"
"W4403193410","method:experiment","abstract","two experiments"
"W4403736450","topic:media-communication","title","rhetoric"
"W4403736450","topic:media-communication","abstract","rhetoric"
"W4403736450","topic:media-communication","abstract","rhetorical"
"W4403814502","topic:voters","abstract","public opinion"
"W4403814502","topic:voters","abstract","citizens"
"W4403814502","topic:democracy-institutions","title","direct democracy"
"W4403814502","topic:democracy-institutions","abstract","referendums"
"W4403814502","topic:democracy-institutions","abstract","direct democracy"
"W4403814502","method:survey","abstract","public opinion surveys"
"W4404103581","topic:government","title","presidency"
"W4404103581","topic:government","title","populists in office"
"W4404103581","topic:government","abstract","presidency"
"W4404103581","topic:government","abstract","administration"
"W4404103581","topic:media-communication","title","journalists"
"W4404103581","topic:media-communication","abstract","journalists"
"W4404103581","topic:media-communication","abstract","journalistic"
"W4404103581","topic:gender","title","women"
"W4404103581","topic:gender","title","gendered"
"W4404103581","topic:gender","abstract","gender"
"W4404103581","topic:gender","abstract","misogynistic"
"W4404103581","topic:gender","abstract","patriarchal"
"W4404103581","topic:gender","abstract","women"
"W4404103581","topic:gender","abstract","sexuality"
"W4404103581","country:brazil","abstract","bolsonaro"
"W4404103581","region:latin-america","rule","from the country named"
"W4404142563","topic:parties","abstract","party"
"W4404142563","topic:parties","abstract","parties"
"W4404142563","topic:democracy-institutions","abstract","liberal democracy"
"W4404142563","topic:democracy-institutions","abstract","rule of law"
"W4404142563","topic:democracy-institutions","abstract","constitution"
"W4404142563","topic:democracy-institutions","abstract","checks and balances"
"W4404142563","topic:democracy-institutions","abstract","illiberal"
"W4404142563","country:hungary","title","hungary"
"W4404142563","country:hungary","abstract","hungary"
"W4404142563","country:hungary","abstract","orban"
"W4404142563","region:europe","rule","from the country named"
"W4404548069","topic:democracy-institutions","title","courts"
"W4404548069","topic:democracy-institutions","abstract","courts"
"W4404548069","topic:democracy-institutions","abstract","court"
"W4404548069","topic:democracy-institutions","abstract","democratic erosion"
"W4404548069","method:survey","abstract","latinobarometro"
"W4404548069","country:brazil","title","brazil"
"W4404548069","country:brazil","abstract","brazil"
"W4404548069","country:brazil","abstract","bolsonaro"
"W4404548069","country:brazil","abstract","brazilian (+ political word)"
"W4404548069","region:latin-america","rule","from the country named"
"W4404668809","topic:foreign-policy","abstract","diplomacy"
"W4404668809","topic:foreign-policy","abstract","diplomatic"
"W4404668809","topic:media-communication","abstract","framing"
"W4404668809","topic:media-communication","abstract","media"
"W4404668809","method:mixed","abstract","mixed methods"
"W4404668809","country:china","title","chinese (+ political word)"
"W4404668809","country:china","abstract","china"
"W4404668809","country:china","abstract","chinese (+ political word)"
"W4404668809","region:asia-pacific","rule","from the country named"
"W4404711412","topic:parties","title","party"
"W4404711412","topic:parties","abstract","radical right"
"W4404711412","topic:parties","abstract","right wing populism"
"W4404711412","topic:parties","abstract","social movements"
"W4404711412","topic:parties","abstract","populist right"
"W4404711412","topic:parties","abstract","party"
"W4404711412","topic:religion","title","catholic"
"W4404711412","topic:religion","title","church"
"W4404711412","topic:religion","title","christian"
"W4404711412","topic:religion","abstract","christian"
"W4404711412","topic:religion","abstract","catholic"
"W4404711412","topic:religion","abstract","church"
"W4404711412","topic:religion","abstract","religious"
"W4404711412","topic:religion","abstract","catholicism"
"W4404711412","method:qualitative","abstract","qualitative"
"W4404711412","method:qualitative","abstract","semi structured"
"W4404711412","method:qualitative","abstract","interviews"
"W4404711412","method:qualitative","abstract","participant observation"
"W4404711412","country:poland","abstract","poland"
"W4404711412","country:poland","abstract","law and justice"
"W4404711412","country:poland","abstract","pis"
"W4404711412","country:portugal","title","chega"
"W4404711412","country:portugal","abstract","portugal"
"W4404711412","country:portugal","abstract","chega"
"W4404711412","region:europe","rule","from the country named"
"W4404880648","topic:international","title","regionalism"
"W4404880648","topic:international","abstract","multilateralism"
"W4404880648","topic:international","abstract","regional organizations"
"W4404880648","topic:international","abstract","regional integration"
"W4404880648","topic:international","abstract","regionalism"
"W4404880648","topic:parties","title","far right"
"W4404880648","topic:parties","abstract","far right"
"W4404880648","region:latin-america","title","south america"
"W4404880648","country:argentina","title","milei"
"W4404880648","country:brazil","title","bolsonaro"
"W4405011258","country:argentina","title","milei"
"W4405011258","region:latin-america","rule","from the country named"
"W4405017636","topic:migration","title","immigrants"
"W4405017636","topic:migration","abstract","immigration"
"W4405017636","topic:migration","abstract","immigrants"
"W4405017636","topic:migration","abstract","refugees"
"W4405123549","topic:parties","title","candidates"
"W4405123549","topic:parties","abstract","parties"
"W4405123549","topic:parties","abstract","candidates"
"W4405123549","topic:parties","abstract","party"
"W4405123549","topic:voters","title","attitudes"
"W4405123549","topic:voters","abstract","voters"
"W4405123549","topic:voters","abstract","populist attitudes"
"W4405123549","topic:voters","abstract","attitudes"
"W4405281000","topic:parties","title","radical right"
"W4405281000","topic:parties","abstract","radical right"
"W4405281000","topic:parties","abstract","party"
"W4405281000","topic:migration","abstract","immigrant"
"W4405281000","method:qualitative","abstract","interviews"
"W4405281000","method:survey","abstract","survey data"
"W4405281000","country:finland","abstract","finland"
"W4405281000","country:finland","abstract","finns party"
"W4405281000","region:europe","rule","from the country named"
"W4405374763","topic:economy-welfare","abstract","economics"
"W4405374763","topic:economy-welfare","abstract","economic"
"W4405374763","topic:media-communication","abstract","framing"
"W4405374763","topic:media-communication","abstract","frames"
"W4405374763","topic:gender","abstract","gender"
"W4405374763","topic:gender","abstract","family policies"
"W4405374763","topic:religion","title","muslim"
"W4405374763","topic:religion","abstract","muslim"
"W4405374763","topic:religion","abstract","christian"
"W4405374763","topic:religion","abstract","christianity"
"W4405374763","topic:migration","title","immigration"
"W4405374763","topic:migration","abstract","immigration"
"W4405374763","topic:migration","abstract","anti immigration"
"W4405374763","topic:migration","abstract","border policies"
"W4405374763","topic:migration","abstract","immigrants"
"W4405374763","topic:democracy-institutions","abstract","illiberal"
"W4405374763","topic:democracy-institutions","abstract","illiberalism"
"W4405374763","method:qualitative","abstract","qualitative"
"W4405374763","region:europe","abstract","european"
"W4405374763","region:europe","abstract","western european"
"W4405374763","region:europe","abstract","eastern europe"
"W4405374763","country:hungary","title","hungary"
"W4405374763","country:hungary","abstract","hungary"
"W4405374763","country:hungary","abstract","hungarian (+ political word)"
"W4405655582","topic:parties","title","radical right"
"W4405655582","topic:parties","abstract","radical right"
"W4405655582","topic:parties","abstract","parties"
"W4405655582","topic:parties","abstract","party"
"W4405655582","topic:democracy-institutions","title","authoritarianism"
"W4405655582","topic:democracy-institutions","abstract","authoritarianism"
"W4405655582","topic:democracy-institutions","abstract","authoritarian"
"W4405669191","topic:parties","title","right wing populism"
"W4405669191","topic:parties","abstract","partisan"
"W4405669191","topic:parties","abstract","right wing populist"
"W4405669191","topic:parties","abstract","parties"
"W4405669191","topic:parties","abstract","right wing populists"
"W4405669191","topic:parties","abstract","party"
"W4405669191","topic:parties","abstract","manifestos"
"W4405669191","topic:economy-welfare","title","economic"
"W4405868497","topic:parties","title","right wing populism"
"W4405868497","topic:economy-welfare","title","neoliberal"
"W4405868497","topic:economy-welfare","title","economic"
"W4406189076","topic:parties","abstract","far right"
"W4406189076","topic:parties","abstract","parties"
"W4406189076","topic:economy-welfare","title","economic"
"W4406189076","topic:economy-welfare","abstract","economic"
"W4406189076","method:survey","abstract","original survey"
"W4406189076","country:italy","title","italian (+ political word)"
"W4406189076","country:italy","abstract","italy"
"W4406189076","country:italy","abstract","italian (+ political word)"
"W4406189076","region:europe","rule","from the country named"
"W4407087972","topic:democracy-institutions","title","constitutional"
"W4407087972","topic:democracy-institutions","abstract","constitutional"
"W4407087972","country:israel","title","israel"
"W4407087972","country:israel","abstract","israel"
"W4407087972","region:mena","rule","from the country named"
"W4408333762","topic:voters","abstract","public opinion"
"W4412926871","approach:discursive","title","empty signifiers"
"W4412926871","approach:discursive","abstract","empty signifiers"
"W4412926871","topic:parties","abstract","social movements"
"W4412926871","country:canada","title","canada"
"W4412926871","region:north-america","rule","from the country named"
"W4390675730","topic:parties","abstract","social movement"
"W4390675730","topic:religion","title","islamic"
"W4390675730","topic:religion","title","islam"
"W4390675730","topic:religion","abstract","islamist"
"W4390675730","topic:religion","abstract","islamic"
"W4390675730","country:indonesia","title","indonesia"
"W4390675730","region:asia-pacific","rule","from the country named"
"W4391166403","topic:parties","title","radical right"
"W4391166403","topic:parties","abstract","radical right"
"W4391166403","topic:parties","abstract","parties"
"W4391166403","topic:parties","abstract","party"
"W4391166403","topic:voters","abstract","voters"
"W4391166403","topic:voters","abstract","attitudes"
"W4391166403","topic:voters","abstract","vote choice"
"W4391166403","topic:migration","abstract","immigration"
"W4391166403","topic:migration","abstract","nativist"
"W4391166403","method:quantitative","abstract","regression"
"W4391166403","method:survey","abstract","election study"
"W4391166403","country:canada","abstract","canada"
"W4391166403","country:canada","abstract","canadian (+ political word)"
"W4391166403","region:north-america","rule","from the country named"
"W4391395169","topic:economy-welfare","title","neoliberal"
"W4391533031","approach:ideational","abstract","ideational definition"
"W4391533031","approach:measurement","abstract","operationalisations of populism"
"W4391533031","topic:voters","title","attitudes"
"W4391533031","topic:voters","abstract","attitudes"
"W4391533031","topic:voters","abstract","populist attitudes"
"W4391533031","topic:voters","abstract","public opinion"
"W4391533031","method:survey","abstract","survey based"
"W4391533031","method:survey","abstract","survey items"
"W4391540142","topic:parties","title","radical left"
"W4391540142","topic:parties","title","parties"
"W4391540142","topic:parties","abstract","parties"
"W4391540142","topic:parties","abstract","right wing populist"
"W4391540142","topic:parties","abstract","left wing populism"
"W4391540142","topic:parties","abstract","radical left"
"W4391540142","topic:economy-welfare","abstract","economic"
"W4391540142","region:europe","title","europe"
"W4391540142","region:europe","abstract","european"
"W4391540142","region:europe","abstract","europe"
"W4391789708","topic:defence-security","title","military"
"W4391789708","topic:democracy-institutions","title","authoritarian"
"W4391789708","country:brazil","title","brazil"
"W4391789708","country:brazil","title","bolsonaro"
"W4391789708","region:latin-america","rule","from the country named"
"W4391789710","country:turkey","title","turkey"
"W4391789710","region:europe","rule","from the country named"
"W4392086724","topic:parties","abstract","radical right"
"W4392086724","topic:parties","abstract","parties"
"W4392086724","topic:parties","abstract","party"
"W4392696881","approach:other","abstract","different approaches"
"W4392696881","topic:spatial","title","rural"
"W4392696881","topic:spatial","abstract","rural"
"W4392696881","topic:democracy-institutions","title","authoritarian"
"W4392696881","country:germany","title","germany"
"W4392696881","country:germany","abstract","germany"
"W4392696881","region:europe","rule","from the country named"
"W4393091069","topic:parties","abstract","party"
"W4393091069","topic:parties","abstract","right wing populist"
"W4393091069","topic:media-communication","title","framing"
"W4393091069","topic:media-communication","abstract","framing"
"W4393091069","topic:media-communication","abstract","television"
"W4393091069","topic:media-communication","abstract","frames"
"W4393091069","topic:media-communication","abstract","rhetoric"
"W4393091069","topic:migration","abstract","migrants"
"W4393091069","topic:migration","abstract","asylum"
"W4393091069","method:quantitative","abstract","quantitative analysis"
"W4393091069","country:ukraine","abstract","zelensky"
"W4393091069","region:europe","rule","from the country named"
"W4393232252","topic:parties","title","parties"
"W4393232252","topic:parties","abstract","parties"
"W4393232252","topic:voters","title","attitudes"
"W4393232252","topic:voters","abstract","voter"
"W4393232252","topic:voters","abstract","support for populist"
"W4393232252","topic:economy-welfare","title","welfare"
"W4393232252","topic:economy-welfare","abstract","welfare"
"W4393232252","method:survey","abstract","european social survey"
"W4393392612","topic:economy-welfare","abstract","economy"
"W4393392612","country:colombia","title","petro"
"W4393392612","country:venezuela","title","venezuela"
"W4393392612","country:venezuela","abstract","venezuela"
"W4393392612","country:venezuela","abstract","venezuelan (+ political word)"
"W4393392612","region:latin-america","rule","from the country named"
"W4394611350","topic:parties","title","parties"
"W4394611350","topic:parties","title","right wing populists"
"W4394611350","topic:parties","abstract","parties"
"W4394611350","topic:parties","abstract","right wing populists"
"W4394611350","topic:parties","abstract","party"
"W4394611350","topic:parties","abstract","left wing populists"
"W4394611350","topic:parties","abstract","right wing populisms"
"W4394611350","topic:voters","title","citizens"
"W4394611350","topic:voters","abstract","supporters"
"W4394611350","topic:voters","abstract","respondents"
"W4394611350","topic:voters","abstract","support for populist"
"W4394611350","topic:voters","abstract","citizens"
"W4395048120","approach:economic","abstract","economic populism"
"W4395048120","topic:economy-welfare","title","economic"
"W4395048120","topic:economy-welfare","abstract","economic"
"W4395082600","topic:international","title","european integration"
"W4395082600","topic:international","abstract","euroscepticism"
"W4395082600","topic:international","abstract","european union"
"W4395082600","topic:international","abstract","european integration"
"W4395082600","region:europe","title","european"
"W4395082600","region:europe","abstract","european"
"W4395693299","topic:parties","title","radical right"
"W4395693299","topic:parties","title","parties"
"W4395693299","topic:parties","abstract","radical right"
"W4395693299","topic:parties","abstract","parties"
"W4395693299","topic:media-communication","abstract","communication"
"W4395693299","topic:media-communication","abstract","facebook"
"W4395693299","method:qualitative","abstract","qualitative"
"W4395693299","country:france","title","rassemblement national"
"W4395693299","country:france","abstract","france"
"W4395693299","country:france","abstract","rassemblement national"
"W4395693299","country:france","abstract","le pen"
"W4395693299","country:italy","title","lega"
"W4395693299","country:italy","title","salvini"
"W4395693299","country:italy","abstract","italy"
"W4395693299","country:italy","abstract","lega"
"W4395693299","country:italy","abstract","salvini"
"W4395693299","region:europe","rule","from the country named"
"W4396706125","topic:government","abstract","populist rule"
"W4396706125","topic:spatial","title","spatial"
"W4396870011","topic:parties","title","radical right"
"W4396870011","topic:parties","abstract","radical right"
"W4396870011","topic:parties","abstract","parties"
"W4396870011","topic:voters","title","attitudes"
"W4396870011","topic:voters","abstract","citizens"
"W4396870011","topic:voters","abstract","attitudes"
"W4396870011","topic:migration","title","migrant"
"W4396870011","topic:migration","title","immigration"
"W4396870011","topic:migration","abstract","migrant"
"W4396870011","topic:migration","abstract","migrants"
"W4396870011","topic:migration","abstract","anti immigration"
"W4396870011","topic:migration","abstract","migration"
"W4396870011","method:survey","abstract","european social survey"
"W4396870011","region:europe","title","europe"
"W4396870011","region:europe","abstract","european"
"W4396870011","region:europe","abstract","eu"
"W4396895925","approach:other","abstract","laclau"
"W4396895925","approach:other","abstract","performative"
"W4396895925","approach:other","abstract","ostiguy"
"W4396895925","topic:international","abstract","transnational"
"W4396895925","topic:religion","abstract","religious"
"W4396895925","topic:religion","abstract","religion"
"W4396895925","country:russia","title","russia"
"W4396895925","country:turkey","title","turkey"
"W4396895925","country:united-states","title","united states"
"W4396895925","region:europe","rule","from the country named"
"W4396895925","region:north-america","rule","from the country named"
"W4399041143","topic:foreign-policy","abstract","foreign policy"
"W4399041143","topic:international","title","european union"
"W4399041143","topic:international","abstract","european union"
"W4399041143","topic:international","abstract","eu"
"W4399041143","topic:parties","abstract","political leaders"
"W4399041143","topic:parties","abstract","partisanship"
"W4399041143","method:qualitative","abstract","discourse analysis"
"W4399041143","region:europe","title","european"
"W4399041143","region:europe","abstract","european"
"W4399041143","region:europe","abstract","eu"
"W4399041143","country:turkey","title","turkey"
"W4399041143","country:turkey","title","erdogan"
"W4399041143","country:turkey","abstract","turkey"
"W4399041143","country:turkey","abstract","erdogan"
"W4399041143","country:turkey","abstract","turkish (+ political word)"
"W4399049850","topic:parties","abstract","political leader"
"W4399049850","topic:parties","abstract","populist leaders"
"W4399049850","topic:media-communication","abstract","communication"
"W4399049850","topic:media-communication","abstract","twitter"
"W4399049850","topic:media-communication","abstract","media"
"W4399049850","country:brazil","title","brazil"
"W4399049850","country:brazil","abstract","brazil"
"W4399049850","country:brazil","abstract","bolsonaro"
"W4399049850","region:latin-america","rule","from the country named"
"W4399101983","topic:parties","abstract","political leadership"
"W4399101983","topic:religion","title","catholic"
"W4399101983","topic:religion","abstract","catholic"
"W4399101983","topic:religion","abstract","religious"
"W4399101983","topic:democracy-institutions","title","authoritarianism"
"W4399101983","topic:democracy-institutions","abstract","authoritarian"
"W4399101983","topic:democracy-institutions","abstract","authoritarianism"
"W4399887714","topic:parties","title","radical left"
"W4399887714","topic:parties","abstract","parties"
"W4399887714","topic:parties","abstract","radical left"
"W4399887714","topic:parties","abstract","party"
"W4399887714","method:qualitative","abstract","discourse analysis"
"W4399887714","country:germany","title","die linke"
"W4399887714","country:greece","title","syriza"
"W4399887714","region:europe","rule","from the country named"
"W4400038864","topic:international","title","eu"
"W4400038864","topic:international","abstract","european union"
"W4400038864","topic:international","abstract","eu"
"W4400038864","region:europe","title","eu"
"W4400038864","region:europe","abstract","european"
"W4400038864","region:europe","abstract","eu"
"W4400038864","country:italy","title","italy"
"W4400302795","topic:parties","abstract","right wing populist"
"W4400302795","topic:parties","abstract","populist leaders"
"W4400302795","topic:voters","abstract","respondents"
"W4400302795","topic:voters","abstract","electorate"
"W4400302795","topic:media-communication","title","media"
"W4400302795","topic:media-communication","abstract","media"
"W4400302795","topic:media-communication","abstract","communication"
"W4400774439","topic:democracy-institutions","title","constitutionalism"
"W4400774439","topic:democracy-institutions","title","constitutional"
"W4400774439","topic:democracy-institutions","title","court"
"W4400774439","topic:democracy-institutions","abstract","constitutional"
"W4400774439","topic:democracy-institutions","abstract","judicial"
"W4400774439","topic:democracy-institutions","abstract","court"
"W4400774439","topic:democracy-institutions","abstract","courts"
"W4400774439","topic:democracy-institutions","abstract","constitution"
"W4400774439","country:hungary","title","hungary"
"W4400774439","region:europe","rule","from the country named"
"W4400929460","topic:media-communication","title","communication"
"W4400929460","topic:media-communication","title","facebook"
"W4400929460","topic:media-communication","abstract","communication"
"W4400929460","topic:media-communication","abstract","facebook"
"W4400929460","topic:migration","title","nativism"
"W4400929460","topic:migration","abstract","migration"
"W4400929460","topic:migration","abstract","nativism"
"W4400929460","topic:democracy-institutions","title","direct democracy"
"W4400929460","country:czech-republic","title","czech (+ political word)"
"W4400929460","country:czech-republic","abstract","czech republic"
"W4400929460","region:europe","rule","from the country named"
"W4401298633","topic:defence-security","abstract","military"
"W4401298633","topic:democracy-institutions","title","authoritarians"
"W4401342712","topic:parties","abstract","parties"
"W4401342712","topic:voters","title","populist attitudes"
"W4401342712","topic:voters","abstract","populist attitudes"
"W4401342712","topic:voters","abstract","attitudes"
"W4401342712","topic:migration","abstract","nativist"
"W4401420964","approach:performative","abstract","populism as a style"
"W4401420964","topic:parties","title","left wing populism"
"W4401420964","topic:parties","abstract","left wing populist"
"W4401420964","topic:parties","abstract","left wing populism"
"W4401420964","topic:media-communication","abstract","rhetoric"
"W4401420964","topic:media-communication","abstract","communication"
"W4401420964","method:quantitative","abstract","regression"
"W4401420964","method:qta","abstract","natural language processing"
"W4401490282","topic:parties","title","radical right"
"W4401490282","topic:parties","abstract","radical right"
"W4401490282","topic:parties","abstract","parties"
"W4401490282","topic:parties","abstract","party"
"W4401490282","topic:voters","title","populist attitudes"
"W4401490282","topic:voters","abstract","electoral support"
"W4401490282","topic:voters","abstract","populist attitudes"
"W4401490282","topic:voters","abstract","attitudes"
"W4401490282","topic:migration","abstract","nativism"
"W4401490282","topic:migration","abstract","nativist"
"W4401490282","region:europe","title","european"
"W4401490282","region:europe","abstract","europe"
"W4401490282","region:europe","abstract","european"
"W4401490282","country:italy","abstract","italy"
"W4401499345","topic:economy-welfare","abstract","economic"
"W4401499345","topic:economy-welfare","abstract","inequality"
"W4401499345","topic:religion","title","islamic"
"W4401499345","topic:religion","abstract","islamic"
"W4401499345","topic:religion","abstract","religious"
"W4401499345","topic:religion","abstract","muslim"
"W4401499345","topic:religion","abstract","religion"
"W4401499345","topic:religion","abstract","islam"
"W4401499345","country:indonesia","abstract","indonesia"
"W4401499345","country:indonesia","abstract","indonesian (+ political word)"
"W4401499345","region:asia-pacific","rule","from the country named"
"W4401513565","topic:parties","title","radical right"
"W4401513565","topic:parties","title","parties"
"W4401513565","topic:parties","abstract","radical right"
"W4401513565","topic:parties","abstract","parties"
"W4401513565","topic:voters","title","support for populist"
"W4401513565","topic:voters","abstract","voter"
"W4401513565","topic:voters","abstract","voters"
"W4401543761","country:france","abstract","france"
"W4401543761","country:france","abstract","macron"
"W4401543761","region:europe","rule","from the country named"
"W4401726179","topic:parties","title","far right"
"W4401726179","topic:parties","abstract","parties"
"W4401726179","topic:parties","abstract","party"
"W4401726179","topic:parties","abstract","far right"
"W4401726179","topic:voters","abstract","voter"
"W4401726179","topic:economy-welfare","abstract","welfare"
"W4401726179","topic:economy-welfare","abstract","redistribution"
"W4401726179","region:europe","abstract","europe"
"W4401726179","region:europe","abstract","european"
"W4402276105","topic:gender","title","women"
"W4402276105","topic:gender","title","feminist"
"W4402276105","topic:gender","abstract","women"
"W4402276105","topic:gender","abstract","gendered"
"W4402276105","topic:gender","abstract","feminist"
"W4402276105","topic:gender","abstract","lgbtq"
"W4402276105","topic:religion","abstract","catholic"
"W4402276105","topic:religion","abstract","church"
"W4402276105","country:poland","title","poland"
"W4402276105","country:poland","abstract","poland"
"W4402276105","country:poland","abstract","law and justice"
"W4402276105","country:poland","abstract","polish (+ political word)"
"W4402276105","region:europe","rule","from the country named"
"W4402542104","topic:parties","title","populist leadership"
"W4402542104","topic:parties","abstract","populist leaders"
"W4402542104","topic:parties","abstract","populist leadership"
"W4402542104","topic:media-communication","title","rhetorical"
"W4402542104","country:united-states","abstract","usa"
"W4402542104","country:united-states","abstract","trump"
"W4402542104","region:north-america","rule","from the country named"
"W4402864063","approach:ideational","title","ideational approach"
"W4402890158","topic:parties","title","populist leadership"
"W4402890158","topic:media-communication","title","rhetoric"
"W4402890158","topic:media-communication","title","journalists"
"W4402890158","topic:media-communication","title","communication"
"W4402890158","country:singapore","title","singapore"
"W4402890158","region:asia-pacific","rule","from the country named"
"W4403128724","topic:parties","abstract","candidates"
"W4403128724","topic:parties","abstract","partisanship"
"W4403128724","topic:voters","abstract","mass public"
"W4403128724","topic:voters","abstract","support for populist"
"W4403128724","method:survey","abstract","survey data"
"W4403128724","country:united-states","title","united states"
"W4403128724","country:united-states","abstract","united states"
"W4403128724","country:united-states","abstract","u s"
"W4403128724","region:north-america","rule","from the country named"
"W4403196950","topic:parties","title","radical right"
"W4403196950","topic:parties","title","party"
"W4403196950","topic:parties","abstract","radical right"
"W4403196950","topic:parties","abstract","parties"
"W4403196950","topic:parties","abstract","partisan"
"W4403196950","topic:parties","abstract","party"
"W4403196950","topic:parties","abstract","party competition"
"W4403196950","method:qualitative","abstract","in depth case study"
"W4403196950","country:sweden","title","sweden"
"W4403196950","region:europe","rule","from the country named"
"W4403203089","topic:media-communication","abstract","framing"
"W4403203089","topic:media-communication","abstract","communication"
"W4403203089","country:united-kingdom","title","uk"
"W4403203089","region:europe","rule","from the country named"
"W4403216151","topic:defence-security","title","defense policies"
"W4403216151","topic:defence-security","abstract","defense policy"
"W4403216151","topic:parties","title","radical right"
"W4403216151","topic:parties","title","parties"
"W4403216151","topic:parties","abstract","radical right"
"W4403216151","topic:parties","abstract","parties"
"W4403216151","method:quantitative","abstract","regression"
"W4403402956","approach:discursive","abstract","discursively construct"
"W4403402956","topic:international","title","european parliament"
"W4403402956","topic:international","abstract","european union"
"W4403402956","topic:international","abstract","eu"
"W4403402956","topic:parties","title","radical right"
"W4403402956","topic:parties","abstract","radical right"
"W4403402956","topic:parties","abstract","party"
"W4403402956","topic:parties","abstract","parties"
"W4403402956","region:europe","title","european"
"W4403402956","region:europe","abstract","europe"
"W4403402956","region:europe","abstract","european"
"W4403402956","region:europe","abstract","eu"
"W4403402956","country:poland","abstract","poland"
"W4403402956","country:poland","abstract","law and justice"
"W4403402956","country:poland","abstract","prawo i sprawiedliworc"
"W4403402956","country:poland","abstract","pis"
"W4403402956","country:poland","abstract","polish (+ political word)"
"W4403434037","topic:voters","abstract","citizens"
"W4403434037","topic:voters","abstract","public opinion"
"W4403434037","topic:voters","abstract","public support"
"W4403434037","topic:democracy-institutions","title","judicial"
"W4403434037","topic:democracy-institutions","abstract","judicial"
"W4403434037","topic:democracy-institutions","abstract","court"
"W4403479209","topic:parties","title","radical right"
"W4403479209","topic:parties","abstract","radical right"
"W4403479209","topic:parties","abstract","parties"
"W4403479209","topic:parties","abstract","party"
"W4403479209","topic:voters","abstract","voters"
"W4403479209","topic:voters","abstract","citizens"
"W4403479209","topic:gender","title","gender"
"W4403479209","topic:gender","abstract","gender"
"W4403479209","topic:gender","abstract","women"
"W4403479209","method:survey","abstract","european social survey"
"W4403479209","region:europe","abstract","western europe"
"W4403479209","region:europe","abstract","european"
"W4403479209","country:switzerland","abstract","switzerland"
"W4403479209","country:switzerland","abstract","svp"
"W4403479209","country:switzerland","abstract","swiss people s party"
"W4403479209","country:switzerland","abstract","swiss (+ political word)"
"W4403485868","topic:voters","abstract","citizens"
"W4403485868","topic:democracy-institutions","title","referendums"
"W4403485868","topic:democracy-institutions","abstract","referendums"
"W4403485868","method:survey","abstract","survey data"
"W4403502152","topic:government","abstract","populist governments"
"W4403502152","topic:government","abstract","populist government"
"W4403502152","topic:economy-welfare","title","economic"
"W4403502152","topic:economy-welfare","abstract","economic"
"W4403502152","topic:economy-welfare","abstract","globalization"
"W4403502152","topic:economy-welfare","abstract","economy"
"W4403502152","region:europe","title","europe"
"W4403703381","approach:ideational","abstract","ideational approach"
"W4403703381","topic:voters","title","populist attitudes"
"W4403703381","topic:voters","abstract","populist attitudes"
"W4403880145","topic:international","abstract","eu"
"W4403880145","topic:voters","abstract","citizens"
"W4403880145","topic:migration","title","migrations"
"W4403880145","topic:migration","abstract","migration"
"W4403880145","topic:migration","abstract","migrations"
"W4403880145","topic:migration","abstract","migrants"
"W4403880145","topic:migration","abstract","refugees"
"W4403880145","region:europe","title","europe"
"W4403880145","region:europe","abstract","eu"
"W4403880145","country:croatia","title","croatia"
"W4403880145","country:croatia","abstract","croatia"
"W4403974062","topic:parties","title","party"
"W4403974062","topic:parties","abstract","parties"
"W4403974062","topic:parties","abstract","party"
"W4403974062","topic:media-communication","title","communication"
"W4403974062","topic:media-communication","abstract","communication"
"W4404051463","country:italy","title","italy"
"W4404051463","country:italy","abstract","italy"
"W4404051463","region:europe","rule","from the country named"
"W4404173687","topic:voters","title","attitudes"
"W4404173687","topic:voters","abstract","attitudes"
"W4404173687","topic:voters","abstract","populist attitudes"
"W4404173687","topic:media-communication","title","media"
"W4404173687","topic:media-communication","abstract","media"
"W4404585844","approach:other","abstract","different approaches"
"W4404618203","topic:parties","title","parties"
"W4404868135","topic:democracy-institutions","title","judicial"
"W4404868135","topic:democracy-institutions","abstract","judicial"
"W4404880633","topic:foreign-policy","title","diplomacy"
"W4404880633","topic:foreign-policy","title","foreign policy"
"W4404880633","region:latin-america","title","latin america"
"W4404880633","country:brazil","abstract","brazil"
"W4404880633","country:brazil","abstract","bolsonaro"
"W4404880633","country:venezuela","abstract","venezuela"
"W4404880633","country:venezuela","abstract","bolivarian"
"W4404880633","country:venezuela","abstract","chavez"
"W4404942704","approach:discursive","abstract","populist logic"
"W4404942704","topic:media-communication","abstract","rhetoric"
"W4404942704","topic:media-communication","abstract","rhetorical"
"W4404942704","method:qualitative","abstract","critical discourse analysis"
"W4404942704","country:philippines","title","philippines"
"W4404942704","region:asia-pacific","rule","from the country named"
"W4405111355","topic:voters","title","populist attitudes"
"W4405111355","topic:voters","abstract","demand side"
"W4405111355","topic:voters","abstract","populist attitudes"
"W4405111355","method:quantitative","abstract","panel data"
"W4405111355","method:quantitative","abstract","statistical analyses"
"W4405201248","topic:spatial","title","rural"
"W4405201248","topic:democracy-institutions","title","authoritarian"
"W4405201248","topic:democracy-institutions","abstract","authoritarian"
"W4405201248","method:qualitative","abstract","interviews"
"W4405201248","country:brazil","title","brazil"
"W4405201248","country:brazil","abstract","brazil"
"W4405201248","country:brazil","abstract","bolsonaro"
"W4405201248","region:latin-america","rule","from the country named"
"W4405314561","topic:parties","title","party systems"
"W4405314561","topic:parties","abstract","parties"
"W4405314561","topic:parties","abstract","party system"
"W4405314561","topic:voters","abstract","public support"
"W4405314561","topic:voters","abstract","citizens"
"W4405314561","topic:migration","title","immigration"
"W4405314561","topic:migration","abstract","immigration"
"W4405314561","topic:migration","abstract","immigrants"
"W4405314561","region:europe","title","european"
"W4405314561","region:europe","abstract","european"
"W4405382901","country:brazil","title","brazil"
"W4405382901","region:latin-america","rule","from the country named"
"W4405758416","method:qualitative","abstract","ethnographic"
"W4405758416","region:europe","title","european"
"W4405758416","region:europe","abstract","europe"
"W4405758416","region:europe","abstract","european"
"W4405953234","approach:discursive","abstract","discursive construction"
"W4405953234","topic:parties","title","parties"
"W4405953234","topic:parties","abstract","populist right"
"W4405953234","topic:parties","abstract","parties"
"W4405953234","topic:parties","abstract","party"
"W4405953234","topic:media-communication","title","media"
"W4405953234","topic:media-communication","abstract","communication"
"W4405953234","topic:media-communication","abstract","facebook"
"W4405953234","topic:media-communication","abstract","media"
"W4405953234","country:france","title","french (+ political word)"
"W4405953234","country:france","abstract","france"
"W4405953234","country:france","abstract","national rally"
"W4405953234","country:france","abstract","rassemblement national"
"W4405953234","region:europe","rule","from the country named"
"W4406802373","topic:democracy-institutions","abstract","judicial"
"W4406802373","topic:democracy-institutions","abstract","democratic backsliding"
"W4406802373","topic:democracy-institutions","abstract","rule of law"
"W4406802373","topic:democracy-institutions","abstract","court"
"W4406802373","topic:democracy-institutions","abstract","courts"
"W4406802373","topic:democracy-institutions","abstract","constitution"
"W4406802373","country:poland","title","poland"
"W4406802373","country:poland","abstract","poland"
"W4406802373","region:europe","rule","from the country named"
"W4407792562","topic:parties","title","parties"
"W4407792562","topic:parties","abstract","parties"
"W4407792562","topic:parties","abstract","party system"
"W4407792562","topic:parties","abstract","party"
"W4407792562","topic:parties","abstract","manifestos"
"W4407792562","country:lithuania","title","lithuanian (+ political word)"
"W4407792562","country:lithuania","abstract","lithuania"
"W4407792562","country:lithuania","abstract","lithuanian (+ political word)"
"W4407792562","region:europe","rule","from the country named"
"W4408333778","topic:parties","abstract","parties"
"W4408333778","topic:voters","abstract","citizens"
"W4408333778","topic:voters","abstract","voters"
"W4408333778","topic:voters","abstract","supporters"
"W4408333778","topic:government","abstract","populist incumbent"
"W4408333778","topic:democracy-institutions","title","authoritarian"
"W4408333778","topic:democracy-institutions","abstract","authoritarian"
"W4408333778","topic:democracy-institutions","abstract","authoritarianism"
"W4412969159","approach:performative","abstract","performative"
"W4412969159","approach:performative","abstract","political style"
"W4412969159","approach:socio-cultural","abstract","ostiguy"
"W4412969159","topic:international","abstract","brexit"
"W4412969159","topic:international","abstract","european union"
"W4412969159","topic:international","abstract","international monetary fund"
"W4412969159","topic:international","abstract","eu"
"W4412969159","topic:parties","abstract","populist politicians"
"W4412969159","topic:parties","abstract","populist politician"
"W4412969159","topic:parties","abstract","party"
"W4412969159","topic:parties","abstract","right wing populists"
"W4412969159","topic:parties","abstract","far right"
"W4412969159","topic:parties","abstract","populist movements"
"W4412969159","topic:parties","abstract","populist right"
"W4412969159","topic:voters","abstract","voters"
"W4412969159","topic:voters","abstract","voter"
"W4412969159","topic:government","abstract","presidency"
"W4412969159","topic:government","abstract","in office"
"W4412969159","topic:economy-welfare","abstract","austerity"
"W4412969159","topic:economy-welfare","abstract","economic"
"W4412969159","topic:media-communication","title","rhetorics"
"W4412969159","topic:media-communication","abstract","media"
"W4412969159","topic:media-communication","abstract","rhetoric"
"W4412969159","topic:media-communication","abstract","rhetorics"
"W4412969159","topic:media-communication","abstract","rhetorical"
"W4412969159","topic:media-communication","abstract","propaganda"
"W4412969159","topic:migration","abstract","immigration"
"W4412969159","topic:migration","abstract","immigrants"
"W4412969159","region:global","rule","three or more regions named: europe, north-america, latin-america"
"W4390907564","approach:discursive","abstract","laclau"
"W4391353045","topic:voters","title","attitudes"
"W4391353045","topic:voters","abstract","attitudes"
"W4391353045","topic:voters","abstract","populist attitudes"
"W4391357622","approach:discursive","abstract","laclau"
"W4391357622","approach:discursive","abstract","populism as a political logic"
"W4391357622","country:india","title","india"
"W4391357622","country:india","abstract","india"
"W4391357622","country:india","abstract","indira gandhi"
"W4391357622","country:india","abstract","modi"
"W4391357622","region:asia-pacific","rule","from the country named"
"W4391491613","method:qualitative","abstract","ethnographically"
"W4391491613","country:italy","title","italy"
"W4391491613","region:europe","rule","from the country named"
"W4391521198","topic:government","title","presidency"
"W4391521198","method:qualitative","abstract","qualitative"
"W4391521198","country:ecuador","title","correa"
"W4391521198","country:ecuador","abstract","correa"
"W4391521198","region:latin-america","rule","from the country named"
"W4391789623","country:united-kingdom","title","uk"
"W4391789623","region:europe","rule","from the country named"
"W4391789712","topic:democracy-institutions","title","authoritarian"
"W4391847575","region:europe","title","eastern europe"
"W4391888309","topic:media-communication","title","communication"
"W4391888309","method:qta","abstract","sentiment analysis"
"W4392456933","country:united-states","title","trump"
"W4392456933","country:united-states","title","american (+ political word)"
"W4392456933","region:north-america","rule","from the country named"
"W4392639575","topic:parties","abstract","party"
"W4392639575","topic:parties","abstract","parties"
"W4392639575","topic:democracy-institutions","title","constitutional"
"W4392639575","topic:democracy-institutions","title","court"
"W4392639575","topic:democracy-institutions","abstract","constitutional"
"W4392639575","topic:democracy-institutions","abstract","court"
"W4392639575","topic:democracy-institutions","abstract","rule of law"
"W4392639575","topic:democracy-institutions","abstract","judiciary"
"W4392639575","topic:democracy-institutions","abstract","illiberal"
"W4392639575","topic:democracy-institutions","abstract","constitutionalism"
"W4392639575","topic:democracy-institutions","abstract","checks and balances"
"W4392646776","topic:media-communication","title","facebook"
"W4392646776","topic:media-communication","abstract","communication"
"W4392646776","topic:media-communication","abstract","media"
"W4392646776","topic:media-communication","abstract","facebook"
"W4392646776","method:quantitative","abstract","regression"
"W4392646776","method:qta","abstract","computational text analysis"
"W4392646776","region:europe","title","european"
"W4392968389","topic:democracy-institutions","title","populism and democracy"
"W4392968389","country:united-kingdom","title","uk"
"W4392968389","region:europe","rule","from the country named"
"W4392976491","topic:parties","title","radical right"
"W4392976491","topic:voters","title","attitudes"
"W4392976491","topic:voters","abstract","attitudes"
"W4392976491","method:qta","abstract","automated text analysis"
"W4393263359","topic:religion","title","religious"
"W4393318886","topic:media-communication","title","journalism"
"W4393318886","topic:media-communication","abstract","journalists"
"W4393318886","topic:media-communication","abstract","media"
"W4393318886","topic:media-communication","abstract","newspapers"
"W4393318886","topic:media-communication","abstract","journalism"
"W4393318886","topic:migration","abstract","immigrant"
"W4393318886","topic:migration","abstract","immigration"
"W4394000734","country:united-states","title","trump"
"W4394000734","region:north-america","rule","from the country named"
"W4394611898","topic:foreign-policy","abstract","foreign policy"
"W4394611898","topic:international","abstract","euroscepticism"
"W4394611898","topic:international","abstract","european integration"
"W4394611898","topic:parties","abstract","far right"
"W4394611898","topic:parties","abstract","manifestos"
"W4394611898","topic:parties","abstract","populist actors"
"W4394611898","topic:democracy-institutions","title","illiberal"
"W4394611898","topic:democracy-institutions","abstract","illiberal"
"W4394611898","topic:democracy-institutions","abstract","democratization"
"W4394611898","method:qualitative","abstract","qualitative"
"W4394611898","region:europe","abstract","european"
"W4394611898","country:georgia","title","georgia"
"W4394611898","country:georgia","abstract","georgia"
"W4394611898","country:georgia","abstract","georgian (+ political word)"
"W4394622117","topic:international","abstract","transnational"
"W4394622117","topic:international","abstract","eu"
"W4394622117","topic:parties","title","right wing populism"
"W4394622117","topic:migration","abstract","migration"
"W4394622117","topic:migration","abstract","refugees"
"W4394622117","method:qualitative","abstract","interviews"
"W4394622117","country:italy","title","italy"
"W4394622117","country:italy","abstract","italy"
"W4394622117","region:europe","rule","from the country named"
"W4394686666","topic:democracy-institutions","title","authoritarian"
"W4394833133","topic:parties","title","parties"
"W4394833133","topic:parties","abstract","parties"
"W4394833133","topic:parties","abstract","party"
"W4394833133","method:qualitative","abstract","process tracing"
"W4394833133","country:denmark","abstract","danish people s party"
"W4394833133","country:denmark","abstract","danish (+ political word)"
"W4394833133","region:europe","rule","from the country named"
"W4394841067","topic:international","abstract","eu"
"W4394841067","method:qualitative","abstract","discourse analysis"
"W4394841067","region:europe","title","europe"
"W4394841067","region:europe","abstract","european"
"W4394841067","region:europe","abstract","europe"
"W4394841067","region:europe","abstract","eu"
"W4395467620","topic:defence-security","abstract","military"
"W4395467620","topic:defence-security","abstract","international disputes"
"W4395467620","topic:defence-security","abstract","militarized"
"W4395467620","topic:parties","title","right wing populist"
"W4395467620","topic:parties","abstract","right wing populist"
"W4395467620","topic:parties","abstract","populist leaders"
"W4395467620","topic:media-communication","title","rhetoric"
"W4395467620","topic:media-communication","abstract","rhetoric"
"W4395467620","method:experiment","abstract","survey experiments"
"W4395467620","region:global","abstract","global rise"
"W4395467620","region:global","abstract","worldwide"
"W4396222676","topic:democracy-institutions","title","populism and democracy"
"W4396222676","region:latin-america","title","latin america"
"W4396222676","region:latin-america","abstract","andes"
"W4396222676","region:latin-america","abstract","latin america"
"W4396780028","topic:government","title","populist presidents"
"W4396780028","topic:government","abstract","populist rule"
"W4396780028","topic:government","abstract","governing populists"
"W4396780028","topic:democracy-institutions","title","democratic institutions"
"W4396780028","topic:democracy-institutions","abstract","liberal democracy"
"W4396780028","topic:democracy-institutions","abstract","democratic institutions"
"W4396780028","method:quantitative","abstract","time series"
"W4396780028","region:latin-america","title","latin america"
"W4398216900","region:latin-america","title","latin america"
"W4399104500","topic:economy-welfare","abstract","welfare"
"W4399104500","topic:economy-welfare","abstract","economy"
"W4399104500","topic:democracy-institutions","abstract","court"
"W4399236976","topic:democracy-institutions","abstract","judicial"
"W4399236976","topic:democracy-institutions","abstract","court"
"W4399236976","topic:democracy-institutions","abstract","courts"
"W4399236976","region:europe","abstract","european"
"W4399236976","region:europe","abstract","eu"
"W4399335223","topic:economy-welfare","abstract","economic"
"W4399335223","topic:economy-welfare","abstract","inequalities"
"W4399648167","topic:parties","abstract","populist leader"
"W4399648167","topic:parties","abstract","far right"
"W4399852885","topic:media-communication","title","media"
"W4399852885","topic:media-communication","title","framing"
"W4399852885","topic:media-communication","title","news coverage"
"W4399852885","topic:media-communication","abstract","media"
"W4399852885","topic:media-communication","abstract","journalists"
"W4399852885","topic:media-communication","abstract","communication"
"W4399852885","topic:media-communication","abstract","news coverage"
"W4399880412","topic:parties","title","party"
"W4399880412","topic:parties","abstract","party"
"W4399880412","topic:voters","title","public opinion"
"W4399880412","topic:voters","abstract","supporters"
"W4399880412","topic:voters","abstract","public opinion"
"W4399880412","topic:media-communication","abstract","framing"
"W4399880412","topic:media-communication","abstract","rhetoric"
"W4399880412","method:survey","abstract","survey data"
"W4399880412","country:sweden","title","sweden"
"W4399880412","country:sweden","abstract","sweden"
"W4399880412","country:sweden","abstract","swedish (+ political word)"
"W4399880412","region:europe","rule","from the country named"
"W4399880826","topic:parties","title","radical right"
"W4399880826","topic:parties","abstract","radical right"
"W4399880826","topic:parties","abstract","right wing populism"
"W4399880826","topic:democracy-institutions","abstract","authoritarian"
"W4399880826","method:survey","abstract","survey data"
"W4400408053","topic:parties","title","party"
"W4400408053","topic:parties","abstract","party"
"W4400408053","topic:parties","abstract","parties"
"W4400408053","topic:parties","abstract","far right"
"W4400408053","topic:parties","abstract","partisan"
"W4400408053","topic:economy-welfare","abstract","economic"
"W4400408053","country:austria","title","austria"
"W4400408053","country:austria","abstract","austria"
"W4400408053","country:austria","abstract","austrian (+ political word)"
"W4400408053","region:europe","rule","from the country named"
"W4400514641","topic:parties","title","right wing populist"
"W4400514641","topic:parties","title","parties"
"W4400514641","topic:parties","abstract","right wing populist"
"W4400514641","topic:parties","abstract","parties"
"W4400514641","topic:voters","abstract","voters"
"W4400514641","topic:voters","abstract","citizens"
"W4400514641","topic:economy-welfare","title","inequality"
"W4400514641","topic:economy-welfare","abstract","economic"
"W4400514641","topic:economy-welfare","abstract","inequality"
"W4400514641","topic:gender","title","gender"
"W4400514641","topic:gender","abstract","gender"
"W4400514641","topic:gender","abstract","genders"
"W4400514641","topic:gender","abstract","women"
"W4400514641","method:quantitative","abstract","regression"
"W4400514641","country:netherlands","title","netherlands"
"W4400514641","region:europe","rule","from the country named"
"W4400877039","topic:parties","abstract","populist actors"
"W4400877039","topic:voters","abstract","citizens"
"W4400877039","topic:voters","abstract","populist attitudes"
"W4400877039","topic:media-communication","title","media"
"W4400877039","topic:media-communication","title","communication"
"W4400877039","topic:media-communication","abstract","media"
"W4400877039","topic:media-communication","abstract","communication"
"W4401175712","topic:voters","title","populist attitudes"
"W4401175712","topic:voters","abstract","demand side"
"W4401175712","topic:voters","abstract","populist attitudes"
"W4401175712","topic:voters","abstract","citizens"
"W4401175712","method:quantitative","abstract","regression"
"W4401175712","country:hungary","title","hungary"
"W4401175712","country:hungary","abstract","hungary"
"W4401175712","country:hungary","abstract","hungarian (+ political word)"
"W4401175712","region:europe","rule","from the country named"
"W4401175834","topic:parties","abstract","populist leaders"
"W4401175834","region:global","abstract","across the world"
"W4401175888","topic:parties","title","right wing populism"
"W4401175888","topic:parties","title","right wing populist"
"W4401175888","topic:voters","title","voter"
"W4401175888","topic:voters","abstract","voter"
"W4401175888","topic:voters","abstract","voters"
"W4401175888","method:survey","abstract","original survey"
"W4401175888","country:turkey","abstract","turkey"
"W4401175888","country:turkey","abstract","erdogan"
"W4401175888","country:united-states","abstract","trump"
"W4401175888","country:united-states","abstract","us"
"W4401175888","country:brazil","abstract","brazil"
"W4401175888","country:brazil","abstract","bolsonaro"
"W4401175888","region:global","rule","three or more regions named: europe, north-america, latin-america"
"W4401192966","approach:ideational","abstract","ideational approach"
"W4401198744","topic:parties","title","parties"
"W4401198744","topic:parties","title","manifestos"
"W4401198744","topic:parties","abstract","parties"
"W4401198744","topic:parties","abstract","manifestos"
"W4401198744","topic:parties","abstract","radical left"
"W4401198744","country:brazil","title","brazil"
"W4401198744","country:brazil","abstract","brazil"
"W4401198744","country:brazil","abstract","brazilian (+ political word)"
"W4401198744","region:latin-america","rule","from the country named"
"W4401436582","approach:ideational","abstract","ideational approach"
"W4401436582","approach:measurement","title","measurement of populism"
"W4401436582","approach:measurement","abstract","measurement of populism"
"W4401541506","topic:democracy-institutions","title","authoritarian"
"W4401816962","topic:democracy-institutions","title","democratic backsliding"
"W4401816962","topic:democracy-institutions","abstract","democratic backsliding"
"W4401816962","topic:democracy-institutions","abstract","democratic decline"
"W4401816962","country:serbia","abstract","serbia"
"W4401816962","region:europe","rule","from the country named"
"W4401965285","topic:democracy-institutions","title","authoritarian"
"W4401965285","topic:democracy-institutions","abstract","illiberal"
"W4401965285","topic:democracy-institutions","abstract","authoritarian"
"W4401965285","method:qualitative","abstract","semi structured"
"W4401965285","method:qualitative","abstract","interviews"
"W4401965285","country:russia","title","russia"
"W4401965285","country:russia","abstract","russia"
"W4401965285","region:europe","rule","from the country named"
"W4401979528","topic:parties","title","parties"
"W4401979528","topic:parties","abstract","party"
"W4401979528","topic:parties","abstract","parties"
"W4401979528","topic:parties","abstract","populist leaders"
"W4401979528","topic:media-communication","title","rhetoric"
"W4401979528","topic:media-communication","abstract","rhetoric"
"W4401979528","topic:media-communication","abstract","media"
"W4401979528","topic:religion","title","religious"
"W4401979528","topic:religion","abstract","religious"
"W4401979528","topic:religion","abstract","christianity"
"W4401979528","topic:religion","abstract","catholic"
"W4401979528","topic:religion","abstract","church"
"W4401979528","topic:religion","abstract","christian"
"W4401979528","topic:religion","abstract","religiously"
"W4401979528","region:europe","abstract","eastern europe"
"W4401979528","region:europe","abstract","eu"
"W4401979528","country:hungary","abstract","hungary"
"W4401979528","country:hungary","abstract","fidesz"
"W4401979528","country:poland","abstract","poland"
"W4401979528","country:poland","abstract","law and justice"
"W4401979528","country:poland","abstract","pis"
"W4402082343","topic:parties","title","right wing populism"
"W4402191883","topic:media-communication","title","disinformation"
"W4402191883","topic:media-communication","abstract","disinformation"
"W4402191883","topic:media-communication","abstract","media"
"W4402191883","region:europe","title","european"
"W4402410969","topic:media-communication","title","media"
"W4402410969","topic:media-communication","abstract","media"
"W4402410969","topic:media-communication","abstract","facebook"
"W4402410969","country:united-states","abstract","u s"
"W4402410969","region:north-america","rule","from the country named"
"W4402464385","topic:parties","abstract","populist leader"
"W4402464385","topic:parties","abstract","party"
"W4402464385","topic:economy-welfare","title","welfare"
"W4402464385","topic:economy-welfare","abstract","welfare"
"W4402464385","topic:economy-welfare","abstract","neoliberal"
"W4402464385","topic:media-communication","title","communication"
"W4402464385","topic:media-communication","abstract","media"
"W4402464385","country:turkey","title","turkey"
"W4402464385","country:turkey","title","akp"
"W4402464385","country:turkey","abstract","turkey"
"W4402464385","country:turkey","abstract","erdogan"
"W4402464385","country:turkey","abstract","akp"
"W4402464385","region:europe","rule","from the country named"
"W4402598936","topic:media-communication","title","media"
"W4402634125","approach:discursive","abstract","empty signifier"
"W4402634125","topic:international","abstract","european integration"
"W4402634125","topic:economy-welfare","abstract","eurozone crisis"
"W4402634125","topic:economy-welfare","abstract","austerity"
"W4402634125","region:europe","title","europe"
"W4402634125","region:europe","abstract","european"
"W4402634125","country:italy","title","italian (+ political word)"
"W4402634125","country:italy","abstract","berlusconi"
"W4402634125","country:italy","abstract","m5s"
"W4402634125","country:italy","abstract","italian (+ political word)"
"W4402742004","topic:government","title","populist government"
"W4402742004","country:hungary","title","hungary"
"W4402742004","country:hungary","abstract","fidesz"
"W4402742004","country:hungary","abstract","hungarian (+ political word)"
"W4402742004","country:ukraine","title","ukraine"
"W4402742004","region:europe","rule","from the country named"
"W4402780862","country:united-states","title","united states"
"W4402780862","country:united-states","abstract","united states"
"W4402780862","country:united-states","abstract","trump"
"W4402780862","country:philippines","title","philippines"
"W4402780862","region:north-america","rule","from the country named"
"W4402780862","region:asia-pacific","rule","from the country named"
"W4403021267","approach:discursive","abstract","laclau"
"W4403176396","approach:performative","abstract","bad manners"
"W4403176396","topic:voters","title","voters"
"W4403176396","topic:voters","abstract","populist attitudes"
"W4403176396","topic:voters","abstract","citizens"
"W4403176396","topic:voters","abstract","attitudes"
"W4403176396","method:survey","abstract","original surveys"
"W4403207446","topic:media-communication","title","communication"
"W4403207446","topic:media-communication","abstract","communication"
"W4403403990","topic:parties","title","radical right"
"W4403403990","topic:parties","abstract","radical right"
"W4403403990","topic:parties","abstract","populist leaders"
"W4403403990","topic:media-communication","title","twitter"
"W4403403990","topic:media-communication","abstract","media"
"W4403403990","topic:media-communication","abstract","communication"
"W4403403990","topic:media-communication","abstract","disinformation"
"W4403403990","topic:media-communication","abstract","tweets"
"W4403403990","country:portugal","title","portugal"
"W4403403990","country:spain","title","spain"
"W4403403990","country:brazil","title","brazil"
"W4403403990","region:europe","rule","from the country named"
"W4403403990","region:latin-america","rule","from the country named"
"W4403456194","topic:economy-welfare","title","neoliberalism"
"W4403456194","topic:economy-welfare","abstract","neoliberal"
"W4403456194","topic:economy-welfare","abstract","neoliberalism"
"W4403456194","topic:media-communication","abstract","rhetoric"
"W4403456194","topic:media-communication","abstract","media"
"W4403456194","country:uganda","title","uganda"
"W4403456194","country:uganda","title","museveni"
"W4403456194","country:uganda","abstract","uganda"
"W4403456194","country:uganda","abstract","museveni"
"W4403456194","region:sub-saharan-africa","rule","from the country named"
"W4403597855","country:france","abstract","france"
"W4403597855","country:france","abstract","french (+ political word)"
"W4403597855","region:europe","rule","from the country named"
"W4403633178","topic:parties","title","parties"
"W4403633178","region:europe","title","western europe"
"W4403825931","topic:media-communication","title","tweeter"
"W4403825931","topic:media-communication","abstract","media"
"W4403825931","topic:media-communication","abstract","twitter"
"W4403825931","country:united-states","title","trump"
"W4403825931","country:united-states","abstract","u s"
"W4403825931","country:united-states","abstract","trump"
"W4403825931","region:north-america","rule","from the country named"
"W4403850776","topic:parties","abstract","party"
"W4403850776","topic:parties","abstract","populist actors"
"W4403850776","topic:parties","abstract","parties"
"W4403850776","topic:voters","title","citizens"
"W4403850776","topic:voters","abstract","citizens"
"W4403850776","topic:voters","abstract","supporters"
"W4403850776","topic:democracy-institutions","abstract","referenda"
"W4403850776","topic:democracy-institutions","abstract","referendums"
"W4404082247","method:qualitative","abstract","ethnographic"
"W4404082247","method:qualitative","abstract","fieldwork"
"W4404082247","method:qualitative","abstract","interviews"
"W4404082247","country:hungary","abstract","hungary"
"W4404082247","region:europe","rule","from the country named"
"W4404234836","topic:economy-welfare","title","economic"
"W4404234836","topic:economy-welfare","abstract","economic"
"W4404234836","topic:economy-welfare","abstract","neoliberal"
"W4404234836","topic:economy-welfare","abstract","globalization"
"W4404234836","topic:economy-welfare","abstract","inequality"
"W4404246719","topic:parties","title","radical right"
"W4404246719","topic:parties","abstract","party"
"W4404246719","topic:parties","abstract","radical right"
"W4404246719","topic:voters","title","populist attitudes"
"W4404246719","topic:voters","abstract","demand side"
"W4404246719","topic:voters","abstract","voters"
"W4404246719","topic:voters","abstract","populist attitudes"
"W4404246719","method:quantitative","abstract","regression"
"W4404246719","country:india","title","indian (+ political word)"
"W4404246719","country:india","abstract","bharatiya janata"
"W4404246719","country:india","abstract","bjp"
"W4404246719","country:india","abstract","modi"
"W4404246719","country:india","abstract","indian (+ political word)"
"W4404246719","region:asia-pacific","rule","from the country named"
"W4404286055","approach:discursive","abstract","discourse theory"
"W4404286055","topic:parties","abstract","radical right"
"W4404286055","topic:parties","abstract","radical left"
"W4404316174","topic:media-communication","title","media"
"W4404316174","topic:media-communication","abstract","television"
"W4404316174","topic:media-communication","abstract","framing"
"W4404316174","topic:media-communication","abstract","rhetoric"
"W4404316174","country:ukraine","title","ukrainian (+ political word)"
"W4404316174","country:ukraine","abstract","ukraine"
"W4404316174","country:ukraine","abstract","zelensky"
"W4404316174","region:europe","rule","from the country named"
"W4404408811","topic:defence-security","title","war"
"W4404408811","topic:defence-security","abstract","war"
"W4404408811","topic:media-communication","title","media"
"W4404408811","topic:media-communication","abstract","media"
"W4404408811","method:qta","abstract","natural language processing"
"W4404408811","country:russia","title","russia"
"W4404408811","country:russia","abstract","russia"
"W4404408811","country:ukraine","title","ukraine"
"W4404408811","country:ukraine","abstract","ukraine"
"W4404408811","region:europe","rule","from the country named"
"W4404581160","country:united-kingdom","abstract","wales"
"W4404581160","country:united-kingdom","abstract","britain"
"W4404581160","country:united-states","abstract","us"
"W4404581160","country:united-states","abstract","trump"
"W4404581160","region:europe","rule","from the country named"
"W4404581160","region:north-america","rule","from the country named"
"W4404586025","topic:media-communication","title","twitter"
"W4404586025","topic:media-communication","abstract","media"
"W4404586025","topic:media-communication","abstract","twitter"
"W4404586025","topic:media-communication","abstract","tweets"
"W4404586849","topic:parties","title","right wing populism"
"W4404586849","topic:democracy-institutions","abstract","authoritarian"
"W4404691597","approach:economic","title","economic populism"
"W4404691597","approach:economic","abstract","economic populism"
"W4404691597","topic:economy-welfare","title","economic"
"W4404691597","topic:economy-welfare","abstract","economic"
"W4404691597","topic:economy-welfare","abstract","economics"
"W4404691597","topic:economy-welfare","abstract","economy"
"W4404691597","country:united-kingdom","abstract","united kingdom"
"W4404691597","country:united-kingdom","abstract","brexit"
"W4404691597","region:europe","rule","from the country named"
"W4404728348","topic:foreign-policy","title","foreign policy"
"W4404728348","topic:foreign-policy","abstract","foreign policy"
"W4404728348","topic:international","title","eu"
"W4404728348","topic:international","title","united nations"
"W4404728348","topic:international","abstract","eu"
"W4404728348","topic:international","abstract","united nations"
"W4404728348","topic:parties","abstract","parties"
"W4404728348","topic:parties","abstract","radical right"
"W4404728348","topic:parties","abstract","party"
"W4404728348","topic:government","title","populist government"
"W4404728348","region:europe","title","eu"
"W4404728348","region:europe","abstract","eu"
"W4404728348","country:hungary","title","hungary"
"W4404728348","country:hungary","abstract","hungary"
"W4404728348","country:hungary","abstract","fidesz"
"W4405177715","topic:parties","abstract","left wing populism"
"W4405177715","topic:parties","abstract","right wing populism"
"W4405177715","topic:voters","abstract","attitudes"
"W4405177715","topic:economy-welfare","title","unemployment"
"W4405177715","topic:economy-welfare","abstract","unemployment"
"W4405177715","topic:economy-welfare","abstract","economic"
"W4405177715","topic:migration","title","immigration"
"W4405177715","topic:migration","abstract","immigrant"
"W4405177715","topic:migration","abstract","immigration"
"W4405177715","topic:migration","abstract","anti immigration"
"W4405241914","topic:parties","title","right wing populisms"
"W4405241914","topic:spatial","title","rural"
"W4405241914","topic:economy-welfare","abstract","economic"
"W4405241914","topic:economy-welfare","abstract","neoliberalism"
"W4405241914","topic:democracy-institutions","abstract","authoritarian"
"W4405241914","topic:democracy-institutions","abstract","authoritarianism"
"W4405241914","region:latin-america","title","latin america"
"W4405494640","topic:parties","title","populist leaders"
"W4405494640","topic:economy-welfare","title","economic"
"W4405494640","region:europe","title","eastern european"
"W4405531735","todo:check-outlet","journal","FOREIGN AFFAIRS"
"W4405531735","topic:international","title","eu"
"W4405531735","topic:parties","title","left wing populism"
"W4405531735","region:europe","title","eu"
"W4405778860","topic:parties","title","parties"
"W4405778860","topic:parties","abstract","parties"
"W4405778860","topic:parties","abstract","party"
"W4405778860","topic:voters","title","support for populist"
"W4405778860","topic:voters","abstract","support for populist"
"W4405778860","topic:voters","abstract","voting behaviour"
"W4405778860","method:quantitative","abstract","structural equation"
"W4405778860","country:czech-republic","title","czech republic"
"W4405778860","region:europe","rule","from the country named"
"W4405871334","method:mixed","title","mixed methods"
"W4405911681","topic:parties","title","radical left"
"W4405911681","topic:parties","title","parties"
"W4405911681","topic:parties","abstract","radical left"
"W4405911681","topic:parties","abstract","parties"
"W4405911681","topic:parties","abstract","party"
"W4405911681","topic:parties","abstract","party leaders"
"W4405911681","topic:voters","abstract","voters"
"W4405911681","topic:voters","abstract","electorate"
"W4405911681","method:qualitative","abstract","interviews"
"W4405911681","country:france","abstract","france"
"W4405911681","country:france","abstract","la france insoumise"
"W4405911681","region:europe","rule","from the country named"
"W4405971324","topic:parties","title","populist movements"
"W4405971324","topic:parties","abstract","populist movements"
"W4405971324","topic:parties","abstract","populist movement"
"W4405971324","topic:religion","title","religious"
"W4405971324","topic:religion","abstract","religious"
"W4405971324","topic:religion","abstract","islamic"
"W4405971324","topic:democracy-institutions","title","constitutional"
"W4405971324","topic:democracy-institutions","title","court"
"W4405971324","topic:democracy-institutions","abstract","rule of law"
"W4405971324","topic:democracy-institutions","abstract","judiciary"
"W4405971324","topic:democracy-institutions","abstract","court"
"W4405971324","topic:democracy-institutions","abstract","constitutional"
"W4405971324","method:qualitative","abstract","interviews"
"W4405971324","country:indonesia","title","indonesia"
"W4405971324","country:indonesia","abstract","indonesia"
"W4405971324","region:asia-pacific","rule","from the country named"
"W4406608303","topic:parties","title","right wing populism"
"W4406608303","topic:parties","abstract","right wing populism"
"W4406779240","topic:government","abstract","presidency"
"W4406779240","topic:media-communication","title","media"
"W4406779240","topic:media-communication","abstract","media"
"W4406779240","topic:media-communication","abstract","communication"
"W4406779240","topic:media-communication","abstract","rhetoric"
"W4406779240","method:qualitative","abstract","qualitative"
"W4406779240","country:brazil","title","bolsonaro"
"W4406779240","country:brazil","abstract","bolsonaro"
"W4406779240","country:brazil","abstract","brazilian (+ political word)"
"W4406779240","region:latin-america","rule","from the country named"
"W4407139351","topic:parties","title","radical right"
"W4407139351","topic:parties","abstract","radical right"
"W4407139351","topic:parties","abstract","parties"
"W4407139351","topic:parties","abstract","party"
"W4407139351","topic:voters","title","demand side"
"W4407139351","topic:voters","abstract","demand side"
"W4407139351","topic:voters","abstract","citizens"
"W4407139351","topic:voters","abstract","supporters"
"W4407139351","topic:media-communication","title","media"
"W4407139351","topic:media-communication","abstract","journalists"
"W4407139351","topic:media-communication","abstract","media"
"W4407139351","topic:media-communication","abstract","communication"
"W4407139351","topic:media-communication","abstract","twitter"
"W4407139351","country:germany","title","germany"
"W4407139351","country:germany","abstract","germany"
"W4407139351","country:germany","abstract","alternative for germany"
"W4407139351","country:germany","abstract","afd"
"W4407139351","country:germany","abstract","german (+ political word)"
"W4407139351","region:europe","rule","from the country named"
"W4407426169","topic:media-communication","abstract","media"
"W4407608627","topic:government","abstract","presidency"
"W4407608627","topic:government","abstract","incumbent"
"W4407608627","topic:government","abstract","administration"
"W4407608627","topic:media-communication","abstract","rhetoric"
"W4407608627","method:qualitative","abstract","fieldwork"
"W4407608627","country:china","title","china"
"W4407608627","country:kenya","title","kenya"
"W4407608627","region:asia-pacific","rule","from the country named"
"W4407608627","region:sub-saharan-africa","rule","from the country named"
"W4407646018","topic:voters","abstract","populist attitudes"
"W4407646018","topic:voters","abstract","attitudes"
"W4407646018","topic:voters","abstract","citizens"
"W4407646018","topic:voters","abstract","respondents"
"W4407646018","method:experiment","abstract","survey experiment"
"W4407678242","country:brazil","title","brazil"
"W4407678242","region:latin-america","rule","from the country named"
"W4408333486","topic:parties","title","radical right"
"W4408333486","topic:parties","title","parties"
"W4408333486","topic:parties","abstract","manifestos"
"W4408333486","topic:parties","abstract","radical right"
"W4408333486","topic:parties","abstract","parties"
"W4408333486","topic:parties","abstract","party"
"W4408333486","topic:voters","title","supporters"
"W4408333486","topic:voters","abstract","supporters"
"W4408333486","country:norway","title","norway"
"W4408333486","country:sweden","title","sweden"
"W4408333486","country:sweden","abstract","sweden"
"W4408333486","country:sweden","abstract","sweden democrats"
"W4408333486","region:europe","rule","from the country named"
"W4408334933","topic:media-communication","abstract","media"
"W4408334933","topic:media-communication","abstract","twitter"
"W4408334933","topic:media-communication","abstract","tweets"
"W4408334933","country:chile","title","chile"
"W4408334933","region:latin-america","rule","from the country named"
"W4413252582","topic:media-communication","abstract","rhetoric"
"W4413252582","topic:media-communication","abstract","framing"
"W4413252582","method:qualitative","abstract","ethnographic"
"W4413252582","country:philippines","title","philippines"
"W4413252582","country:philippines","title","duterte"
"W4413252582","country:philippines","abstract","philippines"
"W4413252582","country:philippines","abstract","duterte"
"W4413252582","region:asia-pacific","rule","from the country named"
"W4390942941","country:switzerland","title","switzerland"
"W4390942941","region:europe","rule","from the country named"
"W4390952685","topic:religion","title","religion"
"W4390952685","topic:religion","title","christian"
"W4391187505","region:europe","title","eastern europe"
"W4391282356","topic:religion","title","religion"
"W4391322787","topic:parties","title","radical right"
"W4391322787","country:italy","title","italian (+ political word)"
"W4391322787","region:europe","rule","from the country named"
"W4391419867","approach:performative","title","performativity"
"W4391419867","topic:government","title","populism in power"
"W4391419867","country:greece","title","syriza"
"W4391419867","country:united-states","title","trump"
"W4391419867","region:europe","rule","from the country named"
"W4391419867","region:north-america","rule","from the country named"
"W4391444803","topic:government","abstract","presidency"
"W4391444803","topic:gender","title","masculinities"
"W4391444803","topic:gender","abstract","masculinities"
"W4391444803","topic:gender","abstract","masculinity"
"W4391444803","topic:gender","abstract","gender"
"W4391444803","topic:gender","abstract","masculine"
"W4391444803","country:ukraine","abstract","zelenskyy"
"W4391444803","country:ukraine","abstract","ukrainian (+ political word)"
"W4391444803","region:europe","rule","from the country named"
"W4391460897","topic:parties","title","party"
"W4391460897","country:zambia","title","zambia"
"W4391460897","country:zambia","title","sata"
"W4391460897","region:sub-saharan-africa","rule","from the country named"
"W4391752548","topic:religion","title","religion"
"W4391754935","topic:gender","title","anti gender"
"W4391785687","topic:parties","title","populist leaders"
"W4391785687","topic:economy-welfare","title","economic"
"W4391785687","region:europe","title","eastern european"
"W4391997210","topic:foreign-policy","title","foreign policy"
"W4391997210","topic:international","title","transnational"
"W4392003436","topic:parties","title","right wing populist"
"W4392003436","topic:parties","title","parties"
"W4392003436","topic:parties","abstract","far right"
"W4392003436","topic:parties","abstract","parties"
"W4392003436","method:quantitative","abstract","expert survey"
"W4392003436","method:survey","abstract","european social survey"
"W4392003436","region:europe","title","europe"
"W4392144111","topic:parties","title","populist leadership"
"W4392144111","topic:media-communication","title","rhetoric"
"W4392144111","topic:media-communication","title","journalists"
"W4392144111","topic:media-communication","title","communication"
"W4392384968","topic:gender","title","anti gender"
"W4392740578","topic:parties","title","radical right"
"W4392740578","topic:parties","abstract","populist movements"
"W4392740578","topic:parties","abstract","radical right"
"W4392740578","topic:parties","abstract","parties"
"W4392761926","topic:economy-welfare","abstract","economic"
"W4392761926","country:united-kingdom","title","britain"
"W4392761926","country:united-kingdom","abstract","britain"
"W4392761926","country:united-kingdom","abstract","uk"
"W4392761926","region:europe","rule","from the country named"
"W4392787105","approach:performative","title","populist performance"
"W4392787105","region:sub-saharan-africa","title","african"
"W4392901948","topic:parties","title","populist movement"
"W4392901948","topic:parties","title","party"
"W4392984991","topic:media-communication","abstract","media"
"W4392984991","topic:religion","abstract","islamist"
"W4392984991","topic:religion","abstract","islam"
"W4392984991","topic:religion","abstract","islamic"
"W4392984991","country:turkey","title","turkey"
"W4392984991","country:turkey","abstract","turkey"
"W4392984991","country:turkey","abstract","justice and development party"
"W4392984991","country:turkey","abstract","akp"
"W4392984991","region:europe","rule","from the country named"
"W4393035923","topic:migration","title","nativism"
"W4393035923","region:europe","title","europe"
"W4393035923","country:united-states","title","united states"
"W4393035923","region:north-america","rule","from the country named"
"W4393086159","topic:democracy-institutions","title","authoritarianism"
"W4393086159","country:turkey","title","turkey"
"W4393086159","country:turkey","title","akp"
"W4393086159","country:singapore","title","singapore"
"W4393086159","region:europe","rule","from the country named"
"W4393086159","region:asia-pacific","rule","from the country named"
"W4393092146","country:turkey","title","turkish (+ political word)"
"W4393092146","region:europe","rule","from the country named"
"W4393113663","topic:economy-welfare","title","economy"
"W4393115989","topic:gender","title","masculinity"
"W4393321330","topic:religion","title","hindu"
"W4393404769","topic:defence-security","title","war"
"W4393404769","country:ukraine","title","ukraine"
"W4393404769","region:europe","rule","from the country named"
"W4393898883","country:united-states","title","usa"
"W4393898883","region:north-america","rule","from the country named"
"W4393990444","topic:international","abstract","european parliament"
"W4393990444","topic:international","abstract","eu"
"W4393990444","topic:parties","abstract","far right"
"W4393990444","topic:parties","abstract","parties"
"W4393990444","region:europe","title","european"
"W4393990444","region:europe","abstract","europe"
"W4393990444","region:europe","abstract","european"
"W4393990444","region:europe","abstract","eu"
"W4394577524","topic:international","abstract","european integration"
"W4394577524","topic:media-communication","abstract","media"
"W4394577524","topic:migration","abstract","migration"
"W4394577524","region:europe","abstract","europe"
"W4394577524","region:europe","abstract","european"
"W4394577524","country:bulgaria","abstract","bulgaria"
"W4394577524","country:bulgaria","abstract","bulgarian (+ political word)"
"W4394612149","topic:media-communication","title","journalists"
"W4394612149","topic:media-communication","title","media"
"W4394612149","country:kosovo","title","kosovo"
"W4394612149","region:europe","rule","from the country named"
"W4395069799","topic:international","title","eu"
"W4395069799","region:europe","title","central europe"
"W4395069799","region:europe","title","europe"
"W4395069799","region:europe","title","eu"
"W4395695026","topic:parties","title","radical right"
"W4395695026","topic:parties","title","parties"
"W4396581715","topic:government","title","in government"
"W4396581715","topic:government","abstract","in government"
"W4396581715","method:quantitative","abstract","logit"
"W4396581715","method:qta","abstract","text mining"
"W4396581834","topic:international","title","european union"
"W4396581834","topic:international","abstract","eu"
"W4396581834","topic:economy-welfare","title","fiscal"
"W4396581834","topic:economy-welfare","title","austerity"
"W4396581834","topic:economy-welfare","abstract","austerity"
"W4396581834","method:quantitative","abstract","statistical analysis"
"W4396581834","region:europe","title","european"
"W4396581834","region:europe","abstract","european"
"W4396581834","region:europe","abstract","eu"
"W4396860290","topic:economy-welfare","abstract","neoliberalism"
"W4396860290","method:qualitative","abstract","discourse analysis"
"W4397007112","topic:parties","title","parties"
"W4397007112","topic:voters","title","supporters"
"W4397007112","topic:media-communication","title","media"
"W4397007112","region:europe","title","european"
"W4398144718","topic:parties","abstract","parties"
"W4398144718","topic:parties","abstract","candidates"
"W4398144718","topic:voters","title","electoral support"
"W4398183683","approach:performative","abstract","political style"
"W4398183683","country:iraq","title","iraq"
"W4398183683","region:mena","rule","from the country named"
"W4398252457","approach:other","abstract","different approaches"
"W4398252457","topic:media-communication","abstract","rhetoric"
"W4398252457","topic:media-communication","abstract","communication"
"W4398786858","approach:discursive","abstract","laclau"
"W4398786858","topic:parties","abstract","social movements"
"W4398786858","topic:parties","abstract","right wing populist"
"W4398786858","topic:religion","abstract","secular"
"W4398786858","topic:religion","abstract","islam"
"W4398786858","topic:religion","abstract","islamic"
"W4398786858","country:iran","title","iran"
"W4398786858","country:iran","abstract","iran"
"W4398786858","region:mena","rule","from the country named"
"W4399029932","topic:religion","title","muslim"
"W4399298022","topic:parties","title","radical right"
"W4399298022","topic:gender","title","women"
"W4399298022","topic:gender","title","gender"
"W4399342582","country:united-states","abstract","u s"
"W4399342582","country:united-states","abstract","trump"
"W4399342582","region:north-america","rule","from the country named"
"W4399492439","approach:discursive","abstract","laclau"
"W4399492439","topic:parties","title","far right"
"W4399492439","topic:parties","abstract","far right"
"W4399492439","topic:parties","abstract","party"
"W4399492439","topic:religion","title","islamist"
"W4399492439","topic:religion","abstract","islamist"
"W4399492439","topic:religion","abstract","islamic"
"W4399492439","topic:religion","abstract","muslim"
"W4399492439","country:netherlands","abstract","netherlands"
"W4399492439","country:netherlands","abstract","wilders"
"W4399492439","region:europe","rule","from the country named"
"W4399547398","country:united-states","title","american (+ political word)"
"W4399547398","region:north-america","rule","from the country named"
"W4399637264","topic:foreign-policy","title","foreign policy"
"W4399637264","topic:foreign-policy","abstract","foreign policy"
"W4399637264","country:italy","title","italy"
"W4399637264","country:italy","abstract","italy"
"W4399637264","country:italy","abstract","italian (+ political word)"
"W4399637264","region:europe","rule","from the country named"
"W4399791095","topic:parties","title","radical right"
"W4399791095","topic:parties","title","parties"
"W4400286760","topic:economy-welfare","abstract","globalization"
"W4400286760","topic:economy-welfare","abstract","economy"
"W4400286760","topic:media-communication","abstract","media"
"W4400286760","method:qualitative","abstract","in depth case studies"
"W4400286760","country:united-states","title","us"
"W4400286760","country:united-states","title","trump"
"W4400286760","country:united-states","abstract","united states"
"W4400286760","country:united-states","abstract","us"
"W4400286760","country:united-states","abstract","trump"
"W4400286760","region:north-america","rule","from the country named"
"W4400733662","approach:discursive","abstract","discursive approach"
"W4400733662","topic:parties","abstract","parties"
"W4400733662","topic:parties","abstract","party"
"W4400733662","country:france","abstract","france"
"W4400733662","country:france","abstract","le pen"
"W4400733662","country:france","abstract","national rally"
"W4400733662","country:spain","abstract","spain"
"W4400733662","country:spain","abstract","podemos"
"W4400733662","country:spain","abstract","pablo iglesias"
"W4400733662","country:united-states","abstract","us"
"W4400733662","country:united-states","abstract","trump"
"W4400733662","country:venezuela","abstract","venezuela"
"W4400733662","country:venezuela","abstract","chavez"
"W4400733662","country:venezuela","abstract","maduro"
"W4400733662","region:global","rule","three or more regions named: europe, north-america, latin-america"
"W4400865435","topic:parties","abstract","party"
"W4400865435","topic:parties","abstract","parties"
"W4400865435","topic:parties","abstract","party system"
"W4400865435","topic:democracy-institutions","title","illiberal"
"W4400865435","topic:democracy-institutions","abstract","authoritarian"
"W4400865435","topic:democracy-institutions","abstract","liberal democracy"
"W4400865435","topic:democracy-institutions","abstract","illiberal"
"W4400865435","method:qualitative","abstract","process tracing"
"W4400865435","country:turkey","title","turkey"
"W4400865435","country:turkey","abstract","turkey"
"W4400865435","country:turkey","abstract","erdogan"
"W4400865435","region:europe","rule","from the country named"
"W4401133789","country:united-states","title","us"
"W4401133789","region:north-america","rule","from the country named"
"W4401177342","approach:performative","title","performativity"
"W4401177342","topic:government","title","populism in power"
"W4401177342","country:greece","title","syriza"
"W4401177342","country:united-states","title","trump"
"W4401177342","region:europe","rule","from the country named"
"W4401177342","region:north-america","rule","from the country named"
"W4401227677","topic:parties","abstract","candidates"
"W4401227677","topic:parties","abstract","parties"
"W4401227677","topic:parties","abstract","candidate"
"W4401227677","topic:parties","abstract","party"
"W4401227677","topic:media-communication","title","communication"
"W4401227677","topic:media-communication","abstract","communications"
"W4401227677","topic:media-communication","abstract","communication"
"W4401227677","topic:media-communication","abstract","facebook"
"W4401227677","topic:religion","abstract","secular"
"W4401227677","topic:religion","abstract","islamic"
"W4401227677","country:indonesia","title","indonesia"
"W4401227677","country:indonesia","abstract","indonesia"
"W4401227677","country:indonesia","abstract","indonesian (+ political word)"
"W4401227677","region:asia-pacific","rule","from the country named"
"W4401394502","region:europe","title","eastern europe"
"W4401407011","topic:voters","title","citizens"
"W4401407011","region:europe","title","europe"
"W4401443270","country:turkey","title","turkish (+ political word)"
"W4401443270","country:united-kingdom","title","united kingdom"
"W4401443270","region:europe","rule","from the country named"
"W4401445252","topic:voters","title","citizens"
"W4401445252","region:europe","title","europe"
"W4401464529","topic:parties","title","populist right"
"W4401895321","topic:religion","title","religion"
"W4401895321","topic:religion","title","christian"
"W4402141030","topic:parties","abstract","party"
"W4402141030","topic:parties","abstract","left wing populist"
"W4402141030","topic:parties","abstract","parties"
"W4402141030","topic:voters","abstract","supporters"
"W4402141030","topic:voters","abstract","voters"
"W4402141030","topic:economy-welfare","abstract","redistribution"
"W4402141030","topic:economy-welfare","abstract","economic"
"W4402141030","topic:democracy-institutions","title","liberal democracy"
"W4402141030","topic:democracy-institutions","abstract","illiberal"
"W4402141030","topic:democracy-institutions","abstract","liberal democracy"
"W4402141030","method:qualitative","abstract","ethnographic"
"W4402141030","method:qualitative","abstract","fieldwork"
"W4402141030","country:brazil","title","brazil"
"W4402141030","country:brazil","title","lula"
"W4402141030","country:brazil","abstract","brazil"
"W4402141030","region:latin-america","rule","from the country named"
"W4402374755","topic:parties","title","right wing populist"
"W4402374755","topic:parties","title","parties"
"W4402374755","topic:parties","abstract","right wing populist"
"W4402374755","topic:parties","abstract","parties"
"W4402374755","topic:parties","abstract","party"
"W4402374755","topic:voters","abstract","electoral support"
"W4402374755","topic:voters","abstract","voters"
"W4402374755","topic:economy-welfare","title","economic"
"W4402374755","topic:economy-welfare","abstract","economic"
"W4402374755","topic:economy-welfare","abstract","financial crisis"
"W4402374755","topic:economy-welfare","abstract","protectionist"
"W4402374755","topic:economy-welfare","abstract","trade policies"
"W4402374755","topic:economy-welfare","abstract","globalization"
"W4402374755","method:qualitative","abstract","qualitative"
"W4402374755","method:quantitative","abstract","time series"
"W4402374755","method:experiment","abstract","survey experiments"
"W4402374755","country:india","abstract","india"
"W4402374755","country:india","abstract","bharatiya janata"
"W4402374755","country:india","abstract","bjp"
"W4402374755","region:asia-pacific","rule","from the country named"
"W4402615368","topic:voters","title","voters"
"W4402615368","topic:voters","abstract","populist attitudes"
"W4402615368","topic:voters","abstract","supporters"
"W4402615368","topic:voters","abstract","voters"
"W4402615368","topic:media-communication","abstract","framing"
"W4402615368","topic:media-communication","abstract","media"
"W4402615368","country:poland","title","poland"
"W4402615368","country:poland","abstract","poland"
"W4402615368","country:poland","abstract","law and justice"
"W4402615368","region:europe","rule","from the country named"
"W4402650970","region:europe","title","europe"
"W4402650970","country:netherlands","title","netherlands"
"W4402672508","topic:parties","abstract","party"
"W4402672508","country:ireland","title","irish (+ political word)"
"W4402672508","country:ireland","abstract","ireland"
"W4402672508","country:ireland","abstract","sinn fein"
"W4402672508","country:ireland","abstract","irish (+ political word)"
"W4402672508","region:europe","rule","from the country named"
"W4402728854","topic:parties","title","radical right"
"W4402728854","country:italy","title","italian (+ political word)"
"W4402728854","region:europe","rule","from the country named"
"W4402771685","topic:democracy-institutions","title","constitutional"
"W4402771685","topic:democracy-institutions","abstract","constitution"
"W4402771685","topic:democracy-institutions","abstract","constitutionalism"
"W4402771685","topic:democracy-institutions","abstract","constitutional"
"W4402809153","todo:check-record","rule","the registry writes the names in capitals (Fyodor GAYDA): to be corrected in Zotero by hand"
"W4403074166","country:india","title","indian (+ political word)"
"W4403074166","region:asia-pacific","rule","from the country named"
"W4403101720","topic:economy-welfare","abstract","economic"
"W4403101720","topic:economy-welfare","abstract","globalization"
"W4403201713","topic:democracy-institutions","abstract","authoritarian"
"W4403201713","topic:democracy-institutions","abstract","constitution"
"W4403201713","country:united-states","title","american (+ political word)"
"W4403201713","country:argentina","title","peronism"
"W4403201713","country:argentina","abstract","peronism"
"W4403201713","country:argentina","abstract","peronist"
"W4403201713","region:north-america","rule","from the country named"
"W4403201713","region:latin-america","rule","from the country named"
"W4403246011","topic:parties","title","populist right"
"W4403284176","topic:economy-welfare","title","economic"
"W4403284176","topic:economy-welfare","abstract","neoliberal"
"W4403284176","topic:economy-welfare","abstract","economic"
"W4403284176","country:france","title","france"
"W4403284176","country:france","abstract","france"
"W4403284176","country:france","abstract","macron"
"W4403284176","region:europe","rule","from the country named"
"W4403409784","topic:parties","title","radical right"
"W4403409784","topic:parties","abstract","radical right"
"W4403409784","topic:parties","abstract","parties"
"W4403409784","topic:parties","abstract","party"
"W4403409784","topic:voters","title","supporters"
"W4403409784","topic:voters","abstract","supporters"
"W4403409784","topic:voters","abstract","demand side"
"W4403409784","topic:voters","abstract","voters"
"W4403409784","topic:media-communication","abstract","rhetorical"
"W4403409784","topic:gender","title","gender"
"W4403409784","topic:gender","title","sexuality"
"W4403409784","topic:gender","abstract","gender"
"W4403409784","topic:gender","abstract","sexuality"
"W4403409784","topic:gender","abstract","feminism"
"W4403409784","method:qualitative","abstract","interview"
"W4403409784","country:finland","title","finland"
"W4403409784","country:switzerland","title","switzerland"
"W4403409784","region:europe","rule","from the country named"
"W4403482853","country:united-states","abstract","usa"
"W4403482853","country:united-states","abstract","u s"
"W4403482853","region:north-america","rule","from the country named"
"W4403492790","topic:religion","title","religion"
"W4403734208","topic:parties","abstract","party"
"W4403734208","topic:parties","abstract","populist movements"
"W4403734208","topic:parties","abstract","political leaders"
"W4403734208","method:qualitative","abstract","qualitative"
"W4403734208","country:india","title","india"
"W4403734208","country:india","abstract","india"
"W4403734208","country:india","abstract","bharatiya janata"
"W4403734208","country:india","abstract","bjp"
"W4403734208","country:india","abstract","modi"
"W4403734208","region:asia-pacific","rule","from the country named"
"W4403901177","topic:international","abstract","regional organisation"
"W4403901177","topic:international","abstract","regionalism"
"W4403901177","topic:international","abstract","euroscepticism"
"W4403901177","topic:international","abstract","liberal order"
"W4403901177","topic:international","abstract","eu"
"W4403901177","topic:democracy-institutions","title","illiberal"
"W4403901177","region:europe","title","central europe"
"W4403901177","region:europe","abstract","central european"
"W4403901177","region:europe","abstract","visegrad"
"W4403901177","region:europe","abstract","eu"
"W4403991095","method:qualitative","abstract","critical discourse analysis"
"W4403991095","country:turkey","title","turkish (+ political word)"
"W4403991095","country:turkey","abstract","turkiye"
"W4403991095","country:turkey","abstract","erdogan"
"W4403991095","country:nigeria","abstract","nigeria"
"W4403991095","region:europe","rule","from the country named"
"W4403991095","region:sub-saharan-africa","rule","from the country named"
"W4404086671","topic:parties","title","populist right"
"W4404093726","topic:parties","title","far right"
"W4404093726","topic:media-communication","abstract","misinformation"
"W4404093726","topic:media-communication","abstract","disinformation"
"W4404093726","topic:religion","title","islamists"
"W4404093726","topic:religion","abstract","muslims"
"W4404093726","topic:religion","abstract","religious"
"W4404093726","topic:religion","abstract","islam"
"W4404093726","topic:religion","abstract","religion"
"W4404093726","topic:religion","abstract","islamic"
"W4404093726","region:europe","title","europe"
"W4404110721","country:united-states","abstract","us"
"W4404110721","region:north-america","rule","from the country named"
"W4404196809","topic:democracy-institutions","title","illiberalism"
"W4404196809","country:south-korea","title","south korea"
"W4404196809","region:asia-pacific","rule","from the country named"
"W4404254087","method:qualitative","abstract","qualitative"
"W4404254087","method:qta","title","semantic text analysis"
"W4404254087","method:qta","abstract","semantic text analysis"
"W4404292246","region:latin-america","title","latin america"
"W4404373683","topic:parties","title","far right"
"W4404373683","topic:parties","abstract","far right"
"W4404373683","topic:parties","abstract","parties"
"W4404619720","topic:parties","title","parties"
"W4404619720","topic:parties","abstract","parties"
"W4404619720","topic:spatial","title","subnational"
"W4404619720","region:europe","title","europe"
"W4404619720","region:europe","abstract","europe"
"W4404619720","region:europe","abstract","european"
"W4404686483","topic:international","title","regional integration"
"W4404686483","topic:international","abstract","regional integration"
"W4404686483","topic:international","abstract","regionalism"
"W4404686483","topic:international","abstract","supranational"
"W4404686483","topic:economy-welfare","abstract","economic"
"W4404686483","topic:economy-welfare","abstract","inequalities"
"W4404686483","region:latin-america","title","latin america"
"W4404686483","region:latin-america","abstract","latin america"
"W4404736207","topic:media-communication","title","journalism"
"W4404736207","topic:democracy-institutions","title","authoritarian"
"W4404745304","topic:economy-welfare","title","economy"
"W4404745304","topic:democracy-institutions","title","authoritarian"
"W4404880602","topic:international","title","regionalism"
"W4404880602","region:latin-america","title","caribbean"
"W4404880602","region:latin-america","abstract","caribbean"
"W4404880602","region:latin-america","abstract","latin america"
"W4404885158","topic:parties","abstract","right wing populism"
"W4404885158","topic:parties","abstract","left wing populism"
"W4404885158","topic:media-communication","abstract","media"
"W4404885158","method:qualitative","abstract","qualitative"
"W4404885158","country:moldova","title","moldova"
"W4404885158","country:romania","title","romania"
"W4404885158","region:europe","rule","from the country named"
"W4404964351","method:mixed","abstract","quantitative and qualitative"
"W4405009385","topic:parties","title","party"
"W4405009385","topic:parties","abstract","parties"
"W4405009385","topic:parties","abstract","party"
"W4405009385","topic:parties","abstract","manifestos"
"W4405009385","topic:parties","abstract","right wing populist"
"W4405009385","topic:parties","abstract","party system"
"W4405009385","topic:parties","abstract","left wing populist"
"W4405089255","topic:parties","abstract","party"
"W4405089255","topic:economy-welfare","title","neoliberal"
"W4405089255","topic:economy-welfare","abstract","economic"
"W4405089255","topic:economy-welfare","abstract","neoliberal"
"W4405089255","topic:gender","abstract","gender"
"W4405089255","topic:gender","abstract","sexuality"
"W4405089255","topic:democracy-institutions","title","constitutionalism"
"W4405089255","topic:democracy-institutions","abstract","constitution"
"W4405089255","topic:democracy-institutions","abstract","constitutionalism"
"W4405089255","topic:democracy-institutions","abstract","constitutional"
"W4405089255","topic:democracy-institutions","abstract","constitutionalist"
"W4405089255","topic:democracy-institutions","abstract","authoritarian"
"W4405089255","country:south-africa","abstract","south africa"
"W4405089255","country:south-africa","abstract","zuma"
"W4405089255","region:sub-saharan-africa","rule","from the country named"
"W4405138627","topic:defence-security","title","military"
"W4405138627","topic:defence-security","abstract","military"
"W4405138627","topic:religion","abstract","islamic"
"W4405138627","topic:religion","abstract","religious"
"W4405138627","method:qualitative","abstract","qualitative"
"W4405138627","method:qualitative","abstract","interviews"
"W4405138627","country:indonesia","abstract","indonesia"
"W4405138627","country:indonesia","abstract","indonesian (+ political word)"
"W4405138627","region:asia-pacific","rule","from the country named"
"W4405242113","topic:parties","abstract","populist leader"
"W4405242113","topic:media-communication","title","rhetoric"
"W4405242113","topic:media-communication","abstract","rhetoric"
"W4405242113","country:venezuela","title","venezuela"
"W4405242113","country:venezuela","abstract","venezuela"
"W4405242113","country:venezuela","abstract","chavez"
"W4405242113","country:venezuela","abstract","venezuelan (+ political word)"
"W4405242113","region:latin-america","rule","from the country named"
"W4405255549","topic:economy-welfare","title","economy"
"W4405255549","topic:democracy-institutions","title","authoritarian"
"W4405255549","country:india","title","india"
"W4405255549","country:india","title","modi"
"W4405255549","region:asia-pacific","rule","from the country named"
"W4405315283","topic:economy-welfare","title","economic"
"W4405315283","topic:economy-welfare","abstract","economic"
"W4405416115","topic:voters","title","populist attitudes"
"W4405416115","topic:voters","abstract","attitudes"
"W4405416115","topic:voters","abstract","populist attitudes"
"W4405416115","method:quantitative","abstract","structural equation"
"W4405416115","country:chile","title","chile"
"W4405416115","country:colombia","title","colombia"
"W4405416115","country:peru","title","peru"
"W4405416115","region:latin-america","rule","from the country named"
"W4405464107","topic:religion","title","christian"
"W4405464107","country:china","title","china"
"W4405464107","region:asia-pacific","rule","from the country named"
"W4405623673","topic:parties","abstract","parties"
"W4405623673","topic:parties","abstract","far right"
"W4405623673","topic:parties","abstract","party"
"W4405623673","topic:parties","abstract","political leadership"
"W4405623673","topic:media-communication","title","rhetoric"
"W4405623673","country:poland","abstract","poland"
"W4405623673","country:poland","abstract","polish (+ political word)"
"W4405623673","region:europe","rule","from the country named"
"W4405713116","topic:media-communication","title","propaganda"
"W4405713116","topic:democracy-institutions","title","authoritarian"
"W4405947738","topic:democracy-institutions","title","illiberal"
"W4405947738","country:russia","title","russia"
"W4405947738","country:united-states","title","united states"
"W4405947738","region:europe","rule","from the country named"
"W4405947738","region:north-america","rule","from the country named"
"W4406145673","topic:media-communication","title","media"
"W4406145673","topic:media-communication","abstract","journalistic"
"W4406145673","topic:media-communication","abstract","media"
"W4406145673","topic:media-communication","abstract","journalists"
"W4406145673","topic:democracy-institutions","abstract","autocratisation"
"W4406145673","topic:democracy-institutions","abstract","democratic backsliding"
"W4406145673","topic:democracy-institutions","abstract","quality of democracy"
"W4406145673","method:qualitative","abstract","interviews"
"W4406145673","country:serbia","abstract","serbia"
"W4406145673","country:serbia","abstract","serbian (+ political word)"
"W4406145673","country:brazil","title","brazilian (+ political word)"
"W4406145673","region:europe","rule","from the country named"
"W4406145673","region:latin-america","rule","from the country named"
"W4406628527","topic:religion","title","religion"
"W4406628527","topic:religion","title","christian"
"W4406882617","approach:performative","abstract","performative"
"W4406882617","topic:parties","title","party"
"W4406882617","topic:parties","abstract","party"
"W4406882617","topic:parties","abstract","right wing populist"
"W4406882617","country:canada","abstract","canada"
"W4406882617","country:canada","abstract","canadian (+ political word)"
"W4406882617","region:north-america","rule","from the country named"
"W4406989663","country:united-kingdom","abstract","brexit"
"W4406989663","country:united-kingdom","abstract","corbyn"
"W4406989663","country:united-states","abstract","trump"
"W4406989663","country:united-states","abstract","bernie sanders"
"W4406989663","region:europe","rule","from the country named"
"W4406989663","region:north-america","rule","from the country named"
"W4407792567","topic:international","abstract","eu"
"W4407792567","topic:parties","title","manifestos"
"W4407792567","topic:parties","title","parties"
"W4407792567","topic:parties","abstract","manifestos"
"W4407792567","topic:parties","abstract","parties"
"W4407792567","topic:economy-welfare","abstract","economic"
"W4407792567","topic:media-communication","title","rhetoric"
"W4407792567","topic:media-communication","abstract","rhetoric"
"W4407792567","method:qta","title","natural language processing"
"W4407792567","method:qta","abstract","natural language processing"
"W4407792567","method:qta","abstract","topic modelling"
"W4407792567","method:qta","abstract","sentiment analysis"
"W4407792567","region:europe","title","eastern europe"
"W4407792567","region:europe","abstract","eastern europe"
"W4407792567","region:europe","abstract","eu"
"W4407879721","topic:government","title","populism in power"
"W4407879721","region:latin-america","title","andes"
"W4408365168","topic:democracy-institutions","title","authoritarian"
"W4408365168","topic:democracy-institutions","abstract","authoritarian"
"W4408403010","topic:religion","title","christian"
"W4408403010","topic:religion","abstract","christian"
"W4408403010","topic:religion","abstract","religious"
"W4408403010","topic:religion","abstract","christianity"
"W4408403010","topic:democracy-institutions","abstract","authoritarianism"
"W4408403010","country:united-states","title","american (+ political word)"
"W4408403010","country:united-states","abstract","united states"
"W4408403010","country:united-states","abstract","us"
"W4408403010","country:united-states","abstract","america first"
"W4408403010","region:north-america","rule","from the country named"
"W4408784368","todo:check-record","rule","DOI accepted by reading, not by the automatic rule"
"W4408784368","topic:parties","title","parties"
"W4408784368","topic:parties","abstract","parties"
"W4408784368","topic:government","abstract","populism in power"
"W4408784368","topic:government","abstract","populists in power"
"W4408784368","country:italy","title","italy"
"W4408784368","region:europe","rule","from the country named"
"W4410838255","approach:other","abstract","different approaches"
"W4410838255","topic:religion","title","islamic"
"W4410838255","topic:religion","abstract","islamic"
"W4410838255","topic:religion","abstract","islamism"
"W4410838255","topic:religion","abstract","islam"
"W4410838255","topic:religion","abstract","islamisme"
"W4410838255","country:indonesia","title","indonesia"
"W4410838255","country:indonesia","abstract","indonesia"
"W4410838255","region:asia-pacific","rule","from the country named"
"W4410965905","topic:parties","title","right wing populism"
"W4410965905","topic:media-communication","title","media"
"W4410965905","country:bulgaria","title","bulgaria"
"W4410965905","region:europe","rule","from the country named"
"W4412165275","topic:religion","title","religious"
"W4412165275","region:latin-america","title","latin america"
"W4413252473","topic:international","abstract","eu"
"W4413252473","topic:parties","title","radical right"
"W4413252473","topic:parties","abstract","radical right"
"W4413252473","topic:parties","abstract","parties"
"W4413252473","topic:parties","abstract","candidate"
"W4413252473","topic:media-communication","title","media"
"W4413252473","topic:media-communication","abstract","media"
"W4413252473","region:europe","abstract","european"
"W4413252473","region:europe","abstract","europe"
"W4413252473","region:europe","abstract","eu"
"W4413252473","country:france","title","french (+ political word)"
"W4413252473","country:france","abstract","rassemblement national"
"W4413252473","country:france","abstract","le pen"
"W4413252473","country:france","abstract","zemmour"
"W4413252473","country:france","abstract","french (+ political word)"
"W4414663376","topic:gender","title","lgbt"
"W4414663376","topic:migration","title","nativist"
"W4414663376","country:georgia","title","georgian dream"
"W4414663376","region:europe","rule","from the country named"
"W7214229665","topic:government","abstract","presidency"
"W7214229665","topic:government","abstract","administration"
"W7214229665","topic:media-communication","title","rhetorical"
"W7214229665","topic:media-communication","title","rhetoric"
"W7214229665","topic:media-communication","abstract","rhetoric"
"W7214229665","topic:media-communication","abstract","rhetorical"
"W7214229665","topic:gender","title","feminist"
"W7214229665","country:philippines","abstract","philippines"
"W7214229665","country:philippines","abstract","duterte"
"W7214229665","region:asia-pacific","rule","from the country named"
"W4382401486","topic:voters","title","citizens"
"W4382401486","region:europe","title","europe"
"W4384525227","topic:voters","title","citizens"
"W4384525227","region:europe","title","europe"
"W4364377956","topic:parties","title","radical right"
"W4364377956","topic:migration","title","refugees"
"W4327693308","topic:democracy-institutions","title","constitutionalism"
"W4327693308","topic:democracy-institutions","title","authoritarian"
"W4327693308","topic:democracy-institutions","abstract","constitutionalism"
"W4327693308","topic:democracy-institutions","abstract","constitutional"
"W4327693308","topic:democracy-institutions","abstract","authoritarian"
"W4327693308","country:hungary","title","hungary"
"W4327693308","country:poland","title","poland"
"W4327693308","country:poland","abstract","poland"
"W4327693308","country:poland","abstract","polish (+ political word)"
"W4327693308","region:europe","rule","from the country named"
"W4376504226","topic:media-communication","title","communication"
"W4376504226","topic:media-communication","abstract","communication"
"W4376504226","topic:media-communication","abstract","media"
"W4376504226","country:united-kingdom","title","boris johnson"
"W4376504226","country:united-kingdom","abstract","boris johnson"
"W4376504226","region:europe","rule","from the country named"
"W4365145628","topic:parties","abstract","parties"
"W4365145628","topic:parties","abstract","populist leadership"
"W4365145628","topic:government","abstract","populist governments"
"W4365145628","topic:government","abstract","populist governance"
"W4365145628","method:quantitative","abstract","econometric"
"W4365145628","method:quantitative","abstract","panel data"
"W4377984110","topic:voters","abstract","populist attitudes"
"W4377984110","topic:voters","abstract","citizens"
"W4386541426","topic:parties","title","parties"
"W4386541426","topic:parties","abstract","parties"
"W4386541426","topic:parties","abstract","radical left"
"W4386541426","topic:parties","abstract","party"
"W4386541426","topic:gender","title","gender"
"W4386541426","topic:gender","abstract","gender"
"W4386541426","method:qualitative","abstract","qualitative"
"W4386541426","region:europe","title","southern europe"
"W4386541426","country:italy","abstract","italy"
"W4386541426","country:italy","abstract","lega"
"W4386541426","country:italy","abstract","fratelli d italia"
"W4386541426","country:italy","abstract","movimento 5 stelle"
"W4386541426","country:spain","abstract","spain"
"W4386541426","country:spain","abstract","podemos"
"W4386541426","country:spain","abstract","spanish (+ political word)"
"W4389057450","country:united-states","title","trump"
"W4389057450","country:united-states","abstract","trump"
"W4389057450","country:united-states","abstract","trumpism"
"W4389057450","country:united-states","abstract","biden"
"W4389057450","country:united-states","abstract","maga"
"W4389057450","region:north-america","rule","from the country named"
"W3196970306","topic:voters","title","populist attitudes"
"W3196970306","region:europe","title","europe"
"W4367557982","topic:voters","abstract","voters"
"W4367557982","topic:voters","abstract","populist attitudes"
"W4367557982","method:survey","abstract","survey data"
"W4367557982","country:hungary","abstract","orban"
"W4367557982","country:hungary","abstract","hungarian (+ political word)"
"W4367557982","region:europe","rule","from the country named"
"W4376116539","approach:performative","abstract","performance of crisis"
"W4376116539","topic:parties","abstract","right wing populists"
"W4376116539","region:europe","title","central europe"
"W4380898962","topic:parties","title","left wing populism"
"W4380898962","topic:parties","abstract","radical left"
"W4380898962","topic:parties","abstract","parties"
"W4380898962","topic:parties","abstract","radical right"
"W4380898962","topic:parties","abstract","party"
"W4380898962","topic:parties","abstract","party competition"
"W4380898962","method:mixed","abstract","mixed methods"
"W4380898962","country:france","title","france"
"W4380898962","country:france","title","la france insoumise"
"W4380898962","country:france","abstract","france"
"W4380898962","country:france","abstract","melenchon"
"W4380898962","region:europe","rule","from the country named"
"W4383228218","topic:voters","abstract","citizens"
"W4383228218","topic:media-communication","title","communication"
"W4383228218","topic:media-communication","abstract","communication"
"W4383228218","topic:media-communication","abstract","media"
"W4384559022","topic:media-communication","title","media"
"W4384559022","topic:media-communication","abstract","media"
"W4384559022","topic:media-communication","abstract","communication"
"W4384559022","topic:media-communication","abstract","social network"
"W4384559022","topic:democracy-institutions","title","authoritarian"
"W4384559022","topic:democracy-institutions","abstract","authoritarian"
"W4384559022","country:austria","title","austria"
"W4384559022","country:hungary","title","hungary"
"W4384559022","country:slovenia","title","slovenia"
"W4384559022","country:turkey","title","turkey"
"W4384559022","region:europe","rule","from the country named"
"W4385705662","topic:parties","abstract","far right"
"W4385705662","topic:parties","abstract","right wing populist"
"W4385705662","method:qta","abstract","topic modelling"
"W4385705662","method:qta","abstract","automated content analysis"
"W4385705662","country:germany","title","germany"
"W4385705662","region:europe","rule","from the country named"
"W4362555856","topic:spatial","abstract","geographical"
"W4362555856","topic:spatial","abstract","left behind places"
"W4362555856","topic:spatial","abstract","spatial"
"W4362555856","topic:spatial","abstract","geography of"
"W4362555856","topic:economy-welfare","abstract","inequality"
"W4362555856","topic:economy-welfare","abstract","economic"
"W4362555856","country:italy","title","italy"
"W4362555856","country:italy","abstract","italy"
"W4362555856","region:europe","rule","from the country named"
"W4367847338","topic:voters","abstract","populist attitudes"
"W4367847338","topic:media-communication","title","communication"
"W4367847338","topic:media-communication","abstract","communication"
"W4367847338","topic:media-communication","abstract","media"
"W4367847338","topic:media-communication","abstract","social networking"
"W4367847338","topic:media-communication","abstract","journalistic"
"W4367847338","method:survey","abstract","nationally representative"
"W4367847338","method:survey","abstract","survey data"
"W4367847338","country:spain","title","vox"
"W4367847338","region:europe","rule","from the country named"
"W4384155626","topic:voters","abstract","citizens"
"W4384155626","topic:government","title","populist governments"
"W4384155626","topic:democracy-institutions","title","judicial"
"W4384155626","topic:democracy-institutions","title","courts"
"W4384155626","topic:democracy-institutions","abstract","courts"
"W4384155626","topic:democracy-institutions","abstract","judicial"
"W4384155626","topic:democracy-institutions","abstract","court"
"W4384155626","topic:democracy-institutions","abstract","democratic backsliding"
"W4384155626","method:quantitative","abstract","difference in differences"
"W4384155626","method:survey","abstract","eurobarometer"
"W4386440708","country:russia","title","putin"
"W4386440708","country:russia","abstract","russia"
"W4386440708","country:russia","abstract","putin"
"W4386440708","region:europe","rule","from the country named"
"W4386605776","topic:parties","title","party"
"W4386605776","topic:parties","abstract","party"
"W4386605776","topic:migration","title","refugee"
"W4386605776","topic:migration","abstract","refugee"
"W4386605776","method:qualitative","abstract","critical discourse analysis"
"W4386605776","country:turkey","title","turkey"
"W4386605776","region:europe","rule","from the country named"
"W4321241654","topic:parties","abstract","populist movements"
"W4321241654","topic:economy-welfare","abstract","economic"
"W4321241654","topic:economy-welfare","abstract","inequality"
"W4324045448","approach:performative","title","performativity"
"W4324045448","approach:performative","abstract","performativity"
"W4324045448","topic:government","title","populism in power"
"W4324045448","topic:government","abstract","populism in power"
"W4324045448","topic:government","abstract","in power"
"W4324045448","topic:media-communication","abstract","media"
"W4324045448","topic:media-communication","abstract","rhetorical"
"W4324045448","topic:media-communication","abstract","journalists"
"W4324045448","method:qualitative","abstract","discourse analysis"
"W4324045448","method:qualitative","abstract","interviews"
"W4324045448","method:qualitative","abstract","ethnographic"
"W4324045448","country:greece","title","syriza"
"W4324045448","country:greece","abstract","greece"
"W4324045448","country:greece","abstract","syriza"
"W4324045448","country:united-states","title","trump"
"W4324045448","country:united-states","abstract","united states"
"W4324045448","country:united-states","abstract","trump"
"W4324045448","region:europe","rule","from the country named"
"W4324045448","region:north-america","rule","from the country named"
"W4386448336","topic:parties","title","parties"
"W4386448336","topic:parties","abstract","parties"
"W4386448336","topic:parties","abstract","populist right"
"W4386448336","topic:parties","abstract","populist left"
"W4386448336","topic:voters","title","support for populist"
"W4386448336","topic:voters","abstract","voting behavior"
"W4386448336","topic:voters","abstract","support for populist"
"W4386448336","topic:economy-welfare","abstract","economic"
"W4386448336","topic:economy-welfare","abstract","economy"
"W4386713246","method:survey","abstract","survey data"
"W4386713246","country:united-states","title","u s"
"W4386713246","region:north-america","rule","from the country named"
"W4316928437","topic:voters","title","attitudes"
"W4316928437","topic:voters","abstract","attitudes"
"W4316928437","topic:voters","abstract","voting behavior"
"W4316928437","topic:migration","title","anti immigration"
"W4316928437","topic:migration","abstract","immigrants"
"W4316928437","topic:migration","abstract","anti immigration"
"W4321096746","topic:media-communication","title","rhetoric"
"W4321096746","topic:media-communication","abstract","rhetoric"
"W4321096746","topic:democracy-institutions","title","authoritarian"
"W4321096746","topic:democracy-institutions","title","constitutionalism"
"W4321096746","topic:democracy-institutions","title","courts"
"W4321096746","topic:democracy-institutions","abstract","constitutionalism"
"W4321096746","topic:democracy-institutions","abstract","authoritarian"
"W4321096746","topic:democracy-institutions","abstract","constitutional"
"W4321096746","topic:democracy-institutions","abstract","courts"
"W4321096746","topic:democracy-institutions","abstract","court"
"W4321096746","topic:democracy-institutions","abstract","constitution"
"W4321096746","topic:democracy-institutions","abstract","rule of law"
"W4321096746","country:poland","title","poland"
"W4321096746","region:europe","rule","from the country named"
"W4323926021","topic:parties","title","parties"
"W4323926021","region:europe","title","europe"
"W4378388926","topic:parties","title","right wing populism"
"W4378388926","region:latin-america","title","latin america"
"W4387308855","topic:defence-security","title","securitization"
"W4387308855","topic:defence-security","abstract","securitization"
"W4387308855","topic:media-communication","abstract","framing"
"W4387308855","topic:gender","title","gender"
"W4387308855","topic:gender","title","anti gender"
"W4387308855","topic:gender","abstract","gender"
"W4387308855","topic:gender","abstract","genderism"
"W4387308855","topic:democracy-institutions","title","illiberal"
"W4387308855","topic:democracy-institutions","abstract","illiberal"
"W4387308855","country:turkey","title","akp"
"W4387308855","country:turkey","abstract","akp"
"W4387308855","region:europe","rule","from the country named"
"W4387574791","topic:parties","title","populist leadership"
"W4387574791","topic:parties","abstract","populist leadership"
"W4387574791","topic:parties","abstract","populist leaders"
"W4387574791","topic:parties","abstract","parties"
"W4387574791","topic:democracy-institutions","abstract","judicial"
"W4387574791","topic:democracy-institutions","abstract","democratic backsliding"
"W4388929052","topic:parties","abstract","candidates"
"W4388929052","topic:parties","abstract","party"
"W4388929052","topic:parties","abstract","candidate"
"W4388929052","topic:media-communication","title","rhetoric"
"W4388929052","method:experiment","title","conjoint"
"W4388929052","method:experiment","abstract","conjoint"
"W4390345406","topic:parties","title","far right"
"W4390345406","topic:parties","abstract","far right"
"W4390345406","topic:parties","abstract","parties"
"W4390345406","topic:media-communication","title","twitter"
"W4390345406","method:mixed","abstract","mixed methods"
"W4390592953","topic:democracy-institutions","title","judicial"
"W4390592953","topic:democracy-institutions","abstract","constitutional"
"W4390592953","topic:democracy-institutions","abstract","liberal democracy"
"W4390592953","country:israel","title","israel"
"W4390592953","country:israel","abstract","israel"
"W4390592953","region:mena","rule","from the country named"
"W4324380547","topic:parties","abstract","parties"
"W4324380547","topic:government","title","populist governments"
"W4324380547","topic:government","abstract","in government"
"W4324380547","topic:government","abstract","in power"
"W4324380547","topic:government","abstract","ruling populist"
"W4324380547","method:qualitative","abstract","qualitative"
"W4324380547","method:quantitative","abstract","regression"
"W4324380547","method:quantitative","abstract","panel data"
"W4379517894","topic:media-communication","abstract","media"
"W4379517894","topic:religion","title","religious"
"W4379517894","topic:religion","abstract","religious"
"W4379517894","topic:religion","abstract","islamist"
"W4379517894","topic:democracy-institutions","title","authoritarianism"
"W4379517894","topic:democracy-institutions","abstract","authoritarianism"
"W4379517894","country:turkey","abstract","turkey"
"W4379517894","country:turkey","abstract","akp"
"W4379517894","region:europe","rule","from the country named"
"W4382939061","topic:international","title","transnational"
"W4382939061","topic:parties","abstract","populist movements"
"W4382939061","topic:parties","abstract","right wing populists"
"W4382939061","topic:parties","abstract","far right"
"W4382939061","topic:parties","abstract","right wing populism"
"W4382939061","topic:gender","title","patriarchal"
"W4382939061","topic:gender","title","feminism"
"W4382939061","topic:gender","abstract","feminists"
"W4382939061","topic:gender","abstract","gender"
"W4382939061","topic:gender","abstract","women"
"W4382939061","topic:gender","abstract","lgbtq"
"W4382939061","topic:gender","abstract","feminism"
"W4382939061","topic:gender","abstract","patriarchal"
"W4382939061","topic:democracy-institutions","title","authoritarian"
"W4382939061","country:united-states","abstract","united states"
"W4382939061","country:united-states","abstract","us"
"W4382939061","region:north-america","rule","from the country named"
"W4385874143","topic:parties","title","right wing populism"
"W4385874143","topic:parties","title","parties"
"W4385874143","topic:parties","abstract","right wing populist"
"W4385874143","topic:parties","abstract","parties"
"W4385874143","region:europe","title","european"
"W4385874143","region:europe","abstract","western europe"
"W4385874143","region:europe","abstract","european"
"W4387784125","topic:international","title","brexit"
"W4387784125","topic:international","abstract","brexit"
"W4387784125","topic:international","abstract","eu"
"W4387784125","topic:parties","abstract","populist politicians"
"W4387784125","topic:parties","abstract","party"
"W4387784125","topic:voters","abstract","voter"
"W4387784125","topic:voters","abstract","supporters"
"W4387784125","region:europe","abstract","eu"
"W4387784125","country:united-kingdom","title","brexit"
"W4387784125","country:united-kingdom","abstract","brexit"
"W4387784125","country:united-kingdom","abstract","uk"
"W4387784125","country:united-kingdom","abstract","british (+ political word)"
"W4388046491","topic:parties","title","right wing populism"
"W4388046491","topic:parties","abstract","right wing populist"
"W4388046491","topic:parties","abstract","parties"
"W4388046491","topic:economy-welfare","title","economy"
"W4388046491","topic:economy-welfare","abstract","economy"
"W4388046491","topic:economy-welfare","abstract","economic"
"W4388533572","topic:parties","title","party"
"W4388533572","topic:parties","abstract","right wing populist"
"W4388533572","topic:parties","abstract","parties"
"W4388533572","topic:parties","abstract","party"
"W4388533572","country:hungary","title","hungary"
"W4388533572","country:hungary","abstract","hungary"
"W4388533572","country:hungary","abstract","fidesz"
"W4388533572","country:poland","title","poland"
"W4388533572","country:poland","abstract","poland"
"W4388533572","country:poland","abstract","law and justice"
"W4388533572","region:europe","rule","from the country named"
"W4315781388","topic:voters","title","attitudes"
"W4315781388","topic:voters","abstract","voter"
"W4315781388","topic:voters","abstract","citizens"
"W4315781388","topic:voters","abstract","attitudes"
"W4315781388","topic:voters","abstract","vote choice"
"W4315781388","topic:voters","abstract","populist attitudes"
"W4315781388","topic:economy-welfare","abstract","economic"
"W4315781388","topic:economy-welfare","abstract","globalization"
"W4315781388","topic:migration","title","nativist"
"W4315781388","topic:migration","abstract","immigration"
"W4315781388","topic:migration","abstract","nativist"
"W4315781388","topic:migration","abstract","anti immigration"
"W4315781388","method:survey","abstract","election study"
"W4318464446","topic:parties","abstract","right wing populist"
"W4318464446","topic:parties","abstract","populist actor"
"W4318464446","topic:parties","abstract","right wing populism"
"W4318464446","topic:democracy-institutions","abstract","constitutional"
"W4318464446","topic:democracy-institutions","abstract","liberal democracy"
"W4318464446","country:germany","abstract","germany"
"W4318464446","country:germany","abstract","alternative for germany"
"W4318464446","region:europe","rule","from the country named"
"W4318472639","approach:ideational","abstract","ideational definition"
"W4318472639","topic:parties","abstract","right wing populism"
"W4318472639","topic:parties","abstract","right wing populist"
"W4318472639","topic:parties","abstract","parties"
"W4318472639","topic:religion","abstract","religion"
"W4318472639","topic:religion","abstract","islam"
"W4318472639","topic:migration","abstract","nativism"
"W4318472639","topic:migration","abstract","immigration"
"W4318472639","region:europe","title","europe"
"W4318472639","region:europe","abstract","european"
"W4318472639","region:europe","abstract","europe"
"W4318472639","region:north-america","title","north america"
"W4318472639","country:france","title","france"
"W4318472639","country:france","abstract","france"
"W4318472639","country:france","abstract","national rally"
"W4318472639","country:france","abstract","le pen"
"W4318472639","country:poland","title","poland"
"W4318472639","country:poland","abstract","poland"
"W4318472639","country:poland","abstract","pis"
"W4318472639","country:poland","abstract","kaczynski"
"W4318472639","country:united-states","title","united states"
"W4318472639","country:united-states","abstract","united states"
"W4318472639","country:united-states","abstract","trump"
"W4321179400","topic:international","abstract","eu"
"W4321179400","topic:voters","title","populist attitudes"
"W4321179400","topic:voters","title","attitudes"
"W4321179400","topic:voters","abstract","attitudes"
"W4321179400","topic:voters","abstract","populist attitudes"
"W4321179400","method:survey","abstract","survey data"
"W4321179400","region:europe","title","europe"
"W4321179400","region:europe","abstract","eu"
"W4323058643","topic:voters","title","populist attitudes"
"W4323058643","topic:voters","title","attitudes"
"W4323058643","topic:voters","abstract","populist attitudes"
"W4323058643","topic:voters","abstract","citizens"
"W4323058643","topic:voters","abstract","attitudes"
"W4323058643","topic:media-communication","abstract","media"
"W4368375700","approach:discursive","abstract","discursive construction"
"W4368375700","topic:parties","title","radical right"
"W4368375700","topic:parties","title","parties"
"W4368375700","topic:parties","abstract","radical right"
"W4368375700","topic:parties","abstract","parties"
"W4368375700","topic:parties","abstract","party leaders"
"W4368375700","topic:media-communication","abstract","tweets"
"W4368375700","topic:media-communication","abstract","framing"
"W4368375700","method:qta","abstract","semantic text analysis"
"W4368375700","country:italy","abstract","italy"
"W4368375700","country:italy","abstract","lega"
"W4368375700","country:italy","abstract","salvini"
"W4368375700","country:spain","abstract","spain"
"W4368375700","country:spain","abstract","vox"
"W4368375700","region:europe","rule","from the country named"
"W4386644912","topic:parties","abstract","populist right"
"W4386644912","topic:parties","abstract","populist left"
"W4386644912","topic:voters","abstract","populist attitudes"
"W4386644912","region:europe","title","europe"
"W4386644912","region:europe","abstract","european"
"W4387894657","todo:check-record","rule","DOI accepted by reading, not by the automatic rule"
"W4387894657","topic:parties","abstract","populist movements"
"W4387894657","topic:parties","abstract","populist actors"
"W4387894657","region:europe","title","eastern europe"
"W4387894657","region:europe","abstract","europe"
"W4387894657","region:europe","abstract","eastern europe"
"W4320920232","approach:performative","abstract","populist style"
"W4320920232","topic:media-communication","abstract","communication"
"W4320920232","country:italy","abstract","italy"
"W4320920232","country:italy","abstract","meloni"
"W4320920232","region:europe","rule","from the country named"
"W4376142282","topic:parties","title","party"
"W4376142282","topic:parties","abstract","party"
"W4376142282","country:canada","title","canada"
"W4376142282","region:north-america","rule","from the country named"
"W4388268955","topic:voters","title","supporters"
"W4388268955","topic:voters","abstract","populist attitudes"
"W4388268955","topic:voters","abstract","attitudes"
"W4388268955","topic:voters","abstract","public opinion"
"W4388268955","method:survey","abstract","public opinion surveys"
"W4388268955","country:austria","abstract","austria"
"W4388268955","country:germany","abstract","germany"
"W4388268955","country:taiwan","abstract","taiwan"
"W4388268955","region:europe","rule","from the country named"
"W4388268955","region:asia-pacific","rule","from the country named"
"W4389143022","topic:parties","abstract","party"
"W4389143022","topic:parties","abstract","parties"
"W4389143022","topic:voters","abstract","voters"
"W4389143022","method:quantitative","abstract","difference in differences"
"W4389143022","country:poland","title","poland"
"W4389143022","region:europe","rule","from the country named"
"W3113427285","topic:parties","abstract","party"
"W3113427285","topic:parties","abstract","partisans"
"W3113427285","topic:voters","abstract","public opinion"
"W3113427285","topic:voters","abstract","voters"
"W3113427285","topic:voters","abstract","respondents"
"W3113427285","topic:voters","abstract","voter"
"W3113427285","method:quantitative","abstract","panel data"
"W3113427285","country:austria","title","austria"
"W3113427285","country:austria","abstract","fpo"
"W3113427285","country:austria","abstract","austrian (+ political word)"
"W3113427285","region:europe","rule","from the country named"
"W4319788151","topic:defence-security","title","war"
"W4319788151","topic:parties","title","radical right"
"W4319788151","topic:parties","title","parties"
"W4319788151","topic:parties","abstract","right wing populist"
"W4319788151","topic:parties","abstract","parties"
"W4319788151","topic:parties","abstract","radical right"
"W4319788151","topic:media-communication","title","media"
"W4319788151","topic:media-communication","abstract","tweets"
"W4319788151","topic:media-communication","abstract","communication"
"W4319788151","region:europe","abstract","european"
"W4319788151","region:europe","abstract","europe"
"W4319788151","country:russia","title","russia"
"W4319788151","country:russia","title","putin"
"W4319788151","country:russia","abstract","russia"
"W4319788151","country:russia","abstract","putin"
"W4379512517","topic:parties","abstract","populist movements"
"W4379512517","topic:parties","abstract","partisans"
"W4379512517","topic:voters","title","attitudes"
"W4379512517","topic:voters","abstract","populist attitudes"
"W4379512517","topic:voters","abstract","attitudes"
"W4379512517","topic:voters","abstract","supporters"
"W4379512517","topic:media-communication","title","media"
"W4379512517","topic:media-communication","abstract","media"
"W4379512517","method:survey","abstract","online survey"
"W4379512517","country:united-states","title","united states"
"W4379512517","region:north-america","rule","from the country named"
"W4385578179","topic:parties","title","radical right"
"W4385578179","topic:parties","abstract","radical right"
"W4385578179","topic:parties","abstract","parties"
"W4385578179","topic:media-communication","title","rhetoric"
"W4385578179","country:sweden","title","sweden"
"W4385578179","country:sweden","title","sweden democrats"
"W4385578179","country:sweden","abstract","sweden"
"W4385578179","country:sweden","abstract","sweden democrats"
"W4385578179","country:sweden","abstract","swedish (+ political word)"
"W4385578179","region:europe","rule","from the country named"
"W4390448717","topic:parties","title","parties"
"W4390448717","topic:parties","abstract","parties"
"W4390448717","topic:parties","abstract","manifestos"
"W4390448717","topic:democracy-institutions","title","referendums"
"W4390448717","topic:democracy-institutions","abstract","referendums"
"W4390448717","topic:democracy-institutions","abstract","referendum"
"W4390448717","method:qualitative","abstract","qualitative"
"W4390448717","region:europe","title","europe"
"W4322737568","topic:government","title","populists in power"
"W4322737568","topic:democracy-institutions","title","rule of law"
"W4322737568","country:poland","title","poland"
"W4322737568","region:europe","rule","from the country named"
"W4366597308","method:mixed","abstract","qualitative and quantitative"
"W4366597308","region:europe","abstract","european"
"W4366597308","region:europe","abstract","eastern europe"
"W4366597308","country:ukraine","title","zelensky"
"W4366597308","country:ukraine","abstract","zelensky"
"W4366597308","country:ukraine","abstract","ukrainian (+ political word)"
"W4367677160","approach:ideational","abstract","ideational approach"
"W4367677160","topic:democracy-institutions","title","court"
"W4367677160","topic:democracy-institutions","abstract","court"
"W4367677160","country:mexico","title","lopez obrador"
"W4367677160","country:mexico","abstract","mexico"
"W4367677160","country:mexico","abstract","lopez obrador"
"W4367677160","region:latin-america","rule","from the country named"
"W4376140925","topic:international","abstract","eurosceptic"
"W4376140925","topic:international","abstract","transnational"
"W4376140925","topic:parties","title","radical right"
"W4376140925","topic:parties","abstract","radical right"
"W4376140925","topic:parties","abstract","parties"
"W4376140925","topic:parties","abstract","far right"
"W4376140925","topic:religion","abstract","christian"
"W4376140925","region:europe","title","eastern europe"
"W4376140925","country:hungary","title","hungary"
"W4376140925","country:poland","title","poland"
"W4376140925","country:poland","abstract","poland"
"W4376140925","country:poland","abstract","polish (+ political word)"
"W4385233923","topic:media-communication","title","facebook"
"W4385233923","topic:media-communication","abstract","facebook"
"W4385233923","topic:media-communication","abstract","media"
"W4385233923","method:qualitative","abstract","discourse analysis"
"W4386957285","topic:parties","title","party"
"W4386957285","topic:media-communication","abstract","frames"
"W4386957285","topic:democracy-institutions","abstract","referendum"
"W4386957285","topic:democracy-institutions","abstract","constitutional"
"W4386957285","country:turkey","title","justice and development party"
"W4386957285","country:turkey","abstract","justice and development party"
"W4386957285","country:turkey","abstract","akp"
"W4386957285","region:europe","rule","from the country named"
"W4387805064","country:hungary","title","hungary"
"W4387805064","country:turkey","title","turkey"
"W4387805064","country:turkey","abstract","turkey"
"W4387805064","country:turkey","abstract","turkish (+ political word)"
"W4387805064","region:europe","rule","from the country named"
"W4388948970","topic:parties","abstract","candidate"
"W4388948970","topic:parties","abstract","parties"
"W4388948970","topic:parties","abstract","party"
"W4388948970","topic:parties","abstract","radical right"
"W4388948970","topic:voters","abstract","voters"
"W4388948970","topic:voters","abstract","support for populist"
"W4388948970","region:europe","title","europe"
"W4389488459","topic:international","title","eu"
"W4389488459","topic:international","title","euroscepticism"
"W4389488459","topic:international","abstract","eu"
"W4389488459","topic:voters","title","attitudes"
"W4389488459","method:experiment","abstract","survey experiment"
"W4389488459","region:europe","title","eu"
"W4389488459","region:europe","abstract","eu"
"W4389488459","country:poland","abstract","poland"
"W4313441767","topic:government","title","administration"
"W4313441767","topic:government","abstract","administration"
"W4313441767","topic:democracy-institutions","title","autocratization"
"W4313441767","topic:democracy-institutions","abstract","authoritarianism"
"W4313441767","topic:democracy-institutions","abstract","autocratization"
"W4313441767","country:venezuela","title","venezuela"
"W4313441767","country:venezuela","abstract","venezuela"
"W4313441767","country:venezuela","abstract","chavismo"
"W4313441767","country:venezuela","abstract","chavista"
"W4313441767","region:latin-america","rule","from the country named"
"W4313889765","approach:measurement","abstract","measuring populism"
"W4313889765","topic:parties","abstract","parties"
"W4313889765","topic:parties","abstract","manifestos"
"W4313889765","method:qta","title","supervised machine learning"
"W4313889765","method:qta","abstract","supervised machine learning"
"W4375949225","topic:parties","title","radical right"
"W4375949225","topic:parties","abstract","radical right"
"W4375949225","topic:parties","abstract","manifesto"
"W4375949225","topic:parties","abstract","party"
"W4375949225","topic:democracy-institutions","abstract","authoritarianism"
"W4375949225","country:brazil","title","brazil"
"W4375949225","country:brazil","title","bolsonaro"
"W4375949225","country:brazil","abstract","brazil"
"W4375949225","country:brazil","abstract","bolsonaro"
"W4375949225","region:latin-america","rule","from the country named"
"W4382776378","topic:parties","abstract","populist leaders"
"W4382776378","topic:parties","abstract","populist leadership"
"W4383956950","topic:parties","title","radical right"
"W4383956950","topic:voters","title","supporters"
"W4383956950","topic:voters","abstract","supporters"
"W4383956950","method:qualitative","abstract","semi structured"
"W4383956950","method:qualitative","abstract","interviews"
"W4386387895","topic:voters","title","populist attitudes"
"W4386387895","topic:voters","abstract","voters"
"W4386387895","topic:voters","abstract","respondents"
"W4386387895","topic:voters","abstract","populist attitudes"
"W4386387895","topic:economy-welfare","title","fiscal"
"W4386387895","topic:economy-welfare","abstract","economy"
"W4386387895","topic:economy-welfare","abstract","fiscal"
"W4386387895","topic:economy-welfare","abstract","economic"
"W4386807343","topic:parties","abstract","parties"
"W4386807343","topic:parties","abstract","party"
"W4386807343","method:quantitative","abstract","logit"
"W4386807343","method:quantitative","abstract","regressions"
"W4386807343","country:netherlands","title","netherlands"
"W4386807343","country:netherlands","abstract","netherlands"
"W4386807343","region:europe","rule","from the country named"
"W4389292073","topic:parties","abstract","populist leaders"
"W4389292073","topic:parties","abstract","populist movements"
"W4389292073","topic:religion","title","sacred"
"W4389292073","topic:religion","abstract","religious"
"W4389292073","topic:religion","abstract","sacred"
"W4313815635","topic:government","abstract","populist governments"
"W4313815635","topic:government","abstract","populists in power"
"W4313815635","country:brazil","abstract","brazil"
"W4313815635","country:brazil","abstract","bolsonaro"
"W4313815635","region:latin-america","rule","from the country named"
"W4315796056","topic:parties","title","far right"
"W4315796056","topic:parties","abstract","far right"
"W4315796056","topic:parties","abstract","candidate"
"W4315796056","topic:gender","title","feminist"
"W4315796056","topic:gender","abstract","feminist"
"W4315796056","topic:gender","abstract","gendered"
"W4315796056","topic:gender","abstract","genders"
"W4315796056","country:portugal","title","portugal"
"W4315796056","country:portugal","abstract","portuguese (+ political word)"
"W4315796056","region:europe","rule","from the country named"
"W4319825694","topic:economy-welfare","title","neoliberal"
"W4319825694","topic:economy-welfare","abstract","neoliberal"
"W4319825694","country:tunisia","title","tunisia"
"W4319825694","country:tunisia","abstract","tunisia"
"W4319825694","country:tunisia","abstract","kais saied"
"W4319825694","country:tunisia","abstract","tunisian (+ political word)"
"W4319825694","region:mena","rule","from the country named"
"W4324358451","topic:religion","abstract","islamist"
"W4324358451","topic:religion","abstract","islam"
"W4324358451","topic:religion","abstract","muslim"
"W4324358451","country:turkey","title","turkey"
"W4324358451","country:turkey","abstract","turkey"
"W4324358451","country:turkey","abstract","turkish (+ political word)"
"W4324358451","region:europe","rule","from the country named"
"W4361289873","topic:parties","abstract","right wing populism"
"W4361289873","topic:parties","abstract","right wing populists"
"W4361289873","topic:parties","abstract","left wing populists"
"W4361289873","topic:parties","abstract","political leaders"
"W4361289873","country:pakistan","title","pakistan"
"W4361289873","country:pakistan","title","imran khan"
"W4361289873","country:pakistan","abstract","pakistan"
"W4361289873","country:pakistan","abstract","imran khan"
"W4361289873","region:asia-pacific","rule","from the country named"
"W4366988625","topic:parties","title","far right"
"W4366988625","topic:parties","abstract","far right"
"W4366988625","topic:media-communication","title","newspaper"
"W4366988625","topic:media-communication","abstract","newspaper"
"W4366988625","topic:migration","title","anti immigration"
"W4366988625","topic:migration","abstract","anti immigration"
"W4366988625","method:qualitative","abstract","narrative analysis"
"W4366988625","country:sweden","title","sweden"
"W4366988625","region:europe","rule","from the country named"
"W4386082740","country:uganda","title","uganda"
"W4386082740","country:uganda","abstract","uganda"
"W4386082740","country:uganda","abstract","museveni"
"W4386082740","region:sub-saharan-africa","rule","from the country named"
"W4386482815","topic:economy-welfare","abstract","redistribution"
"W4386482815","topic:economy-welfare","abstract","economic"
"W4386482815","topic:gender","abstract","gender"
"W4386482815","topic:religion","abstract","religion"
"W4386482815","region:asia-pacific","title","asia pacific"
"W4386482815","region:asia-pacific","abstract","asia pacific"
"W4386482815","region:asia-pacific","abstract","southeast asia"
"W4387459434","topic:voters","title","populist attitudes"
"W4387459434","topic:voters","abstract","populist attitudes"
"W4387459434","topic:voters","abstract","respondents"
"W4387459434","topic:voters","abstract","attitudes"
"W4387459434","topic:voters","abstract","vote choice"
"W4387459434","method:quantitative","abstract","panel data"
"W4388865195","topic:parties","title","radical right"
"W4388865195","topic:migration","title","refugee"
"W4388865195","country:germany","title","germany"
"W4388865195","region:europe","rule","from the country named"
"W4389197151","topic:parties","title","right wing populist"
"W4389197151","topic:parties","abstract","right wing populist"
"W4389197151","topic:gender","title","women"
"W4389197151","topic:gender","title","feminist"
"W4389197151","topic:gender","title","anti gender"
"W4389197151","topic:gender","abstract","women"
"W4389197151","topic:gender","abstract","feminist"
"W4389197151","topic:gender","abstract","gender"
"W4389197151","topic:gender","abstract","anti gender"
"W4389197151","topic:gender","abstract","lgbtiq"
"W4389197151","country:united-kingdom","abstract","united kingdom"
"W4389197151","country:united-kingdom","abstract","uk"
"W4389197151","country:canada","abstract","canada"
"W4389197151","region:europe","rule","from the country named"
"W4389197151","region:north-america","rule","from the country named"
"W4390451312","topic:democracy-institutions","title","populism and democracy"
"W4390451312","topic:democracy-institutions","abstract","democratic institutions"
"W4313593030","method:qualitative","abstract","critical discourse analysis"
"W4317214841","topic:media-communication","title","disinformation"
"W4317214841","topic:media-communication","title","media"
"W4317214841","topic:media-communication","abstract","communication"
"W4317214841","topic:media-communication","abstract","tweets"
"W4317214841","topic:media-communication","abstract","twitter"
"W4317214841","region:europe","title","european"
"W4317214841","region:europe","abstract","european"
"W4317214841","country:france","abstract","france"
"W4317214841","country:france","abstract","rassemblement national"
"W4317214841","country:france","abstract","macron"
"W4317214841","country:france","abstract","le pen"
"W4317214841","country:france","abstract","french (+ political word)"
"W4318621472","approach:other","abstract","understandings of populism"
"W4318621472","topic:parties","title","populist leaders"
"W4318621472","topic:parties","abstract","populist politicians"
"W4318621472","topic:parties","abstract","populist leaders"
"W4318621472","topic:voters","title","citizens"
"W4318621472","country:india","title","india"
"W4318621472","country:india","abstract","modi"
"W4318621472","country:india","abstract","indian (+ political word)"
"W4318621472","region:asia-pacific","rule","from the country named"
"W4319320030","topic:democracy-institutions","title","authoritarianism"
"W4319320030","country:turkey","title","turkey"
"W4319320030","country:turkey","title","akp"
"W4319320030","region:europe","rule","from the country named"
"W4319793758","todo:check-record","rule","the registry writes the names in capitals (BELLAMY): to be corrected in Zotero by hand"
"W4319793758","approach:other","abstract","conceptions of populism"
"W4319793758","topic:parties","abstract","left wing populism"
"W4319793758","topic:parties","abstract","right wing populism"
"W4319793758","topic:democracy-institutions","title","constitutionalism"
"W4319793758","topic:democracy-institutions","abstract","constitutionalism"
"W4319793758","topic:democracy-institutions","abstract","constitutionalists"
"W4319793758","topic:democracy-institutions","abstract","constitutional"
"W4319793758","topic:democracy-institutions","abstract","democratic backsliding"
"W4319793758","topic:democracy-institutions","abstract","illiberal"
"W4319793758","topic:democracy-institutions","abstract","constitution"
"W4327544603","topic:parties","abstract","party"
"W4327544603","topic:parties","abstract","parties"
"W4327544603","topic:parties","abstract","candidates"
"W4327544603","topic:voters","abstract","voters"
"W4327544603","method:experiment","abstract","conjoint"
"W4327544603","country:spain","abstract","spain"
"W4327544603","country:spain","abstract","vox"
"W4327544603","region:europe","rule","from the country named"
"W4380369711","topic:parties","title","right wing populism"
"W4380369711","topic:parties","abstract","right wing populist"
"W4380369711","topic:parties","abstract","parties"
"W4380369711","topic:voters","abstract","voters"
"W4380369711","topic:voters","abstract","attitudes"
"W4380369711","topic:economy-welfare","title","globalisation"
"W4380369711","topic:economy-welfare","abstract","globalisation"
"W4380369711","method:survey","abstract","european social survey"
"W4380369711","region:europe","title","europe"
"W4380369711","region:europe","abstract","european"
"W4380369711","region:europe","abstract","western european"
"W4382073264","topic:parties","title","parties"
"W4382073264","topic:parties","abstract","parties"
"W4382073264","topic:parties","abstract","party"
"W4382073264","topic:parties","abstract","right wing populist"
"W4382073264","topic:media-communication","title","communication"
"W4382073264","topic:media-communication","title","facebook"
"W4382073264","topic:media-communication","abstract","media"
"W4382073264","topic:media-communication","abstract","communication"
"W4382073264","topic:media-communication","abstract","facebook"
"W4382073264","region:europe","abstract","european"
"W4382073264","region:europe","abstract","western europe"
"W4382073264","region:europe","abstract","europe"
"W4382073264","country:italy","abstract","lega"
"W4382073264","country:italy","abstract","italian (+ political word)"
"W4387614216","topic:parties","abstract","party"
"W4387614216","topic:parties","abstract","radical left"
"W4387614216","method:qualitative","abstract","qualitative"
"W4387614216","country:spain","title","podemos"
"W4387614216","country:spain","abstract","podemos"
"W4387614216","country:spain","abstract","pablo iglesias"
"W4387614216","country:spain","abstract","spanish (+ political word)"
"W4387614216","region:europe","rule","from the country named"
"W4388694223","approach:measurement","abstract","measuring populism"
"W4388694223","topic:voters","title","populist attitudes"
"W4388694223","topic:voters","abstract","populist attitudes"
"W4388694223","topic:voters","abstract","attitudes"
"W4389334523","topic:media-communication","title","media"
"W4389334523","topic:media-communication","abstract","media"
"W4389334523","topic:media-communication","abstract","communication"
"W4389334523","country:china","title","china"
"W4389334523","country:china","abstract","china"
"W4389334523","country:china","abstract","chinese (+ political word)"
"W4389334523","region:asia-pacific","rule","from the country named"
"W4389503033","topic:voters","title","populist attitudes"
"W4389503033","topic:voters","abstract","populist attitudes"
"W4389503033","topic:voters","abstract","attitudes"
"W4389778095","topic:parties","title","parties"
"W4389778095","topic:parties","abstract","parties"
"W4389778095","topic:parties","abstract","political leaders"
"W4389778095","topic:parties","abstract","party"
"W4389778095","topic:parties","abstract","candidates"
"W4318312862","topic:democracy-institutions","abstract","authoritarian"
"W4318312862","country:spain","title","spain"
"W4318312862","country:brazil","title","brazil"
"W4318312862","region:europe","rule","from the country named"
"W4318312862","region:latin-america","rule","from the country named"
"W4322775593","country:italy","title","italian (+ political word)"
"W4322775593","region:europe","rule","from the country named"
"W4323660940","topic:voters","abstract","citizens"
"W4323660940","topic:voters","abstract","attitudes"
"W4323660940","topic:media-communication","abstract","rhetoric"
"W4323660940","topic:media-communication","abstract","frames"
"W4323660940","method:experiment","abstract","survey experiment"
"W4366527091","topic:media-communication","title","media"
"W4366527091","topic:media-communication","abstract","media"
"W4366527091","country:united-states","abstract","america first"
"W4366527091","country:united-states","abstract","u s"
"W4366527091","region:north-america","rule","from the country named"
"W4367049622","topic:parties","abstract","party"
"W4367049622","topic:parties","abstract","radical right"
"W4367049622","topic:parties","abstract","parties"
"W4367049622","method:qualitative","abstract","qualitative"
"W4367049622","method:qualitative","abstract","semi structured"
"W4367049622","method:qualitative","abstract","interviews"
"W4367049622","method:qta","abstract","quantitative text analysis"
"W4367049622","method:qta","abstract","dictionary based"
"W4367049622","country:france","title","rassemblement national"
"W4367049622","region:europe","rule","from the country named"
"W4378807030","approach:discursive","abstract","discursive logic"
"W4378807030","approach:discursive","abstract","laclau"
"W4378807030","topic:government","abstract","populism in power"
"W4378807030","topic:government","abstract","in government"
"W4378807030","method:qualitative","abstract","qualitative"
"W4378807030","country:spain","title","podemos"
"W4378807030","country:spain","abstract","podemos"
"W4378807030","country:spain","abstract","spanish (+ political word)"
"W4378807030","region:europe","rule","from the country named"
"W4378951538","topic:parties","abstract","party"
"W4378951538","topic:parties","abstract","populist leaders"
"W4378951538","topic:parties","abstract","partisan"
"W4378951538","topic:voters","abstract","populist attitudes"
"W4378951538","topic:voters","abstract","citizens"
"W4379982997","approach:political-strategic","abstract","populism is a strategy"
"W4379982997","topic:parties","abstract","candidates"
"W4379982997","country:croatia","title","croatia"
"W4379982997","region:europe","rule","from the country named"
"W4382245794","topic:parties","title","party"
"W4382245794","topic:parties","abstract","radical right"
"W4382245794","topic:parties","abstract","parties"
"W4382245794","topic:parties","abstract","party"
"W4382245794","topic:parties","abstract","candidate"
"W4382245794","method:quantitative","abstract","quantitative data"
"W4382245794","country:germany","title","germany"
"W4382245794","country:germany","title","alternative for germany"
"W4382245794","country:germany","abstract","germany"
"W4382245794","country:germany","abstract","alternative for germany"
"W4382245794","country:germany","abstract","afd"
"W4382245794","region:europe","rule","from the country named"
"W4384407958","topic:international","abstract","eu"
"W4384407958","topic:parties","title","radical right"
"W4384407958","topic:parties","title","parties"
"W4384407958","topic:parties","abstract","radical right"
"W4384407958","topic:parties","abstract","parties"
"W4384407958","topic:voters","title","support for populist"
"W4384407958","topic:economy-welfare","title","economic"
"W4384407958","topic:economy-welfare","title","unemployment"
"W4384407958","topic:economy-welfare","abstract","labor market"
"W4384407958","topic:economy-welfare","abstract","fiscal"
"W4384407958","topic:economy-welfare","abstract","unemployment"
"W4384407958","topic:economy-welfare","abstract","economic"
"W4384407958","topic:migration","title","migrant"
"W4384407958","topic:migration","abstract","immigrants"
"W4384407958","topic:migration","abstract","migrant"
"W4384407958","topic:migration","abstract","migrants"
"W4384407958","region:europe","title","europe"
"W4384407958","region:europe","abstract","eu"
"W4384930605","topic:economy-welfare","abstract","inequalities"
"W4384930605","topic:economy-welfare","abstract","economic"
"W4384930605","method:qualitative","abstract","semi structured"
"W4384930605","method:qualitative","abstract","interviews"
"W4386169382","topic:parties","title","right wing populist"
"W4386169382","topic:parties","title","parties"
"W4386169382","topic:parties","abstract","right wing populism"
"W4386169382","topic:parties","abstract","right wing populist"
"W4386169382","topic:parties","abstract","parties"
"W4386169382","topic:parties","abstract","political leaders"
"W4386169382","topic:media-communication","abstract","communication"
"W4386169382","topic:media-communication","abstract","twitter"
"W4386169382","topic:media-communication","abstract","tweets"
"W4386169382","topic:media-communication","abstract","propaganda"
"W4386169382","region:europe","title","european"
"W4386169382","region:europe","abstract","european"
"W4388301684","topic:gender","title","gender"
"W4388301684","topic:gender","abstract","women"
"W4388301684","topic:gender","abstract","gender"
"W4388301684","topic:gender","abstract","feminists"
"W4388301684","topic:gender","abstract","lgbt"
"W4388301684","topic:gender","abstract","sexuality"
"W4388301684","topic:democracy-institutions","title","authoritarian"
"W4388525536","topic:defence-security","title","war"
"W4388525536","topic:defence-security","abstract","war"
"W4388525536","topic:defence-security","abstract","national security"
"W4388525536","topic:international","title","eu"
"W4388525536","topic:international","abstract","european union"
"W4388525536","topic:international","abstract","eu"
"W4388525536","topic:media-communication","title","framing"
"W4388525536","method:qualitative","abstract","critical discourse analysis"
"W4388525536","method:qualitative","abstract","qualitative"
"W4388525536","region:europe","title","eu"
"W4388525536","region:europe","abstract","european"
"W4388525536","region:europe","abstract","eu"
"W4388525536","country:hungary","title","hungarian (+ political word)"
"W4388525536","country:hungary","abstract","hungary"
"W4388525536","country:hungary","abstract","hungarian (+ political word)"
"W4388525536","country:russia","title","russia"
"W4388525536","country:ukraine","title","ukraine"
"W4389736678","todo:check-outlet","journal","Journal of Democracy"
"W4389736678","topic:democracy-institutions","abstract","threat to democracy"
"W4389736678","topic:democracy-institutions","abstract","authoritarian"
"W4389941281","topic:parties","abstract","candidate"
"W4389941281","topic:parties","abstract","candidates"
"W4389941281","country:czech-republic","title","czech (+ political word)"
"W4389941281","country:czech-republic","abstract","czech republic"
"W4389941281","country:czech-republic","abstract","babis"
"W4389941281","region:europe","rule","from the country named"
"W4313800224","topic:parties","title","radical right"
"W4313800224","topic:democracy-institutions","title","authoritarian"
"W4317214939","topic:international","title","wto"
"W4317214939","topic:international","abstract","wto"
"W4317214939","topic:international","abstract","multilateral"
"W4317214939","topic:economy-welfare","title","globalization"
"W4317214939","topic:economy-welfare","abstract","globalization"
"W4317214939","topic:economy-welfare","abstract","protectionist"
"W4317214939","topic:economy-welfare","abstract","trade policies"
"W4317214939","topic:economy-welfare","abstract","economic"
"W4317214939","topic:economy-welfare","abstract","trade agreements"
"W4317214939","country:united-states","abstract","trump"
"W4317214939","country:united-states","abstract","us"
"W4317214939","country:united-states","abstract","biden"
"W4317214939","region:north-america","rule","from the country named"
"W4318769221","topic:economy-welfare","title","economy"
"W4318769221","country:italy","abstract","italy"
"W4318769221","region:europe","rule","from the country named"
"W4319081122","topic:economy-welfare","title","free trade"
"W4319081122","topic:economy-welfare","title","protectionism"
"W4319081122","topic:economy-welfare","abstract","free trade"
"W4319081122","topic:economy-welfare","abstract","economic"
"W4319081122","topic:economy-welfare","abstract","protectionism"
"W4319081122","topic:economy-welfare","abstract","trade policy"
"W4319081122","topic:economy-welfare","abstract","financial crisis"
"W4321453489","method:qualitative","abstract","archival"
"W4324045482","country:united-kingdom","abstract","brexit"
"W4324045482","country:united-kingdom","abstract","uk"
"W4324045482","country:united-states","abstract","trump"
"W4324045482","country:united-states","abstract","us"
"W4324045482","region:europe","rule","from the country named"
"W4324045482","region:north-america","rule","from the country named"
"W4362671786","topic:parties","abstract","social movement"
"W4362671786","topic:parties","abstract","party"
"W4362671786","topic:economy-welfare","title","austerity"
"W4362671786","topic:economy-welfare","abstract","neoliberalism"
"W4362671786","topic:economy-welfare","abstract","economy"
"W4362671786","topic:economy-welfare","abstract","inequalities"
"W4362671786","topic:economy-welfare","abstract","austerity"
"W4362671786","topic:economy-welfare","abstract","neoliberal"
"W4366498049","topic:parties","title","political leaders"
"W4366498049","topic:parties","abstract","political leaders"
"W4366498049","topic:parties","abstract","political leader"
"W4366498049","topic:parties","abstract","political leadership"
"W4366498049","topic:media-communication","title","communication"
"W4366498049","topic:media-communication","abstract","communication"
"W4366498049","method:mixed","abstract","mixed methods"
"W4366498049","country:ireland","abstract","ireland"
"W4366498049","country:united-kingdom","abstract","uk"
"W4366498049","country:canada","abstract","canada"
"W4366498049","country:australia","abstract","australia"
"W4366498049","country:singapore","abstract","singapore"
"W4366498049","region:global","rule","three or more regions named: europe, north-america, asia-pacific"
"W4375948933","topic:parties","title","radical right"
"W4375948933","topic:parties","abstract","party"
"W4375948933","topic:parties","abstract","radical right"
"W4375948933","topic:parties","abstract","parties"
"W4375948933","topic:religion","title","islamic"
"W4375948933","topic:religion","abstract","secular"
"W4375948933","topic:religion","abstract","religious"
"W4375948933","topic:religion","abstract","secularization"
"W4375948933","topic:migration","title","nativism"
"W4375948933","topic:migration","abstract","nativism"
"W4375948933","topic:migration","abstract","nativist"
"W4375948933","region:europe","title","europe"
"W4375948933","country:turkey","title","turkey"
"W4375948933","country:turkey","abstract","turkey"
"W4375948933","country:turkey","abstract","justice and development party"
"W4375948933","country:turkey","abstract","akp"
"W4375948933","country:turkey","abstract","turkish (+ political word)"
"W4376645781","topic:parties","title","radical right"
"W4376645781","topic:parties","abstract","parties"
"W4376645781","topic:parties","abstract","radical right"
"W4376645781","topic:voters","abstract","voters"
"W4376645781","topic:voters","abstract","voting behaviour"
"W4376645781","topic:economy-welfare","title","welfare"
"W4376645781","topic:economy-welfare","abstract","welfare"
"W4376645781","topic:migration","abstract","immigration"
"W4376645781","topic:migration","abstract","anti immigration"
"W4385766154","topic:democracy-institutions","title","illiberal"
"W4385766154","topic:democracy-institutions","abstract","illiberal"
"W4385766154","topic:democracy-institutions","abstract","liberal democracy"
"W4386294738","topic:parties","title","party"
"W4386294738","topic:parties","abstract","party"
"W4386294738","topic:parties","abstract","parties"
"W4386294738","topic:voters","title","supporters"
"W4386294738","topic:voters","abstract","citizens"
"W4386294738","topic:voters","abstract","supporters"
"W4386294738","topic:voters","abstract","voters"
"W4386294738","topic:government","abstract","in government"
"W4386421892","approach:ideational","abstract","thin ideology"
"W4386421892","approach:political-strategic","abstract","populism is a strategy"
"W4387454679","topic:parties","title","populist right"
"W4387454679","topic:parties","abstract","party"
"W4387454679","topic:gender","abstract","women"
"W4387454679","topic:religion","title","catholicism"
"W4387454679","topic:religion","abstract","catholic"
"W4387454679","topic:religion","abstract","church"
"W4387454679","topic:religion","abstract","catholicism"
"W4387454679","topic:religion","abstract","religious"
"W4387454679","topic:religion","abstract","secularizing"
"W4387454679","region:europe","abstract","europe"
"W4387454679","country:poland","title","poland"
"W4387454679","country:poland","abstract","poland"
"W4387454679","country:poland","abstract","polish (+ political word)"
"W4388991386","approach:ideational","abstract","ideational approach"
"W4388991386","approach:ideational","abstract","populism as a set of ideas"
"W4388991386","topic:democracy-institutions","title","authoritarian"
"W4388991386","country:united-states","title","united states"
"W4388991386","country:united-states","abstract","united states"
"W4388991386","country:united-states","abstract","us"
"W4388991386","country:brazil","title","brazil"
"W4388991386","country:brazil","abstract","brazil"
"W4388991386","country:brazil","abstract","brazilian (+ political word)"
"W4388991386","country:india","title","india"
"W4388991386","country:india","abstract","india"
"W4388991386","region:global","rule","three or more regions named: north-america, latin-america, asia-pacific"
"W4389050839","topic:democracy-institutions","abstract","democratic erosion"
"W4389050839","topic:democracy-institutions","abstract","democratic quality"
"W4389050839","method:quantitative","abstract","quantitative data"
"W4389058061","topic:religion","title","religious"
"W4389058061","topic:religion","title","religion"
"W4389058061","topic:religion","abstract","religion"
"W4389058061","topic:religion","abstract","religious"
"W4389058061","topic:religion","abstract","christianity"
"W4389058061","method:qualitative","title","discourse analysis"
"W4389058061","method:qualitative","abstract","critical discourse analysis"
"W4389058061","country:brazil","title","bolsonaro"
"W4389058061","country:brazil","title","lula"
"W4389058061","country:brazil","abstract","brazil"
"W4389058061","country:brazil","abstract","bolsonaro"
"W4389058061","country:brazil","abstract","lula"
"W4389058061","country:brazil","abstract","brazilian (+ political word)"
"W4389058061","region:latin-america","rule","from the country named"
"W4319788221","topic:international","title","european union"
"W4319788221","topic:international","abstract","european union"
"W4319788221","topic:international","abstract","eu"
"W4319788221","topic:parties","title","right wing populism"
"W4319788221","region:europe","title","european"
"W4319788221","region:europe","abstract","european"
"W4319788221","region:europe","abstract","eu"
"W4319920557","topic:parties","title","right wing populism"
"W4319920557","topic:parties","abstract","populist right"
"W4319920557","topic:parties","abstract","parties"
"W4319920557","topic:parties","abstract","party"
"W4319920557","topic:parties","abstract","party competition"
"W4319920557","topic:spatial","title","spatial"
"W4319920557","topic:spatial","abstract","spatial"
"W4319920557","country:turkey","title","turkey"
"W4319920557","country:turkey","title","akp"
"W4319920557","country:turkey","abstract","justice and development party"
"W4319920557","country:turkey","abstract","akp"
"W4319920557","country:turkey","abstract","turkish (+ political word)"
"W4319920557","region:europe","rule","from the country named"
"W4320168132","approach:discursive","abstract","discursive construction"
"W4320168132","topic:parties","title","right wing populism"
"W4320168132","topic:parties","abstract","parties"
"W4320168132","topic:parties","abstract","right wing populist"
"W4320168132","topic:gender","title","gender"
"W4320168132","topic:gender","abstract","gender"
"W4320168132","topic:gender","abstract","gendered"
"W4320168132","topic:religion","title","religion"
"W4320168132","topic:religion","title","secularity"
"W4320168132","topic:religion","abstract","religion"
"W4320168132","topic:religion","abstract","secularism"
"W4320168132","topic:religion","abstract","religious"
"W4320168132","topic:religion","abstract","secular"
"W4320168132","topic:religion","abstract","secularity"
"W4320168132","topic:religion","abstract","secularization"
"W4320168132","region:europe","title","europe"
"W4321093556","topic:religion","abstract","religion"
"W4321093556","topic:religion","abstract","hindu"
"W4321093556","topic:migration","title","migrant"
"W4321093556","topic:migration","abstract","migrants"
"W4321093556","topic:migration","abstract","migrant"
"W4321093556","topic:migration","abstract","migration"
"W4321225288","topic:international","abstract","transnational"
"W4321225288","topic:international","abstract","european integration"
"W4321225288","topic:international","abstract","euroscepticism"
"W4321225288","topic:parties","abstract","parties"
"W4321225288","topic:parties","abstract","party"
"W4321225288","topic:voters","abstract","attitudes"
"W4321225288","topic:voters","abstract","public opinion"
"W4321225288","topic:voters","abstract","voting behaviour"
"W4321225288","topic:voters","abstract","citizens"
"W4321225288","region:europe","title","europe"
"W4321225288","region:europe","abstract","western europe"
"W4321225288","region:europe","abstract","european"
"W4323544675","region:europe","title","european"
"W4323544748","topic:voters","abstract","citizens"
"W4323544748","topic:voters","abstract","attitudes"
"W4323544748","topic:voters","abstract","public opinion"
"W4323544748","topic:government","title","populists in power"
"W4323544748","topic:democracy-institutions","title","authoritarian"
"W4323544748","topic:democracy-institutions","abstract","authoritarian"
"W4323544748","topic:democracy-institutions","abstract","democratization"
"W4323544748","topic:democracy-institutions","abstract","autocratization"
"W4323544748","topic:democracy-institutions","abstract","illiberalism"
"W4323544748","method:survey","abstract","world values survey"
"W4323544748","country:indonesia","title","indonesia"
"W4323544748","country:philippines","title","philippines"
"W4323544748","region:asia-pacific","rule","from the country named"
"W4327863122","approach:discursive","abstract","discursive approach"
"W4327863122","topic:media-communication","abstract","rhetoric"
"W4327863122","method:qualitative","abstract","qualitative"
"W4327863122","country:turkey","title","erdogan"
"W4327863122","country:turkey","abstract","turkey"
"W4327863122","country:turkey","abstract","erdogan"
"W4327863122","country:united-states","abstract","us"
"W4327863122","country:united-states","abstract","trump"
"W4327863122","country:venezuela","title","chavez"
"W4327863122","country:venezuela","abstract","venezuela"
"W4327863122","country:venezuela","abstract","chavez"
"W4327863122","region:global","rule","three or more regions named: europe, north-america, latin-america"
"W4362585631","approach:ideational","abstract","host ideology"
"W4362585631","topic:parties","title","far right"
"W4362585631","topic:parties","abstract","far right"
"W4362585631","topic:parties","abstract","party"
"W4362585631","topic:parties","abstract","parties"
"W4362585631","topic:economy-welfare","title","neoliberal"
"W4362585631","topic:economy-welfare","abstract","neoliberalism"
"W4362585631","topic:economy-welfare","abstract","neoliberal"
"W4362585631","country:italy","title","italian (+ political word)"
"W4362585631","country:italy","abstract","lega"
"W4362585631","region:europe","rule","from the country named"
"W4363673119","topic:parties","title","right wing populist"
"W4363673119","topic:parties","abstract","right wing populist"
"W4363673119","topic:parties","abstract","parties"
"W4363673119","topic:parties","abstract","party"
"W4363673119","topic:parties","abstract","right wing populism"
"W4363673119","topic:parties","abstract","partisan"
"W4363673119","topic:parties","abstract","manifesto"
"W4363673119","topic:voters","abstract","voter"
"W4363673119","topic:voters","abstract","attitudes"
"W4363673119","topic:economy-welfare","title","welfare"
"W4363673119","topic:religion","abstract","christian"
"W4363673119","topic:religion","abstract","muslim"
"W4363673119","country:denmark","abstract","danish people s party"
"W4363673119","country:denmark","abstract","danish (+ political word)"
"W4363673119","region:europe","rule","from the country named"
"W4366487787","approach:discursive","abstract","populist logic"
"W4366487787","topic:parties","title","left wing populism"
"W4366487787","topic:parties","abstract","left wing populist"
"W4366487787","topic:parties","abstract","party"
"W4366487787","topic:parties","abstract","candidates"
"W4366487787","country:spain","abstract","podemos"
"W4366487787","country:spain","abstract","pablo iglesias"
"W4366487787","country:spain","abstract","spanish (+ political word)"
"W4366487787","region:europe","rule","from the country named"
"W4367181234","topic:defence-security","abstract","war"
"W4367181234","topic:defence-security","abstract","military"
"W4367181234","topic:international","abstract","international order"
"W4367181234","country:russia","title","russia"
"W4367181234","country:russia","abstract","russia"
"W4367181234","country:ukraine","title","ukraine"
"W4367181234","country:ukraine","abstract","ukraine"
"W4367181234","country:ukraine","abstract","zelensky"
"W4367181234","region:europe","rule","from the country named"
"W4367836060","topic:international","title","european parliament"
"W4367836060","topic:international","abstract","eurosceptic"
"W4367836060","topic:international","abstract","european parliament"
"W4367836060","topic:parties","title","radical right"
"W4367836060","topic:parties","title","parties"
"W4367836060","topic:parties","title","candidate"
"W4367836060","topic:parties","abstract","radical right"
"W4367836060","topic:parties","abstract","parties"
"W4367836060","topic:parties","abstract","party"
"W4367836060","topic:parties","abstract","candidate"
"W4367836060","topic:parties","abstract","candidates"
"W4367836060","topic:parties","abstract","social movements"
"W4367836060","method:qualitative","abstract","participant observation"
"W4367836060","method:qualitative","abstract","interviews"
"W4367836060","region:europe","title","european"
"W4367836060","region:europe","abstract","european"
"W4367836060","country:germany","title","afd"
"W4367836060","country:germany","abstract","germany"
"W4367836060","country:germany","abstract","alternative for germany"
"W4384343031","topic:parties","abstract","right wing populism"
"W4384343031","topic:economy-welfare","title","neoliberal"
"W4384343031","topic:economy-welfare","abstract","neoliberalism"
"W4384343031","topic:economy-welfare","abstract","neoliberal"
"W4384343031","topic:economy-welfare","abstract","globalization"
"W4384343031","topic:economy-welfare","abstract","welfare"
"W4384343031","country:netherlands","title","fortuyn"
"W4384343031","region:europe","rule","from the country named"
"W4385290105","topic:parties","title","populist politicians"
"W4385290105","topic:parties","abstract","parties"
"W4385290105","topic:voters","abstract","citizens"
"W4385290105","topic:voters","abstract","attitudes"
"W4385290105","topic:media-communication","title","facebook"
"W4385290105","topic:media-communication","title","media"
"W4385290105","topic:media-communication","abstract","social networking"
"W4385290105","topic:media-communication","abstract","rhetoric"
"W4385290105","topic:media-communication","abstract","media"
"W4385290105","topic:media-communication","abstract","communication"
"W4385290105","topic:media-communication","abstract","facebook"
"W4385290105","topic:migration","title","migration"
"W4385290105","topic:migration","abstract","migration"
"W4385663665","approach:discursive","abstract","discursive construction"
"W4385663665","topic:parties","title","parties"
"W4385663665","topic:parties","abstract","populist right"
"W4385663665","topic:parties","abstract","parties"
"W4385663665","topic:migration","title","migrants"
"W4385663665","topic:migration","title","anti immigration"
"W4385663665","topic:migration","abstract","immigration"
"W4385663665","topic:migration","abstract","migration"
"W4385663665","topic:migration","abstract","migrants"
"W4385663665","topic:migration","abstract","anti immigration"
"W4386845091","topic:international","title","euroscepticism"
"W4386845091","topic:international","abstract","eurosceptic"
"W4386845091","topic:international","abstract","european integration"
"W4386845091","topic:international","abstract","euroscepticism"
"W4386845091","topic:international","abstract","eu"
"W4386845091","topic:parties","abstract","parties"
"W4386845091","topic:parties","abstract","populist right"
"W4386845091","region:europe","title","european"
"W4386845091","region:europe","abstract","europe"
"W4386845091","region:europe","abstract","european"
"W4386845091","region:europe","abstract","eu"
"W4386845091","country:poland","title","polish (+ political word)"
"W4386845091","country:poland","abstract","poland"
"W4386845091","country:poland","abstract","polish (+ political word)"
"W4386852875","topic:parties","abstract","populist leadership"
"W4386852875","topic:government","title","populist rule"
"W4386852875","topic:government","abstract","populist rule"
"W4386852875","country:turkey","title","turkey"
"W4386852875","country:brazil","title","brazil"
"W4386852875","country:south-korea","title","south korea"
"W4386852875","region:global","rule","three or more regions named: europe, latin-america, asia-pacific"
"W4387937234","topic:parties","title","far right"
"W4387937234","topic:parties","abstract","far right"
"W4387937234","topic:media-communication","abstract","media"
"W4387937234","topic:democracy-institutions","abstract","liberal democracy"
"W4387937234","topic:democracy-institutions","abstract","illiberalism"
"W4388687823","topic:government","abstract","populist presidents"
"W4388687823","topic:democracy-institutions","abstract","populism and democracy"
"W4388687823","topic:democracy-institutions","abstract","democratic backsliding"
"W4388687823","region:latin-america","title","latin america"
"W4388851541","approach:discursive","abstract","discursive approach"
"W4388851541","method:qualitative","abstract","interviews"
"W4388851541","method:qualitative","abstract","interviewees"
"W4320495777","topic:voters","title","supporters"
"W4320495777","method:survey","abstract","survey research"
"W4320495777","country:brazil","abstract","bolsonaro"
"W4320495777","region:latin-america","rule","from the country named"
"W4321494494","topic:democracy-institutions","title","authoritarian"
"W4321494494","topic:democracy-institutions","abstract","authoritarian"
"W4321494494","topic:democracy-institutions","abstract","authoritarianism"
"W4321494494","country:tanzania","abstract","tanzania"
"W4321494494","country:tanzania","abstract","magufuli"
"W4321494494","region:sub-saharan-africa","rule","from the country named"
"W4322737833","approach:discursive","abstract","discursive constructions"
"W4322737833","approach:discursive","abstract","discursive construction"
"W4322737833","topic:media-communication","abstract","media"
"W4322737833","topic:media-communication","abstract","newspapers"
"W4322737833","method:qualitative","abstract","critical discourse analysis"
"W4323050091","topic:parties","title","right wing populist"
"W4323050091","topic:parties","abstract","right wing populists"
"W4323050091","topic:parties","abstract","right wing populist"
"W4323050091","method:qualitative","abstract","narrative analysis"
"W4323050091","country:germany","abstract","german (+ political word)"
"W4323050091","region:europe","rule","from the country named"
"W4327545617","approach:discursive","abstract","post structuralist"
"W4327545617","approach:discursive","abstract","discourse theorist"
"W4327545617","approach:discursive","abstract","laclau"
"W4327545617","approach:discursive","abstract","chains of equivalence"
"W4362699668","approach:performative","abstract","political style"
"W4362699668","topic:parties","title","partisanship"
"W4362699668","topic:parties","title","radical right"
"W4362699668","topic:parties","abstract","radical right"
"W4362699668","topic:parties","abstract","parties"
"W4362699668","topic:parties","abstract","partisanship"
"W4362699668","topic:parties","abstract","party"
"W4362699668","topic:parties","abstract","partisans"
"W4362699668","country:norway","title","norway"
"W4362699668","region:europe","rule","from the country named"
"W4362721848","topic:parties","abstract","populist politicians"
"W4362721848","topic:parties","abstract","candidates"
"W4362721848","topic:voters","title","citizens"
"W4362721848","topic:voters","abstract","populist attitudes"
"W4362721848","topic:voters","abstract","voters"
"W4362721848","topic:voters","abstract","citizens"
"W4362721848","topic:voters","abstract","respondents"
"W4362721848","method:survey","abstract","nationally representative"
"W4362721848","method:experiment","title","conjoint"
"W4362721848","method:experiment","abstract","conjoint"
"W4376144020","topic:voters","title","populist attitudes"
"W4376144020","topic:voters","title","citizens"
"W4376144020","topic:voters","abstract","citizens"
"W4376144020","topic:voters","abstract","populist attitudes"
"W4376144020","topic:voters","abstract","respondents"
"W4376144020","topic:media-communication","abstract","media"
"W4376144020","method:survey","abstract","national survey"
"W4376491275","topic:parties","title","party"
"W4376491275","topic:parties","abstract","parties"
"W4376491275","topic:parties","abstract","party"
"W4376491275","country:poland","title","poland"
"W4376491275","country:poland","title","law and justice"
"W4376491275","region:europe","rule","from the country named"
"W4379796578","topic:voters","title","populist attitudes"
"W4379796578","topic:voters","abstract","citizens"
"W4379796578","topic:voters","abstract","attitudes"
"W4379796578","topic:voters","abstract","populist attitudes"
"W4379796578","method:survey","abstract","original survey"
"W4380028466","approach:ideational","abstract","ideational framework"
"W4380028466","topic:parties","abstract","parties"
"W4380028466","topic:parties","abstract","party"
"W4380028466","topic:voters","abstract","voting behavior"
"W4380028466","topic:voters","abstract","voters"
"W4380028466","topic:voters","abstract","voter"
"W4380028466","region:europe","abstract","european"
"W4380028466","country:pakistan","title","pakistan"
"W4380028466","country:pakistan","abstract","pakistan"
"W4380028466","country:pakistan","abstract","pakistani (+ political word)"
"W4380028466","region:asia-pacific","rule","from the country named"
"W4380263705","topic:parties","abstract","parties"
"W4380263705","topic:voters","abstract","citizens"
"W4380263705","topic:voters","abstract","voters"
"W4380263705","topic:economy-welfare","title","economy"
"W4380263705","topic:economy-welfare","title","economic"
"W4380263705","topic:economy-welfare","title","inequality"
"W4380263705","topic:economy-welfare","abstract","economic"
"W4380263705","topic:economy-welfare","abstract","inequality"
"W4380263705","topic:economy-welfare","abstract","redistributive"
"W4380263705","topic:economy-welfare","abstract","economy"
"W4380322397","approach:discursive","abstract","discourse theory"
"W4380322397","approach:discursive","abstract","laclau"
"W4380322397","topic:defence-security","title","war"
"W4380322397","topic:defence-security","abstract","war"
"W4380322397","topic:defence-security","abstract","international conflicts"
"W4380322397","topic:media-communication","abstract","journalists"
"W4380322397","topic:media-communication","abstract","media"
"W4380322397","topic:media-communication","abstract","communication"
"W4380322397","topic:media-communication","abstract","rhetoric"
"W4380322397","topic:media-communication","abstract","journalism"
"W4380322397","topic:media-communication","abstract","propaganda"
"W4380322397","method:qualitative","abstract","discourse analysis"
"W4380322397","country:russia","abstract","russia"
"W4380322397","country:ukraine","title","ukraine"
"W4380322397","country:ukraine","abstract","ukraine"
"W4380322397","country:ukraine","abstract","zelensky"
"W4380322397","country:ukraine","abstract","ukrainian (+ political word)"
"W4380322397","region:europe","rule","from the country named"
"W4380789937","topic:parties","abstract","far right"
"W4380789937","topic:media-communication","title","media"
"W4380789937","topic:media-communication","title","propaganda"
"W4380789937","topic:media-communication","abstract","media"
"W4380789937","topic:media-communication","abstract","communication"
"W4380789937","country:brazil","title","brazil"
"W4380789937","country:brazil","abstract","brazil"
"W4380789937","region:latin-america","rule","from the country named"
"W4381928994","approach:ideational","abstract","ideational approach"
"W4381928994","topic:parties","abstract","right wing populism"
"W4381928994","topic:parties","abstract","populist movements"
"W4381928994","topic:religion","abstract","islamic"
"W4381928994","topic:religion","abstract","muslim"
"W4381928994","topic:religion","abstract","islam"
"W4381928994","method:qualitative","abstract","qualitative"
"W4381928994","country:indonesia","title","indonesia"
"W4381928994","country:indonesia","abstract","indonesia"
"W4381928994","region:asia-pacific","rule","from the country named"
"W4385562396","approach:political-strategic","abstract","political strategic"
"W4385562396","topic:media-communication","abstract","newspapers"
"W4385562396","topic:media-communication","abstract","media"
"W4385562396","country:taiwan","title","taiwan"
"W4385562396","country:taiwan","abstract","taiwan"
"W4385562396","country:taiwan","abstract","taiwanese (+ political word)"
"W4385562396","region:asia-pacific","rule","from the country named"
"W4385837662","approach:economic","abstract","economic populism"
"W4385837662","topic:parties","title","radical right"
"W4385837662","topic:parties","abstract","radical right"
"W4385837662","topic:parties","abstract","parties"
"W4385837662","topic:voters","title","voter"
"W4385837662","topic:voters","title","attitudes"
"W4385837662","topic:voters","abstract","demand side"
"W4385837662","topic:voters","abstract","attitudes"
"W4385837662","topic:economy-welfare","title","economic"
"W4385837662","topic:economy-welfare","title","globalization"
"W4385837662","topic:economy-welfare","abstract","welfare"
"W4385837662","topic:economy-welfare","abstract","redistribution"
"W4385837662","topic:economy-welfare","abstract","international trade"
"W4385837662","topic:economy-welfare","abstract","economic"
"W4385837662","topic:economy-welfare","abstract","globalization"
"W4385837662","method:survey","abstract","cross national survey"
"W4385837662","region:europe","title","western europe"
"W4385837662","region:europe","abstract","western europe"
"W4385837662","region:europe","abstract","european"
"W4385837662","country:united-states","title","united states"
"W4385837662","country:united-states","abstract","united states"
"W4385837662","region:north-america","rule","from the country named"
"W4386244789","topic:gender","title","masculinity"
"W4386244789","topic:gender","abstract","gender"
"W4386244789","topic:gender","abstract","women"
"W4386244789","topic:gender","abstract","feminism"
"W4386244789","topic:migration","abstract","immigrant"
"W4386244789","topic:migration","abstract","migration"
"W4386394864","topic:parties","abstract","parties"
"W4386394864","method:quantitative","abstract","logit"
"W4386541205","topic:parties","title","parties"
"W4386541205","topic:parties","title","party"
"W4386541205","topic:parties","title","partisan"
"W4386541205","topic:parties","abstract","radical right"
"W4386541205","topic:parties","abstract","parties"
"W4386541205","topic:parties","abstract","partisan"
"W4386541205","topic:parties","abstract","party"
"W4386541205","topic:voters","title","populist attitudes"
"W4386541205","topic:voters","abstract","populist attitudes"
"W4386541205","topic:voters","abstract","voting behavior"
"W4386541205","topic:voters","abstract","support for populist"
"W4386541205","topic:voters","abstract","voters"
"W4386541205","topic:voters","abstract","citizens"
"W4386541205","method:experiment","abstract","experimental data"
"W4386750413","topic:parties","title","right wing populism"
"W4386750413","topic:parties","abstract","party"
"W4386750413","topic:parties","abstract","parties"
"W4386750413","topic:economy-welfare","abstract","economic"
"W4386750413","country:turkey","title","turkey"
"W4386750413","country:turkey","abstract","turkey"
"W4386750413","country:turkey","abstract","erdogan"
"W4386750413","country:turkey","abstract","akp"
"W4386750413","region:europe","rule","from the country named"
"W4386897826","topic:voters","abstract","citizens"
"W4386897826","topic:media-communication","title","media"
"W4386897826","topic:media-communication","abstract","media"
"W4386897826","topic:media-communication","abstract","communication"
"W4386897826","topic:media-communication","abstract","disinformation"
"W4386897826","topic:media-communication","abstract","fake news"
"W4387332718","approach:other","abstract","conceptualization of populism"
"W4387332718","topic:international","abstract","international law"
"W4387332718","topic:international","abstract","supranational"
"W4387332718","topic:democracy-institutions","title","rule of law"
"W4387332718","topic:democracy-institutions","title","authoritarianism"
"W4387332718","topic:democracy-institutions","abstract","rule of law"
"W4387332718","topic:democracy-institutions","abstract","courts"
"W4387332718","topic:democracy-institutions","abstract","authoritarian"
"W4387332718","method:qualitative","abstract","discourse analysis"
"W4387332718","country:hungary","title","hungary"
"W4387332718","country:hungary","abstract","hungary"
"W4387332718","country:poland","title","poland"
"W4387332718","country:poland","abstract","poland"
"W4387332718","region:europe","rule","from the country named"
"W4387453883","topic:international","title","euroscepticism"
"W4387453883","topic:spatial","title","geographical"
"W4387453883","topic:economy-welfare","abstract","economic"
"W4387453883","topic:economy-welfare","abstract","globalisation"
"W4387453883","topic:economy-welfare","abstract","eurozone crisis"
"W4387453883","region:europe","abstract","western european"
"W4387453883","region:europe","abstract","eastern europe"
"W4387453883","region:europe","abstract","southern european"
"W4388182954","topic:parties","title","populist leaders"
"W4388182954","topic:economy-welfare","title","economic"
"W4388182954","region:europe","title","eastern european"
"W4388453135","topic:international","abstract","transnational"
"W4388453135","topic:international","abstract","eu"
"W4388453135","topic:parties","abstract","parties"
"W4388453135","topic:parties","abstract","populist left"
"W4388453135","topic:parties","abstract","populist right"
"W4388453135","topic:economy-welfare","title","economy"
"W4388453135","topic:economy-welfare","abstract","economic"
"W4388453135","topic:economy-welfare","abstract","neoliberal"
"W4388453135","topic:economy-welfare","abstract","euro crisis"
"W4388453135","topic:economy-welfare","abstract","fiscal"
"W4388453135","region:europe","abstract","southern europe"
"W4388453135","region:europe","abstract","northern europe"
"W4388453135","region:europe","abstract","eu"
"W4390205423","topic:parties","abstract","right wing populism"
"W4390205423","topic:parties","abstract","far right"
"W4390205423","topic:media-communication","title","framing"
"W4390205423","topic:media-communication","title","media"
"W4390205423","topic:media-communication","abstract","frames"
"W4390205423","topic:media-communication","abstract","media"
"W4390403745","topic:parties","title","radical right"
"W4390403745","topic:parties","title","parties"
"W4390403745","topic:parties","abstract","radical right"
"W4390403745","topic:parties","abstract","parties"
"W4390403745","topic:parties","abstract","party"
"W4390403745","topic:parties","abstract","manifestos"
"W4390403745","topic:parties","abstract","party system"
"W4390403745","topic:economy-welfare","title","welfare"
"W4390403745","topic:economy-welfare","abstract","welfare"
"W4390403745","region:europe","title","western europe"
"W4390403745","region:europe","abstract","european"
"W4390403745","region:europe","abstract","western european"
"W4390450021","todo:check-record","rule","the registry writes the names in capitals (ÇAKMAKLI, DEMİRALP, and GÜNEŞ): to be corrected in Zotero by hand"
"W4390450021","topic:media-communication","title","rhetoric"
"W4392822876","topic:parties","abstract","far right"
"W4392822876","topic:gender","abstract","masculinity"
"W4392822876","topic:gender","abstract","gender"
"W4392822876","country:united-states","title","maga"
"W4392822876","country:united-states","abstract","usa"
"W4392822876","country:united-states","abstract","trump"
"W4392822876","country:united-states","abstract","maga"
"W4392822876","region:north-america","rule","from the country named"
"W4318993697","topic:parties","abstract","right wing populism"
"W4318993697","topic:migration","title","asylum"
"W4318993697","topic:migration","abstract","anti immigration"
"W4318993697","topic:migration","abstract","asylum"
"W4318993697","method:survey","abstract","survey data"
"W4321374147","country:sri-lanka","title","sri lanka"
"W4321374147","country:sri-lanka","abstract","sri (+ political word)"
"W4321374147","region:asia-pacific","rule","from the country named"
"W4323313716","approach:performative","abstract","performative"
"W4323313716","topic:parties","abstract","candidates"
"W4323313716","topic:media-communication","abstract","tweets"
"W4323313716","topic:media-communication","abstract","social network"
"W4323313716","country:bolivia","title","bolivia"
"W4323313716","country:colombia","title","colombia"
"W4323313716","country:ecuador","title","ecuador"
"W4323313716","country:peru","title","peru"
"W4323313716","region:latin-america","rule","from the country named"
"W4327863132","topic:democracy-institutions","abstract","court"
"W4327863132","topic:democracy-institutions","abstract","constitutional"
"W4327863132","country:mexico","title","mexico"
"W4327863132","country:mexico","title","amlo"
"W4327863132","country:mexico","abstract","mexico"
"W4327863132","country:mexico","abstract","lopez obrador"
"W4327863132","country:mexico","abstract","amlo"
"W4327863132","region:latin-america","rule","from the country named"
"W4362510386","approach:ideational","abstract","ideational definition"
"W4362510386","approach:ideational","abstract","thick ideologies"
"W4362510386","approach:measurement","abstract","operationalising populism"
"W4362510386","topic:voters","title","populist attitudes"
"W4362510386","topic:economy-welfare","abstract","economic"
"W4362510386","method:quantitative","abstract","regression"
"W4362510386","method:survey","abstract","survey data"
"W4362510386","country:croatia","title","croatia"
"W4362510386","country:croatia","abstract","croatia"
"W4362510386","region:europe","rule","from the country named"
"W4366518164","topic:parties","abstract","partisans"
"W4366518164","topic:parties","abstract","party"
"W4366518164","topic:parties","abstract","party system"
"W4366518164","topic:parties","abstract","parties"
"W4366518164","topic:voters","abstract","voting behavior"
"W4366518164","topic:voters","abstract","voters"
"W4366518164","topic:media-communication","abstract","rhetoric"
"W4366518164","topic:democracy-institutions","title","liberal democracy"
"W4366518164","topic:democracy-institutions","abstract","liberal democracy"
"W4366518164","topic:democracy-institutions","abstract","illiberalism"
"W4366518164","topic:democracy-institutions","abstract","illiberal"
"W4366518164","method:qualitative","abstract","interviews"
"W4366827261","topic:parties","title","right wing populism"
"W4366827261","topic:voters","abstract","attitudes"
"W4366827261","method:survey","abstract","online surveys"
"W4366827261","country:germany","title","germany"
"W4366827261","country:switzerland","title","switzerland"
"W4366827261","region:europe","rule","from the country named"
"W4367054458","topic:parties","title","populist right"
"W4367054458","topic:parties","abstract","populist right"
"W4367054458","topic:economy-welfare","title","neoliberal"
"W4367054458","topic:economy-welfare","abstract","economic"
"W4367054458","topic:economy-welfare","abstract","neoliberalism"
"W4367054458","topic:economy-welfare","abstract","neoliberal"
"W4379161069","approach:performative","abstract","performative"
"W4379161069","topic:parties","abstract","far right"
"W4379161069","topic:media-communication","title","media"
"W4379161069","topic:media-communication","abstract","communication"
"W4379161069","topic:media-communication","abstract","media"
"W4379161069","country:germany","title","german (+ political word)"
"W4379161069","region:europe","rule","from the country named"
"W4381144425","approach:other","title","different approaches"
"W4381144425","topic:parties","abstract","parties"
"W4381144425","topic:parties","abstract","party"
"W4381144425","topic:parties","abstract","manifestos"
"W4381144425","topic:parties","abstract","radical right"
"W4381144425","topic:parties","abstract","radical left"
"W4381144425","region:europe","title","europe"
"W4385720322","topic:parties","abstract","parties"
"W4385720322","topic:voters","title","populist attitudes"
"W4385720322","topic:voters","title","voter"
"W4385720322","topic:voters","title","public opinion"
"W4385720322","topic:voters","abstract","support for populist"
"W4385720322","topic:voters","abstract","populist attitudes"
"W4385720322","topic:voters","abstract","vote choice"
"W4385720322","method:survey","abstract","nationally representative"
"W4385720322","country:australia","title","australian (+ political word)"
"W4385720322","region:asia-pacific","rule","from the country named"
"W4386035467","topic:international","abstract","transnational"
"W4386035467","topic:economy-welfare","title","globalization"
"W4386035467","topic:economy-welfare","abstract","globalization"
"W4386035467","method:survey","abstract","world values survey"
"W4386590265","topic:parties","title","right wing populist"
"W4386590265","topic:parties","abstract","right wing populist"
"W4386590265","topic:parties","abstract","right wing populism"
"W4386590265","topic:government","abstract","populist governance"
"W4386590265","topic:government","abstract","populist rule"
"W4386590265","topic:democracy-institutions","title","authoritarian"
"W4386590265","topic:democracy-institutions","abstract","authoritarian"
"W4386590265","topic:democracy-institutions","abstract","authoritarianism"
"W4386707862","topic:parties","abstract","manifestos"
"W4386707862","topic:parties","abstract","radical right"
"W4386707862","topic:parties","abstract","radical left"
"W4386707862","topic:parties","abstract","parties"
"W4386707862","topic:democracy-institutions","abstract","liberal democracy"
"W4386707862","topic:democracy-institutions","abstract","constitutional"
"W4386707862","topic:democracy-institutions","abstract","populism and democracy"
"W4386916620","topic:parties","title","populist politicians"
"W4386916620","topic:parties","abstract","party leaders"
"W4386916620","topic:parties","abstract","party"
"W4386916620","topic:media-communication","title","communication"
"W4386916620","topic:media-communication","title","facebook"
"W4386916620","topic:media-communication","abstract","social networking"
"W4386916620","topic:media-communication","abstract","communication"
"W4386916620","topic:media-communication","abstract","media"
"W4386916620","topic:media-communication","abstract","facebook"
"W4387131971","topic:international","abstract","eu"
"W4387131971","topic:international","abstract","european union"
"W4387131971","topic:gender","title","gender"
"W4387131971","topic:gender","abstract","gender"
"W4387131971","topic:gender","abstract","feminism"
"W4387131971","topic:gender","abstract","women"
"W4387131971","topic:religion","title","religion"
"W4387131971","topic:religion","abstract","religion"
"W4387131971","topic:religion","abstract","christian"
"W4387131971","topic:religion","abstract","religions"
"W4387131971","topic:religion","abstract","religious"
"W4387131971","region:europe","abstract","european"
"W4387131971","region:europe","abstract","eu"
"W4387164761","topic:parties","title","partisan"
"W4387164761","topic:media-communication","title","media"
"W4387164761","topic:media-communication","abstract","media"
"W4387164761","method:survey","abstract","american national election studies"
"W4387164761","country:united-states","title","us"
"W4387164761","country:united-states","abstract","us"
"W4387164761","country:united-states","abstract","american (+ political word)"
"W4387164761","region:north-america","rule","from the country named"
"W4387459528","topic:migration","title","refugee"
"W4387459528","topic:migration","abstract","refugee"
"W4387459528","topic:migration","abstract","migration"
"W4387459528","topic:migration","abstract","refugees"
"W4387738035","topic:parties","abstract","radical right"
"W4387738035","topic:parties","abstract","parties"
"W4387738035","topic:parties","abstract","party"
"W4387738035","topic:voters","abstract","electorate"
"W4387738035","topic:voters","abstract","voters"
"W4387738035","topic:economy-welfare","title","free trade"
"W4387738035","topic:economy-welfare","title","protectionism"
"W4387738035","topic:economy-welfare","title","trade policy"
"W4387738035","topic:economy-welfare","abstract","economic"
"W4387738035","topic:economy-welfare","abstract","globalization"
"W4387738035","topic:economy-welfare","abstract","protectionism"
"W4387738035","topic:economy-welfare","abstract","trade policies"
"W4387738035","topic:economy-welfare","abstract","tariff"
"W4387738035","topic:economy-welfare","abstract","tariffs"
"W4387738035","topic:economy-welfare","abstract","trade policy"
"W4387738035","topic:economy-welfare","abstract","protectionist"
"W4387738035","topic:migration","title","nativist"
"W4387738035","topic:migration","abstract","nativist"
"W4387738035","topic:migration","abstract","nativism"
"W4387738035","country:sweden","title","sweden"
"W4387738035","country:sweden","title","sweden democrats"
"W4387738035","country:sweden","abstract","sweden"
"W4387738035","country:sweden","abstract","sweden democrats"
"W4387738035","country:sweden","abstract","swedish (+ political word)"
"W4387738035","region:europe","rule","from the country named"
"W4387740207","topic:parties","title","party"
"W4387740207","topic:economy-welfare","title","economic"
"W4387740207","topic:economy-welfare","abstract","globalization"
"W4387740207","topic:economy-welfare","abstract","economy"
"W4387740207","topic:economy-welfare","abstract","economic"
"W4387740207","topic:migration","abstract","migration"
"W4387740207","topic:migration","abstract","migracion"
"W4387740207","topic:migration","abstract","immigration"
"W4387740207","method:quantitative","abstract","panel data"
"W4387740207","method:quantitative","abstract","quantitative analysis"
"W4387740207","country:bolivia","abstract","bolivia"
"W4387740207","country:bolivia","abstract","evo morales"
"W4387740207","region:latin-america","rule","from the country named"
"W4388827806","topic:defence-security","title","military"
"W4388827806","topic:defence-security","abstract","military"
"W4388827806","topic:parties","abstract","populist leaders"
"W4388827806","topic:parties","abstract","populist politicians"
"W4388827806","country:israel","title","israel"
"W4388827806","country:israel","abstract","israel"
"W4388827806","country:israel","abstract","netanyahu"
"W4388827806","country:israel","abstract","israeli (+ political word)"
"W4388827806","region:mena","rule","from the country named"
"W4388939473","topic:parties","abstract","right wing populism"
"W4388939473","topic:parties","abstract","right wing populist"
"W4388939473","topic:media-communication","title","disinformation"
"W4388939473","topic:media-communication","abstract","disinformation"
"W4388939473","method:mixed","abstract","mixed methods"
"W4388946106","country:france","abstract","le pen"
"W4388946106","country:france","abstract","french (+ political word)"
"W4388946106","region:europe","rule","from the country named"
"W4388999752","approach:discursive","abstract","discursively construct"
"W4388999752","topic:parties","title","parties"
"W4388999752","topic:parties","abstract","parties"
"W4388999752","topic:parties","abstract","radical right"
"W4388999752","topic:parties","abstract","populist leaders"
"W4388999752","topic:parties","abstract","political leaders"
"W4388999752","topic:parties","abstract","party leaders"
"W4388999752","topic:parties","abstract","far right"
"W4388999752","topic:migration","title","migration"
"W4388999752","country:australia","title","australia"
"W4388999752","country:australia","abstract","australia"
"W4388999752","country:australia","abstract","australian (+ political word)"
"W4388999752","region:asia-pacific","rule","from the country named"
"W4389203211","topic:parties","title","right wing populist"
"W4389203211","topic:parties","abstract","right wing populist"
"W4389203211","topic:parties","abstract","parties"
"W4389203211","topic:parties","abstract","party"
"W4389203211","topic:economy-welfare","title","redistribute"
"W4389203211","topic:economy-welfare","abstract","redistribution"
"W4389203211","country:poland","title","poland"
"W4389203211","country:poland","abstract","poland"
"W4389203211","country:poland","abstract","pis"
"W4389203211","region:europe","rule","from the country named"
"W4389570311","topic:voters","title","attitudes"
"W4389570311","topic:voters","abstract","attitudes"
"W4389570311","topic:voters","abstract","populist attitudes"
"W4389570311","region:europe","title","western europe"
"W4389570311","region:north-america","title","north america"
"W4389624130","approach:discursive","abstract","populist logic"
"W4389624130","approach:discursive","abstract","discourse theoretic"
"W4389624130","topic:democracy-institutions","title","authoritarian"
"W4389624130","topic:democracy-institutions","abstract","authoritarian"
"W4389624130","topic:democracy-institutions","abstract","liberal democracy"
"W4389624130","country:tanzania","title","tanzania"
"W4389624130","country:zimbabwe","title","zimbabwe"
"W4389624130","region:sub-saharan-africa","rule","from the country named"
"W4389732121","topic:parties","title","parties"
"W4389732121","topic:parties","abstract","parties"
"W4389732121","region:europe","title","europe"
"W4389732121","region:europe","abstract","europe"
"W4390344482","topic:parties","abstract","right wing populism"
"W4390344482","topic:parties","abstract","party"
"W4390344482","topic:parties","abstract","right wing populist"
"W4390344482","topic:voters","title","support for populism"
"W4390344482","topic:voters","abstract","support for populism"
"W4390344482","topic:voters","abstract","respondents"
"W4390344482","topic:democracy-institutions","title","authoritarianism"
"W4390344482","country:united-states","abstract","tea party"
"W4390344482","country:united-states","abstract","trump"
"W4390344482","country:united-states","abstract","american (+ political word)"
"W4390344482","region:north-america","rule","from the country named"
"W4390444243","topic:international","title","european union"
"W4390444243","topic:international","title","euroscepticism"
"W4390444243","topic:international","abstract","eurosceptic"
"W4390444243","topic:international","abstract","european union"
"W4390444243","topic:international","abstract","euroscepticism"
"W4390444243","topic:voters","abstract","citizens"
"W4390444243","topic:media-communication","abstract","rhetoric"
"W4390444243","region:europe","title","european"
"W4390444243","region:europe","title","europe"
"W4390444243","region:europe","abstract","european"
"W4390444243","region:europe","abstract","eastern europe"
"W4390444243","country:poland","title","polish (+ political word)"
"W4390444243","country:poland","abstract","poland"
"W4400299380","topic:parties","title","parties"
"W4400299380","topic:parties","abstract","parties"
"W4400299380","topic:parties","abstract","populist left"
"W4400299380","topic:parties","abstract","populist right"
"W4400299380","method:qualitative","abstract","discourse analysis"
"W4400299380","method:qta","abstract","dictionary based"
"W4400299380","country:spain","title","spain"
"W4400299380","country:spain","title","podemos"
"W4400299380","country:spain","title","vox"
"W4400299380","country:spain","abstract","podemos"
"W4400299380","country:spain","abstract","vox"
"W4400299380","country:spain","abstract","spanish (+ political word)"
"W4400299380","region:europe","rule","from the country named"
"W4317634154","topic:parties","abstract","far right"
"W4317634154","topic:parties","abstract","parties"
"W4317634154","topic:parties","abstract","populist leaders"
"W4319080261","topic:parties","abstract","populist leaders"
"W4319080261","topic:voters","abstract","citizens"
"W4319080261","topic:democracy-institutions","abstract","authoritarian"
"W4319080261","topic:democracy-institutions","abstract","authoritarianism"
"W4319828025","topic:parties","title","right wing populism"
"W4319828025","topic:parties","abstract","radical right"
"W4319828025","topic:parties","abstract","parties"
"W4319828025","country:austria","title","austria"
"W4319828025","country:austria","abstract","austria"
"W4319828025","country:austria","abstract","fpo"
"W4319828025","country:italy","title","italy"
"W4319828025","country:switzerland","title","switzerland"
"W4319828025","country:switzerland","abstract","switzerland"
"W4319828025","country:switzerland","abstract","svp"
"W4319828025","region:europe","rule","from the country named"
"W4319862435","country:united-states","abstract","united states"
"W4319862435","country:united-states","abstract","maga"
"W4319862435","region:north-america","rule","from the country named"
"W4320039029","topic:parties","title","radical left"
"W4320039029","topic:parties","title","parties"
"W4320039029","topic:parties","abstract","radical left"
"W4320039029","topic:parties","abstract","parties"
"W4320039029","topic:parties","abstract","left wing populists"
"W4320039029","topic:parties","abstract","party system"
"W4320039029","topic:parties","abstract","left wing populist"
"W4320039029","topic:voters","abstract","voters"
"W4320039029","topic:economy-welfare","abstract","economic crisis"
"W4320039029","topic:economy-welfare","abstract","neoliberalism"
"W4320039029","topic:economy-welfare","abstract","labor market"
"W4320917421","topic:parties","abstract","party"
"W4320917421","topic:parties","abstract","political leaders"
"W4320917421","topic:parties","abstract","social movements"
"W4320917421","topic:democracy-institutions","abstract","constitution"
"W4320917421","topic:democracy-institutions","abstract","constitutional"
"W4320917421","method:qualitative","abstract","discourse analysis"
"W4320917421","method:qualitative","abstract","interviews"
"W4320917421","country:chile","title","chile"
"W4320917421","country:chile","abstract","chile"
"W4320917421","region:latin-america","rule","from the country named"
"W4322625169","topic:parties","abstract","populist actors"
"W4322625169","topic:parties","abstract","populist politicians"
"W4322625169","topic:parties","abstract","party leaders"
"W4322625169","topic:parties","abstract","party"
"W4322625169","topic:parties","abstract","manifestos"
"W4322625169","topic:parties","abstract","parties"
"W4322625169","topic:media-communication","abstract","rhetoric"
"W4322625169","topic:media-communication","abstract","communication"
"W4322625169","topic:media-communication","abstract","media"
"W4322625169","country:czech-republic","title","czech (+ political word)"
"W4322625169","country:czech-republic","abstract","czech (+ political word)"
"W4322625169","region:europe","rule","from the country named"
"W4327861058","approach:ideational","abstract","ideational approach"
"W4327861058","approach:ideational","abstract","ideational approaches"
"W4327861058","approach:performative","abstract","political style"
"W4361282468","topic:economy-welfare","abstract","neoliberal"
"W4361282468","topic:economy-welfare","abstract","globalization"
"W4361282468","topic:economy-welfare","abstract","inequality"
"W4362523363","approach:measurement","title","populist attitudes scale"
"W4362523363","approach:measurement","abstract","populist attitudes scale"
"W4362523363","approach:measurement","abstract","measuring populist"
"W4362523363","topic:voters","title","populist attitudes"
"W4362523363","topic:voters","abstract","citizens"
"W4362523363","topic:voters","abstract","populist attitudes"
"W4362523363","country:portugal","abstract","portugal"
"W4362523363","country:portugal","abstract","portuguese (+ political word)"
"W4362523363","region:europe","rule","from the country named"
"W4366123743","topic:parties","abstract","populist leaders"
"W4366123743","topic:parties","abstract","parties"
"W4366123743","topic:parties","abstract","populist leader"
"W4366123743","region:europe","abstract","european"
"W4366123743","region:europe","abstract","europe"
"W4366123743","country:brazil","title","bolsonaro"
"W4366123743","country:brazil","abstract","bolsonaro"
"W4366123743","country:brazil","abstract","brazilian (+ political word)"
"W4366123743","region:latin-america","rule","from the country named"
"W4366826395","approach:ideational","abstract","ideational approach"
"W4366826395","topic:parties","abstract","party"
"W4366826395","topic:parties","abstract","party systems"
"W4366826395","topic:parties","abstract","parties"
"W4366826395","topic:religion","title","islamist"
"W4366826395","topic:religion","abstract","islamism"
"W4366826395","topic:religion","abstract","islamist"
"W4366826395","topic:religion","abstract","islamic"
"W4366826395","region:mena","title","mena"
"W4366826395","region:mena","abstract","middle east"
"W4366826395","region:mena","abstract","north africa"
"W4366826395","region:mena","abstract","mena"
"W4366826395","country:turkey","abstract","justice and development party"
"W4366826395","country:turkey","abstract","akp"
"W4366826395","country:turkey","abstract","erdogan"
"W4366826395","region:europe","rule","from the country named"
"W4376273025","topic:democracy-institutions","abstract","illiberal"
"W4376273025","topic:democracy-institutions","abstract","authoritarian"
"W4382139004","approach:performative","abstract","bad manners"
"W4382139004","topic:parties","title","parties"
"W4382139004","topic:parties","abstract","parties"
"W4382139004","topic:parties","abstract","right wing populist"
"W4382139004","topic:parties","abstract","left wing populism"
"W4382139004","topic:parties","abstract","manifesto"
"W4382139004","topic:media-communication","title","communication"
"W4382139004","topic:media-communication","abstract","communication"
"W4382139004","country:ireland","title","ireland"
"W4382139004","country:ireland","abstract","ireland"
"W4382139004","country:ireland","abstract","sinn fein"
"W4382139004","country:united-kingdom","title","northern ireland"
"W4382139004","country:united-kingdom","abstract","northern ireland"
"W4382139004","region:europe","rule","from the country named"
"W4382986565","topic:media-communication","title","media"
"W4382986565","topic:media-communication","abstract","media"
"W4382986565","topic:media-communication","abstract","journalists"
"W4382986565","topic:media-communication","abstract","misinformation"
"W4382986565","topic:democracy-institutions","abstract","authoritarian"
"W4382986565","topic:democracy-institutions","abstract","democratic institutions"
"W4382986565","method:qualitative","abstract","interviews"
"W4382986565","country:tunisia","title","tunisia"
"W4382986565","country:tunisia","abstract","tunisia"
"W4382986565","region:mena","rule","from the country named"
"W4383375076","approach:ideational","abstract","host ideology"
"W4383375076","topic:parties","title","left wing populist"
"W4383375076","topic:parties","title","parties"
"W4383375076","topic:parties","abstract","parties"
"W4383375076","topic:parties","abstract","far right"
"W4383375076","topic:parties","abstract","right wing populist"
"W4383375076","method:qualitative","title","critical discourse analysis"
"W4383375076","region:europe","title","europe"
"W4385249021","approach:ideational","abstract","ideational theory"
"W4385249021","topic:parties","abstract","social movements"
"W4385249021","topic:parties","abstract","parties"
"W4385249021","topic:voters","title","populist attitudes"
"W4385249021","topic:voters","abstract","populist attitudes"
"W4385249021","topic:voters","abstract","demand side"
"W4385249021","topic:voters","abstract","attitudes"
"W4385249021","topic:voters","abstract","support for populists"
"W4385249021","topic:media-communication","abstract","rhetoric"
"W4385249021","method:survey","abstract","world values survey"
"W4385249021","region:europe","abstract","europe"
"W4385249021","region:europe","abstract","european"
"W4385249021","country:kyrgyzstan","title","kyrgyzstan"
"W4385249021","country:kyrgyzstan","abstract","kyrgyzstan"
"W4385249021","region:asia-pacific","rule","from the country named"
"W4385576779","topic:international","abstract","european union"
"W4385576779","topic:international","abstract","eu"
"W4385576779","topic:voters","abstract","attitudes"
"W4385576779","topic:economy-welfare","title","economic"
"W4385576779","topic:economy-welfare","abstract","economic"
"W4385576779","topic:democracy-institutions","title","authoritarian"
"W4385576779","topic:democracy-institutions","abstract","authoritarianism"
"W4385576779","topic:democracy-institutions","abstract","authoritarian"
"W4385576779","method:survey","abstract","european social survey"
"W4385576779","region:europe","abstract","european"
"W4385576779","region:europe","abstract","eu"
"W4385797409","topic:parties","abstract","radical right"
"W4385797409","topic:parties","abstract","far right"
"W4385980081","topic:media-communication","title","propaganda"
"W4385980081","topic:media-communication","abstract","propaganda"
"W4385980081","topic:media-communication","abstract","communication"
"W4385980081","topic:democracy-institutions","title","authoritarian"
"W4385980081","topic:democracy-institutions","abstract","authoritarian"
"W4385980081","country:russia","title","russia"
"W4385980081","country:russia","title","putin"
"W4385980081","country:russia","abstract","russia"
"W4385980081","country:russia","abstract","kremlin"
"W4385980081","country:united-states","abstract","united states"
"W4385980081","country:united-states","abstract","us"
"W4385980081","region:europe","rule","from the country named"
"W4385980081","region:north-america","rule","from the country named"
"W4385996331","topic:international","title","european parliament"
"W4385996331","topic:international","abstract","european parliament"
"W4385996331","topic:international","abstract","eu"
"W4385996331","topic:parties","title","radical right"
"W4385996331","topic:parties","abstract","radical right"
"W4385996331","topic:parties","abstract","parties"
"W4385996331","topic:parties","abstract","party"
"W4385996331","topic:voters","title","voting behavior"
"W4385996331","topic:voters","abstract","voting behavior"
"W4385996331","topic:voters","abstract","electoral support"
"W4385996331","topic:voters","abstract","voters"
"W4385996331","topic:media-communication","abstract","media"
"W4385996331","region:europe","title","european"
"W4385996331","region:europe","abstract","european"
"W4385996331","region:europe","abstract","eu"
"W4386423465","topic:parties","abstract","parties"
"W4386423465","topic:parties","abstract","candidates"
"W4386423465","topic:voters","title","populist attitudes"
"W4386423465","topic:voters","title","voting behavior"
"W4386423465","topic:voters","abstract","public opinion"
"W4386423465","topic:voters","abstract","attitudes"
"W4386423465","topic:voters","abstract","populist attitudes"
"W4386423465","region:mena","abstract","middle east"
"W4386423465","region:mena","abstract","north africa"
"W4386423465","region:mena","abstract","arab"
"W4386423465","country:tunisia","title","tunisia"
"W4386423465","country:tunisia","abstract","tunisia"
"W4386423465","country:tunisia","abstract","tunisian (+ political word)"
"W4386707953","topic:international","title","eu"
"W4386707953","topic:international","abstract","eu"
"W4386707953","region:europe","title","eu"
"W4386707953","region:europe","abstract","eu"
"W4386739019","topic:media-communication","title","journalists"
"W4386739019","topic:media-communication","abstract","journalism"
"W4386739019","topic:media-communication","abstract","journalists"
"W4386739019","topic:media-communication","abstract","twitter"
"W4386739019","method:qualitative","abstract","qualitative"
"W4386739019","country:india","abstract","india"
"W4386739019","country:india","abstract","modi"
"W4386739019","country:india","abstract","indian (+ political word)"
"W4386739019","region:asia-pacific","rule","from the country named"
"W4387220992","topic:parties","title","radical right"
"W4387220992","topic:parties","abstract","radical right"
"W4387220992","topic:voters","title","attitudes"
"W4387220992","topic:economy-welfare","title","welfare"
"W4387220992","topic:economy-welfare","abstract","welfare"
"W4387220992","topic:economy-welfare","abstract","social policy"
"W4387220992","topic:media-communication","title","rhetoric"
"W4387220992","topic:media-communication","abstract","rhetoric"
"W4387220992","method:survey","abstract","nationally representative"
"W4387220992","method:experiment","abstract","pre registered experiment"
"W4387807484","country:canada","title","canada"
"W4387807484","region:north-america","rule","from the country named"
"W4387876622","topic:voters","title","populist attitudes"
"W4387876622","topic:voters","abstract","populist attitudes"
"W4387876622","method:survey","abstract","representative survey"
"W4388467417","topic:voters","abstract","respondents"
"W4388467417","method:survey","abstract","survey data"
"W4388571804","topic:parties","abstract","parties"
"W4388571804","topic:parties","abstract","far right"
"W4388571804","topic:parties","abstract","partisanship"
"W4388571804","topic:economy-welfare","abstract","economic"
"W4388571804","method:quantitative","abstract","difference in differences"
"W4388571804","country:italy","abstract","italy"
"W4388571804","country:italy","abstract","five star movement"
"W4388571804","region:europe","rule","from the country named"
"W4388667404","topic:international","title","brexit"
"W4388667404","topic:parties","title","right wing populism"
"W4388667404","topic:parties","abstract","right wing populism"
"W4388667404","topic:parties","abstract","populist right"
"W4388667404","topic:parties","abstract","right wing populists"
"W4388667404","topic:democracy-institutions","title","referendums"
"W4388667404","topic:democracy-institutions","abstract","referendum"
"W4388667404","topic:democracy-institutions","abstract","referendums"
"W4388667404","method:quantitative","abstract","regression"
"W4388667404","country:united-kingdom","title","brexit"
"W4388667404","region:europe","rule","from the country named"
"W4389986663","topic:voters","title","populist attitudes"
"W4389986663","topic:voters","title","citizens"
"W4389986663","topic:democracy-institutions","title","direct democracy"
"W4389986663","country:finland","title","finnish (+ political word)"
"W4389986663","region:europe","rule","from the country named"
"W4390260328","region:europe","title","europe"
"W4390451297","topic:government","abstract","populism in power"
"W4390451297","topic:government","abstract","populist presidents"
"W4390451297","topic:democracy-institutions","title","direct democracy"
"W4390451297","method:quantitative","abstract","regression"
"W4391557713","topic:democracy-institutions","title","constitutional"
"W4391557713","topic:democracy-institutions","abstract","constitutional"
"W4391557713","topic:democracy-institutions","abstract","constitutions"
"W4391557713","topic:democracy-institutions","abstract","constitution"
"W4391557713","topic:democracy-institutions","abstract","authoritarian"
"W4391557713","topic:democracy-institutions","abstract","democratic backsliding"
"W4400780478","topic:parties","title","radical right"
"W4400780478","topic:parties","abstract","radical right"
"W4400780478","topic:parties","abstract","parties"
"W4400780478","topic:voters","title","voters"
"W4400780478","topic:voters","abstract","voters"
"W4400780478","topic:democracy-institutions","title","threat to democracy"
"W4400780478","method:survey","abstract","survey data"
"W4400780478","country:italy","title","italian (+ political word)"
"W4400780478","country:italy","abstract","italy"
"W4400780478","country:italy","abstract","brothers of italy"
"W4400780478","region:europe","rule","from the country named"
"W4313561304","topic:parties","title","right wing populist"
"W4313561304","topic:parties","abstract","right wing populism"
"W4313561304","topic:parties","abstract","right wing populist"
"W4313561304","topic:parties","abstract","parties"
"W4313894100","approach:performative","abstract","populist style"
"W4313894100","method:quantitative","abstract","statistical analyses"
"W4319923038","topic:parties","abstract","far right"
"W4319923038","topic:parties","abstract","party"
"W4319923038","topic:media-communication","abstract","rhetorical"
"W4319923038","topic:media-communication","abstract","rhetorics"
"W4319923038","country:italy","title","meloni"
"W4319923038","country:italy","abstract","italy"
"W4319923038","country:italy","abstract","fratelli d italia"
"W4319923038","country:italy","abstract","meloni"
"W4319923038","country:italy","abstract","italian (+ political word)"
"W4319923038","region:europe","rule","from the country named"
"W4320493399","topic:democracy-institutions","title","judicial"
"W4321018489","topic:voters","title","citizens"
"W4321368967","approach:performative","abstract","populist performance"
"W4321368967","topic:parties","abstract","party"
"W4321368967","topic:parties","abstract","parties"
"W4321368967","region:europe","title","europe"
"W4321368967","country:greece","abstract","greece"
"W4321368967","country:greece","abstract","tsipras"
"W4321368967","country:greece","abstract","syriza"
"W4321368967","country:turkey","abstract","turkey"
"W4321368967","country:turkey","abstract","erdogan"
"W4321368967","country:turkey","abstract","justice and development party"
"W4321368967","country:turkey","abstract","akp"
"W4322501500","topic:voters","title","citizens"
"W4322501500","topic:voters","abstract","populist attitudes"
"W4322501500","topic:voters","abstract","attitudes"
"W4322501500","topic:voters","abstract","public opinion"
"W4322501500","topic:media-communication","title","media"
"W4322501500","topic:media-communication","abstract","media"
"W4322501500","topic:democracy-institutions","title","illiberal"
"W4322734841","topic:international","abstract","international order"
"W4322734841","topic:international","abstract","transnational"
"W4322734841","topic:international","abstract","multilateral"
"W4322734841","topic:economy-welfare","title","trade agreements"
"W4322734841","topic:economy-welfare","abstract","economic"
"W4322734841","topic:economy-welfare","abstract","free trade"
"W4322734841","topic:economy-welfare","abstract","globalisation"
"W4322734841","topic:economy-welfare","abstract","welfare"
"W4322734841","topic:economy-welfare","abstract","protectionist"
"W4322734841","topic:economy-welfare","abstract","protectionism"
"W4322734841","topic:migration","abstract","nativism"
"W4322734841","topic:migration","abstract","nativist"
"W4322734841","topic:migration","abstract","anti immigrant"
"W4322734841","region:north-america","title","north america"
"W4322734841","country:canada","abstract","canada"
"W4322734841","country:canada","abstract","canadian (+ political word)"
"W4322734841","country:united-states","abstract","trump"
"W4322734841","country:united-states","abstract","us"
"W4322734841","country:mexico","abstract","mexico"
"W4322734841","region:latin-america","rule","from the country named"
"W4323570170","country:hungary","title","hungary"
"W4323570170","region:europe","rule","from the country named"
"W4327589671","topic:parties","title","parties"
"W4327976065","topic:media-communication","title","facebook"
"W4327976065","topic:media-communication","abstract","facebook"
"W4327976065","topic:media-communication","abstract","communication"
"W4327976065","country:el-salvador","abstract","el salvador"
"W4327976065","country:el-salvador","abstract","bukele"
"W4327976065","region:latin-america","rule","from the country named"
"W4376114271","topic:parties","title","far right"
"W4376114271","topic:parties","abstract","far right"
"W4376114271","topic:parties","abstract","populist right"
"W4379881164","country:hungary","title","hungary"
"W4379881164","country:united-kingdom","title","uk"
"W4379881164","country:united-states","title","usa"
"W4379881164","region:europe","rule","from the country named"
"W4379881164","region:north-america","rule","from the country named"
"W4382680486","topic:parties","title","parties"
"W4382680486","topic:parties","abstract","parties"
"W4382680486","region:europe","abstract","europe"
"W4382680486","region:europe","abstract","european"
"W4382680486","country:spain","title","spain"
"W4382680486","country:spain","abstract","spain"
"W4382680486","country:spain","abstract","podemos"
"W4382680486","country:spain","abstract","vox"
"W4382680486","country:spain","abstract","spanish (+ political word)"
"W4384825705","topic:voters","abstract","supporters"
"W4384825705","topic:religion","title","hindu"
"W4384825705","topic:religion","abstract","secular"
"W4384825705","topic:religion","abstract","hindu"
"W4384825705","country:india","title","modi"
"W4384825705","country:india","abstract","india"
"W4384825705","country:india","abstract","modi"
"W4384825705","country:india","abstract","indian (+ political word)"
"W4384825705","region:asia-pacific","rule","from the country named"
"W4385442939","topic:voters","title","populist attitudes"
"W4385442939","topic:voters","abstract","populist attitudes"
"W4385442939","method:quantitative","abstract","regression"
"W4385442939","method:survey","abstract","online survey"
"W4385783506","topic:media-communication","title","disinformation"
"W4386140924","topic:religion","title","islamic"
"W4386140924","topic:religion","title","muslim"
"W4386140924","topic:religion","abstract","religious"
"W4386140924","topic:religion","abstract","religion"
"W4386140924","topic:religion","abstract","islamic"
"W4386140924","topic:religion","abstract","muslims"
"W4386140924","method:qualitative","abstract","interviews"
"W4386162534","topic:parties","abstract","party"
"W4386162534","topic:migration","abstract","immigration"
"W4386162534","topic:migration","abstract","anti immigration"
"W4386162534","topic:migration","abstract","nativist"
"W4386162534","region:europe","title","scandinavian"
"W4387268007","topic:parties","title","right wing populism"
"W4387268007","method:qualitative","abstract","interviews"
"W4387457603","approach:discursive","abstract","populist logic"
"W4387457603","topic:international","title","euroscepticism"
"W4387457603","topic:international","abstract","eurosceptic"
"W4387457603","topic:international","abstract","supranational"
"W4387457603","topic:international","abstract","euroscepticism"
"W4387457603","topic:parties","abstract","populist leaders"
"W4387457603","topic:parties","abstract","parties"
"W4387457603","topic:voters","abstract","attitudes"
"W4387457603","topic:voters","abstract","demand side"
"W4387474396","topic:parties","abstract","parties"
"W4387474396","topic:parties","abstract","party"
"W4387474396","topic:government","abstract","in power"
"W4387474396","topic:government","abstract","in office"
"W4387474396","topic:democracy-institutions","title","constitutional"
"W4387474396","topic:democracy-institutions","abstract","constitutions"
"W4387474396","topic:democracy-institutions","abstract","constitutional"
"W4387474396","topic:democracy-institutions","abstract","constitution"
"W4387474396","method:quantitative","abstract","regressions"
"W4387882808","topic:voters","abstract","citizens"
"W4387882808","topic:voters","abstract","populist attitudes"
"W4387882808","topic:voters","abstract","attitudes"
"W4387882808","topic:economy-welfare","title","globalization"
"W4387882808","topic:economy-welfare","abstract","globalization"
"W4387882808","topic:economy-welfare","abstract","economic"
"W4387882808","topic:economy-welfare","abstract","economy"
"W4387882808","method:survey","abstract","original survey"
"W4387882808","method:experiment","abstract","pre registered experiment"
"W4387974459","topic:democracy-institutions","title","constitutionalism"
"W4387974459","topic:democracy-institutions","abstract","constitutional"
"W4387974459","topic:democracy-institutions","abstract","judicial"
"W4387974459","topic:democracy-institutions","abstract","threat to democracy"
"W4387974459","topic:democracy-institutions","abstract","constitutionalism"
"W4388181420","method:survey","abstract","survey data"
"W4388181420","country:new-zealand","abstract","new zealand"
"W4388181420","country:new-zealand","abstract","new zealand first"
"W4388181420","region:asia-pacific","rule","from the country named"
"W4388398431","topic:economy-welfare","abstract","economic"
"W4388398431","topic:economy-welfare","abstract","globalization"
"W4388686339","topic:parties","title","radical right"
"W4388686339","topic:parties","abstract","radical right"
"W4388686339","topic:parties","abstract","party"
"W4388686339","topic:voters","abstract","attitudes"
"W4388686339","topic:voters","abstract","voting behaviour"
"W4388686339","topic:economy-welfare","abstract","economic"
"W4388686339","topic:gender","abstract","women"
"W4388686339","topic:gender","abstract","gender"
"W4388686339","country:netherlands","abstract","pvv"
"W4388686339","country:netherlands","abstract","dutch (+ political word)"
"W4388686339","region:europe","rule","from the country named"
"W4388733066","topic:parties","title","partisanship"
"W4388733066","topic:parties","title","right wing populism"
"W4388733066","topic:parties","abstract","party"
"W4388733066","topic:parties","abstract","partisanship"
"W4388733066","topic:voters","abstract","voters"
"W4388733066","topic:economy-welfare","title","welfare"
"W4388733066","topic:economy-welfare","abstract","welfare"
"W4388733066","method:survey","abstract","survey data"
"W4388733066","country:sweden","abstract","sweden"
"W4388733066","region:europe","rule","from the country named"
"W4388819227","topic:international","title","euroscepticism"
"W4388819227","topic:international","abstract","european union"
"W4388819227","topic:international","abstract","eu"
"W4388819227","topic:international","abstract","euroscepticism"
"W4388819227","topic:parties","abstract","parties"
"W4388819227","region:europe","abstract","european"
"W4388819227","region:europe","abstract","europe"
"W4388819227","region:europe","abstract","western european"
"W4388819227","region:europe","abstract","eu"
"W4388819227","country:germany","title","germany"
"W4388819227","country:germany","abstract","germany"
"W4388819227","country:germany","abstract","alternative fur deutschland"
"W4388819227","country:germany","abstract","afd"
"W4388819227","country:spain","title","spain"
"W4388819227","country:spain","abstract","spain"
"W4388819227","country:spain","abstract","podemos"
"W4388976917","approach:discursive","abstract","discursive approach"
"W4388976917","approach:discursive","abstract","post foundational"
"W4388976917","topic:defence-security","abstract","war"
"W4388976917","topic:international","title","transnational"
"W4388976917","topic:international","abstract","transnational"
"W4388976917","topic:voters","abstract","citizens"
"W4388976917","method:qualitative","abstract","discourse analysis"
"W4388976917","country:russia","title","russian (+ political word)"
"W4388976917","country:russia","abstract","russia"
"W4388976917","country:russia","abstract","russian (+ political word)"
"W4388976917","country:ukraine","title","zelensky"
"W4388976917","country:ukraine","abstract","ukraine"
"W4388976917","country:ukraine","abstract","zelensky"
"W4388976917","country:ukraine","abstract","ukrainian (+ political word)"
"W4388976917","region:europe","rule","from the country named"
"W4389630960","topic:parties","abstract","populist right"
"W4389630960","topic:parties","abstract","parties"
"W4389630960","topic:government","title","incumbent"
"W4389630960","topic:media-communication","abstract","newspaper"
"W4389630960","topic:media-communication","abstract","frames"
"W4389630960","topic:media-communication","abstract","communication"
"W4389630960","country:hungary","abstract","hungary"
"W4389630960","country:hungary","abstract","hungarian (+ political word)"
"W4389630960","region:europe","rule","from the country named"
"W4389789775","topic:media-communication","title","media"
"W4389789775","topic:media-communication","abstract","media"
"W4389789775","topic:media-communication","abstract","communication"
"W4389789775","topic:religion","title","religion"
"W4389789775","topic:religion","abstract","religion"
"W4389789775","region:europe","title","nordic"
"W4389789775","region:europe","abstract","nordic"
"W4390166573","topic:gender","title","anti gender"
"W4390166573","topic:gender","abstract","women"
"W4390166573","topic:gender","abstract","gender"
"W4390166573","topic:gender","abstract","anti gender"
"W4390166573","topic:gender","abstract","patriarchal"
"W4390166573","topic:religion","abstract","catholic"
"W4390166573","topic:religion","abstract","churches"
"W4390166573","region:latin-america","title","latin america"
"W4390166573","country:brazil","title","brazil"
"W4390166573","country:mexico","title","mexico"
"W4390224459","topic:democracy-institutions","abstract","populism and democracy"
"W4390224459","topic:democracy-institutions","abstract","direct democracy"
"W4392769937","topic:media-communication","title","media"
"W4392769937","region:europe","title","european"
"W4392795801","topic:parties","abstract","populist politicians"
"W4392795818","country:united-states","abstract","trump"
"W4392795818","region:north-america","rule","from the country named"
"W4392795843","topic:parties","abstract","party"
"W4392795843","topic:government","abstract","presidency"
"W4392795843","topic:government","abstract","in office"
"W4392795843","topic:gender","abstract","gendered"
"W4392795843","topic:gender","abstract","patriarchal"
"W4392795843","topic:religion","abstract","religious"
"W4392795843","topic:religion","abstract","christian"
"W4392795843","country:united-states","abstract","united states"
"W4392795843","country:united-states","abstract","trump"
"W4392795843","region:north-america","rule","from the country named"
"W4394723503","topic:parties","abstract","parties"
"W4394723503","country:italy","title","italian (+ political word)"
"W4394723503","region:europe","rule","from the country named"
"W4313597204","topic:parties","title","right wing populism"
"W4316469555","topic:international","abstract","brexit"
"W4316469555","topic:international","abstract","european integration"
"W4316469555","topic:economy-welfare","abstract","welfare"
"W4316469555","country:united-kingdom","title","uk"
"W4316469555","country:united-kingdom","abstract","uk"
"W4316469555","country:united-kingdom","abstract","brexit"
"W4316469555","region:europe","rule","from the country named"
"W4319789442","topic:democracy-institutions","title","court"
"W4319789442","topic:democracy-institutions","title","judicial"
"W4319789442","country:germany","title","merkel"
"W4319789442","region:europe","rule","from the country named"
"W4322741662","topic:religion","title","islamist"
"W4322741662","topic:religion","abstract","islamist"
"W4322741662","topic:religion","abstract","secularist"
"W4322741662","country:tunisia","title","tunisia"
"W4322741662","region:mena","rule","from the country named"
"W4327582728","method:mixed","abstract","mixed method"
"W4327884407","topic:parties","title","right wing populism"
"W4327884407","topic:economy-welfare","abstract","neoliberal"
"W4327884407","topic:economy-welfare","abstract","inequality"
"W4327884407","country:peru","title","peru"
"W4327884407","country:peru","abstract","peru"
"W4327884407","region:latin-america","rule","from the country named"
"W4362624915","topic:media-communication","title","facebook"
"W4362624915","topic:media-communication","abstract","facebook"
"W4365812730","topic:migration","title","migrant"
"W4365812730","topic:migration","abstract","migrant"
"W4365812730","topic:migration","abstract","immigration"
"W4365812730","topic:migration","abstract","migrants"
"W4365812730","method:qualitative","abstract","ethnographic"
"W4365812730","country:italy","title","italy"
"W4365812730","region:europe","rule","from the country named"
"W4372271730","approach:ideational","abstract","host ideologies"
"W4372271730","topic:parties","abstract","populist actor"
"W4372271730","topic:parties","abstract","party system"
"W4372271730","topic:parties","abstract","populist actors"
"W4372271730","topic:parties","abstract","parties"
"W4372271730","topic:media-communication","abstract","communication"
"W4372271730","topic:media-communication","abstract","twitter"
"W4372271730","method:qualitative","abstract","interviews"
"W4372271730","country:italy","abstract","italy"
"W4372271730","region:europe","rule","from the country named"
"W4376107699","topic:parties","title","radical right"
"W4376107699","topic:voters","title","attitudes"
"W4376107699","topic:voters","abstract","attitudes"
"W4376107699","topic:media-communication","title","disinformation"
"W4376107699","topic:media-communication","abstract","disinformation"
"W4377043673","country:united-states","title","united states"
"W4377043673","region:north-america","rule","from the country named"
"W4378807925","topic:economy-welfare","abstract","economic"
"W4378807925","topic:democracy-institutions","title","illiberal"
"W4378807925","topic:democracy-institutions","abstract","illiberal"
"W4378807925","region:europe","title","eastern europe"
"W4379207603","approach:performative","abstract","political style"
"W4379207603","topic:parties","title","populist movements"
"W4379207603","topic:religion","title","religious"
"W4379207603","topic:religion","abstract","sacred"
"W4379207603","topic:religion","abstract","religion"
"W4379977932","topic:economy-welfare","abstract","economy"
"W4379977932","topic:media-communication","abstract","disinformation"
"W4379977932","topic:media-communication","abstract","media"
"W4379977932","topic:democracy-institutions","title","illiberal"
"W4379977932","topic:democracy-institutions","abstract","illiberal"
"W4379977932","country:philippines","title","philippines"
"W4379977932","country:philippines","abstract","philippines"
"W4379977932","country:philippines","abstract","duterte"
"W4379977932","region:asia-pacific","rule","from the country named"
"W4383227997","topic:voters","title","voting behaviour"
"W4383227997","topic:voters","abstract","voters"
"W4383227997","topic:voters","abstract","citizens"
"W4383227997","topic:voters","abstract","voter"
"W4383227997","topic:religion","abstract","secular"
"W4383227997","topic:religion","abstract","hindu"
"W4383227997","topic:religion","abstract","secularism"
"W4383227997","country:india","title","india"
"W4383227997","country:india","title","modi"
"W4383227997","country:india","abstract","india"
"W4383227997","country:india","abstract","modi"
"W4383227997","region:asia-pacific","rule","from the country named"
"W4383567145","topic:religion","abstract","churches"
"W4383567145","topic:religion","abstract","religion"
"W4383567145","topic:religion","abstract","religious"
"W4383567145","region:europe","abstract","european"
"W4384202330","topic:parties","title","far right"
"W4384202330","topic:parties","abstract","right wing populism"
"W4384202330","topic:parties","abstract","populist leader"
"W4384202330","topic:parties","abstract","right wing populist"
"W4385071361","country:united-states","title","trumpism"
"W4385071361","region:north-america","rule","from the country named"
"W4385308263","topic:parties","title","radical right"
"W4385308263","topic:parties","title","parties"
"W4385308263","topic:parties","abstract","radical right"
"W4385308263","topic:parties","abstract","parties"
"W4385308263","topic:migration","title","migration"
"W4385308263","topic:migration","abstract","migration"
"W4385308263","country:germany","abstract","germany"
"W4385308263","country:germany","abstract","afd"
"W4385308263","country:germany","abstract","alternative for germany"
"W4385308263","region:europe","rule","from the country named"
"W4385952554","topic:democracy-institutions","abstract","authoritarian"
"W4386325933","topic:religion","title","sacred"
"W4386742005","topic:parties","abstract","candidates"
"W4386742005","topic:parties","abstract","partisan"
"W4386742005","topic:parties","abstract","candidate"
"W4386742005","topic:parties","abstract","party"
"W4386742005","topic:voters","title","voters"
"W4386742005","topic:voters","abstract","voters"
"W4386742005","topic:government","abstract","incumbent"
"W4386742005","topic:media-communication","abstract","news coverage"
"W4386742005","topic:media-communication","abstract","newspaper"
"W4386742005","topic:media-communication","abstract","newspapers"
"W4386742005","topic:gender","abstract","misogynistic"
"W4386742005","topic:gender","abstract","gendered"
"W4386742005","country:taiwan","title","taiwan"
"W4386742005","region:asia-pacific","rule","from the country named"
"W4387105474","topic:voters","title","populist attitudes"
"W4387105474","topic:voters","abstract","populist attitudes"
"W4387105474","method:survey","abstract","nationally representative"
"W4387134923","topic:parties","title","right wing populism"
"W4387134923","topic:parties","title","social movements"
"W4387134923","topic:parties","abstract","right wing populism"
"W4387134923","topic:parties","abstract","social movements"
"W4387134923","topic:government","title","populism in power"
"W4387134923","topic:government","abstract","populism in power"
"W4387134923","topic:media-communication","title","facebook"
"W4387134923","topic:media-communication","abstract","media"
"W4387134923","topic:media-communication","abstract","facebook"
"W4387134923","method:qta","abstract","quantitative text analysis"
"W4387134923","method:qta","abstract","topic model"
"W4387134923","method:mixed","abstract","mixed method"
"W4387134923","country:italy","title","italy"
"W4387134923","country:united-kingdom","title","uk"
"W4387134923","region:europe","rule","from the country named"
"W4387163887","topic:parties","abstract","parties"
"W4387163887","topic:parties","abstract","social movements"
"W4387163887","topic:parties","abstract","populist actors"
"W4387163887","topic:government","abstract","populists in power"
"W4387163887","topic:government","abstract","come to power"
"W4387306386","topic:parties","abstract","left wing populism"
"W4387306386","topic:parties","abstract","populist left"
"W4387306386","topic:parties","abstract","radical left"
"W4387306386","topic:parties","abstract","left wing populist"
"W4387306386","method:qualitative","abstract","fieldwork"
"W4387306386","region:europe","title","european"
"W4387306386","region:europe","abstract","european"
"W4387306386","country:france","abstract","france"
"W4387306386","country:france","abstract","la france insoumise"
"W4387361183","topic:economy-welfare","title","neoliberal"
"W4387361183","topic:economy-welfare","abstract","neoliberal"
"W4387361183","topic:media-communication","title","rhetoric"
"W4387361183","topic:media-communication","abstract","rhetorically"
"W4387361183","topic:media-communication","abstract","rhetoric"
"W4387851172","topic:parties","abstract","party"
"W4387851172","topic:economy-welfare","abstract","economic"
"W4387851172","topic:economy-welfare","abstract","inequality"
"W4387851172","topic:economy-welfare","abstract","globalisation"
"W4387851172","country:poland","title","poland"
"W4387851172","country:poland","abstract","poland"
"W4387851172","country:poland","abstract","law and justice"
"W4387851172","country:poland","abstract","pis"
"W4387851172","country:poland","abstract","polish (+ political word)"
"W4387851172","region:europe","rule","from the country named"
"W4388453893","topic:economy-welfare","abstract","economy"
"W4388453893","topic:economy-welfare","abstract","neoliberalism"
"W4388453893","topic:democracy-institutions","abstract","illiberal"
"W4388453893","topic:democracy-institutions","abstract","constitutional"
"W4388453893","region:europe","title","eastern europe"
"W4388453893","region:europe","abstract","eastern europe"
"W4388453893","region:europe","abstract","eastern european"
"W4388728114","topic:spatial","abstract","left behind places"
"W4388728114","topic:economy-welfare","abstract","economic"
"W4388728114","method:qualitative","abstract","fieldwork"
"W4388728114","method:qualitative","abstract","interviews"
"W4388728114","country:united-kingdom","abstract","uk"
"W4388728114","region:europe","rule","from the country named"
"W4388942380","topic:parties","title","right wing populist"
"W4388942380","topic:parties","abstract","right wing populist"
"W4388942380","topic:media-communication","title","twitter"
"W4388942380","topic:media-communication","abstract","media"
"W4388942380","topic:media-communication","abstract","twitter"
"W4388942380","method:qualitative","abstract","ethnography"
"W4388996567","topic:parties","title","parties"
"W4388996567","topic:parties","abstract","parties"
"W4388996567","topic:parties","abstract","party"
"W4388996567","topic:voters","title","electoral support"
"W4388996567","topic:voters","abstract","citizens"
"W4388996567","topic:voters","abstract","electoral support"
"W4388996567","topic:media-communication","abstract","rhetoric"
"W4388996567","topic:media-communication","abstract","media"
"W4388996567","method:qualitative","abstract","interviews"
"W4388996567","method:qualitative","abstract","participant observation"
"W4389201433","topic:economy-welfare","title","economic"
"W4389201433","topic:economy-welfare","abstract","economic"
"W4389201433","topic:economy-welfare","abstract","economy"
"W4389201433","region:latin-america","title","latin america"
"W4389201433","country:argentina","title","argentina"
"W4389201433","country:brazil","title","brazil"
"W4389224803","approach:performative","abstract","performative"
"W4389224803","topic:parties","title","radical right"
"W4389224803","topic:parties","abstract","radical right"
"W4389224803","topic:parties","abstract","populist leader"
"W4389224803","topic:migration","abstract","nativist"
"W4389224803","country:sweden","title","sweden"
"W4389224803","country:sweden","abstract","sweden"
"W4389224803","country:sweden","abstract","sweden democrats"
"W4389224803","region:europe","rule","from the country named"
"W4389539313","topic:media-communication","abstract","media"
"W4389539313","topic:media-communication","abstract","communication"
"W4389539313","method:qualitative","title","discourse analysis"
"W4389539313","country:turkey","title","turkiye"
"W4389539313","country:turkey","title","erdogan"
"W4389539313","country:turkey","abstract","turkiye"
"W4389539313","country:turkey","abstract","erdogan"
"W4389539313","country:turkey","abstract","turkish (+ political word)"
"W4389539313","region:europe","rule","from the country named"
"W4389630947","topic:foreign-policy","title","foreign policy"
"W4389630947","topic:foreign-policy","abstract","foreign policy"
"W4389630947","topic:foreign-policy","abstract","foreign policies"
"W4389630947","country:hungary","title","hungary"
"W4389630947","country:hungary","abstract","hungary"
"W4389630947","country:hungary","abstract","orban"
"W4389630947","country:venezuela","title","venezuela"
"W4389630947","country:venezuela","abstract","venezuela"
"W4389630947","country:venezuela","abstract","chavez"
"W4389630947","country:venezuela","abstract","chavista"
"W4389630947","region:europe","rule","from the country named"
"W4389630947","region:latin-america","rule","from the country named"
"W4317748801","approach:discursive","abstract","empty signifier"
"W4317748801","topic:parties","title","right wing populism"
"W4317748801","topic:parties","abstract","parties"
"W4317748801","topic:parties","abstract","right wing populism"
"W4317748801","topic:parties","abstract","radical right"
"W4317748801","topic:parties","abstract","party"
"W4317748801","topic:economy-welfare","abstract","neoliberal"
"W4317748801","topic:economy-welfare","abstract","economics"
"W4317748801","topic:democracy-institutions","abstract","authoritarian"
"W4317748801","topic:democracy-institutions","abstract","illiberal"
"W4317748801","country:turkey","title","turkey"
"W4317748801","country:turkey","abstract","turkey"
"W4317748801","country:turkey","abstract","akp"
"W4317748801","region:europe","rule","from the country named"
"W4318482492","topic:parties","title","right wing populism"
"W4318482492","topic:parties","abstract","right wing populist"
"W4318482492","topic:parties","abstract","parties"
"W4318482492","topic:gender","title","gender"
"W4318482492","topic:gender","title","women"
"W4318482492","topic:gender","abstract","women"
"W4318482492","topic:gender","abstract","gender"
"W4318482492","topic:gender","abstract","family policies"
"W4318482492","country:poland","abstract","polish (+ political word)"
"W4318482492","region:europe","rule","from the country named"
"W4319439994","topic:parties","title","party"
"W4319439994","topic:parties","abstract","party"
"W4319439994","topic:parties","abstract","party leadership"
"W4319439994","topic:parties","abstract","party leader"
"W4319439994","country:united-states","abstract","trump"
"W4319439994","country:united-states","abstract","american (+ political word)"
"W4319439994","region:north-america","rule","from the country named"
"W4319443647","topic:gender","title","feminist"
"W4319443647","topic:gender","abstract","feminist"
"W4319443647","topic:gender","abstract","gendered"
"W4319443647","topic:gender","abstract","masculinist"
"W4321453234","topic:parties","title","right wing populists"
"W4321453234","topic:parties","abstract","right wing populist"
"W4321453234","topic:parties","abstract","parties"
"W4321453234","topic:parties","abstract","party"
"W4321453234","topic:parties","abstract","right wing populists"
"W4321453234","topic:migration","abstract","immigration"
"W4321453234","topic:migration","abstract","nativism"
"W4321453234","country:poland","title","poland"
"W4321453234","country:poland","abstract","poland"
"W4321453234","country:poland","abstract","law and justice"
"W4321453234","country:poland","abstract","pis"
"W4321453234","country:poland","abstract","polish (+ political word)"
"W4321453234","region:europe","rule","from the country named"
"W4323267637","region:asia-pacific","abstract","east asia"
"W4323267637","region:asia-pacific","abstract","east asian"
"W4323267637","country:taiwan","title","taiwan"
"W4323267637","country:taiwan","abstract","taiwan"
"W4360608413","topic:gender","title","patriarchal"
"W4360608413","topic:gender","abstract","gender"
"W4360608413","topic:gender","abstract","feminist"
"W4360608413","topic:democracy-institutions","title","authoritarian"
"W4360608413","method:qualitative","abstract","discourse analysis"
"W4360608413","country:nicaragua","title","nicaragua"
"W4360608413","country:nicaragua","abstract","ortega"
"W4360608413","country:nicaragua","abstract","nicaraguan (+ political word)"
"W4360608413","region:latin-america","rule","from the country named"
"W4361284263","topic:economy-welfare","abstract","economic"
"W4362509936","topic:migration","title","migration"
"W4362509936","method:qualitative","abstract","qualitative"
"W4362509936","country:hungary","title","hungarian (+ political word)"
"W4362509936","country:hungary","abstract","orban"
"W4362509936","country:hungary","abstract","hungarian (+ political word)"
"W4362509936","region:europe","rule","from the country named"
"W4366090575","topic:democracy-institutions","title","constitutionalism"
"W4366090575","topic:democracy-institutions","abstract","constitutionalism"
"W4366967652","todo:check-record","rule","DOI accepted by reading, not by the automatic rule"
"W4366967652","todo:check-record","rule","the registry gives the first editor's family name as ""Lotina"" (the double name is Petrovic Lotina): the names in Zotero are to be checked by hand"
"W4366967652","approach:discursive","abstract","populist logic"
"W4372346628","topic:parties","title","party"
"W4372346628","topic:parties","abstract","party"
"W4372346628","region:europe","title","scandinavian"
"W4372346628","region:europe","abstract","scandinavian"
"W4372346628","region:europe","abstract","scandinavia"
"W4372346628","country:finland","abstract","finland"
"W4378651235","approach:discursive","abstract","laclau"
"W4378651235","approach:discursive","abstract","discourse theory"
"W4378651235","approach:discursive","abstract","empty signifier"
"W4378651235","topic:parties","title","party"
"W4378651235","topic:media-communication","title","media"
"W4378651235","topic:democracy-institutions","title","authoritarian"
"W4378651235","topic:democracy-institutions","abstract","authoritarian"
"W4378651235","method:qualitative","title","discourse analysis"
"W4378651235","method:qualitative","abstract","discourse analysis"
"W4378651235","country:china","title","china"
"W4378651235","country:china","abstract","china"
"W4378651235","country:china","abstract","chinese (+ political word)"
"W4378651235","region:asia-pacific","rule","from the country named"
"W4379209388","topic:parties","title","party"
"W4379209388","topic:parties","abstract","party"
"W4379209388","topic:parties","abstract","parties"
"W4379209388","topic:parties","abstract","candidate"
"W4379209388","country:united-states","abstract","american (+ political word)"
"W4379209388","region:north-america","rule","from the country named"
"W4380265392","approach:discursive","abstract","laclau"
"W4380265392","approach:discursive","abstract","laclauian"
"W4380265392","approach:performative","abstract","performative"
"W4380265392","topic:democracy-institutions","abstract","populism and democracy"
"W4380265392","topic:democracy-institutions","abstract","illiberal"
"W4380995022","topic:democracy-institutions","title","illiberal"
"W4380995022","topic:democracy-institutions","abstract","illiberal"
"W4380995022","method:qualitative","abstract","qualitative"
"W4380995022","country:hungary","title","hungary"
"W4380995022","region:europe","rule","from the country named"
"W4381382836","topic:parties","abstract","populist movements"
"W4381382836","topic:parties","abstract","party"
"W4381382836","region:europe","abstract","european"
"W4382542635","topic:economy-welfare","title","inequality"
"W4382542635","topic:economy-welfare","abstract","inequality"
"W4382542635","topic:economy-welfare","abstract","economic"
"W4382542635","topic:economy-welfare","abstract","inequalities"
"W4382583739","topic:parties","title","right wing populism"
"W4382583739","topic:parties","abstract","left wing populist"
"W4382583739","topic:parties","abstract","right wing populist"
"W4382583739","topic:parties","abstract","right wing populism"
"W4382583739","topic:parties","abstract","left wing populism"
"W4382583739","country:france","title","france"
"W4382583739","country:france","title","rassemblement national"
"W4382583739","country:france","title","la france insoumise"
"W4382583739","country:france","abstract","france"
"W4382583739","country:france","abstract","rassemblement national"
"W4382583739","country:france","abstract","la france insoumise"
"W4382583739","region:europe","rule","from the country named"
"W4384029901","approach:ideational","abstract","populism as an ideology"
"W4384029901","topic:foreign-policy","abstract","foreign policy"
"W4384029901","topic:defence-security","title","security policy"
"W4384029901","topic:international","title","eu"
"W4384029901","topic:international","abstract","eu"
"W4384029901","topic:international","abstract","european integration"
"W4384029901","topic:international","abstract","european union"
"W4384029901","topic:parties","title","radical right"
"W4384029901","topic:parties","title","parties"
"W4384029901","topic:parties","abstract","radical right"
"W4384029901","topic:parties","abstract","parties"
"W4384029901","topic:government","abstract","populism in power"
"W4384029901","topic:government","abstract","in power"
"W4384029901","region:europe","title","eu"
"W4384029901","region:europe","abstract","european"
"W4384029901","region:europe","abstract","eu"
"W4384029901","country:russia","title","russia"
"W4384029901","country:russia","abstract","russia"
"W4385065312","topic:parties","title","partisans"
"W4385065312","topic:parties","title","party"
"W4385065312","topic:parties","abstract","party"
"W4385065312","topic:parties","abstract","parties"
"W4385065312","topic:parties","abstract","partisan"
"W4385065312","topic:parties","abstract","partisanship"
"W4385065312","topic:voters","title","supporters"
"W4385065312","topic:voters","abstract","supporters"
"W4385065312","topic:voters","abstract","citizens"
"W4385065312","topic:government","title","in office"
"W4385065312","topic:government","abstract","populist incumbents"
"W4385065312","topic:government","abstract","in office"
"W4385065312","topic:economy-welfare","title","economy"
"W4385065312","topic:economy-welfare","abstract","economic"
"W4385065312","method:survey","abstract","european social survey"
"W4385065312","region:europe","abstract","european"
"W4385065312","region:europe","abstract","europe"
"W4385473104","country:russia","abstract","russian (+ political word)"
"W4385473104","region:europe","rule","from the country named"
"W4385583864","topic:international","abstract","transnational"
"W4385583864","topic:international","abstract","european union"
"W4385583864","topic:international","abstract","eu"
"W4385583864","topic:democracy-institutions","title","constitutionalism"
"W4385583864","topic:democracy-institutions","title","constitutional"
"W4385583864","topic:democracy-institutions","abstract","constitutionalism"
"W4385583864","topic:democracy-institutions","abstract","constitutions"
"W4385583864","topic:democracy-institutions","abstract","constitutional"
"W4385583864","topic:democracy-institutions","abstract","constitution"
"W4385583864","region:europe","title","european"
"W4385583864","region:europe","abstract","european"
"W4385583864","region:europe","abstract","eu"
"W4385632965","topic:parties","abstract","party"
"W4385632965","topic:media-communication","title","twitter"
"W4385632965","topic:media-communication","abstract","media"
"W4385632965","topic:media-communication","abstract","twitter"
"W4385632965","topic:media-communication","abstract","social network"
"W4385632965","country:india","title","bjp"
"W4385632965","country:india","abstract","india"
"W4385632965","country:india","abstract","bharatiya janata"
"W4385632965","country:india","abstract","bjp"
"W4385632965","region:asia-pacific","rule","from the country named"
"W4385808797","topic:parties","title","radical right"
"W4385808797","topic:parties","abstract","radical right"
"W4385808797","topic:parties","abstract","parties"
"W4385808797","topic:parties","abstract","party"
"W4385808797","topic:voters","abstract","electoral support"
"W4385808797","topic:voters","abstract","voter"
"W4385808797","topic:economy-welfare","title","economy"
"W4385808797","topic:economy-welfare","abstract","economic"
"W4385808797","topic:economy-welfare","abstract","economy"
"W4385808797","topic:migration","title","immigration"
"W4385808797","topic:migration","abstract","immigration"
"W4385808797","topic:migration","abstract","anti immigration"
"W4385808797","method:quantitative","title","time series"
"W4385808797","method:quantitative","abstract","time series"
"W4385808797","method:quantitative","abstract","regression"
"W4385808797","method:survey","abstract","polling data"
"W4385808797","country:norway","title","norway"
"W4385808797","region:europe","rule","from the country named"
"W4386092037","topic:parties","title","parties"
"W4386092037","topic:parties","title","party"
"W4386092037","topic:parties","abstract","party"
"W4386092037","topic:parties","abstract","parties"
"W4386092037","topic:economy-welfare","title","economic"
"W4386092037","country:south-africa","title","economic freedom fighters"
"W4386092037","country:south-africa","title","south (+ political word)"
"W4386092037","country:south-africa","abstract","south africa"
"W4386092037","country:south-africa","abstract","economic freedom fighters"
"W4386092037","region:sub-saharan-africa","rule","from the country named"
"W4386390719","topic:parties","title","right wing populism"
"W4386390719","topic:parties","abstract","right wing populism"
"W4386390719","topic:parties","abstract","right wing populist"
"W4386390719","country:germany","title","germany"
"W4386390719","country:germany","abstract","germany"
"W4386390719","country:germany","abstract","alternative for germany"
"W4386390719","country:germany","abstract","afd"
"W4386390719","region:europe","rule","from the country named"
"W4386608075","topic:economy-welfare","abstract","economic"
"W4386608075","topic:economy-welfare","abstract","inequalities"
"W4386608075","topic:democracy-institutions","title","authoritarian"
"W4386608075","topic:democracy-institutions","abstract","authoritarian"
"W4386608075","topic:democracy-institutions","abstract","liberal democracies"
"W4386608075","topic:democracy-institutions","abstract","authoritarianism"
"W4386608075","country:india","title","india"
"W4386608075","country:philippines","title","philippines"
"W4386608075","region:asia-pacific","rule","from the country named"
"W4386969738","method:qualitative","abstract","fieldwork"
"W4386969738","method:qualitative","abstract","interviews"
"W4386969738","region:europe","title","european"
"W4387014178","approach:other","abstract","theories of populism"
"W4387014178","topic:economy-welfare","title","economic"
"W4387014178","topic:media-communication","abstract","media"
"W4387014178","topic:media-communication","abstract","communication"
"W4387014178","topic:democracy-institutions","abstract","authoritarian"
"W4387014178","country:iran","title","iran"
"W4387014178","region:mena","rule","from the country named"
"W4387494568","topic:international","title","multilateralism"
"W4387494568","topic:international","abstract","multilateral"
"W4387494568","topic:international","abstract","united nations"
"W4387494568","topic:international","abstract","multilateralism"
"W4387494568","topic:voters","abstract","citizens"
"W4387494568","topic:migration","abstract","migration"
"W4387494568","topic:migration","abstract","xenophobic"
"W4387494568","country:united-kingdom","abstract","england"
"W4387494568","country:united-kingdom","abstract","scotland"
"W4387494568","region:europe","rule","from the country named"
"W4387672222","topic:parties","title","political leaders"
"W4387672222","topic:parties","abstract","candidates"
"W4387672222","topic:media-communication","title","twitter"
"W4387672222","topic:media-communication","abstract","communication"
"W4387672222","topic:media-communication","abstract","twitter"
"W4387672222","country:turkey","title","turkey"
"W4387672222","country:turkey","abstract","turkey"
"W4387672222","region:europe","rule","from the country named"
"W4388534891","topic:spatial","abstract","rural"
"W4388534891","topic:democracy-institutions","title","authoritarian"
"W4388534891","topic:democracy-institutions","abstract","authoritarian"
"W4388534891","country:el-salvador","title","bukele"
"W4388534891","country:el-salvador","abstract","el salvador"
"W4388534891","country:el-salvador","abstract","bukele"
"W4388534891","region:latin-america","rule","from the country named"
"W4388866683","topic:parties","title","party"
"W4388866683","topic:parties","abstract","party"
"W4388866683","topic:parties","abstract","parties"
"W4388866683","country:brazil","title","brazil"
"W4388866683","country:brazil","abstract","brazil"
"W4388866683","country:brazil","abstract","bolsonaro"
"W4388866683","region:latin-america","rule","from the country named"
"W4389135141","topic:parties","title","radical right"
"W4389135141","topic:parties","title","parties"
"W4389135141","topic:parties","abstract","radical right"
"W4389135141","topic:parties","abstract","parties"
"W4389135141","topic:parties","abstract","party"
"W4389135141","topic:parties","abstract","manifestos"
"W4389135141","topic:media-communication","title","rhetoric"
"W4389135141","topic:media-communication","abstract","rhetoric"
"W4389135141","method:qualitative","abstract","qualitative"
"W4389135141","country:slovakia","title","slovak (+ political word)"
"W4389135141","country:slovakia","abstract","slovakia"
"W4389135141","country:slovakia","abstract","slovak (+ political word)"
"W4389135141","region:europe","rule","from the country named"
"W4389148286","topic:parties","abstract","party"
"W4389148286","topic:parties","abstract","parties"
"W4389148286","topic:voters","abstract","citizens"
"W4389148286","method:qualitative","abstract","qualitative"
"W4389148286","method:qualitative","abstract","interviews"
"W4389148286","country:italy","title","five star movement"
"W4389148286","country:italy","abstract","five star movement"
"W4389148286","country:italy","abstract","m5s"
"W4389148286","country:italy","abstract","italian (+ political word)"
"W4389148286","region:europe","rule","from the country named"
"W4389243015","topic:parties","abstract","populist right"
"W4389243015","topic:parties","abstract","party"
"W4389243015","topic:gender","title","gendered"
"W4389243015","topic:gender","title","feminism"
"W4389243015","topic:gender","abstract","feminism"
"W4389243015","topic:gender","abstract","women"
"W4389243015","topic:religion","title","catholic"
"W4389243015","topic:religion","abstract","catholic"
"W4389243015","topic:religion","abstract","religion"
"W4389243015","country:poland","title","poland"
"W4389243015","country:poland","abstract","law and justice"
"W4389243015","country:poland","abstract","polish (+ political word)"
"W4389243015","region:europe","rule","from the country named"
"W4389617615","topic:parties","title","party"
"W4389617615","topic:parties","abstract","parties"
"W4389617615","topic:parties","abstract","populist left"
"W4389617615","topic:voters","abstract","support for populist"
"W4389617615","topic:voters","abstract","voters"
"W4389617615","topic:voters","abstract","voter"
"W4389617615","topic:economy-welfare","title","economic"
"W4389617615","topic:economy-welfare","abstract","economic"
"W4389617615","method:survey","abstract","european social survey"
"W4389617615","region:europe","title","europe"
"W4389617615","region:europe","abstract","european"
"W4389674003","topic:democracy-institutions","abstract","constitutionalism"
"W4389681148","region:europe","abstract","european"
"W4390233064","approach:discursive","abstract","populist logic"
"W4390233064","topic:government","title","populism in power"
"W4390233064","topic:democracy-institutions","abstract","authoritarian"
"W4390233064","topic:democracy-institutions","abstract","authoritarianism"
"W4391331937","todo:check-record","rule","DOI accepted by reading, not by the automatic rule"
"W4391331937","topic:voters","title","populist attitudes"
"W4391331937","topic:voters","abstract","populist attitudes"
"W4391331937","topic:voters","abstract","demand side"
"W4391331937","method:quantitative","abstract","regression"
"W4391331937","method:survey","abstract","survey data"
"W4391331937","region:europe","abstract","europe"
"W4391331937","country:north-macedonia","title","north macedonia"
"W4391331937","country:north-macedonia","abstract","north macedonia"
"W4399474212","topic:parties","title","parties"
"W4399474212","region:asia-pacific","abstract","southeast asia"
"W4399474212","region:asia-pacific","abstract","asia pacific"
"W4399474212","region:asia-pacific","abstract","southeast asian"
"W4399474212","region:asia-pacific","abstract","asia"
"W4399474212","country:indonesia","title","indonesia"
"W4409936616","topic:international","title","brexit"
"W4409936616","topic:international","title","transnational"
"W4409936616","topic:international","abstract","brexit"
"W4409936616","topic:international","abstract","transnational"
"W4409936616","topic:parties","title","right wing populism"
"W4409936616","topic:parties","abstract","right wing populism"
"W4409936616","topic:parties","abstract","right wing populist"
"W4409936616","topic:media-communication","title","facebook"
"W4409936616","topic:media-communication","abstract","facebook"
"W4409936616","topic:media-communication","abstract","media"
"W4409936616","country:united-kingdom","title","brexit"
"W4409936616","country:united-kingdom","abstract","brexit"
"W4409936616","region:europe","rule","from the country named"
"W4318618462","topic:voters","abstract","supporters"
"W4318618462","country:argentina","title","argentine (+ political word)"
"W4318618462","country:argentina","abstract","kirchner"
"W4318618462","country:argentina","abstract","argentine (+ political word)"
"W4318618462","region:latin-america","rule","from the country named"
"W4319161814","topic:democracy-institutions","title","court"
"W4327862956","approach:other","title","discursive approach"
"W4327862956","approach:other","title","performative"
"W4327862956","approach:other","title","ostiguy"
"W4328097167","topic:economy-welfare","title","neoliberal"
"W4328097167","region:europe","title","eastern europe"
"W4328097167","region:latin-america","title","latin america"
"W4360605874","todo:check-record","rule","the registry writes the names in capitals (MUNCK, MASTRÁNGELO, and POZZI): to be corrected in Zotero by hand"
"W4360609531","topic:parties","title","right wing populism"
"W4360609546","region:europe","title","southern europe"
"W4360609621","country:hungary","title","hungary"
"W4360609621","country:poland","title","poland"
"W4360609621","region:europe","rule","from the country named"
"W4360616099","topic:parties","abstract","populist leaders"
"W4360616099","topic:voters","title","citizens"
"W4360616099","topic:voters","abstract","citizens"
"W4360616099","topic:media-communication","title","communication"
"W4362666467","topic:parties","title","populist left"
"W4362666467","topic:parties","title","parties"
"W4362666467","topic:parties","abstract","parties"
"W4362666467","topic:parties","abstract","right wing populists"
"W4362666467","topic:parties","abstract","populist right"
"W4362666467","method:quantitative","abstract","expert survey"
"W4362666467","method:survey","abstract","survey data"
"W4362666467","region:europe","title","europe"
"W4362666467","region:europe","abstract","europe"
"W4362666467","region:europe","abstract","eastern europe"
"W4362666467","region:europe","abstract","european"
"W4363672886","todo:check-record","rule","the registry gives ""Pavlo"" as a family name, and OpenAlex names the author ""Pavlo Illiashenko"": the names in Zotero are to be checked by hand"
"W4363672886","approach:economic","title","economic populism"
"W4363672886","approach:economic","abstract","economic populism"
"W4363672886","topic:voters","title","attitudes"
"W4363672886","topic:voters","abstract","attitudes"
"W4363672886","topic:voters","abstract","support for populist"
"W4363672886","topic:economy-welfare","title","economic"
"W4363672886","topic:economy-welfare","abstract","economic"
"W4363672886","method:survey","abstract","nationally representative"
"W4365505447","topic:economy-welfare","title","economic"
"W4365505447","topic:economy-welfare","abstract","economic"
"W4365505447","region:sub-saharan-africa","title","african"
"W4365505447","country:south-africa","title","south africa"
"W4365505447","country:south-africa","title","economic freedom fighters"
"W4365505447","country:south-africa","abstract","south africa"
"W4365505447","country:south-africa","abstract","economic freedom fighters"
"W4365505447","country:south-africa","abstract","south (+ political word)"
"W4366262733","country:japan","title","japan"
"W4366262733","country:japan","abstract","japan"
"W4366262733","country:japan","abstract","japanese (+ political word)"
"W4366262733","region:asia-pacific","rule","from the country named"
"W4366522715","topic:democracy-institutions","title","authoritarianism"
"W4366522715","country:turkey","title","erdogan"
"W4366522715","country:united-states","title","trump"
"W4366522715","region:europe","rule","from the country named"
"W4366522715","region:north-america","rule","from the country named"
"W4367041959","topic:international","title","brexit"
"W4367041959","topic:international","abstract","brexit"
"W4367041959","topic:parties","title","populist leadership"
"W4367041959","topic:media-communication","abstract","media"
"W4367041959","topic:media-communication","abstract","newspapers"
"W4367041959","topic:media-communication","abstract","framing"
"W4367041959","topic:gender","title","gendering"
"W4367041959","topic:gender","abstract","feminist"
"W4367041959","topic:gender","abstract","masculinist"
"W4367041959","topic:gender","abstract","masculine"
"W4367041959","topic:gender","abstract","women"
"W4367041959","topic:gender","abstract","gendered"
"W4367041959","topic:gender","abstract","gendering"
"W4367041959","country:united-kingdom","title","britain"
"W4367041959","country:united-kingdom","title","brexit"
"W4367041959","country:united-kingdom","abstract","uk"
"W4367041959","country:united-kingdom","abstract","brexit"
"W4367041959","country:united-kingdom","abstract","british (+ political word)"
"W4367041959","region:europe","rule","from the country named"
"W4367307621","topic:parties","abstract","party"
"W4367307621","topic:voters","title","attitudes"
"W4367307621","topic:government","title","populist government"
"W4367307621","topic:government","abstract","came to power"
"W4367307621","topic:government","abstract","populist incumbent"
"W4367307621","method:survey","title","survey data"
"W4367307621","method:survey","abstract","european social survey"
"W4367307621","country:poland","title","poland"
"W4367307621","country:poland","abstract","law and justice"
"W4367307621","country:poland","abstract","polish (+ political word)"
"W4367307621","region:europe","rule","from the country named"
"W4367312681","topic:democracy-institutions","title","authoritarianism"
"W4367312681","topic:democracy-institutions","abstract","authoritarianism"
"W4367312681","topic:democracy-institutions","abstract","liberal democracy"
"W4367330670","topic:democracy-institutions","title","authoritarian"
"W4367330670","topic:democracy-institutions","abstract","authoritarian"
"W4367330670","topic:democracy-institutions","abstract","hybrid regimes"
"W4367330670","topic:democracy-institutions","abstract","illiberal"
"W4367330670","region:sub-saharan-africa","title","africa"
"W4367330670","country:mozambique","title","mozambique"
"W4367853792","todo:check-record","rule","the registry writes the names in capitals (Corvinus University and COSSU): to be corrected in Zotero by hand"
"W4367853792","topic:economy-welfare","title","economic"
"W4367853792","topic:media-communication","title","rhetoric"
"W4367853792","country:hungary","title","hungary"
"W4367853792","region:europe","rule","from the country named"
"W4375951606","approach:discursive","abstract","discursive approach"
"W4375951606","topic:parties","title","party"
"W4375951606","topic:parties","abstract","parties"
"W4375951606","topic:parties","abstract","party"
"W4375951606","topic:parties","abstract","left wing populism"
"W4375951606","country:belgium","title","belgium"
"W4375951606","region:europe","rule","from the country named"
"W4376878317","topic:parties","title","radical right"
"W4376878317","topic:parties","abstract","parties"
"W4376878317","topic:parties","abstract","party"
"W4376878317","topic:media-communication","abstract","frames"
"W4376878317","topic:media-communication","abstract","rhetorical"
"W4376878317","country:italy","title","italy"
"W4376878317","country:italy","title","northern league"
"W4376878317","country:italy","abstract","italy"
"W4376878317","country:italy","abstract","northern league"
"W4376878317","country:italy","abstract","italian (+ political word)"
"W4376878317","region:europe","rule","from the country named"
"W4377861669","topic:parties","title","radical right"
"W4377861669","topic:parties","abstract","parties"
"W4377861669","topic:parties","abstract","radical right"
"W4377861669","topic:voters","abstract","support for populist"
"W4377861669","topic:voters","abstract","voters"
"W4377861669","topic:voters","abstract","electorate"
"W4377861669","topic:voters","abstract","respondents"
"W4377861669","method:experiment","title","survey experiment"
"W4377861669","method:experiment","abstract","survey experiment"
"W4380077991","topic:parties","abstract","parties"
"W4380077991","topic:parties","abstract","party"
"W4380077991","topic:parties","abstract","right wing populist"
"W4380077991","topic:economy-welfare","title","welfare"
"W4380077991","topic:economy-welfare","abstract","welfare"
"W4380077991","topic:economy-welfare","abstract","social policy"
"W4380077991","topic:economy-welfare","abstract","economic"
"W4380077991","country:czech-republic","title","czechia"
"W4380077991","country:czech-republic","abstract","czech republic"
"W4380077991","country:czech-republic","abstract","czech (+ political word)"
"W4380077991","region:europe","rule","from the country named"
"W4381612034","region:europe","title","europe"
"W4385237754","todo:check-record","rule","DOI accepted by reading, not by the automatic rule"
"W4385237754","topic:parties","title","right wing populism"
"W4385237754","topic:parties","abstract","right wing populism"
"W4385237754","method:quantitative","abstract","regression"
"W4385237754","method:survey","abstract","survey data"
"W4385257562","topic:foreign-policy","abstract","diplomatic"
"W4385257562","topic:foreign-policy","abstract","diplomats"
"W4385257562","topic:media-communication","abstract","framing"
"W4385257562","topic:media-communication","abstract","fake news"
"W4385257562","topic:media-communication","abstract","journalists"
"W4385272924","topic:parties","abstract","party"
"W4385272924","topic:voters","abstract","populist attitudes"
"W4385272924","topic:voters","abstract","attitudes"
"W4385272924","topic:voters","abstract","electoral support"
"W4385272924","topic:voters","abstract","citizens"
"W4385272924","country:south-africa","title","south (+ political word)"
"W4385272924","region:sub-saharan-africa","rule","from the country named"
"W4385275259","topic:parties","title","far right"
"W4385275259","topic:parties","abstract","far right"
"W4385275259","topic:parties","abstract","parties"
"W4385275259","topic:religion","title","islamist"
"W4385275259","topic:religion","abstract","islamist"
"W4385278679","topic:parties","title","far right"
"W4385278679","topic:parties","title","radical right"
"W4385278679","topic:parties","title","parties"
"W4385278679","topic:parties","abstract","far right"
"W4385278679","topic:parties","abstract","parties"
"W4385278679","topic:parties","abstract","party"
"W4385278679","topic:media-communication","abstract","media"
"W4385373604","approach:performative","abstract","performative"
"W4385373604","topic:democracy-institutions","title","authoritarian"
"W4385373604","topic:democracy-institutions","abstract","populism and democracy"
"W4385373604","topic:democracy-institutions","abstract","authoritarian"
"W4385373604","method:qualitative","abstract","interviews"
"W4385373604","method:qualitative","abstract","ethnography"
"W4385634225","topic:parties","title","right wing populist"
"W4385634225","topic:parties","abstract","right wing populism"
"W4385634225","topic:parties","abstract","right wing populist"
"W4385634225","topic:media-communication","abstract","news coverage"
"W4385634225","topic:media-communication","abstract","media"
"W4385634225","topic:migration","abstract","immigration"
"W4385634225","region:europe","abstract","europe"
"W4386100214","method:qualitative","title","ethnography"
"W4386100214","method:qualitative","abstract","qualitative"
"W4386100214","method:qualitative","abstract","interviews"
"W4386100214","method:qualitative","abstract","participant observation"
"W4386100214","method:qualitative","abstract","discourse analysis"
"W4386100214","country:india","title","india"
"W4386100214","region:asia-pacific","rule","from the country named"
"W4386220420","topic:media-communication","title","rhetorical"
"W4386220420","topic:media-communication","abstract","rhetorical"
"W4386220420","country:japan","title","japan"
"W4386220420","country:japan","abstract","koizumi"
"W4386220420","country:japan","abstract","japanese (+ political word)"
"W4386220420","region:asia-pacific","rule","from the country named"
"W4386751760","topic:international","title","eu"
"W4386751760","topic:international","abstract","eu"
"W4386751760","topic:media-communication","title","media"
"W4386751760","topic:media-communication","abstract","media"
"W4386751760","topic:media-communication","abstract","framing"
"W4386751760","region:europe","title","eu"
"W4386751760","region:europe","abstract","eu"
"W4386751760","country:portugal","title","portuguese (+ political word)"
"W4386828940","topic:parties","abstract","candidates"
"W4386828940","topic:parties","abstract","right wing populism"
"W4386828940","topic:parties","abstract","candidate"
"W4386828940","country:united-states","title","united states"
"W4386828940","country:united-states","title","trump"
"W4386828940","country:united-states","abstract","united states"
"W4386828940","country:united-states","abstract","trump"
"W4386828940","country:united-states","abstract","american (+ political word)"
"W4386828940","region:north-america","rule","from the country named"
"W4387537340","topic:international","title","transnational"
"W4387537340","country:ukraine","title","ukrainian (+ political word)"
"W4387537340","country:ukraine","abstract","ukraine"
"W4387537340","country:ukraine","abstract","ukrainian (+ political word)"
"W4387537340","region:europe","rule","from the country named"
"W4387558827","approach:discursive","abstract","laclau"
"W4387558827","topic:economy-welfare","title","neoliberal"
"W4387738363","topic:government","abstract","in office"
"W4387738363","region:europe","title","eastern europe"
"W4387738363","region:latin-america","title","latin america"
"W4387738363","country:hungary","abstract","hungary"
"W4387738363","country:hungary","abstract","orban"
"W4387738363","country:ecuador","abstract","ecuador"
"W4387738363","country:ecuador","abstract","correa"
"W4388022305","country:china","title","china"
"W4388022305","country:china","abstract","china"
"W4388022305","country:china","abstract","xi jinping"
"W4388022305","region:asia-pacific","rule","from the country named"
"W4388094544","topic:international","title","eu"
"W4388094544","topic:government","abstract","populist governance"
"W4388094544","region:europe","title","eu"
"W4388570704","topic:parties","abstract","right wing populism"
"W4388570704","topic:parties","abstract","right wing populists"
"W4388570704","topic:parties","abstract","right wing populist"
"W4388570704","topic:parties","abstract","left wing populism"
"W4388570704","topic:gender","title","gender"
"W4388570704","topic:gender","abstract","gender"
"W4388570704","topic:gender","abstract","anti gender"
"W4388570704","topic:gender","abstract","lgbtiq"
"W4388570704","topic:religion","title","religion"
"W4388865417","topic:foreign-policy","abstract","foreign policy"
"W4388865417","topic:foreign-policy","abstract","foreign policymakers"
"W4388865417","topic:media-communication","title","rhetoric"
"W4388865417","country:united-states","abstract","united states"
"W4388865417","country:united-states","abstract","u s"
"W4388865417","country:united-states","abstract","american (+ political word)"
"W4388865417","region:north-america","rule","from the country named"
"W4389055693","topic:parties","abstract","radical right"
"W4389055693","topic:parties","abstract","radical left"
"W4389055693","topic:voters","abstract","voters"
"W4389201601","topic:voters","abstract","citizens"
"W4389201601","topic:spatial","abstract","rural"
"W4389201601","topic:democracy-institutions","abstract","illiberal"
"W4389201601","topic:democracy-institutions","abstract","liberal democracy"
"W4389201601","region:europe","abstract","eastern europe"
"W4389548903","topic:religion","title","religion"
"W4389790433","topic:democracy-institutions","title","constitutional"
"W4389790433","topic:democracy-institutions","abstract","constitutional"
"W4389790433","topic:democracy-institutions","abstract","populism and democracy"
"W4389790433","method:mixed","abstract","qualitative and quantitative"
"W4389790433","country:denmark","title","denmark"
"W4389790433","region:europe","rule","from the country named"
"W4389790601","topic:media-communication","title","media"
"W4389790601","topic:media-communication","abstract","media"
"W4389790601","topic:religion","title","religion"
"W4389790601","topic:religion","abstract","religion"
"W4389790601","region:europe","title","nordic"
"W4389790601","region:europe","abstract","nordic"
"W4389790601","region:europe","abstract","europe"
"W4390050325","topic:parties","title","populist politicians"
"W4390050325","topic:parties","abstract","populist leaders"
"W4390050325","topic:media-communication","title","twitter"
"W4390050325","topic:media-communication","abstract","twitter"
"W4390050325","topic:media-communication","abstract","rhetorical"
"W4390050325","topic:media-communication","abstract","media"
"W4390050325","method:mixed","abstract","qualitative and quantitative"
"W4390050325","country:italy","abstract","italy"
"W4390050325","country:italy","abstract","meloni"
"W4390050325","country:italy","abstract","salvini"
"W4390050325","country:united-kingdom","abstract","uk"
"W4390050325","country:united-kingdom","abstract","farage"
"W4390050325","region:europe","rule","from the country named"
"W4390271388","approach:discursive","abstract","post structuralism"
"W4390271388","topic:democracy-institutions","title","liberal democracy"
"W4392795784","region:latin-america","title","latin america"
"W4392795784","region:latin-america","abstract","latin america"
"W4392795784","country:brazil","abstract","brazil"
"W4392795784","country:brazil","abstract","bolsonaro"
"W4392824232","region:europe","abstract","europe"
"W4396737716","region:europe","title","eastern europe"
"W4396737716","region:europe","abstract","eastern european"
"W4396737716","region:europe","abstract","visegrad"
"W4396737716","region:europe","abstract","central europe"
"W4404481073","todo:check-record","rule","the registry writes the names in capitals (OMER and LUPO): to be corrected in Zotero by hand"
"W4404481073","topic:religion","title","religion"
"W4404481073","topic:religion","title","christian"
"W4411179616","topic:international","abstract","international organizations"
"W4411179616","topic:international","abstract","european union"
"W4411179616","topic:parties","abstract","parties"
"W4411179616","topic:parties","abstract","party"
"W4411179616","topic:voters","abstract","citizens"
"W4411179616","topic:voters","abstract","voters"
"W4411179616","topic:voters","abstract","attitudes"
"W4411179616","topic:economy-welfare","abstract","economic"
"W4411179616","topic:economy-welfare","abstract","globalization"
"W4411179616","topic:economy-welfare","abstract","welfare"
"W4411179616","topic:economy-welfare","abstract","inequality"
"W4411179616","topic:media-communication","abstract","fake news"
"W4411179616","topic:media-communication","abstract","propaganda"
"W4411179616","topic:democracy-institutions","title","authoritarian"
"W4411179616","topic:democracy-institutions","abstract","authoritarian"
"W4411179616","topic:democracy-institutions","abstract","liberal democracies"
"W4411179616","topic:democracy-institutions","abstract","liberal democracy"
"W4411179616","topic:democracy-institutions","abstract","authoritarianism"
"W4411179616","topic:democracy-institutions","abstract","democratization"
"W4411179616","topic:democracy-institutions","abstract","direct democracy"
"W4411179616","topic:democracy-institutions","abstract","populism and democracy"
"W4411179616","method:quantitative","title","regression"
"W4411179616","region:europe","abstract","european"
"W4411179616","region:europe","abstract","europe"
"W4317426024","topic:voters","title","voters"
"W4317426024","topic:economy-welfare","title","economic"
"W4317896905","topic:parties","abstract","party"
"W4317896905","topic:parties","abstract","partisans"
"W4317896905","topic:economy-welfare","abstract","neoliberal"
"W4317896905","topic:economy-welfare","abstract","economic"
"W4317896905","country:turkey","abstract","turkey"
"W4317896905","country:turkey","abstract","justice and development party"
"W4317896905","country:turkey","abstract","akp"
"W4317896905","region:europe","rule","from the country named"
"W4318214457","topic:defence-security","abstract","war"
"W4318214457","region:europe","title","balkans"
"W4318820664","country:turkey","title","turkish (+ political word)"
"W4318820664","region:europe","rule","from the country named"
"W4319791039","topic:religion","title","muslim"
"W4320733279","country:china","title","china"
"W4320733279","country:china","abstract","china"
"W4320733279","region:asia-pacific","rule","from the country named"
"W4321350933","approach:discursive","abstract","laclau"
"W4327597862","topic:government","title","populism in power"
"W4327597862","region:latin-america","title","andes"
"W4327597862","country:argentina","title","peronism"
"W4327597862","country:venezuela","title","chavismo"
"W4327759342","topic:parties","title","party"
"W4327759342","topic:government","title","populist governments"
"W4327862931","topic:gender","title","masculinities"
"W4327944861","country:united-states","title","trumpism"
"W4327944861","region:north-america","rule","from the country named"
"W4328107877","topic:parties","title","manifesto"
"W4328107877","topic:parties","abstract","manifesto"
"W4360609521","region:europe","title","scandinavian"
"W4360609521","country:norway","title","norway"
"W4360609521","country:sweden","title","sweden"
"W4360609573","topic:economy-welfare","title","social policy"
"W4360620949","topic:parties","abstract","parties"
"W4360620949","topic:democracy-institutions","title","constitutionalism"
"W4360620949","topic:democracy-institutions","title","constitutional"
"W4360620949","topic:democracy-institutions","abstract","constitutional"
"W4360620949","topic:democracy-institutions","abstract","rule of law"
"W4360620949","topic:democracy-institutions","abstract","referenda"
"W4360620949","topic:democracy-institutions","abstract","direct democracy"
"W4360620949","topic:democracy-institutions","abstract","court"
"W4360620949","topic:democracy-institutions","abstract","judiciary"
"W4360620949","region:europe","abstract","europe"
"W4360620949","region:europe","abstract","european"
"W4361205408","country:united-states","abstract","us"
"W4361205408","country:united-states","abstract","usa"
"W4361205408","region:north-america","rule","from the country named"
"W4362667508","region:europe","title","europe"
"W4362667511","topic:parties","title","candidates"
"W4362667511","topic:voters","title","populist attitudes"
"W4362667511","country:united-kingdom","title","britain"
"W4362667511","region:europe","rule","from the country named"
"W4366000286","country:argentina","title","argentina"
"W4366000286","country:argentina","title","peronism"
"W4366000286","region:latin-america","rule","from the country named"
"W4366316452","approach:ideational","abstract","ideational approaches"
"W4366316452","topic:parties","title","right wing populism"
"W4366316452","topic:parties","abstract","right wing populism"
"W4366316452","topic:religion","title","evangelicals"
"W4366316452","topic:religion","abstract","evangelicals"
"W4366316452","topic:religion","abstract","religio"
"W4366316452","topic:religion","abstract","evangelical"
"W4366316452","topic:religion","abstract","religious"
"W4366316452","country:united-states","title","american (+ political word)"
"W4366316452","region:north-america","rule","from the country named"
"W4366690726","region:asia-pacific","title","southeast asian"
"W4366690726","country:china","title","china"
"W4367298908","topic:gender","title","masculinity"
"W4372298587","topic:voters","title","citizens"
"W4372298587","region:europe","title","europe"
"W4375862126","approach:discursive","abstract","populism as a discourse"
"W4375862126","approach:performative","abstract","populist performances"
"W4375862126","topic:parties","abstract","party leaders"
"W4375862126","topic:media-communication","abstract","communication"
"W4375862126","country:slovakia","title","slovak (+ political word)"
"W4375862126","region:europe","rule","from the country named"
"W4377091702","topic:media-communication","title","rhetoric"
"W4377091702","country:united-states","title","united states"
"W4377091702","region:north-america","rule","from the country named"
"W4378652158","country:spain","title","spain"
"W4378652158","region:europe","rule","from the country named"
"W4379014627","topic:parties","title","social movements"
"W4379014627","topic:government","title","populism in power"
"W4379014627","region:latin-america","title","andes"
"W4379014627","country:bolivia","title","bolivia"
"W4379014627","country:ecuador","title","ecuador"
"W4379207620","topic:religion","abstract","religious"
"W4379207620","topic:religion","abstract","christians"
"W4379207620","topic:religion","abstract","orthodox church"
"W4379207620","method:qualitative","abstract","interviews"
"W4379207620","country:russia","abstract","russia"
"W4379207620","region:europe","rule","from the country named"
"W4379987409","country:lebanon","title","lebanon"
"W4379987409","region:mena","rule","from the country named"
"W4380904433","topic:parties","title","right wing populism"
"W4380904433","topic:religion","title","evangelicals"
"W4383375083","region:global","title","global populism"
"W4384071480","approach:discursive","abstract","laclau"
"W4384071480","approach:discursive","abstract","discourse theory"
"W4385260212","topic:parties","title","populist right"
"W4386096407","approach:performative","title","populist performance"
"W4386096407","region:sub-saharan-africa","title","african"
"W4386137720","topic:democracy-institutions","title","authoritarian"
"W4386292199","topic:democracy-institutions","title","constitutionalism"
"W4386545971","topic:religion","title","religion"
"W4386608492","topic:democracy-institutions","title","illiberal"
"W4386608492","country:russia","title","russia"
"W4386608492","country:united-states","title","united states"
"W4386608492","region:europe","rule","from the country named"
"W4386608492","region:north-america","rule","from the country named"
"W4386712352","topic:media-communication","title","communication"
"W4386861817","topic:parties","title","parties"
"W4386861817","region:europe","title","europe"
"W4387050904","topic:foreign-policy","title","foreign policy"
"W4387050904","topic:international","title","european parliament"
"W4387050904","topic:international","abstract","eu"
"W4387050904","topic:international","abstract","european parliament"
"W4387050904","topic:parties","title","right wing populist"
"W4387050904","topic:parties","abstract","right wing populism"
"W4387050904","topic:parties","abstract","right wing populist"
"W4387050904","topic:parties","abstract","parties"
"W4387050904","method:qualitative","abstract","critical discourse analysis"
"W4387050904","region:europe","title","european"
"W4387050904","region:europe","abstract","european"
"W4387050904","region:europe","abstract","eu"
"W4387050904","country:turkey","title","turkish (+ political word)"
"W4387050904","country:turkey","abstract","turkiye"
"W4387051084","approach:performative","title","populist performance"
"W4387051084","region:sub-saharan-africa","title","african"
"W4387495479","topic:parties","abstract","party"
"W4387495479","topic:parties","abstract","candidates"
"W4387495479","topic:parties","abstract","parties"
"W4387495479","topic:voters","abstract","electorate"
"W4387495479","topic:voters","abstract","voters"
"W4387495479","topic:religion","title","muslim"
"W4387495479","topic:religion","abstract","muslim"
"W4387495479","method:qualitative","abstract","qualitative"
"W4387591450","todo:check-record","rule","the registry writes the names in capitals (HIDALGO): to be corrected in Zotero by hand"
"W4387591450","country:spain","title","podemos"
"W4387591450","country:spain","title","spanish (+ political word)"
"W4387591450","region:europe","rule","from the country named"
"W4387684397","country:italy","title","italy"
"W4387684397","country:italy","title","italian (+ political word)"
"W4387684397","region:europe","rule","from the country named"
"W4387904423","country:united-states","title","trumpism"
"W4387904423","region:north-america","rule","from the country named"
"W4388089731","topic:gender","title","gender"
"W4388089731","topic:religion","title","religion"
"W4388453802","topic:democracy-institutions","title","democratization"
"W4388453802","topic:democracy-institutions","abstract","democratization"
"W4388453802","country:tunisia","title","tunisian (+ political word)"
"W4388453802","region:mena","rule","from the country named"
"W4388483301","topic:economy-welfare","title","neoliberalism"
"W4388483301","topic:economy-welfare","abstract","economic"
"W4388483301","topic:economy-welfare","abstract","neoliberalism"
"W4388483301","topic:economy-welfare","abstract","neoliberal"
"W4388553850","topic:religion","title","religion"
"W4388567194","topic:economy-welfare","abstract","economics"
"W4388567194","topic:economy-welfare","abstract","economy"
"W4388567194","country:italy","abstract","italy"
"W4388567194","country:italy","abstract","italian (+ political word)"
"W4388567194","region:europe","rule","from the country named"
"W4388611289","topic:parties","title","right wing populism"
"W4388611289","topic:parties","abstract","right wing populism"
"W4388611289","topic:parties","abstract","party"
"W4388611289","topic:parties","abstract","parties"
"W4388611289","country:germany","title","german (+ political word)"
"W4388611289","country:germany","abstract","germany"
"W4388611289","country:germany","abstract","alternative for germany"
"W4388611289","country:germany","abstract","alternative fur deutschland"
"W4388611289","country:germany","abstract","afd"
"W4388611289","region:europe","rule","from the country named"
"W4388834558","topic:democracy-institutions","title","constitutional"
"W4388834558","topic:democracy-institutions","abstract","constitutional"
"W4388834558","topic:democracy-institutions","abstract","court"
"W4388834558","topic:democracy-institutions","abstract","courts"
"W4388834558","topic:democracy-institutions","abstract","constitution"
"W4388834558","country:hungary","title","hungary"
"W4388834558","country:italy","title","italy"
"W4388834558","region:europe","rule","from the country named"
"W4388952563","topic:economy-welfare","title","economy"
"W4388952563","topic:economy-welfare","abstract","economic"
"W4388952563","topic:economy-welfare","abstract","globalisation"
"W4388952563","country:germany","title","germany"
"W4388952563","region:europe","rule","from the country named"
"W4389225698","topic:democracy-institutions","title","constitutional"
"W4389380235","topic:parties","abstract","populist leaders"
"W4389380235","topic:parties","abstract","populist movements"
"W4389380235","topic:parties","abstract","political leaders"
"W4389380235","topic:media-communication","abstract","media"
"W4389380235","topic:media-communication","abstract","communication"
"W4389380235","method:qualitative","abstract","discourse analysis"
"W4389729788","topic:religion","title","religion"
"W4389788480","region:europe","title","central european"
"W4389919080","country:turkey","abstract","turkish (+ political word)"
"W4389919080","region:europe","rule","from the country named"
"W4389997563","topic:parties","title","populist leaders"
"W4389997563","topic:parties","abstract","populist leaders"
"W4389997563","topic:voters","abstract","electorate"
"W4389997563","topic:voters","abstract","citizens"
"W4389997563","method:survey","abstract","original surveys"
"W4389997563","country:spain","title","spain"
"W4389997563","country:argentina","title","argentina"
"W4389997563","region:europe","rule","from the country named"
"W4389997563","region:latin-america","rule","from the country named"
"W4390124651","topic:international","title","eu"
"W4390124651","region:europe","title","eu"
"W4390271843","topic:democracy-institutions","title","authoritarian"
"W4390271843","topic:democracy-institutions","abstract","authoritarian"
"W4390454269","topic:religion","title","islamist"
"W4390454269","country:turkey","title","turkey"
"W4390454269","country:indonesia","title","indonesia"
"W4390454269","region:europe","rule","from the country named"
"W4390454269","region:asia-pacific","rule","from the country named"
"W4391257976","region:europe","title","visegrad"
"W4391257976","country:united-kingdom","title","uk"
"W4392135629","approach:ideational","abstract","ideational approach"
"W4392135629","approach:ideational","abstract","host ideologies"
"W4392135629","topic:parties","abstract","parties"
"W4392135629","topic:parties","abstract","populist movements"
"W4392135629","topic:parties","abstract","populist actors"
"W4392135629","topic:parties","abstract","populist actor"
"W4392135629","topic:parties","abstract","populist leaders"
"W4392135629","topic:parties","abstract","party"
"W4392135629","topic:voters","abstract","attitudes"
"W4392135629","topic:democracy-institutions","title","constitutionalism"
"W4392135629","topic:democracy-institutions","abstract","constitutionalism"
"W4392135629","topic:democracy-institutions","abstract","constitutionally"
"W4392135629","topic:democracy-institutions","abstract","constitutional"
"W4392135629","topic:democracy-institutions","abstract","authoritarian"
"W4392135629","topic:democracy-institutions","abstract","judicial"
"W4392135629","topic:democracy-institutions","abstract","constitutionalist"
"W4392135629","topic:democracy-institutions","abstract","constitution"
"W4392135629","topic:democracy-institutions","abstract","authoritarianism"
"W4392135629","topic:democracy-institutions","abstract","court"
"W4392135629","topic:democracy-institutions","abstract","courts"
"W4392135629","topic:democracy-institutions","abstract","referendums"
"W4392135629","topic:democracy-institutions","abstract","direct democracy"
"W4392135629","region:europe","abstract","southern european"
"W4392135629","region:europe","abstract","western europe"
"W4392135629","region:europe","abstract","southern europe"
"W4392135629","region:latin-america","rule","from the country named"
"W4393174440","region:europe","title","europe"
"W4399377612","region:sub-saharan-africa","abstract","african"
"W4404174067","topic:democracy-institutions","title","constitutional"
"W4404585370","method:qualitative","abstract","participant observation"
"W4404585370","country:united-states","title","maga"
"W4404585370","region:north-america","rule","from the country named"
"W7163882410","topic:democracy-institutions","title","threat to democracy"
"W7163882410","topic:democracy-institutions","abstract","constitutional"
"W7163882410","topic:democracy-institutions","abstract","rule of law"
"W7163882410","country:nigeria","title","nigeria"
"W7163882410","region:sub-saharan-africa","rule","from the country named"
"W7164899940","country:united-states","title","us"
"W7164899940","country:australia","title","australia"
"W7164899940","country:new-zealand","title","new zealand"
"W7164899940","region:north-america","rule","from the country named"
"W7164899940","region:asia-pacific","rule","from the country named"
"W7166020982","region:latin-america","abstract","latin america"
"W4285730484","region:europe","title","europe"
"W4312327439","country:india","title","india"
"W4312327439","country:india","title","modi"
"W4312327439","region:asia-pacific","rule","from the country named"
"W4307811251","topic:parties","title","populist right"
"W4307811251","topic:economy-welfare","title","neoliberal"
"W4307811251","topic:migration","title","immigration"
"W4285091705","country:united-states","abstract","u s"
"W4285091705","region:north-america","rule","from the country named"
"W4213228309","topic:media-communication","title","facebook"
"W4213228309","topic:media-communication","abstract","media"
"W4213228309","topic:media-communication","abstract","facebook"
"W4213228309","country:austria","title","austria"
"W4213228309","country:germany","title","germany"
"W4213228309","region:europe","rule","from the country named"
"W4221048485","topic:media-communication","abstract","facebook"
"W4221048485","topic:media-communication","abstract","frames"
"W4221048485","topic:migration","title","nativism"
"W4221048485","topic:migration","abstract","immigration"
"W4221048485","topic:migration","abstract","nativist"
"W4221048485","topic:migration","abstract","migrants"
"W4221048485","topic:migration","abstract","border controls"
"W4221048485","topic:democracy-institutions","title","authoritarianism"
"W4221048485","method:qualitative","abstract","qualitative"
"W4221048485","country:france","title","rassemblement national"
"W4221048485","country:france","abstract","national rally"
"W4221048485","country:france","abstract","rassemblement national"
"W4221048485","country:france","abstract","french (+ political word)"
"W4221048485","region:europe","rule","from the country named"
"W4283207128","approach:performative","abstract","performative"
"W4283207128","approach:performative","abstract","populism as a style"
"W4283207128","topic:parties","title","populist leadership"
"W4283207128","topic:parties","abstract","populist leader"
"W4283207128","topic:parties","abstract","populist leadership"
"W4283207128","topic:parties","abstract","party"
"W4283207128","country:india","title","modi"
"W4283207128","country:india","abstract","modi"
"W4283207128","country:india","abstract","bharatiya janata"
"W4283207128","country:india","abstract","bjp"
"W4283207128","country:india","abstract","indian (+ political word)"
"W4283207128","region:asia-pacific","rule","from the country named"
"W4293251369","topic:media-communication","title","rhetoric"
"W4293251369","country:ecuador","title","correa"
"W4293251369","country:ecuador","abstract","ecuador"
"W4293251369","country:ecuador","abstract","correa"
"W4293251369","region:latin-america","rule","from the country named"
"W4296347322","approach:performative","abstract","performativity"
"W4296347322","topic:parties","abstract","populist politicians"
"W4296347322","topic:parties","abstract","right wing populism"
"W4312225434","topic:international","title","eu"
"W4312225434","topic:voters","title","attitudes"
"W4312225434","topic:economy-welfare","title","inequalities"
"W4312225434","topic:economy-welfare","abstract","inequalities"
"W4312225434","topic:economy-welfare","abstract","inequality"
"W4312225434","topic:migration","title","migrant"
"W4312225434","topic:migration","abstract","immigrants"
"W4312225434","topic:migration","abstract","asylum"
"W4312225434","topic:migration","abstract","refugees"
"W4312225434","topic:migration","abstract","migrant"
"W4312225434","topic:migration","abstract","refugee"
"W4312225434","method:qualitative","abstract","qualitative"
"W4312225434","method:qualitative","abstract","interviews"
"W4312225434","region:europe","title","eu"
"W4312225434","country:greece","title","greece"
"W4312225434","country:greece","abstract","greece"
"W4206920260","topic:parties","abstract","right wing populist"
"W4206920260","topic:voters","title","attitudes"
"W4206920260","topic:voters","title","citizens"
"W4206920260","topic:voters","abstract","citizens"
"W4206920260","topic:voters","abstract","voters"
"W4206920260","topic:voters","abstract","populist attitudes"
"W4206920260","method:survey","abstract","survey data"
"W4221081328","topic:parties","abstract","parties"
"W4221081328","topic:voters","abstract","citizens"
"W4221081328","topic:voters","abstract","respondents"
"W4221082223","approach:performative","abstract","performative"
"W4221082223","topic:parties","abstract","far right"
"W4221082223","topic:parties","abstract","populist politician"
"W4221082223","topic:parties","abstract","radical right"
"W4221082223","topic:parties","abstract","populist actors"
"W4221082223","topic:media-communication","abstract","media"
"W4221082223","method:qualitative","abstract","critical discourse analysis"
"W4221082223","country:australia","title","pauline hanson"
"W4221082223","country:australia","title","australian (+ political word)"
"W4221082223","country:australia","abstract","australia"
"W4221082223","country:australia","abstract","pauline hanson"
"W4221082223","country:australia","abstract","australian (+ political word)"
"W4221082223","region:asia-pacific","rule","from the country named"
"W4280601033","topic:voters","title","populist attitudes"
"W4280601033","topic:voters","abstract","populist attitudes"
"W4280601033","topic:economy-welfare","abstract","economic"
"W4280601033","method:quantitative","abstract","regression"
"W4280601033","method:survey","abstract","representative surveys"
"W4280601033","country:czech-republic","title","czech republic"
"W4280601033","country:czech-republic","abstract","czech republic"
"W4280601033","country:germany","title","germany"
"W4280601033","country:germany","abstract","germany"
"W4280601033","region:europe","rule","from the country named"
"W4281295969","topic:parties","title","radical right"
"W4281295969","topic:parties","abstract","radical right"
"W4281295969","topic:parties","abstract","party"
"W4281295969","topic:parties","abstract","parties"
"W4281295969","topic:democracy-institutions","abstract","direct democracy"
"W4281295969","method:qualitative","abstract","qualitative"
"W4293740987","topic:international","title","euroscepticism"
"W4293740987","topic:international","abstract","european union"
"W4293740987","topic:international","abstract","eu"
"W4293740987","topic:international","abstract","european integration"
"W4293740987","topic:international","abstract","euroscepticism"
"W4293740987","topic:media-communication","title","media"
"W4293740987","topic:media-communication","abstract","communication"
"W4293740987","topic:media-communication","abstract","social networks"
"W4293740987","topic:media-communication","abstract","twitter"
"W4293740987","topic:media-communication","abstract","facebook"
"W4293740987","topic:media-communication","abstract","media"
"W4293740987","method:survey","abstract","national surveys"
"W4293740987","region:europe","abstract","european"
"W4293740987","region:europe","abstract","eu"
"W4308387596","topic:parties","title","partisans"
"W4308387596","topic:parties","title","partisanship"
"W4308387596","topic:parties","abstract","partisan"
"W4308387596","topic:parties","abstract","populist leader"
"W4308387596","topic:parties","abstract","party"
"W4308387596","topic:voters","abstract","voters"
"W4308387596","method:survey","abstract","representative survey"
"W4308387596","country:mexico","title","mexico"
"W4308387596","region:latin-america","rule","from the country named"
"W4309388038","topic:parties","abstract","social movements"
"W4309388038","topic:parties","abstract","right wing populism"
"W4309388038","topic:parties","abstract","social movement"
"W4205161468","approach:discursive","abstract","discursive approach"
"W4205161468","topic:parties","title","social movements"
"W4205161468","topic:parties","abstract","social movements"
"W4205161468","topic:parties","abstract","social movement"
"W4220711706","topic:defence-security","abstract","wars"
"W4220711706","topic:defence-security","abstract","militarised"
"W4220711706","topic:international","title","eu"
"W4220711706","topic:international","abstract","eu"
"W4220711706","topic:international","abstract","euroscepticism"
"W4220711706","topic:international","abstract","eurosceptic"
"W4220711706","topic:parties","title","radical right"
"W4220711706","topic:parties","abstract","populist leaders"
"W4220711706","topic:parties","abstract","parties"
"W4220711706","topic:parties","abstract","party"
"W4220711706","topic:parties","abstract","manifestos"
"W4220711706","topic:parties","abstract","radical right"
"W4220711706","region:europe","title","eastern europe"
"W4220711706","region:europe","title","eu"
"W4220711706","region:europe","abstract","eastern european"
"W4220711706","region:europe","abstract","eu"
"W4220711706","country:hungary","abstract","fidesz"
"W4220711706","country:hungary","abstract","orban"
"W4220711706","country:poland","abstract","pis"
"W4220711706","country:poland","abstract","kaczynski"
"W4312059969","topic:media-communication","abstract","media"
"W4312059969","topic:media-communication","abstract","newspapers"
"W4312059969","topic:migration","title","refugee"
"W4312059969","topic:migration","abstract","refugees"
"W4312059969","topic:democracy-institutions","title","authoritarian"
"W4312059969","topic:democracy-institutions","abstract","authoritarian"
"W4312059969","region:europe","abstract","europe"
"W4312059969","region:europe","abstract","eu"
"W4312059969","country:greece","abstract","greece"
"W4312059969","country:greece","abstract","greek (+ political word)"
"W4312059969","country:turkey","abstract","turkiye"
"W4312059969","country:turkey","abstract","erdogan"
"W4312059969","country:turkey","abstract","turkish (+ political word)"
"W4312059969","country:united-kingdom","abstract","uk"
"W4212844960","topic:government","title","populist government"
"W4212844960","topic:government","abstract","populist governments"
"W4212844960","topic:democracy-institutions","title","illiberal"
"W4212844960","topic:democracy-institutions","abstract","courts"
"W4212844960","topic:democracy-institutions","abstract","illiberal"
"W4212844960","topic:democracy-institutions","abstract","constitutional"
"W4212844960","topic:democracy-institutions","abstract","liberal democracy"
"W4229450355","topic:parties","abstract","radical right"
"W4229450355","topic:parties","abstract","social movement"
"W4229450355","country:brazil","title","brazil"
"W4229450355","country:brazil","title","bolsonaro"
"W4229450355","country:brazil","abstract","brazil"
"W4229450355","country:brazil","abstract","bolsonaro"
"W4229450355","country:brazil","abstract","brazilian (+ political word)"
"W4229450355","region:latin-america","rule","from the country named"
"W4283456746","topic:parties","title","populist leader"
"W4283456746","country:ecuador","title","ecuador"
"W4283456746","country:ecuador","title","correa"
"W4283456746","region:latin-america","rule","from the country named"
"W4283692554","topic:parties","title","radical right"
"W4283692554","topic:parties","abstract","radical right"
"W4283692554","topic:parties","abstract","parties"
"W4283692554","topic:parties","abstract","right wing populist"
"W4283692554","topic:parties","abstract","populist leader"
"W4283692554","topic:media-communication","abstract","media"
"W4283692554","topic:media-communication","abstract","facebook"
"W4283692554","topic:media-communication","abstract","twitter"
"W4283692554","topic:gender","title","gender"
"W4283692554","topic:gender","abstract","women"
"W4283692554","topic:gender","abstract","gender"
"W4283692554","topic:gender","abstract","misogyny"
"W4293217186","topic:foreign-policy","title","foreign policy"
"W4293217186","topic:defence-security","title","war"
"W4293217186","country:armenia","title","armenia"
"W4293217186","country:armenia","abstract","armenia"
"W4293217186","region:europe","rule","from the country named"
"W4311156506","topic:parties","abstract","populist movements"
"W4311156506","topic:parties","abstract","parties"
"W4311156506","topic:religion","title","islam"
"W4311156506","topic:religion","abstract","islam"
"W4311156506","topic:religion","abstract","islamic"
"W4311156506","topic:religion","abstract","religious"
"W4311156506","topic:religion","abstract","muslim"
"W4311156506","topic:religion","abstract","christian"
"W4311156506","topic:religion","abstract","islamists"
"W4311156506","topic:religion","abstract","islamist"
"W4311156506","country:indonesia","title","indonesia"
"W4311156506","country:indonesia","abstract","indonesia"
"W4311156506","country:indonesia","abstract","widodo"
"W4311156506","country:indonesia","abstract","indonesian (+ political word)"
"W4311156506","region:asia-pacific","rule","from the country named"
"W4205954549","topic:parties","title","parties"
"W4205954549","topic:voters","title","voters"
"W4205954549","topic:voters","title","attitudes"
"W4205954549","topic:voters","abstract","voters"
"W4205954549","country:italy","title","italian (+ political word)"
"W4205954549","region:europe","rule","from the country named"
"W4225264312","topic:parties","abstract","parties"
"W4225264312","topic:parties","abstract","right wing populist"
"W4225264312","topic:parties","abstract","party"
"W4225264312","method:quantitative","abstract","difference in differences"
"W4225264312","country:germany","title","afd"
"W4225264312","country:germany","abstract","alternative fur deutschland"
"W4225264312","country:germany","abstract","afd"
"W4225264312","country:germany","abstract","german (+ political word)"
"W4225264312","region:europe","rule","from the country named"
"W4225572774","approach:other","abstract","approaches to populism"
"W4225572774","approach:other","abstract","conceptualization of populism"
"W4225572774","topic:parties","title","far right"
"W4225572774","topic:parties","abstract","far right"
"W4225572774","topic:media-communication","title","framing"
"W4225572774","method:qualitative","abstract","interpretive analysis"
"W4225572774","method:qualitative","abstract","ethnographic"
"W4225572774","region:europe","abstract","europe"
"W4225572774","region:europe","abstract","european"
"W4291178322","topic:economy-welfare","abstract","economic"
"W4291178322","topic:economy-welfare","abstract","economy"
"W4291178322","topic:media-communication","title","media"
"W4291178322","topic:media-communication","abstract","media"
"W4309767130","topic:media-communication","title","rhetoric"
"W4309767130","country:united-states","title","united states"
"W4309767130","region:north-america","rule","from the country named"
"W4310035733","topic:parties","abstract","party"
"W4310035733","topic:parties","abstract","populist leaders"
"W4310035733","topic:parties","abstract","parties"
"W4310035733","topic:voters","abstract","attitudes"
"W4310035733","topic:voters","abstract","vote choice"
"W4310035733","method:quantitative","abstract","regression"
"W4310035733","country:czech-republic","title","czech republic"
"W4310035733","country:czech-republic","abstract","czech republic"
"W4310035733","country:czech-republic","abstract","babis"
"W4310035733","country:czech-republic","abstract","czech (+ political word)"
"W4310035733","region:europe","rule","from the country named"
"W4310053790","topic:parties","title","parties"
"W4310053790","topic:parties","abstract","parties"
"W4310053790","topic:parties","abstract","radical right"
"W4310053790","topic:parties","abstract","radical left"
"W4310053790","topic:parties","abstract","party"
"W4311114153","topic:voters","abstract","citizens"
"W4311114153","topic:voters","abstract","populist attitudes"
"W4311114153","method:quantitative","abstract","structural equation"
"W4312192317","region:europe","title","central european"
"W4313204143","approach:discursive","title","discursive constructions"
"W4313204143","approach:discursive","abstract","discourse theory"
"W4313204143","topic:parties","abstract","party"
"W4313204143","country:brazil","title","lula"
"W4313204143","country:brazil","title","bolsonaro"
"W4313204143","country:brazil","abstract","brazil"
"W4313204143","country:brazil","abstract","lula"
"W4313204143","country:brazil","abstract","bolsonaro"
"W4313204143","region:latin-america","rule","from the country named"
"W4205460169","topic:parties","title","right wing populists"
"W4205460169","topic:parties","abstract","far right"
"W4205460169","topic:parties","abstract","right wing populist"
"W4205460169","topic:parties","abstract","party"
"W4205460169","topic:voters","abstract","supporters"
"W4205460169","topic:media-communication","abstract","media"
"W4205460169","country:spain","title","spain"
"W4205460169","country:spain","title","vox"
"W4205460169","country:spain","abstract","vox"
"W4205460169","country:spain","abstract","spanish (+ political word)"
"W4205460169","region:europe","rule","from the country named"
"W4210618642","approach:ideational","abstract","ideational approaches"
"W4210618642","approach:discursive","abstract","laclau"
"W4210618642","topic:economy-welfare","abstract","welfare"
"W4210618642","topic:economy-welfare","abstract","economic"
"W4210618642","topic:media-communication","abstract","media"
"W4210618642","topic:media-communication","abstract","communication"
"W4210618642","country:united-states","abstract","united states"
"W4210618642","country:united-states","abstract","trump"
"W4210618642","country:united-states","abstract","us"
"W4210618642","region:north-america","rule","from the country named"
"W4212945926","topic:parties","abstract","far right"
"W4212945926","topic:parties","abstract","right wing populist"
"W4212945926","topic:parties","abstract","parties"
"W4212945926","topic:parties","abstract","party"
"W4212945926","topic:parties","abstract","manifestos"
"W4212945926","topic:media-communication","abstract","rhetoric"
"W4212945926","topic:media-communication","abstract","framing"
"W4212945926","topic:religion","title","religion"
"W4212945926","topic:religion","title","christian"
"W4212945926","topic:religion","abstract","religion"
"W4212945926","topic:religion","abstract","religious"
"W4212945926","topic:religion","abstract","christianist"
"W4212945926","topic:religion","abstract","christianity"
"W4212945926","topic:religion","abstract","secularized"
"W4212945926","topic:religion","abstract","secular"
"W4212945926","topic:religion","abstract","islam"
"W4212945926","topic:religion","abstract","religio"
"W4212945926","topic:migration","title","immigration"
"W4212945926","topic:migration","abstract","anti immigration"
"W4212945926","topic:migration","abstract","immigrants"
"W4212945926","topic:migration","abstract","nativist"
"W4212945926","topic:migration","abstract","nativism"
"W4212945926","method:qualitative","abstract","qualitative"
"W4212945926","region:europe","title","northern europe"
"W4224249703","topic:economy-welfare","title","neoliberal"
"W4224249703","topic:economy-welfare","abstract","neoliberal"
"W4224249703","country:hungary","abstract","hungary"
"W4224249703","country:hungary","abstract","orban"
"W4224249703","country:turkey","abstract","turkey"
"W4224249703","country:turkey","abstract","erdogan"
"W4224249703","region:europe","rule","from the country named"
"W4281688962","topic:parties","title","party"
"W4281688962","topic:parties","abstract","party"
"W4281688962","topic:parties","abstract","far right"
"W4281688962","topic:voters","abstract","voters"
"W4281688962","topic:voters","abstract","supporters"
"W4281688962","method:qualitative","abstract","interviews"
"W4281688962","country:ukraine","title","ukraine"
"W4281688962","country:ukraine","abstract","ukraine"
"W4281688962","country:ukraine","abstract","zelensky"
"W4281688962","country:ukraine","abstract","ukrainian (+ political word)"
"W4281688962","region:europe","rule","from the country named"
"W4283781377","topic:parties","title","right wing populism"
"W4283781377","topic:parties","abstract","right wing populist"
"W4283781377","topic:parties","abstract","left wing populist"
"W4283781377","topic:parties","abstract","far right"
"W4283781377","topic:parties","abstract","right wing populism"
"W4283781377","topic:spatial","abstract","rural"
"W4283781377","topic:economy-welfare","abstract","economic"
"W4283781377","topic:economy-welfare","abstract","neoliberal"
"W4283781377","topic:economy-welfare","abstract","economic crisis"
"W4283781377","country:turkey","title","turkey"
"W4283781377","country:turkey","abstract","turkey"
"W4283781377","country:turkey","abstract","erdogan"
"W4283781377","country:turkey","abstract","akp"
"W4283781377","region:europe","rule","from the country named"
"W4288011930","topic:defence-security","abstract","military"
"W4288011930","topic:defence-security","abstract","security policies"
"W4288011930","topic:gender","title","masculinities"
"W4288011930","topic:gender","abstract","masculinities"
"W4288011930","topic:gender","abstract","masculinity"
"W4288011930","topic:gender","abstract","gender"
"W4288011930","topic:gender","abstract","masculinist"
"W4288011930","topic:gender","abstract","feminist"
"W4288011930","topic:gender","abstract","patriarchy"
"W4288011930","topic:religion","abstract","muslim"
"W4288011930","topic:religion","abstract","hindu"
"W4288011930","topic:religion","abstract","hindutva"
"W4288011930","country:india","title","india"
"W4288011930","country:india","abstract","india"
"W4288011930","country:india","abstract","hindutva"
"W4288011930","country:india","abstract","modi"
"W4288011930","country:pakistan","title","pakistan"
"W4288011930","country:pakistan","abstract","pakistan"
"W4288011930","country:pakistan","abstract","imran khan"
"W4288011930","country:pakistan","abstract","pakistani (+ political word)"
"W4288011930","region:asia-pacific","rule","from the country named"
"W4293716108","topic:parties","abstract","party"
"W4293716108","topic:parties","abstract","parties"
"W4293716108","topic:religion","title","religious"
"W4293716108","topic:religion","abstract","religion"
"W4293716108","topic:religion","abstract","christian"
"W4293716108","topic:religion","abstract","religions"
"W4293716108","topic:religion","abstract","christianity"
"W4293716108","topic:religion","abstract","religious"
"W4293716108","topic:religion","abstract","islam"
"W4293716108","topic:religion","abstract","hinduism"
"W4293716108","topic:religion","abstract","sacred"
"W4293716108","country:united-states","abstract","united states"
"W4293716108","country:united-states","abstract","tea party"
"W4293716108","country:united-states","abstract","trump"
"W4293716108","country:india","abstract","india"
"W4293716108","country:pakistan","abstract","pakistan"
"W4293716108","region:global","rule","three or more regions named: europe, asia-pacific, north-america"
"W4302303811","topic:parties","title","parties"
"W4302303811","region:europe","title","european"
"W4309647879","topic:parties","title","radical right"
"W4309647879","topic:parties","title","parties"
"W4309647879","topic:parties","abstract","radical right"
"W4309647879","topic:parties","abstract","parties"
"W4309647879","topic:migration","abstract","immigrants"
"W4309647879","topic:migration","abstract","nativist"
"W4310263439","topic:parties","title","right wing populist"
"W4310263439","topic:parties","title","parties"
"W4310263439","topic:parties","abstract","populist right"
"W4310263439","topic:parties","abstract","right wing populist"
"W4310263439","topic:parties","abstract","parties"
"W4310263439","topic:parties","abstract","right wing populists"
"W4310263439","topic:media-communication","title","media"
"W4310263439","topic:media-communication","abstract","media"
"W4310263439","topic:media-communication","abstract","facebook"
"W4310263439","topic:media-communication","abstract","twitter"
"W4310263439","topic:media-communication","abstract","communication"
"W4310263439","method:quantitative","abstract","quantitative analysis"
"W4310263439","region:europe","title","nordic"
"W4310263439","region:europe","abstract","nordic"
"W4310263439","country:sweden","abstract","sweden"
"W4310711913","topic:international","abstract","brexit"
"W4310711913","topic:parties","abstract","populist actors"
"W4310711913","topic:parties","abstract","parties"
"W4310711913","topic:media-communication","abstract","media"
"W4310711913","topic:media-communication","abstract","twitter"
"W4310711913","method:qta","abstract","sentiment analysis"
"W4310711913","country:united-kingdom","abstract","brexit"
"W4310711913","country:united-states","abstract","trump"
"W4310711913","country:united-states","abstract","us"
"W4310711913","region:europe","rule","from the country named"
"W4310711913","region:north-america","rule","from the country named"
"W4224238907","topic:parties","title","right wing populism"
"W4224238907","topic:parties","abstract","right wing populist"
"W4224238907","topic:parties","abstract","social movement"
"W4224238907","topic:gender","title","gender"
"W4224238907","topic:gender","title","feminist"
"W4224238907","topic:gender","abstract","women"
"W4224238907","topic:gender","abstract","gender"
"W4224238907","topic:gender","abstract","feminist"
"W4224238907","topic:religion","title","islam"
"W4224238907","topic:religion","title","muslim"
"W4224238907","topic:religion","abstract","muslim"
"W4224238907","topic:religion","abstract","islam"
"W4224238907","country:turkey","title","turkey"
"W4224238907","region:europe","rule","from the country named"
"W4226072730","topic:foreign-policy","title","foreign policy"
"W4226072730","topic:foreign-policy","abstract","foreign policy"
"W4226072730","topic:foreign-policy","abstract","foreign policymaking"
"W4226072730","topic:parties","title","populist leaders"
"W4226072730","topic:parties","abstract","populist leaders"
"W4281291056","topic:democracy-institutions","title","authoritarian"
"W4281291056","topic:democracy-institutions","abstract","authoritarian"
"W4281291056","topic:democracy-institutions","abstract","authoritarianism"
"W4281291056","country:india","title","india"
"W4281291056","country:india","title","modi"
"W4281291056","country:india","abstract","india"
"W4281291056","country:india","abstract","modi"
"W4281291056","country:india","abstract","hindutva"
"W4281291056","region:asia-pacific","rule","from the country named"
"W4289932528","topic:democracy-institutions","title","constitutional"
"W4289932528","topic:democracy-institutions","title","courts"
"W4289932528","topic:democracy-institutions","abstract","constitutional"
"W4289932528","topic:democracy-institutions","abstract","court"
"W4289932528","topic:democracy-institutions","abstract","constitutionalism"
"W4289932528","topic:democracy-institutions","abstract","courts"
"W4292478940","topic:parties","title","right wing populist"
"W4292478940","topic:parties","abstract","right wing populist"
"W4292478940","topic:media-communication","title","tweeting"
"W4292478940","topic:media-communication","title","communication"
"W4292478940","topic:media-communication","abstract","communication"
"W4292478940","topic:media-communication","abstract","twitter"
"W4292478940","country:united-states","abstract","trump"
"W4292478940","country:india","abstract","modi"
"W4292478940","region:north-america","rule","from the country named"
"W4292478940","region:asia-pacific","rule","from the country named"
"W4293574854","topic:voters","title","populist attitudes"
"W4293574854","topic:voters","abstract","populist attitudes"
"W4293574854","method:quantitative","abstract","panel data"
"W4293574854","method:survey","title","survey data"
"W4293574854","region:europe","title","european"
"W4210419819","approach:other","abstract","definitions of populism"
"W4210419819","country:portugal","abstract","portugal"
"W4210419819","country:portugal","abstract","portuguese (+ political word)"
"W4210419819","country:spain","abstract","spain"
"W4210419819","country:spain","abstract","podemos"
"W4210419819","region:europe","rule","from the country named"
"W4213089171","country:russia","title","russian (+ political word)"
"W4213089171","region:europe","rule","from the country named"
"W4223580537","todo:check-record","rule","the registry writes the names in capitals (TIETJEN): to be corrected in Zotero by hand"
"W4223580537","approach:discursive","abstract","laclauian"
"W4223580537","approach:discursive","abstract","populism as a political logic"
"W4224299852","topic:parties","title","right wing populist"
"W4224299852","topic:parties","title","parties"
"W4224299852","topic:parties","abstract","right wing populist"
"W4224299852","topic:parties","abstract","parties"
"W4224299852","topic:parties","abstract","party"
"W4224299852","topic:media-communication","abstract","facebook"
"W4224299852","topic:media-communication","abstract","newspaper"
"W4224299852","topic:migration","title","anti immigration"
"W4224299852","topic:migration","abstract","immigration"
"W4224299852","method:qualitative","abstract","critical discourse analysis"
"W4224299852","country:switzerland","abstract","swiss people s party"
"W4224299852","country:switzerland","abstract","swiss (+ political word)"
"W4224299852","region:europe","rule","from the country named"
"W4225398608","topic:foreign-policy","title","foreign policy"
"W4225398608","topic:foreign-policy","abstract","foreign policy"
"W4225398608","topic:foreign-policy","abstract","foreign policies"
"W4225398608","region:asia-pacific","abstract","asia"
"W4225398608","region:asia-pacific","abstract","asian"
"W4225398608","country:indonesia","title","indonesia"
"W4225398608","country:indonesia","title","jokowi"
"W4225398608","country:indonesia","abstract","indonesia"
"W4225398608","country:indonesia","abstract","widodo"
"W4225398608","country:indonesia","abstract","jokowi"
"W4285592012","country:united-kingdom","title","england"
"W4285592012","country:united-kingdom","title","wales"
"W4285592012","country:united-kingdom","abstract","england"
"W4285592012","country:united-kingdom","abstract","wales"
"W4285592012","region:europe","rule","from the country named"
"W4296252163","approach:performative","abstract","populist style"
"W4296252163","topic:media-communication","title","media"
"W4296252163","topic:media-communication","abstract","communication"
"W4296252163","topic:media-communication","abstract","media"
"W4296252163","topic:media-communication","abstract","journalistic"
"W4296252163","method:qualitative","abstract","interviews"
"W4296252163","region:latin-america","title","latin america"
"W4296252163","region:latin-america","abstract","latin america"
"W4296252163","country:argentina","title","argentina"
"W4296483550","topic:international","title","european parliament"
"W4296483550","topic:gender","title","anti gender"
"W4296483550","region:europe","title","european"
"W4307169258","topic:foreign-policy","title","diplomacy"
"W4307169258","topic:parties","title","far right"
"W4307169258","topic:parties","abstract","far right"
"W4307169258","topic:government","abstract","administration"
"W4307169258","topic:media-communication","abstract","rhetoric"
"W4307169258","country:united-states","abstract","united states"
"W4307169258","country:united-states","abstract","trump"
"W4307169258","country:brazil","title","bolsonaro"
"W4307169258","country:brazil","abstract","brazil"
"W4307169258","country:brazil","abstract","bolsonaro"
"W4307169258","country:brazil","abstract","brazilian (+ political word)"
"W4307169258","region:north-america","rule","from the country named"
"W4307169258","region:latin-america","rule","from the country named"
"W4310166296","topic:parties","title","radical right"
"W4310166296","topic:parties","title","parties"
"W4310166296","topic:parties","abstract","radical right"
"W4310166296","topic:parties","abstract","parties"
"W4310166296","topic:parties","abstract","party"
"W4310166296","topic:spatial","title","spatial"
"W4310166296","topic:spatial","abstract","spatial"
"W4310166296","topic:spatial","abstract","left behind regions"
"W4310166296","topic:spatial","abstract","rural"
"W4310166296","topic:democracy-institutions","abstract","direct democracy"
"W4310166296","country:czech-republic","title","czechia"
"W4310166296","country:czech-republic","abstract","czechia"
"W4310166296","country:slovakia","title","slovakia"
"W4310166296","country:slovakia","abstract","slovakia"
"W4310166296","country:slovakia","abstract","slovak (+ political word)"
"W4310166296","region:europe","rule","from the country named"
"W4220732878","topic:foreign-policy","title","foreign policy"
"W4220732878","topic:foreign-policy","abstract","foreign policy"
"W4220732878","topic:parties","title","populist movement"
"W4220732878","region:europe","abstract","european"
"W4220732878","region:europe","abstract","eu"
"W4224031785","topic:parties","title","radical right"
"W4224031785","topic:parties","abstract","radical right"
"W4224031785","topic:parties","abstract","parties"
"W4224031785","method:qualitative","abstract","critical discourse analysis"
"W4224031785","method:qualitative","abstract","semi structured"
"W4224031785","method:qualitative","abstract","interviews"
"W4224031785","country:italy","title","italian (+ political word)"
"W4224031785","country:italy","abstract","italy"
"W4224031785","country:italy","abstract","lega"
"W4224031785","country:italy","abstract","fratelli d italia"
"W4224031785","country:italy","abstract","italian (+ political word)"
"W4224031785","region:europe","rule","from the country named"
"W4302283156","topic:parties","abstract","populist right"
"W4302283156","topic:parties","abstract","parties"
"W4302283156","region:europe","abstract","eastern european"
"W4302283156","region:europe","abstract","european"
"W4302283156","country:hungary","title","hungary"
"W4302283156","country:poland","title","poland"
"W4307101862","topic:foreign-policy","title","foreign policy"
"W4307101862","topic:foreign-policy","abstract","foreign policy"
"W4307101862","topic:foreign-policy","abstract","diplomatic"
"W4307101862","topic:media-communication","abstract","rhetoric"
"W4307101862","country:united-states","title","us"
"W4307101862","country:united-states","abstract","us"
"W4307101862","country:china","title","china"
"W4307101862","country:china","abstract","china"
"W4307101862","country:philippines","title","duterte"
"W4307101862","country:philippines","title","philippine (+ political word)"
"W4307101862","country:philippines","abstract","duterte"
"W4307101862","country:philippines","abstract","philippine (+ political word)"
"W4307101862","region:north-america","rule","from the country named"
"W4307101862","region:asia-pacific","rule","from the country named"
"W4308584021","topic:democracy-institutions","title","illiberalism"
"W4308882082","topic:spatial","abstract","rural"
"W4308882082","topic:economy-welfare","abstract","neoliberal"
"W4308882082","topic:economy-welfare","abstract","globalization"
"W4308882082","country:pakistan","abstract","pakistan"
"W4308882082","region:asia-pacific","rule","from the country named"
"W3188466942","topic:democracy-institutions","title","court"
"W3188466942","topic:democracy-institutions","abstract","court"
"W3188466942","region:europe","title","european"
"W3188466942","region:europe","abstract","european"
"W4205694425","topic:spatial","title","rural"
"W4205694425","topic:media-communication","title","propaganda"
"W4205694425","country:hungary","title","hungary"
"W4205694425","region:europe","rule","from the country named"
"W4213247163","topic:parties","abstract","right wing populist"
"W4213247163","topic:media-communication","title","disinformation"
"W4213247163","topic:media-communication","abstract","communication"
"W4213247163","topic:media-communication","abstract","media"
"W4213247163","topic:media-communication","abstract","journalistic"
"W4213247163","topic:media-communication","abstract","rhetoric"
"W4213247163","topic:media-communication","abstract","frames"
"W4213247163","topic:media-communication","abstract","twitter"
"W4213247163","topic:media-communication","abstract","newspapers"
"W4213247163","topic:media-communication","abstract","disinformation"
"W4213247163","region:europe","title","european"
"W4213247163","country:united-states","title","us"
"W4213247163","region:north-america","rule","from the country named"
"W4225373724","topic:parties","title","radical right"
"W4225373724","topic:parties","title","parties"
"W4225373724","topic:parties","abstract","radical right"
"W4225373724","topic:parties","abstract","parties"
"W4225373724","method:survey","abstract","survey data"
"W4225373724","country:germany","title","germany"
"W4225373724","country:germany","abstract","germany"
"W4225373724","country:germany","abstract","afd"
"W4225373724","country:poland","title","poland"
"W4225373724","country:poland","abstract","poland"
"W4225373724","country:poland","abstract","pis"
"W4225373724","country:spain","title","spain"
"W4225373724","region:europe","rule","from the country named"
"W4229015005","topic:parties","title","right wing populism"
"W4229015005","topic:parties","abstract","parties"
"W4229015005","topic:parties","abstract","right wing populist"
"W4229015005","topic:parties","abstract","right wing populists"
"W4229015005","region:europe","title","europe"
"W4229015005","region:europe","abstract","european"
"W4229015005","region:europe","abstract","europe"
"W4229015005","country:united-kingdom","abstract","uk"
"W4282839450","topic:parties","title","radical right"
"W4282839450","topic:parties","abstract","radical right"
"W4282839450","topic:parties","abstract","party"
"W4282839450","country:romania","title","romanian (+ political word)"
"W4282839450","country:romania","abstract","romanian (+ political word)"
"W4282839450","region:europe","rule","from the country named"
"W4283166787","topic:media-communication","abstract","media"
"W4283166787","topic:media-communication","abstract","newspapers"
"W4284899381","approach:other","abstract","conceptions of populism"
"W4284899381","topic:democracy-institutions","title","constitutionalism"
"W4284899381","topic:democracy-institutions","abstract","constitutions"
"W4284899381","topic:democracy-institutions","abstract","constitutionalism"
"W4284899381","topic:democracy-institutions","abstract","constitutional"
"W4284899381","topic:democracy-institutions","abstract","authoritarian"
"W4285802764","topic:parties","title","radical right"
"W4285802764","topic:parties","abstract","radical right"
"W4285802764","topic:parties","abstract","populist movements"
"W4285802764","topic:parties","abstract","far right"
"W4285802764","region:europe","abstract","europe"
"W4285802764","country:united-kingdom","abstract","uk"
"W4285802764","country:united-states","abstract","us"
"W4285802764","region:north-america","rule","from the country named"
"W4288071080","country:united-states","title","trump"
"W4288071080","country:united-states","title","biden"
"W4288071080","region:north-america","rule","from the country named"
"W4290744637","topic:parties","title","radical right"
"W4290744637","topic:parties","abstract","right wing populist"
"W4290744637","topic:parties","abstract","parties"
"W4290744637","topic:parties","abstract","party"
"W4290744637","topic:parties","abstract","radical right"
"W4290744637","method:qta","abstract","text as data"
"W4290744637","region:europe","abstract","western european"
"W4307523194","topic:gender","title","gender"
"W4307523194","country:france","title","le pen"
"W4307523194","country:france","title","zemmour"
"W4307523194","region:europe","rule","from the country named"
"W4307644633","approach:performative","title","populist performance"
"W4307644633","approach:performative","abstract","performative"
"W4307644633","approach:performative","abstract","populist performances"
"W4307644633","approach:performative","abstract","populist performance"
"W4308842148","topic:parties","abstract","parties"
"W4308842148","topic:parties","abstract","right wing populist"
"W4308842148","topic:parties","abstract","party"
"W4308842148","topic:parties","abstract","left wing populist"
"W4308842148","topic:parties","abstract","left wing populism"
"W4308842148","topic:parties","abstract","right wing populism"
"W4308842148","topic:economy-welfare","title","labor market"
"W4308842148","topic:economy-welfare","title","inequality"
"W4308842148","topic:economy-welfare","abstract","inequality"
"W4308842148","topic:economy-welfare","abstract","labor markets"
"W4308842148","topic:economy-welfare","abstract","unemployment"
"W4308842148","topic:economy-welfare","abstract","labor market"
"W4308842148","method:quantitative","abstract","regressions"
"W4308842148","region:europe","title","european"
"W4308842148","region:europe","abstract","european"
"W4313326783","topic:religion","title","islamic"
"W4313326783","country:indonesia","title","indonesia"
"W4313326783","region:asia-pacific","rule","from the country named"
"W4210280865","topic:parties","title","right wing populist"
"W4210280865","topic:parties","abstract","radical right"
"W4210280865","topic:parties","abstract","parties"
"W4210280865","topic:gender","abstract","gender"
"W4210280865","topic:gender","abstract","gendered"
"W4210280865","topic:religion","abstract","secularism"
"W4210280865","topic:religion","abstract","religion"
"W4210280865","topic:religion","abstract","religiosity"
"W4210280865","topic:religion","abstract","secularity"
"W4210280865","country:france","title","france"
"W4210280865","country:sweden","title","sweden"
"W4210280865","country:turkey","title","turkey"
"W4210280865","region:europe","rule","from the country named"
"W4220743419","topic:parties","title","parties"
"W4220743419","topic:parties","abstract","parties"
"W4220743419","topic:voters","title","support for populism"
"W4220743419","topic:voters","title","support for populist"
"W4220743419","topic:voters","abstract","populist attitudes"
"W4220743419","topic:voters","abstract","attitudes"
"W4220743419","topic:voters","abstract","supporters"
"W4220743419","method:quantitative","abstract","regression"
"W4220743419","method:survey","abstract","european social survey"
"W4220743419","region:europe","title","europe"
"W4220889091","topic:parties","title","radical right"
"W4220889091","topic:parties","abstract","party"
"W4220889091","topic:parties","abstract","parties"
"W4220889091","topic:parties","abstract","radical right"
"W4220889091","topic:voters","abstract","voters"
"W4220889091","topic:voters","abstract","voter"
"W4220889091","topic:voters","abstract","attitudes"
"W4220889091","topic:economy-welfare","abstract","welfare"
"W4220889091","topic:economy-welfare","abstract","redistribution"
"W4220889091","topic:economy-welfare","abstract","redistributive"
"W4220889091","topic:migration","abstract","immigration"
"W4220889091","method:survey","abstract","survey data"
"W4220889091","country:denmark","title","danish (+ political word)"
"W4220889091","country:denmark","abstract","danish people s party"
"W4220889091","country:denmark","abstract","danish (+ political word)"
"W4220889091","region:europe","rule","from the country named"
"W4223956635","approach:discursive","abstract","discourse theoretical"
"W4223956635","topic:parties","title","radical left"
"W4223956635","topic:parties","title","radical right"
"W4223956635","topic:parties","abstract","party system"
"W4223956635","topic:parties","abstract","parties"
"W4223956635","topic:parties","abstract","manifestos"
"W4223956635","method:qualitative","abstract","qualitative"
"W4223956635","country:spain","title","spain"
"W4223956635","country:spain","abstract","spain"
"W4223956635","country:spain","abstract","podemos"
"W4223956635","region:europe","rule","from the country named"
"W4282822740","topic:international","title","eu"
"W4282822740","region:europe","title","eu"
"W4291149400","topic:government","title","administration"
"W4291149400","topic:government","abstract","administration"
"W4291149400","topic:democracy-institutions","title","authoritarian"
"W4291149400","topic:democracy-institutions","abstract","liberal democracy"
"W4291149400","topic:democracy-institutions","abstract","authoritarian"
"W4291149400","country:united-states","abstract","united states"
"W4291149400","country:united-states","abstract","trump"
"W4291149400","region:north-america","rule","from the country named"
"W4295106591","topic:parties","abstract","right wing populist"
"W4295106591","country:poland","title","poland"
"W4295106591","country:poland","title","polish (+ political word)"
"W4295106591","region:europe","rule","from the country named"
"W4205758141","approach:performative","abstract","populist style"
"W4205758141","topic:media-communication","abstract","rhetoric"
"W4205758141","topic:media-communication","abstract","rhetorical"
"W4205758141","topic:gender","title","gendered"
"W4205758141","topic:gender","abstract","gender"
"W4205758141","topic:gender","abstract","feminist"
"W4205758141","topic:gender","abstract","women"
"W4205758141","topic:gender","abstract","gendered"
"W4205758141","topic:migration","title","migrants"
"W4205758141","topic:migration","abstract","migration"
"W4205758141","topic:migration","abstract","migrant"
"W4205758141","topic:migration","abstract","migrants"
"W4205758141","method:qualitative","abstract","critical discourse analysis"
"W4205758141","country:philippines","title","duterte"
"W4205758141","country:philippines","abstract","duterte"
"W4205758141","region:asia-pacific","rule","from the country named"
"W4213171826","topic:parties","abstract","populist leaders"
"W4213171826","topic:parties","abstract","populist leader"
"W4213171826","topic:democracy-institutions","title","illiberal"
"W4213171826","topic:democracy-institutions","abstract","illiberal"
"W4213171826","topic:democracy-institutions","abstract","constitutionalism"
"W4213171826","region:europe","title","european"
"W4213171826","region:europe","abstract","european"
"W4213171826","country:hungary","title","hungary"
"W4213171826","country:hungary","abstract","hungary"
"W4213171826","country:hungary","abstract","orban"
"W4220748955","method:qualitative","abstract","interviews"
"W4220748955","country:germany","title","germany"
"W4220748955","country:germany","abstract","germany"
"W4220748955","region:europe","rule","from the country named"
"W4220924230","country:hungary","title","hungary"
"W4220924230","country:hungary","abstract","hungary"
"W4220924230","country:hungary","abstract","orban"
"W4220924230","country:hungary","abstract","fidesz"
"W4220924230","country:hungary","abstract","hungarian (+ political word)"
"W4220924230","region:europe","rule","from the country named"
"W4221028047","topic:media-communication","title","facebook"
"W4221028047","topic:media-communication","abstract","media"
"W4221028047","topic:media-communication","abstract","facebook"
"W4221028047","topic:media-communication","abstract","journalists"
"W4221028047","method:qualitative","abstract","interviews"
"W4221028047","country:philippines","title","philippines"
"W4221028047","country:philippines","abstract","philippines"
"W4221028047","country:philippines","abstract","duterte"
"W4221028047","region:asia-pacific","rule","from the country named"
"W4281740030","topic:international","abstract","euroscepticism"
"W4281740030","topic:international","abstract","european union"
"W4281740030","topic:parties","title","populist right"
"W4281740030","topic:parties","abstract","right wing populism"
"W4281740030","topic:parties","abstract","party"
"W4281740030","topic:parties","abstract","parties"
"W4281740030","topic:parties","abstract","candidates"
"W4281740030","topic:religion","abstract","christian"
"W4281740030","topic:religion","abstract","religion"
"W4281740030","region:europe","title","europe"
"W4281740030","region:europe","abstract","europe"
"W4281740030","region:europe","abstract","european"
"W4281740030","country:france","abstract","le pen"
"W4281740030","country:france","abstract","french (+ political word)"
"W4281740030","country:germany","abstract","germany"
"W4281740030","country:germany","abstract","alternative for germany"
"W4281740030","country:germany","abstract","afd"
"W4281740030","country:hungary","abstract","hungary"
"W4281740030","country:hungary","abstract","orban"
"W4281740030","country:hungary","abstract","fidesz"
"W4281740030","country:italy","abstract","italy"
"W4281740030","country:italy","abstract","lega"
"W4281740030","country:poland","abstract","poland"
"W4281740030","country:poland","abstract","law and justice"
"W4283728630","topic:parties","title","right wing populism"
"W4283728630","topic:parties","abstract","right wing populist"
"W4283728630","method:survey","abstract","european social survey"
"W4286223744","topic:spatial","abstract","rural urban"
"W4286223744","topic:spatial","abstract","rural"
"W4286223744","country:thailand","title","thailand"
"W4286223744","country:thailand","abstract","thailand"
"W4286223744","region:asia-pacific","rule","from the country named"
"W4292543284","topic:parties","title","far right"
"W4292543284","topic:parties","abstract","far right"
"W4292543284","topic:parties","abstract","party"
"W4292543284","topic:parties","abstract","manifestos"
"W4292543284","topic:parties","abstract","populist actor"
"W4292543284","topic:economy-welfare","title","neoliberal"
"W4292543284","topic:economy-welfare","title","economic"
"W4292543284","topic:economy-welfare","abstract","neoliberal"
"W4292543284","topic:economy-welfare","abstract","economic"
"W4292543284","topic:economy-welfare","abstract","neoliberalism"
"W4292543284","method:qualitative","abstract","interviews"
"W4292543284","country:austria","title","austria"
"W4292543284","region:europe","rule","from the country named"
"W4292575526","topic:government","title","populism in power"
"W4292575526","topic:government","title","populist governance"
"W4292575526","topic:government","abstract","in power"
"W4292575526","topic:government","abstract","populist governance"
"W4292575526","topic:government","abstract","populism in power"
"W4292575526","topic:democracy-institutions","abstract","democratic backsliding"
"W4292575526","topic:democracy-institutions","abstract","quality of democracy"
"W4292575526","topic:democracy-institutions","abstract","autocratization"
"W4308881816","topic:media-communication","title","social networks"
"W4308881816","topic:media-communication","title","twitter"
"W4308881816","topic:migration","title","migrant"
"W4308881816","topic:migration","abstract","migrants"
"W4308881816","topic:migration","abstract","xenophobic"
"W4308881816","topic:migration","abstract","anti immigrant"
"W4308881816","country:spain","title","vox"
"W4308881816","country:spain","abstract","vox"
"W4308881816","region:europe","rule","from the country named"
"W4309874445","topic:parties","title","right wing populists"
"W4309874445","topic:parties","abstract","right wing populist"
"W4309874445","topic:parties","abstract","populist right"
"W4309874445","topic:parties","abstract","party"
"W4309874445","topic:parties","abstract","candidate"
"W4309874445","topic:parties","abstract","parties"
"W4309874445","topic:parties","abstract","right wing populists"
"W4309874445","topic:voters","title","attitudes"
"W4309874445","topic:media-communication","abstract","rhetoric"
"W4309874445","topic:religion","title","religion"
"W4309874445","topic:religion","abstract","christian"
"W4309874445","topic:religion","abstract","religious"
"W4309874445","topic:religion","abstract","secular"
"W4309874445","topic:religion","abstract","religion"
"W4309874445","topic:religion","abstract","secularisation"
"W4309874445","topic:religion","abstract","church"
"W4309874445","topic:religion","abstract","christianity"
"W4309874445","region:europe","abstract","europe"
"W4309874445","country:united-states","abstract","united states"
"W4309874445","country:united-states","abstract","trump"
"W4309874445","region:north-america","rule","from the country named"
"W4311258072","topic:parties","title","right wing populism"
"W4311258072","topic:parties","abstract","right wing populism"
"W4311258072","topic:parties","abstract","radical right"
"W4311258072","method:quantitative","abstract","panel data"
"W4311258072","country:brazil","title","brazil"
"W4311258072","region:latin-america","rule","from the country named"
"W4311846853","topic:parties","title","party"
"W4311846853","topic:parties","abstract","party"
"W4311846853","topic:parties","abstract","parties"
"W4311846853","topic:media-communication","title","media"
"W4311846853","topic:media-communication","abstract","media"
"W4311846853","topic:media-communication","abstract","journalism"
"W4311846853","method:quantitative","abstract","structural equation"
"W4311846853","method:survey","abstract","representative survey"
"W4311846853","country:czech-republic","title","czech (+ political word)"
"W4311846853","region:europe","rule","from the country named"
"W4311847265","topic:parties","abstract","party"
"W4311847265","topic:parties","abstract","parties"
"W4311847265","method:qualitative","abstract","discourse analysis"
"W4311847265","country:ukraine","title","zelensky"
"W4311847265","country:ukraine","abstract","ukraine"
"W4311847265","country:ukraine","abstract","zelensky"
"W4311847265","country:ukraine","abstract","ukrainian (+ political word)"
"W4311847265","region:europe","rule","from the country named"
"W4312933664","topic:parties","title","radical right"
"W4312933664","topic:parties","abstract","radical right"
"W4312933664","topic:parties","abstract","parties"
"W4312933664","topic:media-communication","abstract","communication"
"W4312933664","topic:gender","title","gender"
"W4312933664","topic:gender","abstract","gendered"
"W4312933664","topic:gender","abstract","women"
"W4312933664","topic:religion","title","islam"
"W4312933664","topic:religion","abstract","muslim"
"W4312933664","topic:migration","title","nativism"
"W4312933664","topic:migration","abstract","nativist"
"W4312933664","topic:migration","abstract","migrant"
"W4312933664","topic:migration","abstract","migrants"
"W4312933664","country:france","abstract","france"
"W4312933664","country:france","abstract","rassemblement national"
"W4312933664","country:germany","abstract","germany"
"W4312933664","country:germany","abstract","alternative fur deutschland"
"W4312933664","country:germany","abstract","afd"
"W4312933664","country:netherlands","abstract","netherlands"
"W4312933664","country:netherlands","abstract","pvv"
"W4312933664","region:europe","rule","from the country named"
"W4206541197","topic:democracy-institutions","title","authoritarians"
"W4283741193","topic:voters","title","populist attitudes"
"W4283741193","country:spain","title","spain"
"W4283741193","region:europe","rule","from the country named"
"W4285127963","region:europe","title","europe"
"W4294142962","topic:parties","abstract","party"
"W4294142962","topic:voters","abstract","citizens"
"W4294142962","topic:religion","title","islamist"
"W4294142962","topic:religion","title","islamisation"
"W4294142962","topic:religion","title","secular"
"W4294142962","topic:religion","abstract","secular"
"W4294142962","topic:religion","abstract","islamist"
"W4294142962","topic:religion","abstract","islamists"
"W4294142962","topic:religion","abstract","secularity"
"W4294142962","topic:democracy-institutions","abstract","constitution"
"W4294142962","country:turkey","title","turkey"
"W4294142962","country:turkey","abstract","turkey"
"W4294142962","country:turkey","abstract","akp"
"W4294142962","country:turkey","abstract","justice and development party"
"W4294142962","country:turkey","abstract","turkish (+ political word)"
"W4294142962","region:europe","rule","from the country named"
"W4294300937","approach:measurement","abstract","measures of populist"
"W4294300937","topic:parties","title","radical right"
"W4294300937","topic:parties","title","party"
"W4294300937","topic:parties","abstract","radical right"
"W4294300937","topic:parties","abstract","parties"
"W4294300937","topic:parties","abstract","party"
"W4294300937","topic:voters","title","attitudes"
"W4294300937","topic:voters","abstract","attitudes"
"W4294300937","topic:voters","abstract","populist attitudes"
"W4294300937","topic:voters","abstract","respondents"
"W4294300937","topic:migration","title","anti immigrant"
"W4294300937","topic:migration","abstract","anti immigrant"
"W4294300937","method:survey","abstract","online survey"
"W4294300937","country:germany","abstract","germany"
"W4294300937","country:germany","abstract","alternative fur deutschland"
"W4294300937","country:germany","abstract","afd"
"W4294300937","region:europe","rule","from the country named"
"W4294385255","topic:voters","title","populist attitudes"
"W4294385255","topic:voters","abstract","populist attitudes"
"W4294385255","topic:voters","abstract","electorate"
"W4294385255","topic:voters","abstract","attitudes"
"W4294385255","topic:voters","abstract","voters"
"W4294385255","topic:democracy-institutions","title","liberal democracy"
"W4294385255","topic:democracy-institutions","abstract","liberal democracy"
"W4294385255","topic:democracy-institutions","abstract","illiberal"
"W4294385255","method:survey","abstract","representative survey"
"W4294385255","country:turkey","title","turkish (+ political word)"
"W4294385255","region:europe","rule","from the country named"
"W4296793595","topic:parties","abstract","parties"
"W4296793595","topic:government","title","populists in power"
"W4296793595","topic:government","abstract","in power"
"W4296793595","topic:government","abstract","in government"
"W4296793595","method:quantitative","abstract","econometric"
"W4309189422","approach:ideational","abstract","host ideology"
"W4309189422","topic:parties","title","parties"
"W4309189422","topic:parties","abstract","parties"
"W4309189422","topic:parties","abstract","right wing populist"
"W4309189422","topic:parties","abstract","left wing populist"
"W4309189422","method:quantitative","abstract","expert survey"
"W4309761033","topic:parties","title","right wing populist"
"W4309761033","topic:parties","abstract","right wing populist"
"W4309761033","topic:parties","abstract","party"
"W4309761033","country:germany","title","germany"
"W4309761033","country:germany","abstract","germany"
"W4309761033","country:germany","abstract","pegida"
"W4309761033","country:germany","abstract","afd"
"W4309761033","region:europe","rule","from the country named"
"W4310701761","country:mexico","title","mexico"
"W4310701761","region:latin-america","rule","from the country named"
"W4311380217","approach:ideational","abstract","populism as a thin"
"W4311380217","approach:measurement","title","measurement of populist"
"W4311380217","approach:measurement","abstract","measurement of populist"
"W4311380217","approach:measurement","abstract","measurement of populism"
"W4311380217","topic:parties","abstract","radical right"
"W4311380217","topic:parties","abstract","right wing populism"
"W4311380217","topic:voters","title","populist attitudes"
"W4311380217","topic:voters","abstract","respondents"
"W4311380217","topic:voters","abstract","citizens"
"W4311380217","topic:voters","abstract","voting behaviour"
"W4311380217","topic:voters","abstract","populist attitudes"
"W4205625673","approach:other","abstract","definitions of populism"
"W4205625673","topic:parties","abstract","populist politicians"
"W4205625673","topic:parties","abstract","party"
"W4205625673","topic:media-communication","title","rhetorical"
"W4205625673","topic:media-communication","abstract","rhetorical"
"W4205625673","topic:media-communication","abstract","rhetorically"
"W4205625673","region:europe","title","european"
"W4213227737","topic:international","title","european union"
"W4213227737","topic:international","abstract","european union"
"W4213227737","topic:international","abstract","eu"
"W4213227737","region:europe","title","european"
"W4213227737","region:europe","abstract","european"
"W4213227737","region:europe","abstract","eu"
"W4213227737","country:italy","abstract","italy"
"W4213227737","country:italy","abstract","italian (+ political word)"
"W4220767797","topic:media-communication","title","media"
"W4220767797","topic:media-communication","abstract","media"
"W4220811202","topic:voters","abstract","citizens"
"W4220811202","topic:voters","abstract","public opinion"
"W4220811202","topic:democracy-institutions","title","judicial"
"W4220811202","topic:democracy-institutions","abstract","judicial"
"W4220811202","topic:democracy-institutions","abstract","constitutional"
"W4220811202","topic:democracy-institutions","abstract","courts"
"W4220811202","topic:democracy-institutions","abstract","court"
"W4220811202","country:hungary","title","hungary"
"W4220811202","region:europe","rule","from the country named"
"W4223515821","topic:parties","title","populist right"
"W4223515821","topic:parties","abstract","radical right"
"W4223515821","topic:parties","abstract","parties"
"W4223515821","topic:voters","abstract","voters"
"W4223515821","topic:voters","abstract","electorates"
"W4223515821","topic:voters","abstract","citizens"
"W4223515821","topic:voters","abstract","public opinion"
"W4223515821","topic:economy-welfare","title","welfare"
"W4223515821","topic:economy-welfare","abstract","welfare"
"W4223515821","topic:migration","abstract","nativist"
"W4223515821","topic:migration","abstract","immigration"
"W4223515821","topic:migration","abstract","nativism"
"W4223515821","topic:migration","abstract","immigrant"
"W4223515821","topic:migration","abstract","migration"
"W4223515821","topic:migration","abstract","immigrants"
"W4223515821","region:europe","title","european"
"W4224936580","topic:parties","abstract","parties"
"W4224936580","topic:parties","abstract","right wing populist"
"W4224936580","topic:voters","abstract","supporters"
"W4224936580","topic:voters","abstract","attitudes"
"W4224936580","topic:economy-welfare","title","globalisation"
"W4224936580","topic:economy-welfare","abstract","globalisation"
"W4224936580","topic:media-communication","title","media"
"W4224936580","topic:media-communication","abstract","media"
"W4224936580","method:survey","abstract","survey data"
"W4224936580","country:germany","title","germany"
"W4224936580","country:united-states","title","us"
"W4224936580","region:europe","rule","from the country named"
"W4224936580","region:north-america","rule","from the country named"
"W4225494465","approach:performative","abstract","populist performances"
"W4225494465","topic:parties","abstract","political leaders"
"W4225494465","topic:media-communication","abstract","media"
"W4225494465","topic:media-communication","abstract","twitter"
"W4225494465","topic:migration","title","migration"
"W4225494465","topic:migration","title","anti immigrant"
"W4225494465","topic:migration","abstract","xenophobia"
"W4225494465","topic:migration","abstract","anti immigrant"
"W4225494465","topic:democracy-institutions","abstract","democratisation"
"W4225494465","topic:democracy-institutions","abstract","authoritarian"
"W4225494465","topic:democracy-institutions","abstract","liberal democracy"
"W4225494465","method:qualitative","abstract","interviews"
"W4225494465","country:south-africa","title","south africa"
"W4225494465","country:south-africa","abstract","south africa"
"W4225494465","region:sub-saharan-africa","rule","from the country named"
"W4280510211","topic:parties","abstract","party"
"W4280510211","topic:parties","abstract","right wing populism"
"W4280510211","topic:spatial","abstract","spatial"
"W4280510211","topic:economy-welfare","title","neoliberal"
"W4280510211","topic:economy-welfare","title","globalization"
"W4280510211","topic:economy-welfare","title","economy"
"W4280510211","topic:economy-welfare","abstract","neoliberal"
"W4280510211","topic:economy-welfare","abstract","globalization"
"W4280510211","topic:economy-welfare","abstract","neoliberalism"
"W4280510211","topic:economy-welfare","abstract","free trade"
"W4280510211","country:canada","title","canada"
"W4280510211","country:canada","abstract","canada"
"W4280510211","region:north-america","rule","from the country named"
"W4280553220","topic:parties","title","right wing populism"
"W4280553220","topic:parties","abstract","right wing populist"
"W4280553220","topic:parties","abstract","populist movements"
"W4280553220","topic:parties","abstract","right wing populism"
"W4292575516","topic:government","title","populist governments"
"W4292575516","topic:economy-welfare","abstract","economic"
"W4292575516","topic:democracy-institutions","title","democratic backsliding"
"W4292575516","topic:democracy-institutions","abstract","democratic backsliding"
"W4292575516","topic:democracy-institutions","abstract","checks and balances"
"W4292575516","topic:democracy-institutions","abstract","courts"
"W4292575516","topic:democracy-institutions","abstract","illiberal"
"W4292575516","method:quantitative","abstract","regression"
"W4292575516","region:latin-america","title","latin america"
"W4292850118","country:colombia","title","colombia"
"W4292850118","region:latin-america","rule","from the country named"
"W4293034575","topic:parties","title","right wing populism"
"W4293034575","topic:parties","abstract","party"
"W4293034575","topic:parties","abstract","right wing populism"
"W4293034575","country:turkey","title","turkey"
"W4293034575","country:turkey","abstract","justice and development party"
"W4293034575","country:turkey","abstract","akp"
"W4293034575","region:europe","rule","from the country named"
"W4296350779","topic:media-communication","title","media"
"W4296350779","topic:media-communication","abstract","media"
"W4296350779","topic:media-communication","abstract","frames"
"W4296350779","topic:media-communication","abstract","rhetoric"
"W4296350779","country:philippines","title","philippines"
"W4296350779","region:asia-pacific","rule","from the country named"
"W4297200953","topic:foreign-policy","title","foreign policy"
"W4297200953","topic:foreign-policy","abstract","foreign policy"
"W4297200953","topic:media-communication","title","rhetoric"
"W4297200953","topic:media-communication","title","tweets"
"W4297200953","topic:media-communication","abstract","tweets"
"W4297200953","country:united-states","abstract","us"
"W4297200953","country:united-states","abstract","trump"
"W4297200953","country:brazil","title","bolsonaro"
"W4297200953","country:brazil","abstract","brazil"
"W4297200953","country:brazil","abstract","bolsonaro"
"W4297200953","country:israel","abstract","israel"
"W4297200953","country:israel","abstract","netanyahu"
"W4297200953","region:global","rule","three or more regions named: north-america, latin-america, mena"
"W4309045764","topic:parties","title","populist right"
"W4309045764","topic:democracy-institutions","abstract","democratic backsliding"
"W4309045764","country:slovenia","title","slovenia"
"W4309045764","country:slovenia","abstract","slovenia"
"W4309045764","country:slovenia","abstract","slovenian (+ political word)"
"W4309045764","region:europe","rule","from the country named"
"W4310274496","topic:parties","abstract","party"
"W4310274496","method:quantitative","abstract","regression"
"W4310274496","method:quantitative","abstract","expert survey"
"W4310274496","method:survey","abstract","european social survey"
"W4310274496","region:europe","abstract","europe"
"W4310274496","region:europe","abstract","european"
"W4310274496","country:poland","title","poland"
"W4310274496","country:poland","abstract","poland"
"W4207054734","approach:discursive","abstract","discursive construction"
"W4207054734","approach:performative","abstract","performative"
"W4207054734","topic:parties","abstract","populist movements"
"W4207054734","topic:parties","abstract","parties"
"W4207054734","topic:religion","abstract","islamic"
"W4207054734","topic:religion","abstract","muslims"
"W4207054734","method:qta","abstract","semantic text analysis"
"W4207054734","country:italy","title","italy"
"W4207054734","country:italy","abstract","italy"
"W4207054734","country:italy","abstract","lega"
"W4207054734","country:italy","abstract","salvini"
"W4207054734","country:spain","title","spain"
"W4207054734","country:spain","abstract","spain"
"W4207054734","country:spain","abstract","vox"
"W4207054734","country:spain","abstract","spanish (+ political word)"
"W4207054734","region:europe","rule","from the country named"
"W4210467750","country:turkey","abstract","akp"
"W4210467750","country:turkey","abstract","erdogan"
"W4210467750","region:europe","rule","from the country named"
"W4213215152","topic:parties","abstract","populist leaders"
"W4213215152","topic:parties","abstract","populist leader"
"W4213215152","topic:media-communication","abstract","rhetoric"
"W4213215152","topic:democracy-institutions","abstract","democratic norms"
"W4213215152","method:quantitative","abstract","panel data"
"W4214677810","topic:government","title","populists in power"
"W4220865194","topic:democracy-institutions","title","constitutional"
"W4220865194","topic:democracy-institutions","abstract","constitutional"
"W4220865194","topic:democracy-institutions","abstract","constitutionalism"
"W4220865194","topic:democracy-institutions","abstract","direct democracy"
"W4220865194","method:qualitative","abstract","qualitative"
"W4220865194","country:hungary","abstract","hungary"
"W4220865194","region:europe","rule","from the country named"
"W4221047844","topic:parties","title","right wing populism"
"W4221047844","topic:parties","title","party"
"W4221047844","topic:parties","abstract","radical right"
"W4221047844","topic:parties","abstract","parties"
"W4221047844","topic:parties","abstract","party"
"W4221047844","method:qualitative","abstract","interviews"
"W4221047844","country:switzerland","title","swiss people s party"
"W4221047844","country:switzerland","title","swiss (+ political word)"
"W4221047844","country:switzerland","abstract","swiss people s party"
"W4221047844","country:switzerland","abstract","svp"
"W4221047844","country:switzerland","abstract","blocher"
"W4221047844","country:switzerland","abstract","swiss (+ political word)"
"W4221047844","region:europe","rule","from the country named"
"W4225386236","topic:parties","title","radical right"
"W4225386236","topic:parties","abstract","radical right"
"W4225386236","topic:parties","abstract","party"
"W4225386236","topic:gender","abstract","gender"
"W4225386236","topic:gender","abstract","women"
"W4225386236","topic:religion","title","muslim"
"W4225386236","topic:religion","abstract","muslim"
"W4225386236","topic:religion","abstract","religion"
"W4225386236","topic:migration","abstract","migrants"
"W4225386236","topic:migration","abstract","migrant"
"W4225386236","country:austria","title","austria"
"W4225386236","country:austria","abstract","austria"
"W4225386236","country:austria","abstract","freedom party of austria"
"W4225386236","country:austria","abstract","fpo"
"W4225386236","country:austria","abstract","austrian (+ political word)"
"W4225386236","region:europe","rule","from the country named"
"W4280560543","topic:parties","abstract","populist movements"
"W4280560543","topic:parties","abstract","parties"
"W4280560543","topic:parties","abstract","social movements"
"W4280560543","country:argentina","title","argentina"
"W4280560543","country:argentina","title","kirchnerism"
"W4280560543","country:argentina","abstract","argentina"
"W4280560543","country:argentina","abstract","kirchnerism"
"W4280560543","region:latin-america","rule","from the country named"
"W4280650723","topic:parties","abstract","parties"
"W4280650723","topic:economy-welfare","title","neoliberal"
"W4280650723","topic:economy-welfare","abstract","neoliberal"
"W4280650723","topic:economy-welfare","abstract","economic"
"W4280650723","country:turkey","title","turkey"
"W4280650723","country:brazil","title","brazil"
"W4280650723","country:thailand","title","thailand"
"W4280650723","region:global","rule","three or more regions named: europe, latin-america, asia-pacific"
"W4283359383","topic:parties","title","far right"
"W4283359383","topic:parties","abstract","far right"
"W4283359383","topic:parties","abstract","populist politicians"
"W4283359383","topic:media-communication","abstract","social networking"
"W4283359383","topic:media-communication","abstract","communication"
"W4283359383","topic:media-communication","abstract","media"
"W4283359383","topic:gender","title","gendered"
"W4283359383","topic:gender","abstract","gendered"
"W4283359383","topic:gender","abstract","masculinity"
"W4283359383","country:spain","title","spain"
"W4283359383","country:spain","abstract","spain"
"W4283359383","region:europe","rule","from the country named"
"W4285092652","approach:other","abstract","different approaches"
"W4285092652","topic:parties","title","party"
"W4285092652","topic:parties","abstract","party"
"W4285092652","topic:parties","abstract","parties"
"W4285092652","method:qualitative","abstract","qualitative"
"W4292615620","topic:parties","abstract","radical right"
"W4292615620","topic:parties","abstract","parties"
"W4292615620","topic:media-communication","title","media"
"W4292615620","topic:media-communication","title","twitter"
"W4292615620","topic:media-communication","abstract","twitter"
"W4292615620","topic:media-communication","abstract","tweets"
"W4292615620","method:mixed","abstract","quantitative and qualitative"
"W4292615620","country:portugal","title","portugal"
"W4292615620","country:portugal","title","chega"
"W4292615620","country:portugal","abstract","portugal"
"W4292615620","country:portugal","abstract","chega"
"W4292615620","country:spain","title","spain"
"W4292615620","country:spain","abstract","spain"
"W4292615620","region:europe","rule","from the country named"
"W4307287587","approach:performative","abstract","performative"
"W4307287587","topic:parties","title","far right"
"W4307287587","topic:parties","abstract","far right"
"W4307287587","topic:parties","abstract","party"
"W4307287587","method:qualitative","abstract","fieldwork"
"W4307287587","country:austria","title","austria"
"W4307287587","country:austria","abstract","austria"
"W4307287587","country:austria","abstract","freedom party of austria"
"W4307287587","country:austria","abstract","fpo"
"W4307287587","region:europe","rule","from the country named"
"W4310216696","topic:parties","title","right wing populist"
"W4310216696","topic:parties","abstract","right wing populist"
"W4310216696","topic:parties","abstract","right wing populism"
"W4310216696","topic:media-communication","title","media"
"W4310216696","topic:media-communication","title","facebook"
"W4310216696","topic:media-communication","abstract","media"
"W4310216696","topic:media-communication","abstract","facebook"
"W4310216696","topic:migration","abstract","refugee"
"W4310216696","topic:migration","abstract","anti immigrant"
"W4310216696","method:quantitative","abstract","regression"
"W4310216696","method:qta","abstract","automated content analysis"
"W4311017438","topic:parties","title","party"
"W4311017438","topic:parties","abstract","parties"
"W4311017438","topic:parties","abstract","radical right"
"W4311017438","topic:parties","abstract","radical left"
"W4311017438","topic:voters","title","demand side"
"W4311017438","topic:voters","abstract","citizens"
"W4311017438","topic:voters","abstract","voters"
"W4311017438","topic:voters","abstract","attitudes"
"W4311030028","topic:media-communication","abstract","framing"
"W4311030028","topic:media-communication","abstract","frames"
"W4311030028","method:qualitative","abstract","critical discourse analysis"
"W4311030028","country:brazil","title","brazil"
"W4311030028","country:brazil","abstract","brazil"
"W4311030028","region:latin-america","rule","from the country named"
"W4311613863","topic:democracy-institutions","title","authoritarianism"
"W4311613863","topic:democracy-institutions","abstract","authoritarianism"
"W4311613863","topic:democracy-institutions","abstract","authoritarian"
"W4311613863","method:mixed","abstract","mixed methods"
"W4311613863","country:serbia","title","serbia"
"W4311613863","country:serbia","title","vucic"
"W4311613863","country:serbia","abstract","serbia"
"W4311613863","country:serbia","abstract","vucic"
"W4311613863","region:europe","rule","from the country named"
"W4312011288","topic:parties","abstract","parties"
"W4312011288","topic:voters","abstract","support for populist"
"W4312011288","topic:voters","abstract","voters"
"W4312011288","topic:voters","abstract","voting behaviour"
"W4312011288","topic:economy-welfare","abstract","unemployment"
"W4312011288","topic:economy-welfare","abstract","economic"
"W4312011288","region:europe","abstract","western european"
"W4312011288","region:europe","abstract","eastern europe"
"W4312011288","country:czech-republic","title","czech republic"
"W4312011288","country:czech-republic","abstract","czech republic"
"W4312011288","country:czech-republic","abstract","czechia"
"W4312011288","country:germany","title","germany"
"W4312011288","country:germany","abstract","germany"
"W4313448652","topic:voters","title","populist attitudes"
"W4313448652","topic:voters","title","attitudes"
"W4313448652","topic:voters","abstract","populist attitudes"
"W4313448652","topic:voters","abstract","attitudes"
"W4313448652","country:peru","title","peru"
"W4313448652","region:latin-america","rule","from the country named"
"W4316466492","topic:international","title","eu"
"W4316466492","topic:international","abstract","eu"
"W4316466492","region:europe","title","eu"
"W4316466492","region:europe","abstract","eu"
"W4316466492","country:hungary","title","hungary"
"W4316466492","country:hungary","abstract","hungary"
"W4316466492","country:poland","title","poland"
"W4316466492","country:poland","abstract","poland"
"W4318256545","topic:voters","abstract","public support"
"W4318256545","topic:voters","abstract","public opinion"
"W4318256545","topic:voters","abstract","supporters"
"W4318256545","method:survey","abstract","nationally representative"
"W4318256545","country:philippines","title","philippines"
"W4318256545","country:philippines","title","duterte"
"W4318256545","country:philippines","abstract","philippines"
"W4318256545","country:philippines","abstract","duterte"
"W4318256545","region:asia-pacific","rule","from the country named"
"W4210744754","topic:economy-welfare","title","neoliberalism"
"W4210744754","topic:economy-welfare","title","economy"
"W4210744754","country:argentina","title","argentina"
"W4210744754","country:argentina","abstract","argentina"
"W4210744754","country:brazil","title","brazil"
"W4210744754","country:colombia","title","colombia"
"W4210744754","country:colombia","abstract","colombia"
"W4210744754","country:mexico","title","mexico"
"W4210744754","country:mexico","abstract","mexico"
"W4210744754","region:latin-america","rule","from the country named"
"W4213350474","topic:parties","abstract","populist movements"
"W4213350474","topic:parties","abstract","party"
"W4213350474","topic:media-communication","abstract","rhetorical"
"W4213350474","country:france","title","le pen"
"W4213350474","country:france","abstract","france"
"W4213350474","country:france","abstract","le pen"
"W4213350474","country:france","abstract","front national"
"W4213350474","country:france","abstract","rassemblement national"
"W4213350474","region:europe","rule","from the country named"
"W4224287237","approach:discursive","abstract","populist logic"
"W4224287237","topic:parties","title","radical right"
"W4224287237","topic:parties","abstract","radical right"
"W4224287237","topic:parties","abstract","right wing populism"
"W4280560781","topic:religion","abstract","religions"
"W4280560781","topic:religion","abstract","religiously"
"W4280560781","topic:religion","abstract","religious"
"W4280560781","country:russia","title","putin"
"W4280560781","country:russia","abstract","russia"
"W4280560781","country:russia","abstract","putin"
"W4280560781","country:turkey","title","erdogan"
"W4280560781","country:turkey","abstract","turkey"
"W4280560781","country:turkey","abstract","erdogan"
"W4280560781","country:india","title","modi"
"W4280560781","country:india","abstract","india"
"W4280560781","country:india","abstract","modi"
"W4280560781","region:europe","rule","from the country named"
"W4280560781","region:asia-pacific","rule","from the country named"
"W4280650700","topic:defence-security","abstract","war"
"W4280650700","topic:defence-security","abstract","national security"
"W4280650700","topic:defence-security","abstract","securitisation"
"W4280650700","topic:economy-welfare","abstract","economy"
"W4280650700","topic:economy-welfare","abstract","neoliberal"
"W4280650700","topic:gender","title","masculinities"
"W4280650700","topic:gender","abstract","feminist"
"W4280650700","topic:gender","abstract","masculinity"
"W4280650700","topic:gender","abstract","masculinities"
"W4280650700","topic:gender","abstract","masculine"
"W4280650700","country:united-states","abstract","united states"
"W4280650700","country:united-states","abstract","trump"
"W4280650700","country:china","abstract","china"
"W4280650700","country:philippines","abstract","philippines"
"W4280650700","country:philippines","abstract","duterte"
"W4280650700","country:philippines","abstract","philippine (+ political word)"
"W4280650700","region:north-america","rule","from the country named"
"W4280650700","region:asia-pacific","rule","from the country named"
"W4283261213","topic:parties","abstract","party"
"W4283261213","topic:gender","title","feminist"
"W4283261213","topic:gender","abstract","gender"
"W4283261213","topic:gender","abstract","gendered"
"W4283261213","topic:gender","abstract","feminist"
"W4283261213","country:spain","title","spanish (+ political word)"
"W4283261213","country:spain","abstract","spain"
"W4283261213","country:spain","abstract","podemos"
"W4283261213","country:spain","abstract","spanish (+ political word)"
"W4283261213","region:europe","rule","from the country named"
"W4293089530","topic:parties","abstract","populist leaders"
"W4293089530","topic:parties","abstract","parties"
"W4293089530","topic:parties","abstract","party"
"W4293089530","method:quantitative","abstract","regression"
"W4293558105","topic:voters","abstract","voting behavior"
"W4293558105","topic:voters","abstract","attitudes"
"W4304775578","topic:government","title","incumbents"
"W4304775578","topic:government","abstract","populist governments"
"W4304775578","topic:government","abstract","populists in power"
"W4304775578","topic:government","abstract","in power"
"W4304775578","topic:religion","abstract","islamist"
"W4304775578","topic:religion","abstract","religious"
"W4304775578","topic:religion","abstract","muslim"
"W4304775578","topic:religion","abstract","religion"
"W4304775578","topic:democracy-institutions","title","authoritarian"
"W4304775578","topic:democracy-institutions","abstract","judiciary"
"W4304775578","topic:democracy-institutions","abstract","authoritarian"
"W4304775578","country:turkey","abstract","turkey"
"W4304775578","country:turkey","abstract","akp"
"W4304775578","region:europe","rule","from the country named"
"W4309840168","topic:parties","title","radical right"
"W4309840168","topic:parties","abstract","radical right"
"W4309840168","topic:parties","abstract","parties"
"W4309840168","topic:media-communication","title","media"
"W4309840168","topic:media-communication","abstract","media"
"W4309840168","topic:media-communication","abstract","newspapers"
"W4309840168","country:germany","title","german (+ political word)"
"W4309840168","country:germany","abstract","germany"
"W4309840168","country:germany","abstract","alternative fur deutschland"
"W4309840168","country:germany","abstract","afd"
"W4309840168","region:europe","rule","from the country named"
"W4309944313","topic:religion","title","muslim"
"W4309944313","topic:migration","title","refugees"
"W4309944313","country:turkey","title","erdogan"
"W4309944313","region:europe","rule","from the country named"
"W4310219830","topic:parties","title","populist leadership"
"W4310219830","topic:parties","abstract","populist movements"
"W4310219830","topic:parties","abstract","populist leadership"
"W4310219830","topic:parties","abstract","populist movement"
"W4310219830","topic:media-communication","abstract","media"
"W4310219830","topic:media-communication","abstract","communication"
"W4312204613","topic:voters","title","populist attitudes"
"W4312204613","topic:voters","abstract","populist attitudes"
"W4312204613","method:survey","abstract","online survey"
"W4312204613","method:experiment","abstract","experimental data"
"W4312204613","method:experiment","abstract","online experiment"
"W4312204613","country:spain","title","spain"
"W4312204613","region:europe","rule","from the country named"
"W4312205935","topic:parties","title","parties"
"W4312205935","topic:parties","abstract","parties"
"W4312205935","topic:parties","abstract","party"
"W4312205935","topic:parties","abstract","manifestos"
"W4312205935","topic:government","title","in government"
"W4312205935","topic:government","abstract","in government"
"W4312205935","topic:government","abstract","populist governments"
"W4312205935","topic:government","abstract","in office"
"W4312205935","topic:democracy-institutions","abstract","liberal democracy"
"W4312205935","topic:democracy-institutions","abstract","constitutional"
"W4312205935","topic:democracy-institutions","abstract","court"
"W4312205935","country:austria","title","austria"
"W4312205935","region:europe","rule","from the country named"
"W4313275208","topic:parties","title","radical right"
"W4313275208","topic:parties","title","parties"
"W4313275208","topic:parties","abstract","radical right"
"W4313275208","topic:parties","abstract","parties"
"W4313275208","topic:government","abstract","populist government"
"W4313275208","topic:government","abstract","in office"
"W4313275208","topic:economy-welfare","title","welfare"
"W4313275208","topic:economy-welfare","abstract","welfare"
"W4313275208","method:qualitative","abstract","comparative case study"
"W4313275208","region:europe","title","europe"
"W4313275208","country:austria","title","austria"
"W4313275208","country:austria","abstract","austria"
"W4313275208","country:austria","abstract","fpo"
"W4313275208","country:italy","title","italy"
"W4313275208","country:italy","abstract","italy"
"W4313275208","country:italy","abstract","m5s"
"W4313275208","country:italy","abstract","lega"
"W4205943399","topic:voters","title","populist attitudes"
"W4205943399","topic:voters","abstract","attitudes"
"W4205943399","topic:voters","abstract","populist attitudes"
"W4205943399","topic:migration","title","refugee"
"W4205943399","topic:migration","abstract","refugees"
"W4205943399","topic:migration","abstract","refugee"
"W4205943399","country:turkey","abstract","turkey"
"W4205943399","country:turkey","abstract","turkish (+ political word)"
"W4205943399","region:europe","rule","from the country named"
"W4210493592","topic:economy-welfare","abstract","neoliberal"
"W4210493592","topic:economy-welfare","abstract","economy"
"W4210493592","topic:media-communication","abstract","media"
"W4210493592","topic:media-communication","abstract","communication"
"W4210493592","country:japan","title","japan"
"W4210493592","country:japan","abstract","japan"
"W4210493592","country:japan","abstract","japanese (+ political word)"
"W4210493592","region:asia-pacific","rule","from the country named"
"W4210685140","topic:parties","title","parties"
"W4210685140","topic:parties","abstract","party"
"W4210685140","topic:parties","abstract","far right"
"W4210685140","topic:parties","abstract","parties"
"W4210685140","topic:media-communication","abstract","rhetoric"
"W4210685140","topic:media-communication","abstract","facebook"
"W4210685140","country:france","title","france"
"W4210685140","country:france","abstract","france"
"W4210685140","country:france","abstract","front national"
"W4210685140","country:france","abstract","la france insoumise"
"W4210685140","country:france","abstract","french (+ political word)"
"W4210685140","region:europe","rule","from the country named"
"W4282961846","approach:discursive","abstract","discourse theoretical"
"W4282961846","country:spain","title","catalonia"
"W4282961846","country:spain","title","spain"
"W4282961846","country:spain","abstract","catalonia"
"W4282961846","country:spain","abstract","spain"
"W4282961846","region:europe","rule","from the country named"
"W4283122519","topic:government","title","populist governments"
"W4283122519","topic:media-communication","title","communication"
"W4283122519","topic:media-communication","abstract","communication"
"W4283122519","region:latin-america","title","south america"
"W4283122519","country:argentina","title","argentina"
"W4283122519","country:brazil","title","brazil"
"W4283381868","topic:parties","title","right wing populist"
"W4283381868","topic:parties","title","parties"
"W4283381868","topic:parties","abstract","right wing populist"
"W4283381868","topic:parties","abstract","parties"
"W4283381868","topic:parties","abstract","party"
"W4283381868","topic:media-communication","abstract","framing"
"W4283381868","topic:religion","title","religion"
"W4283381868","topic:religion","abstract","religion"
"W4283381868","topic:religion","abstract","secularization"
"W4283381868","topic:religion","abstract","christianity"
"W4283381868","topic:religion","abstract","religious"
"W4283381868","method:qualitative","abstract","qualitative"
"W4283381868","country:germany","title","germany"
"W4283381868","country:germany","abstract","germany"
"W4283381868","country:germany","abstract","alternative for germany"
"W4283381868","country:germany","abstract","afd"
"W4283381868","country:netherlands","title","netherlands"
"W4283381868","country:netherlands","abstract","netherlands"
"W4283381868","country:netherlands","abstract","pvv"
"W4283381868","region:europe","rule","from the country named"
"W4285035739","approach:discursive","title","laclau"
"W4285035739","approach:discursive","abstract","laclau"
"W4285035739","country:ecuador","title","ecuador"
"W4285035739","country:ecuador","abstract","ecuador"
"W4285035739","country:ecuador","abstract","correa"
"W4285035739","region:latin-america","rule","from the country named"
"W4287958200","topic:parties","title","radical right"
"W4287958200","topic:parties","title","parties"
"W4287958200","topic:parties","abstract","populist movements"
"W4287958200","topic:parties","abstract","radical right"
"W4287958200","topic:parties","abstract","parties"
"W4287958200","topic:voters","title","support for populist"
"W4287958200","topic:economy-welfare","title","labour market"
"W4287958200","topic:economy-welfare","abstract","labour market"
"W4287958200","method:survey","abstract","european social survey"
"W4287958200","region:europe","abstract","european"
"W4292466671","topic:religion","title","religion"
"W4292466671","topic:religion","abstract","religion"
"W4292466671","topic:religion","abstract","secularism"
"W4292466671","topic:religion","abstract","christian"
"W4294836207","topic:parties","abstract","parties"
"W4294836207","topic:parties","abstract","party system"
"W4294836207","country:czech-republic","abstract","czech republic"
"W4294836207","region:europe","rule","from the country named"
"W4295860388","topic:parties","title","right wing populism"
"W4295860388","topic:parties","title","party competition"
"W4295860388","topic:parties","abstract","radical right"
"W4295860388","topic:parties","abstract","parties"
"W4295860388","topic:parties","abstract","manifestos"
"W4295860388","method:qualitative","abstract","qualitative"
"W4295860388","country:germany","title","germany"
"W4295860388","country:germany","title","alternative for germany"
"W4295860388","country:germany","abstract","germany"
"W4295860388","country:germany","abstract","alternative for germany"
"W4295860388","country:germany","abstract","afd"
"W4295860388","region:europe","rule","from the country named"
"W4298003285","topic:foreign-policy","title","foreign policy"
"W4298003285","topic:foreign-policy","abstract","foreign policy"
"W4298003285","topic:foreign-policy","abstract","foreign policies"
"W4298003285","topic:voters","abstract","supporters"
"W4298003285","topic:voters","abstract","citizens"
"W4300961092","topic:government","abstract","in government"
"W4300961092","topic:media-communication","title","twitter"
"W4300961092","topic:media-communication","abstract","twitter"
"W4300961092","topic:media-communication","abstract","tweets"
"W4300961092","method:qualitative","abstract","qualitative"
"W4300961092","method:quantitative","abstract","quantitative analysis"
"W4300961092","country:italy","title","italy"
"W4300961092","country:italy","abstract","italy"
"W4300961092","country:italy","abstract","salvini"
"W4300961092","country:italy","abstract","meloni"
"W4300961092","country:italy","abstract","berlusconi"
"W4300961092","country:italy","abstract","di maio"
"W4300961092","country:italy","abstract","m5s"
"W4300961092","region:europe","rule","from the country named"
"W4308477649","region:europe","title","western europe"
"W4310368486","topic:voters","abstract","populist attitudes"
"W4310368486","topic:media-communication","title","framing"
"W4310368486","topic:media-communication","abstract","framing"
"W4310368486","topic:migration","abstract","refugee"
"W4310368486","method:experiment","title","experimental evidence"
"W4310368486","method:experiment","abstract","survey experiment"
"W4310368486","region:europe","abstract","european"
"W4310995366","topic:parties","title","partisan"
"W4310995366","topic:parties","abstract","parties"
"W4310995366","topic:parties","abstract","radical right"
"W4310995366","topic:parties","abstract","party"
"W4310995366","topic:parties","abstract","partisans"
"W4310995366","topic:parties","abstract","partisan"
"W4310995366","topic:voters","abstract","citizens"
"W4310995366","topic:voters","abstract","respondents"
"W4310995366","topic:voters","abstract","mass public"
"W4310995366","topic:voters","abstract","supporters"
"W4310995366","method:survey","title","cross national survey"
"W4310995366","method:survey","abstract","survey data"
"W4310995366","method:survey","abstract","survey respondents"
"W4310995366","region:europe","title","european"
"W4310995366","region:europe","abstract","european"
"W4311008673","topic:international","abstract","european union"
"W4311008673","topic:international","abstract","eu"
"W4311008673","topic:parties","title","party"
"W4311008673","topic:parties","title","right wing populist"
"W4311008673","topic:parties","title","parties"
"W4311008673","topic:parties","abstract","right wing populist"
"W4311008673","topic:parties","abstract","parties"
"W4311008673","topic:parties","abstract","party"
"W4311008673","topic:parties","abstract","manifestos"
"W4311008673","topic:voters","abstract","voters"
"W4311008673","topic:voters","abstract","citizens"
"W4311008673","topic:economy-welfare","abstract","globalization"
"W4311008673","region:europe","title","europe"
"W4311008673","region:europe","abstract","europe"
"W4311008673","region:europe","abstract","european"
"W4311008673","region:europe","abstract","eu"
"W4311049754","approach:discursive","abstract","laclau"
"W4311049754","country:brazil","title","bolsonaro"
"W4311049754","country:brazil","abstract","brazil"
"W4311049754","country:brazil","abstract","bolsonaro"
"W4311049754","region:latin-america","rule","from the country named"
"W4312179035","todo:check-record","rule","DOI accepted by reading, not by the automatic rule"
"W4312179035","topic:parties","title","right wing populism"
"W4312179035","topic:parties","abstract","right wing populist"
"W4312179035","topic:parties","abstract","parties"
"W4312179035","topic:parties","abstract","right wing populism"
"W4312179035","topic:parties","abstract","party"
"W4312179035","topic:parties","abstract","right wing populists"
"W4312179035","country:italy","title","italy"
"W4312179035","country:italy","abstract","italy"
"W4312179035","country:italy","abstract","brothers of italy"
"W4312179035","country:italy","abstract","italian (+ political word)"
"W4312179035","region:europe","rule","from the country named"
"W4312192656","topic:media-communication","title","framing"
"W4312192656","topic:media-communication","abstract","frames"
"W4312192656","topic:media-communication","abstract","communication"
"W4312192656","topic:migration","title","refugee"
"W4312192656","topic:migration","abstract","migration"
"W4312192656","topic:migration","abstract","refugee"
"W4312192656","country:slovenia","title","slovenian (+ political word)"
"W4312192656","region:europe","rule","from the country named"
"W4313233132","topic:parties","abstract","parties"
"W4313233132","topic:parties","abstract","party"
"W4313233132","topic:voters","abstract","supporters"
"W4313233132","topic:voters","abstract","attitudes"
"W4313233132","method:survey","abstract","european social survey"
"W4313233132","region:europe","title","southern europe"
"W4313233132","region:europe","abstract","european"
"W4313233132","region:europe","abstract","southern european"
"W4313319138","country:germany","title","germany"
"W4313319138","country:brazil","title","brazil"
"W4313319138","region:europe","rule","from the country named"
"W4313319138","region:latin-america","rule","from the country named"
"W4205529514","approach:discursive","abstract","post foundational"
"W4205529514","approach:political-strategic","abstract","populism as a strategy"
"W4205529514","topic:democracy-institutions","title","liberal democracy"
"W4205529514","topic:democracy-institutions","abstract","constitutional"
"W4205529514","topic:democracy-institutions","abstract","populism and democracy"
"W4213002281","topic:gender","title","gender"
"W4213002281","topic:gender","title","feminism"
"W4213002281","topic:gender","abstract","feminism"
"W4213002281","topic:gender","abstract","women"
"W4213002281","topic:gender","abstract","gender"
"W4213002281","topic:gender","abstract","feminist"
"W4213002281","topic:gender","abstract","feminisms"
"W4213002281","topic:religion","title","christian"
"W4213002281","country:brazil","abstract","brazil"
"W4213002281","country:brazil","abstract","bolsonaro"
"W4213002281","region:latin-america","rule","from the country named"
"W4213450783","topic:parties","title","party"
"W4213450783","topic:parties","abstract","party"
"W4213450783","topic:parties","abstract","populist movements"
"W4220802850","topic:parties","abstract","parties"
"W4220802850","topic:parties","abstract","party"
"W4220802850","topic:voters","abstract","voters"
"W4220802850","topic:voters","abstract","support for populist"
"W4220802850","topic:voters","abstract","supporters"
"W4220802850","region:europe","title","central europe"
"W4221117194","approach:performative","abstract","political style"
"W4221117194","topic:foreign-policy","title","foreign policy"
"W4221117194","topic:foreign-policy","abstract","foreign policy"
"W4221117194","topic:government","title","presidency"
"W4221117194","country:united-states","title","trump"
"W4221117194","country:united-states","abstract","trump"
"W4221117194","country:united-states","abstract","us"
"W4221117194","region:north-america","rule","from the country named"
"W4225008512","approach:other","abstract","approaches to populism"
"W4225008512","topic:parties","abstract","parties"
"W4225008512","topic:parties","abstract","candidate"
"W4280643714","topic:parties","title","parties"
"W4280643714","topic:parties","abstract","parties"
"W4280643714","topic:parties","abstract","populist politicians"
"W4280643714","topic:parties","abstract","right wing populist"
"W4280643714","topic:parties","abstract","left wing populist"
"W4280643714","topic:voters","title","support for populist"
"W4280643714","topic:voters","abstract","support for populist"
"W4280643714","method:quantitative","abstract","panel data"
"W4281740511","topic:economy-welfare","title","economic"
"W4281740511","country:argentina","title","argentina"
"W4281740511","region:latin-america","rule","from the country named"
"W4286499690","topic:parties","title","parties"
"W4286499690","topic:voters","abstract","citizens"
"W4286499690","topic:voters","abstract","respondents"
"W4287981260","approach:performative","abstract","performative"
"W4287981260","method:qualitative","title","interviews"
"W4287981260","method:qualitative","abstract","interview"
"W4293084229","topic:international","abstract","liberal order"
"W4293084229","topic:voters","abstract","voters"
"W4293084229","topic:media-communication","title","media"
"W4293084229","topic:media-communication","abstract","media"
"W4295024898","topic:parties","title","far right"
"W4295024898","country:germany","abstract","germany"
"W4295024898","country:germany","abstract","alternative fur deutschland"
"W4295024898","region:europe","rule","from the country named"
"W4295241238","approach:performative","abstract","performative"
"W4295241238","topic:parties","abstract","parties"
"W4297831284","approach:other","abstract","theories of populism"
"W4306385597","country:united-states","abstract","us"
"W4306385597","country:united-states","abstract","trump"
"W4306385597","country:philippines","abstract","duterte"
"W4306385597","country:philippines","abstract","philippine (+ political word)"
"W4306385597","region:north-america","rule","from the country named"
"W4306385597","region:asia-pacific","rule","from the country named"
"W4307879721","topic:parties","title","radical right"
"W4307879721","topic:parties","abstract","parties"
"W4307879721","topic:parties","abstract","radical right"
"W4307879721","topic:parties","abstract","populist leader"
"W4307879721","topic:parties","abstract","social movement"
"W4307879721","topic:parties","abstract","party"
"W4307879721","topic:voters","abstract","electorate"
"W4307879721","topic:voters","abstract","voters"
"W4307879721","topic:voters","abstract","electorates"
"W4307879721","country:poland","title","poland"
"W4307879721","country:poland","abstract","poland"
"W4307879721","country:poland","abstract","pis"
"W4307879721","region:europe","rule","from the country named"
"W4312269938","topic:parties","title","party"
"W4312269938","topic:parties","abstract","populist leaders"
"W4312269938","topic:parties","abstract","candidate"
"W4312269938","topic:parties","abstract","party"
"W4312269938","topic:voters","title","populist attitudes"
"W4312269938","topic:voters","abstract","electoral support"
"W4312269938","topic:voters","abstract","populist attitudes"
"W4312269938","topic:voters","abstract","support for populist"
"W4312269938","topic:voters","abstract","voters"
"W4312937639","topic:migration","title","xenophobia"
"W4312937639","country:united-states","title","united states"
"W4312937639","region:north-america","rule","from the country named"
"W4313332124","approach:discursive","abstract","populist logic"
"W4313332124","country:peru","title","peru"
"W4313332124","region:latin-america","rule","from the country named"
"W4317513130","topic:parties","title","right wing populism"
"W4317513130","topic:parties","abstract","parties"
"W4317513130","topic:parties","abstract","party"
"W4317513130","topic:government","title","populism in power"
"W4317513130","country:israel","title","israeli (+ political word)"
"W4317513130","country:israel","abstract","israel"
"W4317513130","country:israel","abstract","netanyahu"
"W4317513130","region:mena","rule","from the country named"
"W4205466138","topic:media-communication","title","media"
"W4205466138","topic:media-communication","abstract","media"
"W4205466138","topic:gender","title","gender"
"W4205466138","topic:gender","title","women"
"W4205466138","topic:gender","abstract","gendered"
"W4205466138","topic:gender","abstract","gender"
"W4205466138","topic:gender","abstract","women"
"W4205466138","topic:gender","abstract","masculinity"
"W4205466138","country:hungary","title","hungary"
"W4205466138","country:hungary","abstract","hungary"
"W4205466138","region:europe","rule","from the country named"
"W4205798209","topic:parties","abstract","right wing populist"
"W4205798209","topic:media-communication","title","facebook"
"W4205798209","topic:media-communication","abstract","media"
"W4205798209","topic:media-communication","abstract","rhetoric"
"W4205798209","topic:media-communication","abstract","facebook"
"W4205798209","method:qualitative","abstract","ethnography"
"W4213188541","topic:gender","title","gender"
"W4213188541","topic:gender","abstract","feminist"
"W4213188541","topic:gender","abstract","gender"
"W4213188541","topic:gender","abstract","women"
"W4221015468","topic:economy-welfare","title","austerity"
"W4221015468","topic:economy-welfare","abstract","welfare"
"W4221015468","topic:economy-welfare","abstract","economic"
"W4221015468","topic:economy-welfare","abstract","austerity"
"W4221015468","region:europe","abstract","european"
"W4221015468","region:europe","abstract","europe"
"W4225117667","approach:discursive","abstract","discursively constructs"
"W4225117667","topic:foreign-policy","title","foreign policy"
"W4225117667","topic:foreign-policy","abstract","foreign policy"
"W4225117667","topic:economy-welfare","title","eurozone crisis"
"W4225117667","country:greece","title","greek (+ political word)"
"W4225117667","region:europe","rule","from the country named"
"W4226141423","topic:parties","abstract","parties"
"W4226141423","topic:parties","abstract","party"
"W4226141423","topic:parties","abstract","candidates"
"W4226141423","topic:parties","abstract","candidate"
"W4226141423","topic:voters","abstract","voters"
"W4226141423","topic:government","abstract","in government"
"W4226141423","topic:government","abstract","populists in government"
"W4280581259","approach:performative","abstract","populist style"
"W4280581259","topic:religion","title","religion"
"W4280581259","topic:religion","abstract","religion"
"W4280581259","topic:religion","abstract","religious"
"W4280581259","country:philippines","title","philippines"
"W4280581259","country:philippines","abstract","philippines"
"W4280581259","country:philippines","abstract","duterte"
"W4280581259","region:asia-pacific","rule","from the country named"
"W4280641516","topic:defence-security","abstract","war"
"W4280641516","topic:economy-welfare","abstract","economic"
"W4280641516","topic:migration","abstract","migrant"
"W4280641516","topic:migration","abstract","refugees"
"W4280641516","topic:migration","abstract","migration"
"W4280641516","method:qualitative","abstract","participant observation"
"W4280641516","method:qualitative","abstract","semi structured"
"W4280641516","method:qualitative","abstract","interviews"
"W4280641516","method:qualitative","abstract","focus group"
"W4280641516","country:lebanon","abstract","lebanon"
"W4280641516","region:mena","rule","from the country named"
"W4281620423","method:qualitative","title","ethnographic"
"W4281846509","topic:international","title","international law"
"W4281846509","topic:international","abstract","international law"
"W4281846509","topic:international","abstract","international institutions"
"W4281846509","topic:international","abstract","multilateralism"
"W4281846509","topic:government","abstract","populist governments"
"W4281846509","topic:government","abstract","populist government"
"W4281846509","topic:democracy-institutions","abstract","constitutionalism"
"W4281846509","topic:democracy-institutions","abstract","rule of law"
"W4283829465","topic:parties","abstract","parties"
"W4283829465","topic:parties","abstract","populist leaders"
"W4283829465","topic:media-communication","abstract","rhetoric"
"W4283829465","topic:media-communication","abstract","communications"
"W4283829465","region:global","title","around the world"
"W4284961477","topic:economy-welfare","abstract","economic"
"W4284961477","topic:economy-welfare","abstract","economy"
"W4284961477","topic:religion","abstract","religious"
"W4284961477","topic:religion","abstract","secular"
"W4285495492","topic:international","title","brexit"
"W4285495492","topic:international","abstract","brexit"
"W4285495492","topic:parties","title","right wing populist"
"W4285495492","topic:voters","abstract","attitudes"
"W4285495492","topic:media-communication","title","facebook"
"W4285495492","topic:media-communication","abstract","media"
"W4285495492","topic:media-communication","abstract","facebook"
"W4285495492","method:qualitative","abstract","interviews"
"W4285495492","country:united-kingdom","title","brexit"
"W4285495492","country:united-kingdom","abstract","brexit"
"W4285495492","region:europe","rule","from the country named"
"W4286670679","topic:parties","title","right wing populism"
"W4286670679","topic:economy-welfare","title","neoliberalism"
"W4286670679","topic:economy-welfare","abstract","neoliberal"
"W4286670679","topic:economy-welfare","abstract","welfare"
"W4286670679","topic:economy-welfare","abstract","redistributive"
"W4286670679","country:india","title","india"
"W4286670679","region:asia-pacific","rule","from the country named"
"W4287147715","topic:defence-security","abstract","wars"
"W4287147715","topic:parties","title","partisans"
"W4287147715","topic:democracy-institutions","abstract","authoritarian"
"W4287147715","topic:democracy-institutions","abstract","authoritarianism"
"W4287147715","country:serbia","title","serbia"
"W4287147715","country:serbia","abstract","serbia"
"W4287147715","region:europe","rule","from the country named"
"W4291221205","topic:international","abstract","european integration"
"W4291221205","topic:international","abstract","eu"
"W4291221205","topic:parties","title","party"
"W4291221205","topic:parties","title","parties"
"W4291221205","topic:parties","title","right wing populist"
"W4291221205","topic:parties","abstract","party"
"W4291221205","topic:parties","abstract","right wing populist"
"W4291221205","topic:parties","abstract","parties"
"W4291221205","topic:parties","abstract","manifestos"
"W4291221205","topic:economy-welfare","abstract","economic"
"W4291221205","topic:migration","abstract","migration"
"W4291221205","method:qta","abstract","topic models"
"W4291221205","region:europe","abstract","european"
"W4291221205","region:europe","abstract","eu"
"W4291221205","country:germany","title","germany"
"W4291221205","country:germany","title","alternative for germany"
"W4291221205","country:germany","abstract","germany"
"W4291221205","country:germany","abstract","alternative for germany"
"W4291221205","country:germany","abstract","afd"
"W4295549041","topic:religion","title","islamist"
"W4295549041","method:qualitative","abstract","focus group"
"W4295549041","method:qualitative","abstract","interviewees"
"W4295549041","country:turkey","title","turkey"
"W4295549041","country:turkey","abstract","turkey"
"W4295549041","country:turkey","abstract","akp"
"W4295549041","region:europe","rule","from the country named"
"W4295872732","topic:media-communication","title","rhetoric"
"W4295872732","country:united-states","title","trump"
"W4295872732","country:united-states","title","american (+ political word)"
"W4295872732","region:north-america","rule","from the country named"
"W4297224584","topic:parties","title","right wing populist"
"W4297224584","topic:parties","title","parties"
"W4297224584","topic:parties","abstract","parties"
"W4297224584","topic:parties","abstract","right wing populists"
"W4297224584","topic:voters","title","voters"
"W4297224584","topic:voters","abstract","citizens"
"W4297224584","topic:voters","abstract","voters"
"W4297224584","topic:economy-welfare","title","redistribution"
"W4297224584","topic:economy-welfare","abstract","redistribution"
"W4297224584","method:survey","abstract","european social survey"
"W4307445489","topic:parties","title","radical right"
"W4307445489","topic:parties","abstract","radical right"
"W4307445489","topic:parties","abstract","parties"
"W4307445489","region:europe","title","southern europe"
"W4307445489","region:europe","abstract","southern european"
"W4307445489","region:europe","abstract","european"
"W4307721001","topic:media-communication","title","media"
"W4307721001","topic:media-communication","abstract","frames"
"W4307721001","topic:media-communication","abstract","media"
"W4307721001","topic:media-communication","abstract","newspapers"
"W4307721001","method:qualitative","abstract","qualitative"
"W4307721001","country:japan","title","japan"
"W4307721001","region:asia-pacific","rule","from the country named"
"W4309187284","topic:democracy-institutions","title","authoritarianism"
"W4309187284","country:turkey","title","turkey"
"W4309187284","region:europe","rule","from the country named"
"W4309840099","topic:international","title","eu"
"W4309840099","topic:economy-welfare","abstract","financial crisis"
"W4309840099","topic:economy-welfare","abstract","economic"
"W4309840099","topic:economy-welfare","abstract","economy"
"W4309840099","topic:democracy-institutions","title","authoritarianism"
"W4309840099","topic:democracy-institutions","abstract","authoritarian"
"W4309840099","topic:democracy-institutions","abstract","liberal democracy"
"W4309840099","method:qualitative","abstract","comparative case study"
"W4309840099","region:europe","title","eu"
"W4310216041","topic:media-communication","abstract","communication"
"W4310216041","topic:media-communication","abstract","communications"
"W4310216219","topic:gender","abstract","gendered"
"W4310216219","method:qualitative","abstract","ethnography"
"W4310216219","method:qualitative","abstract","ethnographic"
"W4310913469","topic:parties","abstract","social movements"
"W4310913469","topic:parties","abstract","social movement"
"W4311872408","topic:gender","title","gender"
"W4311872408","topic:gender","abstract","gender"
"W4311872408","topic:gender","abstract","women"
"W4312620514","approach:performative","abstract","political style"
"W4312620514","approach:socio-cultural","abstract","flaunting of the low"
"W4312620514","approach:socio-cultural","abstract","ostiguy"
"W4312620514","country:israel","title","israel"
"W4312620514","country:israel","abstract","israel"
"W4312620514","country:israel","abstract","likud"
"W4312620514","region:mena","rule","from the country named"
"W4313348759","region:north-america","title","north america"
"W4391259601","topic:parties","abstract","radical right"
"W4391259601","topic:parties","abstract","parties"
"W4391259601","topic:migration","title","migration"
"W4391259601","topic:migration","abstract","migration"
"W4391259601","topic:migration","abstract","refugee"
"W4391259601","region:europe","abstract","european"
"W4391259601","region:europe","abstract","europe"
"W4205485857","topic:migration","title","migration"
"W4205485857","topic:migration","abstract","migration"
"W4205485857","topic:migration","abstract","migrations"
"W4205485857","region:europe","abstract","european"
"W4205485857","region:europe","abstract","europe"
"W4210652167","topic:media-communication","title","media"
"W4210652167","topic:media-communication","abstract","media"
"W4210652167","country:philippines","title","philippines"
"W4210652167","country:philippines","abstract","philippines"
"W4210652167","country:philippines","abstract","duterte"
"W4210652167","region:asia-pacific","rule","from the country named"
"W4214834048","topic:parties","abstract","parties"
"W4214834048","topic:parties","abstract","party"
"W4214834048","topic:religion","title","religious"
"W4214834048","topic:religion","abstract","religious"
"W4214834048","topic:religion","abstract","religion"
"W4214834048","country:turkey","title","turkey"
"W4214834048","country:turkey","abstract","turkey"
"W4214834048","country:turkey","abstract","justice and development party"
"W4214834048","country:turkey","abstract","akp"
"W4214834048","country:india","title","india"
"W4214834048","country:india","abstract","india"
"W4214834048","country:india","abstract","bharatiya janata"
"W4214834048","country:india","abstract","bjp"
"W4214834048","country:israel","title","israel"
"W4214834048","country:israel","abstract","israel"
"W4214834048","country:israel","abstract","likud"
"W4214834048","region:global","rule","three or more regions named: europe, asia-pacific, mena"
"W4214892722","country:united-states","title","american (+ political word)"
"W4214892722","region:north-america","rule","from the country named"
"W4214903756","topic:migration","title","immigration"
"W4214903756","country:italy","title","italy"
"W4214903756","region:europe","rule","from the country named"
"W4214951800","topic:media-communication","title","communication"
"W4214951800","topic:media-communication","abstract","communication"
"W4214951800","topic:media-communication","abstract","media"
"W4214951800","topic:media-communication","abstract","journalism"
"W4214951800","topic:media-communication","abstract","rhetorical"
"W4214951800","country:united-states","title","trump"
"W4214951800","country:united-states","abstract","us"
"W4214951800","country:united-states","abstract","trump"
"W4214951800","country:venezuela","title","chavez"
"W4214951800","country:venezuela","abstract","venezuela"
"W4214951800","country:venezuela","abstract","chavez"
"W4214951800","region:north-america","rule","from the country named"
"W4214951800","region:latin-america","rule","from the country named"
"W4220715090","topic:migration","title","migration"
"W4220715090","topic:migration","abstract","migration"
"W4220715090","topic:migration","abstract","asylum"
"W4220715090","region:europe","abstract","europe"
"W4220715090","region:europe","abstract","european"
"W4220715090","country:hungary","title","hungary"
"W4220715090","country:hungary","abstract","hungary"
"W4220901049","topic:parties","title","candidates"
"W4220901049","topic:parties","abstract","populist actors"
"W4220901049","topic:parties","abstract","candidates"
"W4220901049","topic:parties","abstract","parties"
"W4220901049","topic:parties","abstract","radical left"
"W4220901049","topic:parties","abstract","party"
"W4220901049","topic:media-communication","title","facebook"
"W4220901049","topic:media-communication","abstract","communication"
"W4220901049","topic:media-communication","abstract","facebook"
"W4220901049","country:greece","title","greece"
"W4220901049","country:greece","title","greek (+ political word)"
"W4220901049","country:greece","abstract","greece"
"W4220901049","country:greece","abstract","syriza"
"W4220901049","region:europe","rule","from the country named"
"W4224269837","topic:media-communication","abstract","communications"
"W4224269837","topic:media-communication","abstract","framing"
"W4224269837","topic:democracy-institutions","title","authoritarianism"
"W4224269837","topic:democracy-institutions","abstract","authoritarian"
"W4224269837","topic:democracy-institutions","abstract","authoritarianism"
"W4224927661","topic:parties","title","manifestos"
"W4224927661","topic:parties","title","parties"
"W4224927661","topic:parties","abstract","manifestos"
"W4224927661","topic:parties","abstract","parties"
"W4224927661","topic:parties","abstract","manifesto"
"W4224927661","topic:media-communication","title","communication"
"W4224927661","topic:media-communication","abstract","communication"
"W4224927661","country:czech-republic","title","czech (+ political word)"
"W4224927661","region:europe","rule","from the country named"
"W4225337065","region:europe","title","europe"
"W4283806360","topic:media-communication","title","communication"
"W4283806360","topic:media-communication","abstract","media"
"W4283806360","topic:media-communication","abstract","communication"
"W4285176952","topic:economy-welfare","abstract","inequality"
"W4285176952","topic:economy-welfare","abstract","economic"
"W4290730333","topic:parties","abstract","populist leaders"
"W4290730333","topic:parties","abstract","populist actors"
"W4290730333","topic:parties","abstract","political leaders"
"W4290730333","topic:parties","abstract","populist leader"
"W4290730333","topic:voters","abstract","demand side"
"W4290730333","topic:voters","abstract","supporters"
"W4290730333","topic:migration","abstract","anti immigration"
"W4290730333","method:experiment","title","conjoint"
"W4290730333","method:experiment","abstract","conjoint"
"W4293077290","topic:parties","abstract","partisanship"
"W4293077290","topic:media-communication","title","media"
"W4293077290","topic:media-communication","abstract","media"
"W4293077290","topic:media-communication","abstract","journalists"
"W4293077290","method:survey","abstract","national survey"
"W4296657870","approach:other","abstract","conceptualisation of populism"
"W4298616564","approach:measurement","abstract","measuring populist"
"W4298616564","topic:voters","title","populist attitudes"
"W4298616564","topic:voters","title","demand side"
"W4298616564","topic:voters","abstract","populist attitudes"
"W4298616564","topic:voters","abstract","voting behaviour"
"W4298616564","topic:voters","abstract","attitudes"
"W4298616564","country:australia","title","australia"
"W4298616564","region:asia-pacific","rule","from the country named"
"W4300865106","region:europe","title","eastern europe"
"W4306655468","topic:parties","title","radical right"
"W4306655468","topic:parties","title","parties"
"W4306655468","topic:parties","abstract","radical right"
"W4306655468","topic:parties","abstract","parties"
"W4306655468","topic:parties","abstract","partisan"
"W4306655468","topic:government","title","in government"
"W4306958333","topic:spatial","title","spatial"
"W4306958333","topic:spatial","abstract","spatial"
"W4306958333","topic:democracy-institutions","title","authoritarian"
"W4307389029","topic:parties","title","radical right"
"W4307389029","topic:parties","abstract","radical right"
"W4307389029","topic:parties","abstract","parties"
"W4307389029","topic:voters","title","voters"
"W4307389029","topic:voters","abstract","voters"
"W4307389029","topic:economy-welfare","abstract","economic"
"W4307389029","topic:gender","title","women"
"W4307389029","topic:gender","abstract","gender"
"W4307389029","topic:gender","abstract","women"
"W4307389029","method:survey","abstract","european social survey"
"W4308623303","topic:parties","abstract","parties"
"W4308623303","topic:parties","abstract","populist right"
"W4308623303","topic:migration","abstract","immigration"
"W4308623303","topic:migration","abstract","nativist"
"W4310945519","topic:parties","abstract","right wing populist"
"W4310945519","topic:voters","title","citizens"
"W4310945519","method:experiment","abstract","survey experiment"
"W4312224381","topic:parties","title","right wing populist"
"W4312224381","topic:parties","abstract","right wing populists"
"W4312224381","topic:parties","abstract","party"
"W4312224381","topic:economy-welfare","abstract","economic"
"W4312224381","method:qualitative","abstract","focus group"
"W4312224381","method:qualitative","abstract","interviews"
"W4312224381","country:poland","title","poland"
"W4312224381","region:europe","rule","from the country named"
"W4312883317","todo:check-record","rule","the registry writes the names in capitals (BRETTER): to be corrected in Zotero by hand"
"W4312883317","topic:democracy-institutions","abstract","illiberal"
"W4312883317","topic:democracy-institutions","abstract","liberal democracy"
"W4312883317","topic:democracy-institutions","abstract","authoritarian"
"W4312883317","topic:democracy-institutions","abstract","constitutionalism"
"W4312883317","country:hungary","title","hungary"
"W4312883317","country:hungary","abstract","hungary"
"W4312883317","country:romania","title","romania"
"W4312883317","country:romania","abstract","romania"
"W4312883317","region:europe","rule","from the country named"
"W4205355544","topic:parties","abstract","party"
"W4205355544","topic:parties","abstract","left wing populism"
"W4205355544","country:spain","title","spain"
"W4205355544","country:spain","abstract","spain"
"W4205355544","country:spain","abstract","podemos"
"W4205355544","region:europe","rule","from the country named"
"W4207045984","topic:media-communication","title","rhetorics"
"W4210313359","topic:economy-welfare","title","austerity"
"W4210313359","topic:economy-welfare","title","welfare"
"W4210313359","topic:economy-welfare","title","social policy"
"W4210313359","country:united-kingdom","title","uk"
"W4210313359","country:united-states","title","usa"
"W4210313359","region:europe","rule","from the country named"
"W4210313359","region:north-america","rule","from the country named"
"W4210765266","approach:economic","title","macroeconomic populism"
"W4210765266","topic:voters","abstract","citizens"
"W4210765266","topic:voters","abstract","respondents"
"W4210765266","topic:economy-welfare","title","economic"
"W4210765266","topic:economy-welfare","title","inequality"
"W4210765266","topic:economy-welfare","abstract","economic"
"W4210765266","topic:economy-welfare","abstract","inequality"
"W4210765266","topic:economy-welfare","abstract","redistribution"
"W4210765266","topic:economy-welfare","abstract","fiscal"
"W4213138749","topic:international","title","european parliament"
"W4213138749","topic:international","abstract","european parliament"
"W4213138749","topic:international","abstract","european union"
"W4213138749","topic:international","abstract","eu"
"W4213138749","topic:parties","title","right wing populism"
"W4213138749","topic:parties","abstract","right wing populist"
"W4213138749","topic:parties","abstract","right wing populism"
"W4213138749","topic:parties","abstract","right wing populists"
"W4213138749","region:europe","title","european"
"W4213138749","region:europe","abstract","european"
"W4213138749","region:europe","abstract","eu"
"W4213291558","topic:parties","title","party leaders"
"W4213291558","topic:parties","abstract","populist actors"
"W4213291558","topic:parties","abstract","parties"
"W4213291558","topic:parties","abstract","party leaders"
"W4213291558","topic:parties","abstract","party leader"
"W4213291558","topic:parties","abstract","party"
"W4213291558","topic:media-communication","title","communication"
"W4213291558","topic:media-communication","abstract","communication"
"W4213291558","method:qualitative","abstract","interviews"
"W4213291558","country:finland","title","finnish (+ political word)"
"W4213291558","country:finland","abstract","finns party"
"W4213291558","country:finland","abstract","finnish (+ political word)"
"W4213291558","region:europe","rule","from the country named"
"W4220730460","topic:economy-welfare","abstract","economic"
"W4220730460","topic:economy-welfare","abstract","welfare"
"W4220730460","topic:economy-welfare","abstract","neoliberalism"
"W4220730460","topic:economy-welfare","abstract","social policy"
"W4220730460","topic:economy-welfare","abstract","economics"
"W4220965352","topic:international","abstract","eu"
"W4220965352","topic:economy-welfare","abstract","social policy"
"W4220965352","topic:economy-welfare","abstract","austerity"
"W4220965352","topic:economy-welfare","abstract","economic crisis"
"W4220965352","topic:economy-welfare","abstract","welfare"
"W4220965352","topic:migration","abstract","migration"
"W4220965352","topic:migration","abstract","migrants"
"W4220965352","region:europe","abstract","eu"
"W4220965352","country:hungary","title","hungary"
"W4226025070","topic:international","title","brexit"
"W4226025070","topic:international","abstract","european union"
"W4226025070","topic:international","abstract","brexit"
"W4226025070","topic:international","abstract","eu"
"W4226025070","topic:religion","abstract","religion"
"W4226025070","topic:religion","abstract","religious"
"W4226025070","topic:religion","abstract","sacred"
"W4226025070","region:europe","abstract","european"
"W4226025070","region:europe","abstract","eu"
"W4226025070","country:united-kingdom","title","brexit"
"W4226025070","country:united-kingdom","abstract","britain"
"W4226025070","country:united-kingdom","abstract","brexit"
"W4226025070","country:united-kingdom","abstract","british (+ political word)"
"W4226072814","topic:media-communication","title","communication"
"W4281688713","topic:international","title","european parliament"
"W4281688713","topic:international","abstract","european parliament"
"W4281688713","topic:international","abstract","euroscepticism"
"W4281688713","topic:parties","title","radical right"
"W4281688713","topic:parties","abstract","radical right"
"W4281688713","topic:parties","abstract","parties"
"W4281688713","topic:parties","abstract","manifestos"
"W4281688713","topic:media-communication","title","communication"
"W4281688713","topic:media-communication","abstract","communication"
"W4281688713","topic:media-communication","abstract","media"
"W4281688713","region:europe","title","european"
"W4281688713","region:europe","abstract","european"
"W4281688713","region:europe","abstract","europe"
"W4281688713","country:germany","abstract","germany"
"W4281688713","country:germany","abstract","alternative fur deutschland"
"W4281688713","country:italy","abstract","italy"
"W4281688713","country:italy","abstract","lega"
"W4282012069","topic:international","title","brexit"
"W4282012069","topic:international","abstract","brexit"
"W4282012069","topic:voters","abstract","voters"
"W4282012069","topic:voters","abstract","attitudes"
"W4282012069","country:united-kingdom","title","brexit"
"W4282012069","country:united-kingdom","abstract","brexit"
"W4282012069","country:united-states","title","trump"
"W4282012069","country:united-states","abstract","trump"
"W4282012069","region:europe","rule","from the country named"
"W4282012069","region:north-america","rule","from the country named"
"W4283019932","topic:international","title","european parliament"
"W4283019932","topic:parties","title","right wing populism"
"W4283019932","topic:parties","abstract","right wing populism"
"W4283019932","topic:parties","abstract","parties"
"W4283019932","topic:parties","abstract","far right"
"W4283019932","topic:economy-welfare","abstract","economic"
"W4283019932","topic:migration","title","refugee"
"W4283019932","topic:migration","abstract","refugee"
"W4283019932","region:europe","title","european"
"W4283019932","region:europe","abstract","european"
"W4283167545","topic:parties","title","radical right"
"W4283167545","country:germany","title","germany"
"W4283167545","country:germany","title","afd"
"W4283167545","country:germany","title","pegida"
"W4283167545","region:europe","rule","from the country named"
"W4283377678","country:ecuador","title","ecuador"
"W4283377678","region:latin-america","rule","from the country named"
"W4291015537","topic:international","abstract","international law"
"W4291015537","topic:international","abstract","transnational"
"W4291015537","topic:migration","title","migration"
"W4291015537","topic:migration","abstract","migration"
"W4291015537","topic:migration","abstract","migrants"
"W4291015537","topic:migration","abstract","refugee"
"W4292504081","topic:parties","abstract","social movements"
"W4292504081","topic:parties","abstract","party"
"W4292504081","topic:parties","abstract","parties"
"W4292504081","topic:democracy-institutions","abstract","authoritarian"
"W4292504081","country:india","title","india"
"W4292504081","country:india","abstract","india"
"W4292504081","region:asia-pacific","rule","from the country named"
"W4293239931","topic:parties","title","right wing populism"
"W4293239931","topic:economy-welfare","abstract","economic"
"W4293239931","topic:religion","title","evangelicals"
"W4293239931","topic:religion","abstract","evangelicals"
"W4293239931","topic:religion","abstract","religious"
"W4293239931","topic:religion","abstract","evangelical"
"W4295353197","topic:parties","abstract","candidate"
"W4295353197","method:quantitative","abstract","difference in differences"
"W4295837493","topic:parties","title","populist left"
"W4295837493","topic:voters","abstract","supporters"
"W4295837493","topic:voters","abstract","electorate"
"W4295837493","country:spain","abstract","podemos"
"W4295837493","country:spain","abstract","spanish (+ political word)"
"W4295837493","region:europe","rule","from the country named"
"W4296209618","topic:parties","title","populist leader"
"W4296209618","topic:parties","abstract","populist leader"
"W4296209618","topic:parties","abstract","political leaders"
"W4296709688","topic:international","title","liberal order"
"W4296709688","topic:international","abstract","international order"
"W4296709688","topic:international","abstract","liberal order"
"W4296709688","topic:democracy-institutions","abstract","liberal democracy"
"W4308145374","topic:parties","title","populist right"
"W4308145374","topic:economy-welfare","title","economic"
"W4308145374","topic:economy-welfare","abstract","economic"
"W4308145374","country:united-states","title","american (+ political word)"
"W4308145374","country:united-states","abstract","us"
"W4308145374","country:united-states","abstract","american (+ political word)"
"W4308145374","region:north-america","rule","from the country named"
"W4308393939","topic:parties","title","radical right"
"W4310217049","topic:parties","abstract","social movement"
"W4310217049","topic:parties","abstract","social movements"
"W4310217049","topic:media-communication","title","media"
"W4310217049","topic:media-communication","abstract","media"
"W4310217049","topic:media-communication","abstract","communication"
"W4310217049","topic:media-communication","abstract","journalism"
"W4310217049","topic:media-communication","abstract","rhetorical"
"W4310714225","approach:political-strategic","title","populism as a strategy"
"W4310714225","topic:media-communication","abstract","communication"
"W4310714225","topic:media-communication","abstract","communications"
"W4310714225","topic:media-communication","abstract","facebook"
"W4310714225","method:qualitative","abstract","discourse analysis"
"W4310714225","country:czech-republic","abstract","czech republic"
"W4310714225","country:czech-republic","abstract","babis"
"W4310714225","region:europe","rule","from the country named"
"W4311321322","topic:parties","title","parties"
"W4311321322","region:europe","title","europe"
"W4312220181","topic:parties","abstract","radical right"
"W4312220181","topic:parties","abstract","parties"
"W4312220181","topic:migration","abstract","anti immigration"
"W4312220181","topic:migration","abstract","anti immigrant"
"W4312220181","country:france","title","rassemblement national"
"W4312220181","region:europe","rule","from the country named"
"W4312638374","topic:voters","title","attitudes"
"W4312638374","topic:voters","abstract","public opinion"
"W4312638374","topic:voters","abstract","attitudes"
"W4312638374","topic:media-communication","title","media"
"W4312638374","topic:media-communication","abstract","media"
"W4312638374","country:united-states","abstract","united states"
"W4312638374","country:united-states","abstract","u s"
"W4312638374","country:united-states","abstract","trump"
"W4312638374","region:north-america","rule","from the country named"
"W4320029827","topic:economy-welfare","title","neoliberalism"
"W4205723261","topic:voters","title","demand side"
"W4205723261","topic:economy-welfare","title","economic"
"W4205723261","topic:economy-welfare","abstract","economics"
"W4205723261","topic:economy-welfare","abstract","economic"
"W4205723261","topic:economy-welfare","abstract","economy"
"W4205723261","topic:economy-welfare","abstract","inequality"
"W4205723261","country:thailand","title","thailand"
"W4205723261","country:thailand","abstract","thailand"
"W4205723261","country:thailand","abstract","thai (+ political word)"
"W4205723261","region:asia-pacific","rule","from the country named"
"W4207026017","country:italy","title","italy"
"W4207026017","country:italy","abstract","italy"
"W4207026017","country:italy","abstract","italian (+ political word)"
"W4207026017","region:europe","rule","from the country named"
"W4213302022","country:italy","title","italy"
"W4213302022","region:europe","rule","from the country named"
"W4220956823","topic:economy-welfare","title","inequalities"
"W4220956823","country:philippines","title","philippines"
"W4220956823","country:philippines","abstract","philippines"
"W4220956823","country:philippines","abstract","duterte"
"W4220956823","region:asia-pacific","rule","from the country named"
"W4224438118","topic:government","title","populist governments"
"W4224438118","topic:economy-welfare","title","economic"
"W4225137723","country:philippines","title","philippines"
"W4225137723","country:philippines","title","duterte"
"W4225137723","country:philippines","abstract","philippines"
"W4225137723","country:philippines","abstract","duterte"
"W4225137723","country:philippines","abstract","philippine (+ political word)"
"W4225137723","region:asia-pacific","rule","from the country named"
"W4225822726","topic:parties","title","right wing populist"
"W4225822726","topic:parties","title","parties"
"W4225822726","topic:parties","abstract","right wing populist"
"W4225822726","topic:parties","abstract","parties"
"W4225822726","topic:parties","abstract","party"
"W4225822726","topic:gender","title","gendered"
"W4225822726","topic:gender","abstract","gender"
"W4225822726","topic:gender","abstract","women"
"W4225822726","topic:gender","abstract","gendered"
"W4225822726","method:survey","abstract","original survey"
"W4225822726","country:turkey","title","turkey"
"W4225822726","country:turkey","abstract","turkey"
"W4225822726","country:turkey","abstract","justice and development party"
"W4225822726","country:turkey","abstract","akp"
"W4225822726","region:europe","rule","from the country named"
"W4229020544","approach:ideational","title","ideational approach"
"W4229020544","approach:ideational","abstract","ideational approach"
"W4229020544","approach:ideational","abstract","ideational approaches"
"W4229020544","topic:parties","abstract","parties"
"W4229020544","topic:voters","abstract","populist attitudes"
"W4229020544","topic:voters","abstract","attitudes"
"W4229020544","method:survey","abstract","online survey"
"W4229020544","country:argentina","title","argentina"
"W4229020544","country:argentina","abstract","argentina"
"W4229020544","country:argentina","abstract","peronist"
"W4229020544","region:latin-america","rule","from the country named"
"W4229027290","topic:migration","title","migrant"
"W4229027290","topic:migration","abstract","migrant"
"W4229027290","topic:migration","abstract","refugee"
"W4229027290","topic:migration","abstract","nativist"
"W4229027290","topic:democracy-institutions","title","authoritarian"
"W4280555491","topic:democracy-institutions","abstract","constitution"
"W4280555491","topic:democracy-institutions","abstract","constitutional"
"W4280555491","topic:democracy-institutions","abstract","authoritarian"
"W4282050291","topic:media-communication","title","rhetoric"
"W4282050291","topic:media-communication","abstract","rhetoric"
"W4282050291","topic:media-communication","abstract","rhetorical"
"W4282050291","topic:media-communication","abstract","tweets"
"W4282050291","topic:media-communication","abstract","twitter"
"W4282050291","topic:democracy-institutions","title","hybrid regimes"
"W4282050291","country:iran","abstract","iran"
"W4282050291","region:mena","rule","from the country named"
"W4283823050","topic:parties","abstract","right wing populist"
"W4283823050","topic:parties","abstract","parties"
"W4283823050","topic:voters","abstract","voters"
"W4283823050","topic:religion","title","religion"
"W4283823050","topic:religion","title","religious"
"W4283823050","topic:religion","abstract","religion"
"W4283823050","topic:religion","abstract","religious"
"W4287094842","topic:voters","abstract","citizens"
"W4287094842","topic:spatial","title","rural"
"W4287094842","topic:spatial","abstract","rural"
"W4288721594","topic:international","abstract","transnational"
"W4288721594","topic:international","abstract","international institutions"
"W4288721594","topic:government","abstract","populist governments"
"W4293082667","topic:government","title","administration"
"W4294096121","topic:parties","title","right wing populism"
"W4294096121","topic:media-communication","title","propaganda"
"W4294096121","topic:media-communication","title","journalism"
"W4294096121","topic:media-communication","abstract","propaganda"
"W4294096121","topic:media-communication","abstract","journalism"
"W4294286992","todo:check-record","rule","DOI accepted by reading, not by the automatic rule"
"W4294286992","topic:economy-welfare","title","economic"
"W4294286992","country:united-states","title","trump"
"W4294286992","region:north-america","rule","from the country named"
"W4296459155","topic:media-communication","title","fake news"
"W4296459155","topic:media-communication","abstract","fake news"
"W4296459155","country:united-states","abstract","trump"
"W4296459155","country:united-states","abstract","us"
"W4296459155","country:brazil","abstract","brazil"
"W4296459155","country:brazil","abstract","bolsonaro"
"W4296459155","region:north-america","rule","from the country named"
"W4296459155","region:latin-america","rule","from the country named"
"W4296715392","region:global","title","global populism"
"W4297238183","approach:measurement","abstract","measuring populist"
"W4297238183","topic:international","title","eurosceptic"
"W4297238183","topic:international","abstract","euroscepticism"
"W4297238183","topic:international","abstract","eu"
"W4297238183","topic:voters","title","populist attitudes"
"W4297238183","topic:voters","abstract","citizens"
"W4297238183","topic:voters","abstract","support for populist"
"W4297238183","topic:voters","abstract","populist attitudes"
"W4297238183","topic:voters","abstract","voters"
"W4297238183","topic:media-communication","abstract","media"
"W4297238183","method:survey","abstract","panel survey"
"W4297238183","region:europe","title","europe"
"W4297238183","region:europe","title","european"
"W4297238183","region:europe","abstract","eu"
"W4297385052","topic:gender","title","gender"
"W4297385052","topic:gender","abstract","gender"
"W4297385052","topic:gender","abstract","women"
"W4297385052","topic:democracy-institutions","title","illiberal"
"W4297385052","topic:democracy-institutions","abstract","democratic backsliding"
"W4297385052","topic:democracy-institutions","abstract","illiberal"
"W4297385052","method:qualitative","abstract","interviews"
"W4297385052","country:hungary","title","hungary"
"W4297385052","country:hungary","abstract","hungary"
"W4297385052","country:hungary","abstract","hungarian (+ political word)"
"W4297385052","region:europe","rule","from the country named"
"W4297831234","topic:democracy-institutions","title","democratization"
"W4297831234","topic:democracy-institutions","abstract","constitutionalism"
"W4297831234","topic:democracy-institutions","abstract","authoritarianism"
"W4297831234","topic:democracy-institutions","abstract","authoritarian"
"W4297831234","topic:democracy-institutions","abstract","liberal democracies"
"W4298005049","approach:performative","title","populist performance"
"W4298005049","approach:performative","abstract","populist performance"
"W4298005049","topic:media-communication","abstract","rhetorical"
"W4298005049","topic:media-communication","abstract","journalists"
"W4298005049","method:qualitative","abstract","discourse analysis"
"W4298005049","region:sub-saharan-africa","title","african"
"W4298005049","region:sub-saharan-africa","abstract","africa"
"W4298005049","region:sub-saharan-africa","abstract","african"
"W4301047634","topic:economy-welfare","abstract","economic"
"W4301047634","topic:economy-welfare","abstract","inequality"
"W4301047634","country:united-states","abstract","united states"
"W4301047634","country:united-states","abstract","u s"
"W4301047634","region:north-america","rule","from the country named"
"W4307358183","country:turkey","title","turkey"
"W4307358183","country:turkey","title","erdogan"
"W4307358183","country:turkey","abstract","turkey"
"W4307358183","country:turkey","abstract","erdogan"
"W4307358183","country:united-states","title","trump"
"W4307358183","region:europe","rule","from the country named"
"W4307358183","region:north-america","rule","from the country named"
"W4307358449","topic:parties","abstract","party"
"W4307358449","country:chile","title","chile"
"W4307358449","region:latin-america","rule","from the country named"
"W4307875518","approach:other","abstract","approaches to populism"
"W4307875518","region:latin-america","title","latin america"
"W4307875518","country:russia","abstract","russia"
"W4307875518","country:russia","abstract","russian (+ political word)"
"W4307875518","region:europe","rule","from the country named"
"W4308725691","approach:discursive","abstract","discursively construct"
"W4308725691","topic:media-communication","abstract","tweet"
"W4308725691","topic:media-communication","abstract","framing"
"W4308725691","topic:media-communication","abstract","twitter"
"W4308725691","topic:media-communication","abstract","rhetorically"
"W4308725691","topic:media-communication","abstract","media"
"W4309624893","topic:parties","abstract","party"
"W4313447226","topic:parties","title","right wing populist"
"W4313447226","topic:parties","abstract","right wing populist"
"W4313447226","topic:parties","abstract","parties"
"W4313447226","topic:parties","abstract","party"
"W4313447226","topic:voters","title","voters"
"W4313447226","topic:voters","abstract","voters"
"W4313447226","topic:media-communication","title","rhetoric"
"W4313447226","topic:media-communication","abstract","rhetoric"
"W4313447226","topic:migration","title","anti immigration"
"W4323788803","topic:parties","abstract","party"
"W4323788803","topic:democracy-institutions","title","populism and democracy"
"W4323788803","country:ghana","title","ghana"
"W4323788803","country:ghana","abstract","ghana"
"W4323788803","region:sub-saharan-africa","rule","from the country named"
"W4205449858","topic:parties","abstract","populist movements"
"W4205449858","topic:parties","abstract","populist politicians"
"W4205449858","topic:media-communication","abstract","rhetorical"
"W4205449858","region:mena","title","arab"
"W4205449858","country:united-states","title","american (+ political word)"
"W4205449858","country:united-states","abstract","united states"
"W4205449858","country:united-states","abstract","trump"
"W4205449858","region:north-america","rule","from the country named"
"W4205534527","topic:international","title","international populism"
"W4205534527","topic:international","title","european parliament"
"W4205534527","topic:parties","title","radical right"
"W4205534527","region:europe","title","european"
"W4206897043","approach:performative","abstract","populist style"
"W4206897043","topic:parties","abstract","parties"
"W4206897043","topic:parties","abstract","far right"
"W4206897043","topic:parties","abstract","left wing populist"
"W4206897043","topic:voters","title","electoral support"
"W4206897043","topic:voters","abstract","voters"
"W4206897043","topic:voters","abstract","electoral support"
"W4206897043","method:quantitative","abstract","structural equation"
"W4206897043","method:survey","abstract","election study"
"W4206897043","country:germany","abstract","germany"
"W4206897043","country:germany","abstract","alternative for germany"
"W4206897043","country:germany","abstract","afd"
"W4206897043","region:europe","rule","from the country named"
"W4206931646","topic:media-communication","abstract","rhetoric"
"W4206931646","method:qualitative","abstract","ethnographic"
"W4206931646","country:philippines","title","duterte"
"W4206931646","country:philippines","abstract","duterte"
"W4206931646","country:philippines","abstract","filipino (+ political word)"
"W4206931646","region:asia-pacific","rule","from the country named"
"W4210334252","topic:international","title","brexit"
"W4210334252","topic:international","abstract","brexit"
"W4210334252","topic:international","abstract","eu"
"W4210334252","topic:media-communication","title","media"
"W4210334252","topic:media-communication","title","journalism"
"W4210334252","topic:media-communication","abstract","media"
"W4210334252","topic:media-communication","abstract","journalism"
"W4210334252","country:united-kingdom","title","brexit"
"W4210334252","country:united-kingdom","abstract","britain"
"W4210334252","country:united-kingdom","abstract","uk"
"W4210334252","country:united-kingdom","abstract","brexit"
"W4210334252","country:united-kingdom","abstract","boris johnson"
"W4210334252","country:united-states","title","trump"
"W4210334252","country:united-states","abstract","trump"
"W4210334252","country:united-states","abstract","us"
"W4210334252","region:europe","rule","from the country named"
"W4210334252","region:north-america","rule","from the country named"
"W4213194593","topic:democracy-institutions","title","authoritarian"
"W4213194593","topic:democracy-institutions","abstract","authoritarian"
"W4220760303","topic:economy-welfare","title","globalization"
"W4220760303","country:united-states","abstract","tea party"
"W4220760303","country:united-states","abstract","trump"
"W4220760303","region:north-america","rule","from the country named"
"W4225125018","topic:economy-welfare","abstract","economic"
"W4225125018","topic:economy-welfare","abstract","social policies"
"W4225125018","country:brazil","title","brazil"
"W4225125018","country:brazil","abstract","brazil"
"W4225125018","country:brazil","abstract","lula"
"W4225125018","country:brazil","abstract","bolsonaro"
"W4225125018","region:latin-america","rule","from the country named"
"W4226383543","approach:political-strategic","abstract","strategic approach"
"W4226383543","topic:parties","abstract","populist leaderships"
"W4226383543","topic:parties","abstract","populist leaders"
"W4226383543","topic:religion","abstract","religious"
"W4226383543","topic:religion","abstract","catholic"
"W4226383543","region:latin-america","abstract","latin america"
"W4280533665","topic:economy-welfare","abstract","economic"
"W4280533665","topic:democracy-institutions","abstract","democratic backsliding"
"W4280533665","topic:democracy-institutions","abstract","autocratisation"
"W4280533665","topic:democracy-institutions","abstract","liberal democracy"
"W4280539716","topic:media-communication","abstract","media"
"W4280539716","topic:media-communication","abstract","facebook"
"W4280539716","topic:migration","title","refugee"
"W4280539716","topic:migration","abstract","refugee"
"W4280539716","topic:migration","abstract","anti immigration"
"W4280539716","topic:migration","abstract","immigration"
"W4280539716","topic:democracy-institutions","title","illiberal"
"W4280539716","method:qualitative","abstract","ethnographically"
"W4280539716","country:italy","title","italy"
"W4280539716","country:italy","abstract","lega nord"
"W4280539716","country:italy","abstract","salvini"
"W4280539716","country:italy","abstract","italian (+ political word)"
"W4280539716","region:europe","rule","from the country named"
"W4280594385","topic:parties","title","radical right"
"W4280594385","country:spain","title","spain"
"W4280594385","region:europe","rule","from the country named"
"W4283798323","topic:parties","abstract","populist leader"
"W4283798323","topic:parties","abstract","populist leaders"
"W4283798323","topic:media-communication","abstract","rhetoric"
"W4283798323","region:latin-america","title","latin america"
"W4283798323","country:argentina","abstract","argentina"
"W4283798323","country:argentina","abstract","peron"
"W4283798323","country:venezuela","abstract","venezuela"
"W4283798323","country:venezuela","abstract","chavez"
"W4285205267","topic:parties","title","left wing populism"
"W4285205267","topic:gender","title","feminist"
"W4285205267","topic:gender","title","women"
"W4285205267","topic:gender","title","gender"
"W4285205267","country:bolivia","title","bolivia"
"W4285205267","country:bolivia","title","evo morales"
"W4285205267","region:latin-america","rule","from the country named"
"W4289344833","topic:media-communication","abstract","rhetoric"
"W4289344833","topic:media-communication","abstract","television"
"W4289344833","topic:media-communication","abstract","media"
"W4289344833","country:united-states","abstract","u s"
"W4289344833","country:united-states","abstract","trump"
"W4289344833","region:north-america","rule","from the country named"
"W4289525315","topic:parties","abstract","far right"
"W4289525315","topic:parties","abstract","right wing populisms"
"W4289525315","topic:migration","title","nativist"
"W4292712322","topic:economy-welfare","abstract","economic"
"W4292712322","topic:democracy-institutions","abstract","constitutional"
"W4292712322","topic:democracy-institutions","abstract","constitution"
"W4292712322","region:sub-saharan-africa","abstract","african"
"W4292712322","country:united-states","title","united states"
"W4292712322","country:united-states","abstract","united states"
"W4292712322","country:united-states","abstract","trump"
"W4292712322","region:north-america","rule","from the country named"
"W4293233714","region:europe","title","europe"
"W4293233714","country:spain","title","podemos"
"W4293233714","country:united-kingdom","title","corbyn"
"W4294958195","topic:gender","title","gender"
"W4300879966","topic:international","abstract","transnational"
"W4300879966","topic:international","abstract","european union"
"W4300962304","topic:international","title","eu"
"W4300962304","topic:parties","title","right wing populist"
"W4300962304","topic:parties","abstract","right wing populist"
"W4300962304","topic:parties","abstract","parties"
"W4300962304","topic:voters","title","populist attitudes"
"W4300962304","topic:voters","abstract","attitudes"
"W4300962304","topic:economy-welfare","title","globalisation"
"W4300962304","topic:economy-welfare","abstract","globalisation"
"W4300962304","region:europe","title","european"
"W4300962304","region:europe","title","eu"
"W4300962304","region:europe","abstract","european"
"W4300962304","region:europe","abstract","europe"
"W4300962304","region:europe","abstract","eu"
"W4304187301","topic:parties","title","radical right"
"W4304187301","topic:parties","title","parties"
"W4304187301","topic:parties","title","party systems"
"W4304187301","topic:parties","abstract","radical right"
"W4304187301","topic:parties","abstract","parties"
"W4304187301","topic:parties","abstract","party systems"
"W4304187301","region:europe","title","eastern europe"
"W4304692732","topic:parties","title","party"
"W4304692732","topic:parties","abstract","party"
"W4304692732","topic:parties","abstract","populist movement"
"W4304692732","topic:media-communication","title","media"
"W4304692732","topic:media-communication","abstract","media"
"W4304692732","topic:media-communication","abstract","newspapers"
"W4308018159","topic:parties","abstract","left wing populist"
"W4308018159","topic:parties","abstract","left wing populism"
"W4308018159","topic:gender","title","gender"
"W4308018159","topic:gender","title","feminist"
"W4308018159","topic:gender","abstract","gender"
"W4308018159","topic:gender","abstract","feminist"
"W4308018159","topic:gender","abstract","women"
"W4308018159","country:nepal","title","nepal"
"W4308018159","region:asia-pacific","rule","from the country named"
"W4309179861","topic:parties","abstract","right wing populist"
"W4309179861","topic:parties","abstract","populist movement"
"W4309179861","topic:parties","abstract","right wing populism"
"W4309179861","topic:parties","abstract","far right"
"W4309179861","topic:economy-welfare","abstract","neoliberalism"
"W4309179861","topic:economy-welfare","abstract","economic"
"W4309179861","topic:gender","abstract","lgbtq"
"W4309179861","topic:gender","abstract","women"
"W4309179861","topic:gender","abstract","feminist"
"W4309179861","topic:gender","abstract","gender"
"W4309179861","country:hungary","abstract","hungary"
"W4309179861","country:hungary","abstract","orban"
"W4309179861","country:united-states","abstract","united states"
"W4309179861","country:united-states","abstract","trump"
"W4309179861","country:united-states","abstract","u s"
"W4309179861","country:brazil","abstract","brazil"
"W4309179861","country:brazil","abstract","bolsonaro"
"W4309179861","country:india","abstract","india"
"W4309179861","country:india","abstract","modi"
"W4309179861","region:global","rule","three or more regions named: europe, north-america, latin-america, asia-pacific"
"W4309293661","approach:discursive","abstract","empty signifier"
"W4309293661","topic:democracy-institutions","abstract","authoritarian"
"W4309293661","topic:democracy-institutions","abstract","constitutional"
"W4309293661","country:thailand","title","thailand"
"W4309293661","country:thailand","abstract","thailand"
"W4309293661","country:thailand","abstract","thaksin"
"W4309293661","country:thailand","abstract","thai (+ political word)"
"W4309293661","region:asia-pacific","rule","from the country named"
"W4309732833","topic:voters","abstract","public support"
"W4309732833","topic:voters","abstract","citizens"
"W4309732833","topic:voters","abstract","public opinion"
"W4309732833","topic:voters","abstract","respondents"
"W4309732833","topic:economy-welfare","abstract","economic"
"W4309732833","topic:economy-welfare","abstract","social policy"
"W4309732833","topic:economy-welfare","abstract","social policies"
"W4309732833","topic:economy-welfare","abstract","redistribution"
"W4309732833","topic:media-communication","abstract","rhetoric"
"W4309732833","topic:media-communication","abstract","rhetorical"
"W4309732833","topic:media-communication","abstract","frames"
"W4309732833","method:survey","abstract","public opinion survey"
"W4310854745","country:spain","title","spain"
"W4310854745","region:europe","rule","from the country named"
"W4311167556","topic:democracy-institutions","abstract","constitutional"
"W4311167556","topic:democracy-institutions","abstract","authoritarianism"
"W4311167556","topic:democracy-institutions","abstract","judicial"
"W4311167556","country:pakistan","title","pakistan"
"W4311167556","country:pakistan","abstract","pakistan"
"W4311167556","country:pakistan","abstract","imran khan"
"W4311167556","country:pakistan","abstract","pakistani (+ political word)"
"W4311167556","region:asia-pacific","rule","from the country named"
"W4311248910","topic:democracy-institutions","title","authoritarian"
"W4311304953","topic:parties","title","far right"
"W4311304953","topic:parties","abstract","far right"
"W4311304953","topic:parties","abstract","party"
"W4311304953","topic:religion","title","islamist"
"W4311304953","topic:religion","abstract","islamist"
"W4311304953","topic:religion","abstract","muslim"
"W4311304953","topic:religion","abstract","secular"
"W4312109895","topic:parties","title","right wing populist"
"W4312109895","topic:parties","title","parties"
"W4312109895","topic:parties","abstract","parties"
"W4312109895","topic:economy-welfare","title","globalization"
"W4312109895","region:europe","title","european"
"W4312109895","country:china","title","china"
"W4312109895","country:china","abstract","china"
"W4312109895","region:asia-pacific","rule","from the country named"
"W4312170915","region:europe","abstract","scandinavia"
"W4312170915","region:europe","abstract","scandinavian"
"W4313406184","topic:parties","abstract","parties"
"W4313406184","topic:parties","abstract","party"
"W4313406184","country:turkey","title","turkey"
"W4313406184","country:turkey","abstract","turkey"
"W4313406184","country:turkey","abstract","erdogan"
"W4313406184","country:israel","title","israel"
"W4313406184","country:israel","abstract","israel"
"W4313406184","country:israel","abstract","netanyahu"
"W4313406184","country:israel","abstract","israeli (+ political word)"
"W4313406184","region:europe","rule","from the country named"
"W4313406184","region:mena","rule","from the country named"
"W4210381381","country:italy","title","italian (+ political word)"
"W4210381381","region:europe","rule","from the country named"
"W4210959940","region:europe","title","western europe"
"W4212984154","country:australia","title","australia"
"W4212984154","country:new-zealand","title","new zealand"
"W4212984154","region:asia-pacific","rule","from the country named"
"W4213182823","region:asia-pacific","title","east asian"
"W4213182823","region:asia-pacific","abstract","east asian"
"W4213182823","region:asia-pacific","abstract","east asia"
"W4213182823","country:germany","title","germany"
"W4213182823","region:europe","rule","from the country named"
"W4224299140","topic:parties","abstract","right wing populist"
"W4224299140","topic:parties","abstract","right wing populism"
"W4224299140","country:poland","title","poland"
"W4224299140","region:europe","rule","from the country named"
"W4225726299","region:asia-pacific","title","southeast asian"
"W4225726299","country:china","title","china"
"W4225907490","topic:parties","abstract","populist movements"
"W4225907490","topic:parties","abstract","parties"
"W4225907490","topic:parties","abstract","party competition"
"W4225907490","topic:democracy-institutions","abstract","liberal democracy"
"W4281680344","topic:parties","abstract","right wing populist"
"W4281680344","topic:parties","abstract","parties"
"W4281680344","topic:parties","abstract","populist right"
"W4281680344","topic:parties","abstract","right wing populism"
"W4281680344","topic:economy-welfare","abstract","austerity"
"W4281680344","topic:economy-welfare","abstract","financial crisis"
"W4281680344","region:europe","title","europe"
"W4281680344","country:greece","abstract","greece"
"W4281680344","country:greece","abstract","syriza"
"W4281680344","country:spain","abstract","spain"
"W4281680344","country:spain","abstract","podemos"
"W4281680344","country:spain","abstract","vox"
"W4281707939","country:switzerland","title","switzerland"
"W4281707939","region:europe","rule","from the country named"
"W4281844652","topic:parties","abstract","populist leader"
"W4281844652","topic:parties","abstract","populist politicians"
"W4281844652","topic:media-communication","abstract","facebook"
"W4281844652","topic:media-communication","abstract","communication"
"W4281844652","country:czech-republic","title","czech (+ political word)"
"W4281844652","country:czech-republic","abstract","babis"
"W4281844652","country:czech-republic","abstract","czech (+ political word)"
"W4281844652","region:europe","rule","from the country named"
"W4281996817","topic:parties","abstract","populist leaders"
"W4281996817","topic:parties","abstract","populist leadership"
"W4281996817","topic:democracy-institutions","abstract","liberal democracy"
"W4281996817","topic:democracy-institutions","abstract","democratic backsliding"
"W4281996817","country:united-states","title","u s"
"W4281996817","country:united-states","title","american (+ political word)"
"W4281996817","country:united-states","abstract","united states"
"W4281996817","country:united-states","abstract","trump"
"W4281996817","country:united-states","abstract","u s"
"W4281996817","country:united-states","abstract","american (+ political word)"
"W4281996817","region:north-america","rule","from the country named"
"W4283717104","approach:discursive","abstract","laclau"
"W4283717104","topic:media-communication","title","rhetorical"
"W4283717104","topic:media-communication","abstract","rhetoric"
"W4283717104","topic:media-communication","abstract","rhetorical"
"W4283717104","topic:media-communication","abstract","disinformation"
"W4283717104","method:qualitative","title","discourse analysis"
"W4283717104","method:qualitative","abstract","discourse analysis"
"W4284893223","topic:international","title","european union"
"W4284893223","region:europe","title","european"
"W4285009289","topic:international","title","eu"
"W4285009289","topic:international","abstract","eu"
"W4285009289","topic:international","abstract","eurosceptic"
"W4285009289","topic:international","abstract","euroscepticism"
"W4285009289","topic:voters","abstract","citizens"
"W4285009289","topic:media-communication","title","rhetoric"
"W4285009289","topic:media-communication","abstract","communication"
"W4285009289","topic:media-communication","abstract","media"
"W4285009289","region:europe","title","european"
"W4285009289","region:europe","title","eu"
"W4285009289","region:europe","abstract","europe"
"W4285009289","region:europe","abstract","central european"
"W4285009289","region:europe","abstract","eu"
"W4285588835","approach:discursive","title","laclau"
"W4285588835","country:united-kingdom","title","uk"
"W4285588835","region:europe","rule","from the country named"
"W4286609361","topic:economy-welfare","title","economy"
"W4286609361","topic:economy-welfare","abstract","economic"
"W4286609361","topic:economy-welfare","abstract","inequality"
"W4286609361","topic:economy-welfare","abstract","inequalities"
"W4288072145","topic:parties","abstract","populist movements"
"W4288072145","topic:parties","abstract","candidates"
"W4288072145","topic:parties","abstract","candidate"
"W4288072145","topic:voters","abstract","voter"
"W4288072145","topic:voters","abstract","supporters"
"W4288072145","topic:voters","abstract","voters"
"W4288072145","method:quantitative","title","quantitative analysis"
"W4288072145","method:quantitative","abstract","regression"
"W4288072145","country:united-states","title","us"
"W4288072145","region:north-america","rule","from the country named"
"W4289936605","topic:international","title","eu"
"W4289936605","topic:democracy-institutions","title","constitutional"
"W4289936605","topic:democracy-institutions","abstract","constitutionalism"
"W4289936605","topic:democracy-institutions","abstract","constitutional"
"W4289936605","topic:democracy-institutions","abstract","courts"
"W4289936605","region:europe","title","eu"
"W4293217223","country:israel","abstract","israel"
"W4293217223","region:mena","rule","from the country named"
"W4297125368","country:turkey","title","turkey"
"W4297125368","region:europe","rule","from the country named"
"W4304191854","approach:discursive","abstract","laclau"
"W4304191854","topic:parties","abstract","parties"
"W4304191854","topic:parties","abstract","radical right"
"W4304191854","topic:parties","abstract","party"
"W4304191854","topic:economy-welfare","title","economy"
"W4304191854","topic:economy-welfare","abstract","economy"
"W4304191854","topic:economy-welfare","abstract","economic crisis"
"W4304191854","topic:economy-welfare","abstract","economic"
"W4304191854","country:netherlands","title","netherlands"
"W4304191854","country:netherlands","abstract","netherlands"
"W4304191854","country:netherlands","abstract","forum voor democratie"
"W4304191854","country:netherlands","abstract","dutch (+ political word)"
"W4304191854","region:europe","rule","from the country named"
"W4306179946","country:united-states","abstract","united states"
"W4306179946","country:united-states","abstract","american (+ political word)"
"W4306179946","region:north-america","rule","from the country named"
"W4306957365","topic:international","title","brexit"
"W4306957365","topic:international","abstract","brexit"
"W4306957365","topic:parties","abstract","parties"
"W4306957365","topic:parties","abstract","party"
"W4306957365","topic:parties","abstract","manifesto"
"W4306957365","topic:economy-welfare","title","austerity"
"W4306957365","topic:economy-welfare","abstract","financial crisis"
"W4306957365","topic:economy-welfare","abstract","austerity"
"W4306957365","country:greece","abstract","greece"
"W4306957365","country:spain","abstract","spain"
"W4306957365","country:united-kingdom","title","brexit"
"W4306957365","country:united-kingdom","title","uk"
"W4306957365","country:united-kingdom","abstract","britain"
"W4306957365","country:united-kingdom","abstract","uk"
"W4306957365","country:united-kingdom","abstract","brexit"
"W4306957365","country:united-kingdom","abstract","corbyn"
"W4306957365","region:europe","rule","from the country named"
"W4307382560","topic:parties","title","right wing populist"
"W4307382560","topic:parties","abstract","right wing populist"
"W4307382560","topic:parties","abstract","parties"
"W4307382560","topic:media-communication","title","frames"
"W4307382560","topic:media-communication","abstract","newspaper"
"W4307382560","topic:media-communication","abstract","frames"
"W4307382560","topic:media-communication","abstract","newspapers"
"W4307382560","topic:media-communication","abstract","framing"
"W4307382560","topic:democracy-institutions","abstract","authoritarian"
"W4307382560","country:austria","title","austria"
"W4307382560","country:austria","abstract","austria"
"W4307382560","country:austria","abstract","fpo"
"W4307382560","region:europe","rule","from the country named"
"W4308588214","topic:economy-welfare","abstract","economic"
"W4308588214","country:turkey","title","turkey"
"W4308588214","country:turkey","abstract","turkey"
"W4308588214","country:turkey","abstract","akp"
"W4308588214","region:europe","rule","from the country named"
"W4312696155","approach:discursive","abstract","laclau"
"W4312696155","topic:democracy-institutions","abstract","liberal democracy"
"W4312696155","topic:democracy-institutions","abstract","constitution"
"W4312696155","topic:democracy-institutions","abstract","threat to democracy"
"W4312696155","region:europe","title","european"
"W4312696155","region:europe","abstract","european"
"W4313167089","topic:media-communication","abstract","media"
"W4313167089","topic:media-communication","abstract","communication"
"W4313167089","method:qualitative","abstract","critical discourse analysis"
"W4313167089","method:qualitative","abstract","qualitative"
"W4313167089","country:czech-republic","abstract","babis"
"W4313167089","country:czech-republic","abstract","czech (+ political word)"
"W4313167089","region:europe","rule","from the country named"
"W4313363159","topic:economy-welfare","title","economic"
"W4313363159","topic:economy-welfare","abstract","economic"
"W4313363159","region:europe","title","eastern europe"
"W4313592188","topic:economy-welfare","abstract","economic"
"W4313592188","topic:economy-welfare","abstract","neoliberalism"
"W4313592188","topic:media-communication","abstract","media"
"W4313592188","country:united-states","title","trump"
"W4313592188","country:united-states","title","sanders"
"W4313592188","country:united-states","abstract","trump"
"W4313592188","country:united-states","abstract","sanders"
"W4313592188","country:united-states","abstract","u s"
"W4313592188","country:united-states","abstract","american (+ political word)"
"W4313592188","region:north-america","rule","from the country named"
"W4322751238","topic:government","abstract","in power"
"W4322751238","topic:government","abstract","administration"
"W4322751238","country:finland","abstract","finland"
"W4322751238","region:europe","rule","from the country named"
"W4389183381","topic:parties","title","right wing populism"
"W4389183381","topic:parties","abstract","right wing populism"
"W4389183381","method:qualitative","abstract","interviews"
"W4389183381","method:qualitative","abstract","focus groups"
"W4389183381","method:qualitative","abstract","ethnography"
"W4389183381","country:croatia","title","croatia"
"W4389183381","region:europe","rule","from the country named"
"W4401127614","approach:discursive","abstract","laclauian"
"W4401127614","topic:parties","title","social movements"
"W4401127614","topic:parties","abstract","social movements"
"W4401127614","region:latin-america","title","andes"
"W4401127614","region:latin-america","abstract","andes"
"W4401127614","country:bolivia","title","bolivia"
"W4401127614","country:bolivia","abstract","bolivia"
"W4401127614","country:ecuador","title","ecuador"
"W4401127614","country:ecuador","abstract","ecuador"
"W2887012421","country:united-states","title","trump"
"W2887012421","region:north-america","rule","from the country named"
"W4206238036","todo:check-record","rule","the registry writes the names in capitals (REED): to be corrected in Zotero by hand"
"W4206965359","todo:check-record","rule","the registry gives ""An"" as a family name, and OpenAlex names the author ""An Yountae"": the names in Zotero are to be checked by hand"
"W4206965359","method:qualitative","title","interview"
"W4206992055","topic:gender","title","masculinities"
"W4210344549","topic:parties","abstract","parties"
"W4210344549","country:italy","title","italy"
"W4210344549","region:europe","rule","from the country named"
"W4210552473","topic:parties","title","populist movement"
"W4210552473","topic:parties","title","party"
"W4212849228","region:europe","title","europe"
"W4212849228","country:spain","title","podemos"
"W4212849228","country:united-kingdom","title","corbyn"
"W4213121620","method:qualitative","title","interview"
"W4213121620","country:italy","title","italy"
"W4213121620","country:italy","abstract","italy"
"W4213121620","region:europe","rule","from the country named"
"W4213257234","region:europe","abstract","eastern europe"
"W4213257234","region:europe","abstract","europe"
"W4214809373","approach:other","title","discursive approach"
"W4214809373","approach:other","title","performative"
"W4214809373","approach:other","title","ostiguy"
"W4214937920","topic:media-communication","abstract","media"
"W4214937920","topic:media-communication","abstract","rhetoric"
"W4224017328","topic:international","title","eu"
"W4224017328","topic:parties","title","right wing populism"
"W4224017328","topic:economy-welfare","title","labour market"
"W4224017328","topic:economy-welfare","abstract","labour market"
"W4224017328","topic:economy-welfare","abstract","globalisation"
"W4224017328","region:europe","title","eu"
"W4225383725","topic:religion","abstract","evangelical"
"W4225383725","topic:religion","abstract","secular"
"W4225744326","topic:economy-welfare","title","austerity"
"W4225744326","topic:economy-welfare","title","welfare"
"W4226025786","topic:migration","title","xenophobia"
"W4226025786","topic:migration","title","immigrants"
"W4281631649","topic:parties","abstract","populist movement"
"W4281631649","topic:parties","abstract","party"
"W4281631649","topic:religion","abstract","religion"
"W4281631649","topic:religion","abstract","religious"
"W4281631649","topic:religion","abstract","religiosity"
"W4281631649","topic:religion","abstract","church"
"W4281631649","topic:religion","abstract","catholicism"
"W4281640381","topic:parties","title","radical right"
"W4281640381","topic:parties","title","parties"
"W4281640381","topic:parties","title","populist right"
"W4281640381","topic:voters","title","electoral support"
"W4281640381","topic:economy-welfare","title","neoliberal"
"W4281640381","topic:religion","title","christian"
"W4281640381","topic:migration","title","immigration"
"W4281640381","country:france","title","france"
"W4281640381","country:netherlands","title","netherlands"
"W4281640381","region:europe","rule","from the country named"
"W4281663923","topic:parties","title","radical right"
"W4281663923","country:germany","title","germany"
"W4281663923","country:germany","title","afd"
"W4281663923","region:europe","rule","from the country named"
"W4281756175","topic:democracy-institutions","title","liberal democracy"
"W4283742366","topic:defence-security","abstract","war"
"W4283744259","method:qualitative","abstract","qualitative"
"W4283744259","method:qualitative","abstract","interviews"
"W4283744259","country:slovakia","title","slovakia"
"W4283744259","country:slovakia","abstract","slovakia"
"W4283744259","country:slovakia","abstract","slovak (+ political word)"
"W4283744259","region:europe","rule","from the country named"
"W4283774809","topic:economy-welfare","title","austerity"
"W4283774809","topic:economy-welfare","title","welfare"
"W4284679004","region:europe","title","european"
"W4285187846","topic:voters","abstract","citizens"
"W4285187846","topic:voters","abstract","voters"
"W4285187846","topic:government","abstract","incumbents"
"W4285187846","topic:government","abstract","in power"
"W4285187846","topic:economy-welfare","abstract","economy"
"W4285187846","topic:economy-welfare","abstract","economic"
"W4285187846","topic:economy-welfare","abstract","welfare"
"W4285235544","topic:economy-welfare","abstract","economics"
"W4285235544","topic:economy-welfare","abstract","fiscal"
"W4285235544","country:united-kingdom","abstract","brexit"
"W4285235544","country:united-kingdom","abstract","boris johnson"
"W4285235544","region:europe","rule","from the country named"
"W4285599944","topic:defence-security","title","war"
"W4285599944","country:bolivia","title","bolivia"
"W4285599944","region:latin-america","rule","from the country named"
"W4286241387","country:mexico","title","mexico"
"W4286241387","region:latin-america","rule","from the country named"
"W4286457220","method:qualitative","abstract","qualitative"
"W4286457220","country:bolivia","title","bolivian (+ political word)"
"W4286457220","region:latin-america","rule","from the country named"
"W4288072061","topic:parties","title","right wing populist"
"W4288072061","topic:parties","abstract","right wing populist"
"W4288072061","topic:parties","abstract","parties"
"W4288072061","topic:parties","abstract","party"
"W4288072061","topic:voters","abstract","voters"
"W4288072061","topic:voters","abstract","electorates"
"W4288072061","topic:voters","abstract","voter"
"W4288072061","country:austria","title","austria"
"W4288072061","country:austria","abstract","austria"
"W4288072061","country:austria","abstract","fpo"
"W4288072061","region:europe","rule","from the country named"
"W4288077845","topic:parties","title","left wing populism"
"W4290617455","country:venezuela","title","venezuela"
"W4290617455","region:latin-america","rule","from the country named"
"W4291312669","country:mexico","title","mexico"
"W4291312669","region:latin-america","rule","from the country named"
"W4292061870","topic:media-communication","title","media"
"W4292837626","topic:media-communication","abstract","media"
"W4292837626","method:qualitative","abstract","archival"
"W4292837626","method:qualitative","abstract","critical discourse analysis"
"W4293226587","topic:international","title","eu"
"W4293226587","region:europe","title","central europe"
"W4293226587","region:europe","title","eu"
"W4293226587","country:united-kingdom","title","united kingdom"
"W4293677012","region:europe","title","europe"
"W4293834038","topic:democracy-institutions","title","authoritarianism"
"W4293834038","region:europe","title","europe"
"W4293834038","region:europe","title","european"
"W4295969772","region:europe","title","europe"
"W4296482383","topic:parties","title","right wing populism"
"W4296482383","topic:gender","title","gender"
"W4296482383","topic:gender","title","anti gender"
"W4296482383","region:europe","title","european"
"W4296482383","country:hungary","title","hungary"
"W4296917916","topic:international","title","brexit"
"W4296917916","topic:media-communication","title","media"
"W4296917916","topic:media-communication","title","journalism"
"W4296917916","country:united-kingdom","title","brexit"
"W4296917916","country:united-states","title","trump"
"W4296917916","region:europe","rule","from the country named"
"W4296917916","region:north-america","rule","from the country named"
"W4297831243","region:global","rule","three or more regions named: europe, asia-pacific, sub-saharan-africa"
"W4300427911","topic:gender","title","feminism"
"W4300961968","topic:economy-welfare","abstract","fiscal"
"W4300961968","topic:economy-welfare","abstract","economic"
"W4300961968","method:quantitative","abstract","econometric"
"W4300961968","country:mexico","title","mexico"
"W4300961968","region:latin-america","rule","from the country named"
"W4304694143","country:united-kingdom","title","scotland"
"W4304694143","region:europe","rule","from the country named"
"W4306972208","approach:economic","title","economic populism"
"W4306972208","approach:economic","abstract","economic populism"
"W4306972208","topic:economy-welfare","title","economic"
"W4306972208","topic:economy-welfare","abstract","economic"
"W4306972208","country:united-states","title","american (+ political word)"
"W4306972208","country:united-states","abstract","trump"
"W4306972208","country:united-states","abstract","american (+ political word)"
"W4306972208","region:north-america","rule","from the country named"
"W4307281231","topic:parties","abstract","party"
"W4307281231","country:turkey","title","turkey"
"W4307281231","country:turkey","abstract","turkey"
"W4307281231","country:turkey","abstract","justice and development party"
"W4307281231","region:europe","rule","from the country named"
"W4307641628","country:spain","title","spain"
"W4307641628","country:united-states","title","us"
"W4307641628","region:europe","rule","from the country named"
"W4307641628","region:north-america","rule","from the country named"
"W4307697692","approach:performative","title","political style"
"W4307697692","approach:performative","abstract","political style"
"W4307697692","approach:performative","abstract","populist style"
"W4307697692","topic:parties","title","populist leader"
"W4307697692","topic:parties","abstract","party"
"W4307697692","topic:parties","abstract","populist leaders"
"W4307697692","topic:media-communication","title","rhetoric"
"W4307697692","topic:media-communication","abstract","rhetoric"
"W4307697692","topic:media-communication","abstract","media"
"W4307697692","topic:media-communication","abstract","social networks"
"W4307697692","topic:media-communication","abstract","fake news"
"W4307697692","topic:media-communication","abstract","communication"
"W4308136015","topic:economy-welfare","title","neoliberalism"
"W4308136015","country:ukraine","title","ukraine"
"W4308136015","region:europe","rule","from the country named"
"W4309087826","topic:foreign-policy","abstract","foreign policies"
"W4309087826","topic:foreign-policy","abstract","foreign policy"
"W4309087826","topic:parties","title","parties"
"W4309087826","topic:parties","abstract","parties"
"W4309087826","region:europe","title","europe"
"W4309087826","region:europe","abstract","europe"
"W4309087826","region:europe","abstract","european"
"W4309087826","country:france","abstract","france"
"W4309087826","country:france","abstract","front national"
"W4309087826","country:france","abstract","rassemblement national"
"W4309087826","country:italy","abstract","italy"
"W4309087826","country:italy","abstract","movimento 5 stelle"
"W4309087826","country:spain","abstract","spain"
"W4309087826","country:spain","abstract","podemos"
"W4309914723","topic:media-communication","title","communication"
"W4309914723","region:europe","title","europe"
"W4311236630","approach:performative","abstract","performative"
"W4311236630","topic:media-communication","abstract","communications"
"W4311236630","topic:media-communication","abstract","communication"
"W4311358603","topic:parties","abstract","parties"
"W4311358603","topic:parties","abstract","party leader"
"W4311358603","topic:democracy-institutions","abstract","democratic institutions"
"W4311358603","topic:democracy-institutions","abstract","democratic norms"
"W4311358603","topic:democracy-institutions","abstract","democratization"
"W4312155649","country:united-states","title","trump"
"W4312155649","country:united-states","title","trumpism"
"W4312155649","region:north-america","rule","from the country named"
"W4312156063","topic:government","title","administration"
"W4312156063","topic:government","title","populists in government"
"W4312156063","topic:democracy-institutions","title","democratic backsliding"
"W4312218334","country:india","title","indira gandhi"
"W4312218334","region:asia-pacific","rule","from the country named"
"W4312390638","topic:international","abstract","european union"
"W4312390638","topic:international","abstract","eu"
"W4312390638","topic:voters","abstract","electoral support"
"W4312390638","topic:voters","abstract","support for populists"
"W4312390638","topic:migration","title","migrant"
"W4312390638","topic:migration","abstract","migrant"
"W4312390638","topic:migration","abstract","migrants"
"W4312390638","region:europe","title","europe"
"W4312390638","region:europe","abstract","europe"
"W4312390638","region:europe","abstract","european"
"W4312390638","region:europe","abstract","eu"
"W4313251696","topic:migration","title","migration"
"W4313251696","country:bulgaria","title","bulgaria"
"W4313251696","region:europe","rule","from the country named"
"W4313644230","topic:foreign-policy","title","diplomacy"
"W4313644230","topic:foreign-policy","abstract","diplomacy"
"W4313644230","topic:foreign-policy","abstract","foreign policy"
"W4313644230","topic:parties","abstract","party"
"W4313644230","country:belgium","title","flanders"
"W4313644230","country:belgium","abstract","belgium"
"W4313644230","country:belgium","abstract","vlaams belang"
"W4313644230","country:belgium","abstract","flemish (+ political word)"
"W4313644230","region:europe","rule","from the country named"
"W4313887439","topic:government","title","populist government"
"W4313887439","topic:democracy-institutions","title","illiberal"
"W4318000219","approach:other","abstract","definitions of populism"
"W4318000219","country:united-states","title","american (+ political word)"
"W4318000219","country:united-states","abstract","american (+ political word)"
"W4318000219","region:north-america","rule","from the country named"
"W4323319532","topic:government","abstract","administration"
"W4323319532","topic:government","abstract","populist government"
"W4323319532","country:brazil","abstract","brazil"
"W4323319532","region:latin-america","rule","from the country named"
"W4362683573","topic:media-communication","abstract","rhetoric"
"W4362683573","topic:media-communication","abstract","rhetorical"
"W4362683573","topic:media-communication","abstract","framing"
"W4362683573","topic:religion","abstract","christian"
"W4362683573","topic:religion","abstract","religious"
"W4362683573","topic:religion","abstract","religion"
"W4362683573","topic:religion","abstract","church"
"W4362683573","country:united-states","abstract","united states"
"W4362683573","country:united-states","abstract","american (+ political word)"
"W4362683573","country:india","abstract","indian (+ political word)"
"W4362683573","region:north-america","rule","from the country named"
"W4362683573","region:asia-pacific","rule","from the country named"
"W4364862557","country:united-states","title","us"
"W4364862557","region:north-america","rule","from the country named"
"W4375845845","country:argentina","title","argentina"
"W4375845845","country:argentina","title","peronism"
"W4375845845","region:latin-america","rule","from the country named"
"W4376625220","country:united-states","title","us"
"W4376625220","region:north-america","rule","from the country named"
"W4389184167","method:qualitative","abstract","ethnography"
"W4389184167","country:austria","abstract","austria"
"W4389184167","region:europe","rule","from the country named"
"W4392319187","topic:media-communication","abstract","media"
"W4392319187","topic:media-communication","abstract","communication"
"W4392319187","topic:media-communication","abstract","journalism"
